"quelle_georef","QID_quelle_georef","katalognr","fst_id","fst_name","gemeinde","GEMEINDE_QID","GEMEINDE_GeoNames","GEMEINDE_TGN","GEMEINDE_IDAI","GEMEINDE_OSM_Relation","GEMEINDE_matchLabel","GEMEINDE_matchScore","GEMEINDE_matchReason","kreis","KREIS_QID","KREIS_GeoNames","KREIS_TGN","KREIS_IDAI","KREIS_OSM_Relation","KREIS_matchLabel","KREIS_matchScore","KREIS_matchReason","bundesland","BUNDESLAND_QID","BUNDESLAND_GeoNames","BUNDESLAND_TGN","BUNDESLAND_IDAI","BUNDESLAND_OSM_Relation","BUNDESLAND_matchLabel","BUNDESLAND_matchScore","BUNDESLAND_matchReason","land","LAND_QID","LAND_GeoNames","LAND_TGN","LAND_IDAI","LAND_OSM_Relation","LAND_matchLabel","LAND_matchScore","LAND_matchReason","kultur","entdeckung","QID_entdeckung","publikation_arch","QID_publikation","fundstellenart","QID_fundstellenart","genauigkeit_m","FID","methode","quellen_typ","methodenbeschr","wgs84_x","wgs84_y","dating_start","dating_certainty_start","dating_end","dating_certainty_end","dating_method","dating_certainty_range","dating_perio.do","dating_perio.do_match","sherd"
"LfDA Sachsen-Anhalt","Q1802049","55","444","Tüngeda","Behringen","Q704400","3207125","","","","Behringen","1.0","Transitive P131+ exact match | 'Behringen' -> 'Behringen'","Wartburgkreis","Q7866","6547388","","","62616","Wartburgkreis","1.0","Exact match via rdfs:label [global index] | 'Wartburgkreis' -> 'Wartburgkreis'","Thüringen","Q1205","2822542","7003689","2052949","62366","Thüringen","1.0","Exact match via rdfs:label [global index] | 'Thüringen' -> 'Thüringen'","Deutschland","Q183","2921044","7000084","2044274","51477","Deutschland","1.0","Exact match via rdfs:label [global index] | 'Deutschland' -> 'Deutschland'","SBK","Lesefunde","Q1144458","Kaufmann 1976","Q139304616","unbek.","Q59496158","100","1","Übernahme aus externer Datenbank","Printpublikation","Koordinaten wurden vom LdfA Sachsen-Anhalt übernommen und anhand des Katalogs auf Genauigkeit der Verortung überprüft","10.58","51.03","-4800","+/- 100 years","-4750","+/- 100 years","Q816829","low precision, as only stylistic dating","http://n2t.net/ark:/99152/p0wctqtnkjq","relatedMatch",""
"Kaufmann 1976","Q139304616","34","149","Goldbach","Nessetal","Q59775089","12032331","","","9251482","Nessetal","1.0","Exact match via rdfs:label [global index] | 'Nessetal' -> 'Nessetal'","Gotha","Q7869","","","","","Landkreis Gotha","1.0","Direct override | 'Gotha' -> QID=Q7869 | [override -> QID=Q7869]","Thüringen","Q1205","2822542","7003689","2052949","62366","Thüringen","1.0","Exact match via rdfs:label [global index] | 'Thüringen' -> 'Thüringen'","Deutschland","Q183","2921044","7000084","2044274","51477","Deutschland","1.0","Exact match via rdfs:label [global index] | 'Deutschland' -> 'Deutschland'","SBK","unbek.","","Kaufmann 1976","Q139304616","unbek.","Q59496158","100","2","Georeferenzierung einer gedruckten Karte","Printpublikation","Die Katalogbeschreibung von Kaufmann 1976 enthält TK-Annahmen, die in digitale Koordinaten übertragen  und durch Informationen des LDfA Sachsen-Anhalt bestätigt wurden","10.66","50.98","-4800","+/- 100 years","-4750","+/- 100 years","Q816829","low precision, as only stylistic dating","http://n2t.net/ark:/99152/p0wctqtnkjq","relatedMatch",""
"LfDA Sachsen-Anhalt","Q1802049","75","388","Schlotheim","Nottertal-Heilinger Höhen","Q71166816","12166102","","","10519435","Nottertal-Heilinger Höhen","1.0","Exact match via rdfs:label [global index] | 'Nottertal-Heilinger Höhen' -> 'Nottertal-Heilinger Höhen'","Unstrut-Hainich-Kreis","Q7864","6547389","","","62424","Unstrut-Hainich-Kreis","1.0","Exact match via rdfs:label [global index] | 'Unstrut-Hainich-Kreis' -> 'Unstrut-Hainich-Kreis'","Thüringen","Q1205","2822542","7003689","2052949","62366","Thüringen","1.0","Exact match via rdfs:label [global index] | 'Thüringen' -> 'Thüringen'","Deutschland","Q183","2921044","7000084","2044274","51477","Deutschland","1.0","Exact match via rdfs:label [global index] | 'Deutschland' -> 'Deutschland'","SBK","Ausgrabung","Q959782","Kaufmann 1976","Q139304616","unbek.","Q59496158","50","3","Übernahme aus externer Datenbank","Printpublikation","Koordinaten wurden vom LdfA Sachsen-Anhalt übernommen und anhand des Katalogs auf Genauigkeit der Verortung überprüft","10.66","51.24","-4800","+/- 100 years","-4750","+/- 100 years","Q816829","low precision, as only stylistic dating","http://n2t.net/ark:/99152/p0wctqtnkjq","relatedMatch",""
"Kaufmann 1976","Q139304616","463","179","Halberstadt 2","Halberstadt","Q7072","6550926","7012317","","1352956","Halberstadt","1.0","Exact match via rdfs:label [global index] | 'Halberstadt' -> 'Halberstadt'","Landkreis Harz","Q6087","","","","","Landkreis Harz","1.0","Direct override | 'Landkreis Harz' -> QID=Q6087 | [stripped -> 'Harz'; override -> QID=Q6087]","Sachsen-Anhalt","Q1206","2842565","7003687","2044275","62607","Sachsen-Anhalt","1.0","Exact match via rdfs:label [global index] | 'Sachsen-Anhalt' -> 'Sachsen-Anhalt'","Deutschland","Q183","2921044","7000084","2044274","51477","Deutschland","1.0","Exact match via rdfs:label [global index] | 'Deutschland' -> 'Deutschland'","SBK","unbek.","","Kaufmann 1976","Q139304616","unbek.","Q59496158","100","4","Georeferenzierung einer gedruckten Karte","Printpublikation","Die Katalogbeschreibung von Kaufmann 1976 enthält TK-Annahmen, die in digitale Koordinaten übertragen  und durch Informationen des LDfA Sachsen-Anhalt bestätigt wurden","11.06","51.87","-4800","+/- 100 years","-4750","+/- 100 years","Q816829","low precision, as only stylistic dating","http://n2t.net/ark:/99152/p0wctqtnkjq","relatedMatch",""
"Kaufmann 1976","Q139304616","139","40","Bilzingsleben 9","Knidelbrück","Q530154","12032320","1037065","","9206415","Kindelbrück","0.9091","Fuzzy match (score=0.91) via rdfs:label [global index] | 'Knidelbrück' -> 'Kindelbrück'","Sömmerda","Q7865","","","","","Landkreis Sömmerda","1.0","Direct override | 'Sommerda' -> QID=Q7865 | [alias 'Sommerda' -> 'Sömmerda'; override -> QID=Q7865]","Thüringen","Q1205","2822542","7003689","2052949","62366","Thüringen","1.0","Exact match via rdfs:label [global index] | 'Thüringen' -> 'Thüringen'","Deutschland","Q183","2921044","7000084","2044274","51477","Deutschland","1.0","Exact match via rdfs:label [global index] | 'Deutschland' -> 'Deutschland'","SBK","unbek.","","Kaufmann 1976","Q139304616","unbek.","Q59496158","50","5","Georeferenzierung einer gedruckten Karte","Printpublikation","Die Katalogbeschreibung von Kaufmann 1976 enthält TK-Annahmen, die in digitale Koordinaten übertragen  und durch Informationen des LDfA Sachsen-Anhalt bestätigt wurden","11.06","51.29","-4800","+/- 100 years","-4750","+/- 100 years","Q816829","low precision, as only stylistic dating","http://n2t.net/ark:/99152/p0wctqtnkjq","relatedMatch",""
"W. Schier persönl. Kommunikation","Q15445052","","360","Quedlinburg KGA 2","Quedlinburg","Q40623","6551148","","","153832","Quedlinburg","1.0","Exact match via rdfs:label [global index] | 'Quedlinburg' -> 'Quedlinburg'","Landkreis Harz","Q6087","","","","","Landkreis Harz","1.0","Direct override | 'Landkreis Harz' -> QID=Q6087 | [stripped -> 'Harz'; override -> QID=Q6087]","Sachsen-Anhalt","Q1206","2842565","7003687","2044275","62607","Sachsen-Anhalt","1.0","Exact match via rdfs:label [global index] | 'Sachsen-Anhalt' -> 'Sachsen-Anhalt'","Deutschland","Q183","2921044","7000084","2044274","51477","Deutschland","1.0","Exact match via rdfs:label [global index] | 'Deutschland' -> 'Deutschland'","SBK","Ausgrabung","Q959782","","","Kreisgrabenanlage","Q1787688","0","6","Übernahme aus externer Datenbank","Expertenwissen","Koordinaten von Kollegen erhalten","11.11","51.81","-4735","+/- 10 years","-4550","+/- 10 years","Q173412","high certainty due to excessive radiocarbon dating and Bayesian modelling","http://n2t.net/ark:/99152/p0wctqtnkjq","relatedMatch",""
"Kaufmann 1976","Q139304616","380","358","Quedlinburg 24","Quedlinburg","Q40623","6551148","","","153832","Quedlinburg","1.0","Exact match via rdfs:label [global index] | 'Quedlinburg' -> 'Quedlinburg'","Landkreis Harz","Q6087","","","","","Landkreis Harz","1.0","Direct override | 'Landkreis Harz' -> QID=Q6087 | [stripped -> 'Harz'; override -> QID=Q6087]","Sachsen-Anhalt","Q1206","2842565","7003687","2044275","62607","Sachsen-Anhalt","1.0","Exact match via rdfs:label [global index] | 'Sachsen-Anhalt' -> 'Sachsen-Anhalt'","Deutschland","Q183","2921044","7000084","2044274","51477","Deutschland","1.0","Exact match via rdfs:label [global index] | 'Deutschland' -> 'Deutschland'","SBK","Ausgrabung","Q959782","Kaufmann 1976","Q139304616","unbek.","Q59496158","50","7","Georeferenzierung einer gedruckten Karte","Printpublikation","Die Katalogbeschreibung von Kaufmann 1976 enthält TK-Annahmen, die in digitale Koordinaten übertragen  und durch Informationen des LDfA Sachsen-Anhalt bestätigt wurden","11.17","51.81","-4800","+/- 100 years","-4750","+/- 100 years","Q816829","low precision, as only stylistic dating","http://n2t.net/ark:/99152/p0wctqtnkjq","relatedMatch",""
"W. Schier persönl. Kommunikation","Q15445052","","359","Quedlinburg KGA 1","Quedlinburg","Q40623","6551148","","","153832","Quedlinburg","1.0","Exact match via rdfs:label [global index] | 'Quedlinburg' -> 'Quedlinburg'","Landkreis Harz","Q6087","","","","","Landkreis Harz","1.0","Direct override | 'Landkreis Harz' -> QID=Q6087 | [stripped -> 'Harz'; override -> QID=Q6087]","Sachsen-Anhalt","Q1206","2842565","7003687","2044275","62607","Sachsen-Anhalt","1.0","Exact match via rdfs:label [global index] | 'Sachsen-Anhalt' -> 'Sachsen-Anhalt'","Deutschland","Q183","2921044","7000084","2044274","51477","Deutschland","1.0","Exact match via rdfs:label [global index] | 'Deutschland' -> 'Deutschland'","SBK","Ausgrabung","Q959782","Schier et al. 2023","Q139555255","Kreisgrabenanlage","Q1787688","0","8","Übernahme aus externer Datenbank","Expertenwissen","Koordinaten von Kollegen erhalten","11.18","51.81","-4800","+/- 100 years","-4750","+/- 100 years","Q816829","low precision, as only stylistic dating","http://n2t.net/ark:/99152/p0wctqtnkjq","relatedMatch",""
"LfDA Sachsen-Anhalt","Q1802049","161","138","Gatersleben 24","Seeland","Q50856","7602667","","","390044","Seeland","1.0","Exact match via rdfs:label [global index] | 'Seeland' -> 'Seeland'","Salzlandkreis","Q6081","2950072","","2044961","62502","Salzlandkreis","1.0","Exact match via rdfs:label [global index] | 'Salzlandkreis' -> 'Salzlandkreis'","Sachsen-Anhalt","Q1206","2842565","7003687","2044275","62607","Sachsen-Anhalt","1.0","Exact match via rdfs:label [global index] | 'Sachsen-Anhalt' -> 'Sachsen-Anhalt'","Deutschland","Q183","2921044","7000084","2044274","51477","Deutschland","1.0","Exact match via rdfs:label [global index] | 'Deutschland' -> 'Deutschland'","SBK","unbek.","","Kaufmann 1976","Q139304616","unbek.","Q59496158","0","9","Übernahme aus externer Datenbank","Printpublikation","Koordinaten wurden vom LdfA Sachsen-Anhalt übernommen und anhand des Katalogs auf Genauigkeit der Verortung überprüft","11.29","51.82","-4800","+/- 100 years","-4750","+/- 100 years","Q816829","low precision, as only stylistic dating","http://n2t.net/ark:/99152/p0wctqtnkjq","relatedMatch",""
"Kaufmann 1976","Q139304616","96","278","Mellingen","Mellingen","Q684601","6550263","","","2857008","Mellingen","1.0","Exact match via rdfs:label [global index] | 'Mellingen' -> 'Mellingen'","Weimarer Land","Q7879","","","","","Weimarer Land","1.0","Direct override | 'Weimarer Land' -> QID=Q7879 | [override -> QID=Q7879]","Thüringen","Q1205","2822542","7003689","2052949","62366","Thüringen","1.0","Exact match via rdfs:label [global index] | 'Thüringen' -> 'Thüringen'","Deutschland","Q183","2921044","7000084","2044274","51477","Deutschland","1.0","Exact match via rdfs:label [global index] | 'Deutschland' -> 'Deutschland'","SBK","Ausgrabung","Q959782","Kaufmann 1976","Q139304616","unbek.","Q59496158","100","10","Georeferenzierung einer gedruckten Karte","Printpublikation","Die Katalogbeschreibung von Kaufmann 1976 enthält TK-Annahmen, die in digitale Koordinaten übertragen  und durch Informationen des LDfA Sachsen-Anhalt bestätigt wurden","11.41","50.93","-4800","+/- 100 years","-4750","+/- 100 years","Q816829","low precision, as only stylistic dating","http://n2t.net/ark:/99152/p0wctqtnkjq","relatedMatch",""
"LfDA Sachsen-Anhalt","Q1802049","10","320","Oßmanstedt","Weimar","Q3955","","","","","Weimar","1.0","Direct override | 'Weimar' -> QID=Q3955 | [override -> QID=Q3955]","Weimarer Land","Q7879","","","","","Weimarer Land","1.0","Direct override | 'Weimarer Land' -> QID=Q7879 | [override -> QID=Q7879]","Thüringen","Q1205","2822542","7003689","2052949","62366","Thüringen","1.0","Exact match via rdfs:label [global index] | 'Thüringen' -> 'Thüringen'","Deutschland","Q183","2921044","7000084","2044274","51477","Deutschland","1.0","Exact match via rdfs:label [global index] | 'Deutschland' -> 'Deutschland'","SBK","Ausgrabung","Q959782","Kaufmann 1976","Q139304616","unbek.","Q59496158","50","11","Übernahme aus externer Datenbank","Printpublikation","Koordinaten wurden vom LdfA Sachsen-Anhalt übernommen und anhand des Katalogs auf Genauigkeit der Verortung überprüft","11.42","51.02","-4800","+/- 100 years","-4750","+/- 100 years","Q816829","low precision, as only stylistic dating","http://n2t.net/ark:/99152/p0wctqtnkjq","relatedMatch",""
"Kaufmann 1976","Q139304616","362","279","Memleben 1","Kaiserpfalz","Q706307","7602619","","","2354399","Kaiserpfalz","1.0","Transitive P131+ exact match | 'Kaiserpfalz' -> 'Kaiserpfalz'","Burgenlandkreis","Q6102","","","","","Burgenlandkreis","1.0","Direct override | 'Burgenlandkreis' -> QID=Q6102 | [override -> QID=Q6102]","Sachsen-Anhalt","Q1206","2842565","7003687","2044275","62607","Sachsen-Anhalt","1.0","Exact match via rdfs:label [global index] | 'Sachsen-Anhalt' -> 'Sachsen-Anhalt'","Deutschland","Q183","2921044","7000084","2044274","51477","Deutschland","1.0","Exact match via rdfs:label [global index] | 'Deutschland' -> 'Deutschland'","SBK","Ausgrabung","Q959782","Kaufmann 1976","Q139304616","unbek.","Q59496158","50","12","Georeferenzierung einer gedruckten Karte","Printpublikation","Die Katalogbeschreibung von Kaufmann 1976 enthält TK-Annahmen, die in digitale Koordinaten übertragen  und durch Informationen des LDfA Sachsen-Anhalt bestätigt wurden","11.5","51.27","-4800","+/- 100 years","-4750","+/- 100 years","Q816829","low precision, as only stylistic dating","http://n2t.net/ark:/99152/p0wctqtnkjq","relatedMatch",""
"Kaufmann 1976","Q139304616","506","261","Löderburg","Staßfurt","Q525409","6551145","1037771","","82601","Staßfurt","1.0","Exact match via rdfs:label [global index] | 'Staßfurt' -> 'Staßfurt'","Salzlandkreis","Q6081","2950072","","2044961","62502","Salzlandkreis","1.0","Exact match via rdfs:label [global index] | 'Salzlandkreis' -> 'Salzlandkreis'","Sachsen-Anhalt","Q1206","2842565","7003687","2044275","62607","Sachsen-Anhalt","1.0","Exact match via rdfs:label [global index] | 'Sachsen-Anhalt' -> 'Sachsen-Anhalt'","Deutschland","Q183","2921044","7000084","2044274","51477","Deutschland","1.0","Exact match via rdfs:label [global index] | 'Deutschland' -> 'Deutschland'","SBK","unbek.","","Kaufmann 1976","Q139304616","unbek.","Q59496158","250","13","Georeferenzierung einer gedruckten Karte","Printpublikation","Die Katalogbeschreibung von Kaufmann 1976 enthält TK-Annahmen, die in digitale Koordinaten übertragen  und durch Informationen des LDfA Sachsen-Anhalt bestätigt wurden","11.54","51.88","-4800","+/- 100 years","-4750","+/- 100 years","Q816829","low precision, as only stylistic dating","http://n2t.net/ark:/99152/p0wctqtnkjq","relatedMatch",""
"Kaufmann 1976","Q139304616","220","182","Helfta 65","Lutherstadt Eilsleben","Q484870","","","","","Lutherstadt Eisleben","1.0","Direct override | 'Lutherstadt Eilsleben' -> QID=Q484870 | [stripped -> 'Eilsleben'; override -> QID=Q484870]","Mansfeld-Südharz","Q6092","","","","","Landkreis Mansfeld-Südharz","1.0","Direct override | 'Mansfeld-Südharz' -> QID=Q6092 | [override -> QID=Q6092]","Sachsen-Anhalt","Q1206","2842565","7003687","2044275","62607","Sachsen-Anhalt","1.0","Exact match via rdfs:label [global index] | 'Sachsen-Anhalt' -> 'Sachsen-Anhalt'","Deutschland","Q183","2921044","7000084","2044274","51477","Deutschland","1.0","Exact match via rdfs:label [global index] | 'Deutschland' -> 'Deutschland'","SBK","Ausgrabung","Q959782","Kaufmann 1976","Q139304616","unbek.","Q59496158","50","14","Georeferenzierung einer gedruckten Karte","Printpublikation","Die Katalogbeschreibung von Kaufmann 1976 enthält TK-Annahmen, die in digitale Koordinaten übertragen  und durch Informationen des LDfA Sachsen-Anhalt bestätigt wurden","11.56","51.5","-4800","+/- 100 years","-4750","+/- 100 years","Q816829","low precision, as only stylistic dating","http://n2t.net/ark:/99152/p0wctqtnkjq","relatedMatch",""
"LfDA Sachsen-Anhalt","Q1802049","534","201","Jersleben 2","Niedere Börde","Q554720","6559284","","","1286651","Niedere Börde","1.0","Exact match via rdfs:label [global index] | 'Niedere Börde' -> 'Niedere Börde'","Landkreis Börde","Q6064","","","","","Landkreis Börde","1.0","Direct override | 'Landkreis Börde' -> QID=Q6064 | [stripped -> 'Börde'; override -> QID=Q6064]","Sachsen-Anhalt","Q1206","2842565","7003687","2044275","62607","Sachsen-Anhalt","1.0","Exact match via rdfs:label [global index] | 'Sachsen-Anhalt' -> 'Sachsen-Anhalt'","Deutschland","Q183","2921044","7000084","2044274","51477","Deutschland","1.0","Exact match via rdfs:label [global index] | 'Deutschland' -> 'Deutschland'","SBK","unbek.","","Kaufmann 1976","Q139304616","unbek.","Q59496158","500","15","Übernahme aus externer Datenbank","Printpublikation","Koordinaten wurden vom LdfA Sachsen-Anhalt übernommen und anhand des Katalogs auf Genauigkeit der Verortung überprüft","11.56","52.24","-4800","+/- 100 years","-4750","+/- 100 years","Q816829","low precision, as only stylistic dating","http://n2t.net/ark:/99152/p0wctqtnkjq","relatedMatch",""
"LfDA Sachsen-Anhalt","Q1802049","523","25","Barleben 20","Barleben","Q550241","7602488","1036415","","79776","Barleben","1.0","Exact match via rdfs:label [global index] | 'Barleben' -> 'Barleben'","Landkreis Börde","Q6064","","","","","Landkreis Börde","1.0","Direct override | 'Landkreis Börde' -> QID=Q6064 | [stripped -> 'Börde'; override -> QID=Q6064]","Sachsen-Anhalt","Q1206","2842565","7003687","2044275","62607","Sachsen-Anhalt","1.0","Exact match via rdfs:label [global index] | 'Sachsen-Anhalt' -> 'Sachsen-Anhalt'","Deutschland","Q183","2921044","7000084","2044274","51477","Deutschland","1.0","Exact match via rdfs:label [global index] | 'Deutschland' -> 'Deutschland'","SBK","unbek.","","Kaufmann 1976","Q139304616","unbek.","Q59496158","0","16","Übernahme aus externer Datenbank","Printpublikation","Koordinaten wurden vom LdfA Sachsen-Anhalt übernommen und anhand des Katalogs auf Genauigkeit der Verortung überprüft","11.63","52.21","-4800","+/- 100 years","-4750","+/- 100 years","Q816829","low precision, as only stylistic dating","http://n2t.net/ark:/99152/p0wctqtnkjq","relatedMatch",""
"Kaufmann 1976","Q139304616","478","272","Magdeburg-Prester 4","Magdeburg","Q32116077","6551235","","","","Magdeburg","1.0","Exact match via rdfs:label [global index] | 'Magdeburg' -> 'Magdeburg'","Magdeburg","Q1733","2874544","7004456","","62481","Magdeburg","1.0","Exact match via rdfs:label [global index] | 'Magdeburg' -> 'Magdeburg'","Sachsen-Anhalt","Q1206","2842565","7003687","2044275","62607","Sachsen-Anhalt","1.0","Exact match via rdfs:label [global index] | 'Sachsen-Anhalt' -> 'Sachsen-Anhalt'","Deutschland","Q183","2921044","7000084","2044274","51477","Deutschland","1.0","Exact match via rdfs:label [global index] | 'Deutschland' -> 'Deutschland'","SBK","Ausgrabung","Q959782","Kaufmann 1976","Q139304616","unbek.","Q59496158","100","17","Georeferenzierung einer gedruckten Karte","Printpublikation","Die Katalogbeschreibung von Kaufmann 1976 enthält TK-Annahmen, die in digitale Koordinaten übertragen  und durch Informationen des LDfA Sachsen-Anhalt bestätigt wurden","11.68","52.11","-4800","+/- 100 years","-4750","+/- 100 years","Q816829","low precision, as only stylistic dating","http://n2t.net/ark:/99152/p0wctqtnkjq","relatedMatch",""
"Kaufmann 1976","Q139304616","186","35","Bernburg 5","Bernburg","Q14938","6551215","1036449","","124297","Bernburg","1.0","Exact match via rdfs:label [global index] | 'Bernburg' -> 'Bernburg'","Salzlandkreis","Q6081","2950072","","2044961","62502","Salzlandkreis","1.0","Exact match via rdfs:label [global index] | 'Salzlandkreis' -> 'Salzlandkreis'","Sachsen-Anhalt","Q1206","2842565","7003687","2044275","62607","Sachsen-Anhalt","1.0","Exact match via rdfs:label [global index] | 'Sachsen-Anhalt' -> 'Sachsen-Anhalt'","Deutschland","Q183","2921044","7000084","2044274","51477","Deutschland","1.0","Exact match via rdfs:label [global index] | 'Deutschland' -> 'Deutschland'","SBK","unbek.","","Kaufmann 1976","Q139304616","unbek.","Q59496158","50","18","Georeferenzierung einer gedruckten Karte","Printpublikation","Die Katalogbeschreibung von Kaufmann 1976 enthält TK-Annahmen, die in digitale Koordinaten übertragen  und durch Informationen des LDfA Sachsen-Anhalt bestätigt wurden","11.71","51.79","-4800","+/- 100 years","-4750","+/- 100 years","Q816829","low precision, as only stylistic dating","http://n2t.net/ark:/99152/p0wctqtnkjq","relatedMatch",""
"LfDA Sachsen-Anhalt","Q1802049","340","311","Niedermöllern (OT von Möllern) 8","Lanitz-Hasseltal","Q701298","","","","","Lanitz-Hasseltal","1.0","Direct override | 'Lanitz-Hasseltal' -> QID=Q701298 | [override -> QID=Q701298]","Burgenlandkreis","Q6102","","","","","Burgenlandkreis","1.0","Direct override | 'Burgenlandkreis' -> QID=Q6102 | [override -> QID=Q6102]","Sachsen-Anhalt","Q1206","2842565","7003687","2044275","62607","Sachsen-Anhalt","1.0","Exact match via rdfs:label [global index] | 'Sachsen-Anhalt' -> 'Sachsen-Anhalt'","Deutschland","Q183","2921044","7000084","2044274","51477","Deutschland","1.0","Exact match via rdfs:label [global index] | 'Deutschland' -> 'Deutschland'","SBK","unbek.","","Kaufmann 1976","Q139304616","unbek.","Q59496158","0","19","Übernahme aus externer Datenbank","Printpublikation","Koordinaten wurden vom LdfA Sachsen-Anhalt übernommen und anhand des Katalogs auf Genauigkeit der Verortung überprüft","11.71","51.16","-4800","+/- 100 years","-4750","+/- 100 years","Q816829","low precision, as only stylistic dating","http://n2t.net/ark:/99152/p0wctqtnkjq","relatedMatch",""
"LfDA Sachsen-Anhalt","Q1802049","492","90","Calbe 6","Calbe","Q505176","6551243","","","69745","Calbe","1.0","Exact match via rdfs:label [global index] | 'Calbe' -> 'Calbe'","Salzlandkreis","Q6081","2950072","","2044961","62502","Salzlandkreis","1.0","Exact match via rdfs:label [global index] | 'Salzlandkreis' -> 'Salzlandkreis'","Sachsen-Anhalt","Q1206","2842565","7003687","2044275","62607","Sachsen-Anhalt","1.0","Exact match via rdfs:label [global index] | 'Sachsen-Anhalt' -> 'Sachsen-Anhalt'","Deutschland","Q183","2921044","7000084","2044274","51477","Deutschland","1.0","Exact match via rdfs:label [global index] | 'Deutschland' -> 'Deutschland'","SBK","Ausgrabung","Q959782","Kaufmann 1976","Q139304616","unbek.","Q59496158","100","20","Übernahme aus externer Datenbank","Printpublikation","Koordinaten wurden vom LdfA Sachsen-Anhalt übernommen und anhand des Katalogs auf Genauigkeit der Verortung überprüft","11.77","51.89","-4800","+/- 100 years","-4750","+/- 100 years","Q816829","low precision, as only stylistic dating","http://n2t.net/ark:/99152/p0wctqtnkjq","relatedMatch",""
"Kaufmann 1976","Q139304616","449","456","Wahlitz 7","Gommern","Q50880","6550932","","","85214","Gommern","1.0","Exact match via rdfs:label [global index] | 'Gommern' -> 'Gommern'","Jerichower Land","Q6068","3302158","7076457","","62477","Jerichower Land","1.0","Exact match via skos:altLabel [global index] | 'Jerichower Land' -> 'Jerichower Land'","Sachsen-Anhalt","Q1206","2842565","7003687","2044275","62607","Sachsen-Anhalt","1.0","Exact match via rdfs:label [global index] | 'Sachsen-Anhalt' -> 'Sachsen-Anhalt'","Deutschland","Q183","2921044","7000084","2044274","51477","Deutschland","1.0","Exact match via rdfs:label [global index] | 'Deutschland' -> 'Deutschland'","SBK","unbek.","","Kaufmann 1976","Q139304616","unbek.","Q59496158","100","21","Georeferenzierung einer gedruckten Karte","Printpublikation","Die Katalogbeschreibung von Kaufmann 1976 enthält TK-Annahmen, die in digitale Koordinaten übertragen  und durch Informationen des LDfA Sachsen-Anhalt bestätigt wurden","11.79","52.11","-4800","+/- 100 years","-4750","+/- 100 years","Q816829","low precision, as only stylistic dating","http://n2t.net/ark:/99152/p0wctqtnkjq","relatedMatch",""
"LfDA Sachsen-Anhalt","Q1802049","415","161","Gröbitz 10","Teuchern","Q534715","6550918","1037832","","2405054","Teuchern","1.0","Exact match via rdfs:label [global index] | 'Teuchern' -> 'Teuchern'","Burgenlandkreis","Q6102","","","","","Burgenlandkreis","1.0","Direct override | 'Burgenlandkreis' -> QID=Q6102 | [override -> QID=Q6102]","Sachsen-Anhalt","Q1206","2842565","7003687","2044275","62607","Sachsen-Anhalt","1.0","Exact match via rdfs:label [global index] | 'Sachsen-Anhalt' -> 'Sachsen-Anhalt'","Deutschland","Q183","2921044","7000084","2044274","51477","Deutschland","1.0","Exact match via rdfs:label [global index] | 'Deutschland' -> 'Deutschland'","SBK","unbek.","","Kaufmann 1976","Q139304616","unbek.","Q59496158","0","22","Übernahme aus externer Datenbank","Printpublikation","Koordinaten wurden vom LdfA Sachsen-Anhalt übernommen und anhand des Katalogs auf Genauigkeit der Verortung überprüft","11.92","51.13","-4800","+/- 100 years","-4750","+/- 100 years","Q816829","low precision, as only stylistic dating","http://n2t.net/ark:/99152/p0wctqtnkjq","relatedMatch",""
"Kaufmann 1976","Q139304616","395","245","Krosigk 1","Petersburg","Q635001","","","","","Petersberg","1.0","Direct override | 'Petersburg' -> QID=Q635001 | [override -> QID=Q635001]","Saalekreis","Q6098","2842671","","","62473","Saalekreis","1.0","Exact match via rdfs:label [global index] | 'Saalekreis' -> 'Saalekreis'","Sachsen-Anhalt","Q1206","2842565","7003687","2044275","62607","Sachsen-Anhalt","1.0","Exact match via rdfs:label [global index] | 'Sachsen-Anhalt' -> 'Sachsen-Anhalt'","Deutschland","Q183","2921044","7000084","2044274","51477","Deutschland","1.0","Exact match via rdfs:label [global index] | 'Deutschland' -> 'Deutschland'","SBK","unbek.","","Kaufmann 1976","Q139304616","unbek.","Q59496158","100","23","Georeferenzierung einer gedruckten Karte","Printpublikation","Die Katalogbeschreibung von Kaufmann 1976 enthält TK-Annahmen, die in digitale Koordinaten übertragen  und durch Informationen des LDfA Sachsen-Anhalt bestätigt wurden","11.93","51.61","-4800","+/- 100 years","-4750","+/- 100 years","Q816829","low precision, as only stylistic dating","http://n2t.net/ark:/99152/p0wctqtnkjq","relatedMatch",""
"LfDA Sachsen-Anhalt","Q1802049","294","233","Korbetha 4","Schkopau","Q526388","6551142","","","2406261","Schkopau","1.0","Exact match via rdfs:label [global index] | 'Schkopau' -> 'Schkopau'","Saalekreis","Q6098","2842671","","","62473","Saalekreis","1.0","Exact match via rdfs:label [global index] | 'Saalekreis' -> 'Saalekreis'","Sachsen-Anhalt","Q1206","2842565","7003687","2044275","62607","Sachsen-Anhalt","1.0","Exact match via rdfs:label [global index] | 'Sachsen-Anhalt' -> 'Sachsen-Anhalt'","Deutschland","Q183","2921044","7000084","2044274","51477","Deutschland","1.0","Exact match via rdfs:label [global index] | 'Deutschland' -> 'Deutschland'","SBK","Ausgrabung","Q959782","Kaufmann 1976","Q139304616","unbek.","Q59496158","50","24","Übernahme aus externer Datenbank","Printpublikation","Koordinaten wurden vom LdfA Sachsen-Anhalt übernommen und anhand des Katalogs auf Genauigkeit der Verortung überprüft","11.97","51.4","-4800","+/- 100 years","-4750","+/- 100 years","Q816829","low precision, as only stylistic dating","http://n2t.net/ark:/99152/p0wctqtnkjq","relatedMatch",""
"LfDA Sachsen-Anhalt","Q1802049","250","384","Schelkau 3","Teuchern","Q534715","6550918","1037832","","2405054","Teuchern","1.0","Exact match via rdfs:label [global index] | 'Teuchern' -> 'Teuchern'","Burgenlandkreis","Q6102","","","","","Burgenlandkreis","1.0","Direct override | 'Burgenlandkreis' -> QID=Q6102 | [override -> QID=Q6102]","Sachsen-Anhalt","Q1206","2842565","7003687","2044275","62607","Sachsen-Anhalt","1.0","Exact match via rdfs:label [global index] | 'Sachsen-Anhalt' -> 'Sachsen-Anhalt'","Deutschland","Q183","2921044","7000084","2044274","51477","Deutschland","1.0","Exact match via rdfs:label [global index] | 'Deutschland' -> 'Deutschland'","SBK","unbek.","","Kaufmann 1976","Q139304616","unbek.","Q59496158","0","25","Übernahme aus externer Datenbank","Printpublikation","Koordinaten wurden vom LdfA Sachsen-Anhalt übernommen und anhand des Katalogs auf Genauigkeit der Verortung überprüft","12.01","51.1","-4800","+/- 100 years","-4750","+/- 100 years","Q816829","low precision, as only stylistic dating","http://n2t.net/ark:/99152/p0wctqtnkjq","relatedMatch",""
"LfDA Sachsen-Anhalt","Q1802049","266","281","Merzien 8","Köthen","Q1796771","6551219","","","2090553","Köthen","1.0","Exact match via rdfs:label [global index] | 'Köthen' -> 'Köthen'","Anhalt-Bitterfeld","Q6071","","","","","Landkreis Anhalt-Bitterfeld","1.0","Direct override | 'Anhalt-Bitterfeld' -> QID=Q6071 | [override -> QID=Q6071]","Sachsen-Anhalt","Q1206","2842565","7003687","2044275","62607","Sachsen-Anhalt","1.0","Exact match via rdfs:label [global index] | 'Sachsen-Anhalt' -> 'Sachsen-Anhalt'","Deutschland","Q183","2921044","7000084","2044274","51477","Deutschland","1.0","Exact match via rdfs:label [global index] | 'Deutschland' -> 'Deutschland'","SBK","Ausgrabung","Q959782","Kaufmann 1976","Q139304616","unbek.","Q59496158","0","26","Übernahme aus externer Datenbank","Printpublikation","Koordinaten wurden vom LdfA Sachsen-Anhalt übernommen und anhand des Katalogs auf Genauigkeit der Verortung überprüft","12.03","51.75","-4800","+/- 100 years","-4750","+/- 100 years","Q816829","low precision, as only stylistic dating","http://n2t.net/ark:/99152/p0wctqtnkjq","relatedMatch",""
"LfDA Sachsen-Anhalt","Q1802049","312","457","Wallendorf 14","Schkopau","Q526388","6551142","","","2406261","Schkopau","1.0","Exact match via rdfs:label [global index] | 'Schkopau' -> 'Schkopau'","Saalekreis","Q6098","2842671","","","62473","Saalekreis","1.0","Exact match via rdfs:label [global index] | 'Saalekreis' -> 'Saalekreis'","Sachsen-Anhalt","Q1206","2842565","7003687","2044275","62607","Sachsen-Anhalt","1.0","Exact match via rdfs:label [global index] | 'Sachsen-Anhalt' -> 'Sachsen-Anhalt'","Deutschland","Q183","2921044","7000084","2044274","51477","Deutschland","1.0","Exact match via rdfs:label [global index] | 'Deutschland' -> 'Deutschland'","SBK","unbek.","","Kaufmann 1976","Q139304616","unbek.","Q59496158","50","27","Übernahme aus externer Datenbank","Printpublikation","Koordinaten wurden vom LdfA Sachsen-Anhalt übernommen und anhand des Katalogs auf Genauigkeit der Verortung überprüft","12.07","51.36","-4800","+/- 100 years","-4750","+/- 100 years","Q816829","low precision, as only stylistic dating","http://n2t.net/ark:/99152/p0wctqtnkjq","relatedMatch",""
"LfDA Sachsen-Anhalt","Q1802049","432","158","Grana 2","Kretzschau","Q635076","6549017","","","2404547","Kretzschau","1.0","Exact match via rdfs:label [global index] | 'Kretzschau' -> 'Kretzschau'","Burgenlandkreis","Q6102","","","","","Burgenlandkreis","1.0","Direct override | 'Burgenlandkreis' -> QID=Q6102 | [override -> QID=Q6102]","Sachsen-Anhalt","Q1206","2842565","7003687","2044275","62607","Sachsen-Anhalt","1.0","Exact match via rdfs:label [global index] | 'Sachsen-Anhalt' -> 'Sachsen-Anhalt'","Deutschland","Q183","2921044","7000084","2044274","51477","Deutschland","1.0","Exact match via rdfs:label [global index] | 'Deutschland' -> 'Deutschland'","SBK","unbek.","","Kaufmann 1976","Q139304616","unbek.","Q59496158","400","28","Übernahme aus externer Datenbank","Printpublikation","Koordinaten wurden vom LdfA Sachsen-Anhalt übernommen und anhand des Katalogs auf Genauigkeit der Verortung überprüft","12.11","51.05","-4800","+/- 100 years","-4750","+/- 100 years","Q816829","low precision, as only stylistic dating","http://n2t.net/ark:/99152/p0wctqtnkjq","relatedMatch",""
"Kaufmann 1976","Q139304616","206","505","Zörbig 8","Zörbig","Q247868","6550887","","","1329608","Zörbig","1.0","Exact match via rdfs:label [global index] | 'Zörbig' -> 'Zörbig'","Anhalt-Bitterfeld","Q6071","","","","","Landkreis Anhalt-Bitterfeld","1.0","Direct override | 'Anhalt-Bitterfeld' -> QID=Q6071 | [override -> QID=Q6071]","Sachsen-Anhalt","Q1206","2842565","7003687","2044275","62607","Sachsen-Anhalt","1.0","Exact match via rdfs:label [global index] | 'Sachsen-Anhalt' -> 'Sachsen-Anhalt'","Deutschland","Q183","2921044","7000084","2044274","51477","Deutschland","1.0","Exact match via rdfs:label [global index] | 'Deutschland' -> 'Deutschland'","SBK","Ausgrabung","Q959782","Kaufmann 1976","Q139304616","unbek.","Q59496158","50","29","Georeferenzierung einer gedruckten Karte","Printpublikation","Die Katalogbeschreibung von Kaufmann 1976 enthält TK-Annahmen, die in digitale Koordinaten übertragen  und durch Informationen des LDfA Sachsen-Anhalt bestätigt wurden","12.11","51.63","-4800","+/- 100 years","-4750","+/- 100 years","Q816829","low precision, as only stylistic dating","http://n2t.net/ark:/99152/p0wctqtnkjq","relatedMatch",""
"Kaufmann 1976","Q139304616","117","438","Trebnitz","Gera","Q706112","2921231","7012815","","62671","Gera","1.0","Exact match via rdfs:label [global index] | 'Gera' -> 'Gera'","Gera","Q706112","2921231","7012815","","62671","Gera","1.0","Exact match via rdfs:label [global index] | 'Gera' -> 'Gera'","Thüringen","Q1205","2822542","7003689","2052949","62366","Thüringen","1.0","Exact match via rdfs:label [global index] | 'Thüringen' -> 'Thüringen'","Deutschland","Q183","2921044","7000084","2044274","51477","Deutschland","1.0","Exact match via rdfs:label [global index] | 'Deutschland' -> 'Deutschland'","SBK","Ausgrabung","Q959782","Kaufmann 1976","Q139304616","unbek.","Q59496158","100","30","Georeferenzierung einer gedruckten Karte","Printpublikation","Die Katalogbeschreibung von Kaufmann 1976 enthält TK-Annahmen, die in digitale Koordinaten übertragen  und durch Informationen des LDfA Sachsen-Anhalt bestätigt wurden","12.14","50.9","-4800","+/- 100 years","-4750","+/- 100 years","Q816829","low precision, as only stylistic dating","http://n2t.net/ark:/99152/p0wctqtnkjq","relatedMatch",""
"Stäuble/Veit 2016","Q139304647","","113","Eythra","Zwenkau","Q10779","","","","","Zwenkau","1.0","Direct override | 'Zwenkau' -> QID=Q10779 | [override -> QID=Q10779]","Leipzig-Land","Q1323208","","","","","Landkreis Leipzig-Land","1.0","Direct override | 'Leipzig-Land' -> QID=Q1323208 | [override -> QID=Q1323208]","Sachsen","Q1202","2842566","7003685","2315107","62467","Sachsen","1.0","Exact match via rdfs:label [global index] | 'Sachsen' -> 'Sachsen'","Deutschland","Q183","2921044","7000084","2044274","51477","Deutschland","1.0","Exact match via rdfs:label [global index] | 'Deutschland' -> 'Deutschland'","SBK","Ausgrabung","Q959782","Stäuble/Veit 2016","Q139304647","Kreisgrabenanlage und Siedlung","Q1787688","0","31","Georeferenzierung einer gedruckten Karte","Printpublikation","georeferenziert wurde gedrucktes Kartenmaterial von Wolfram/Stäuble 2021","12.3","51.24","-4800","+/- 100 years","-4750","+/- 100 years","Q173412","medium certainty, good 14C dating, but many mixed features","http://n2t.net/ark:/99152/p0wctqtnkjq","relatedMatch",""
"Denkmaldaten / BLDAM 2021","Q897952","","422","Steckelsdorf 12","Stadt Rathenow","Q525425","6550611","","","1271899","Rathenow","1.0","Exact match via rdfs:label [global index] | 'Rathenow' -> 'Rathenow' | [normalised: stripped -> 'Rathenow']","Havelland","Q6139","","","","","Havelland","1.0","Direct override | 'Havelland' -> QID=Q6139 | [override -> QID=Q6139]","Brandenburg","Q1208","2945356","7000096","2048409","62504","Brandenburg","1.0","Exact match via rdfs:label [global index] | 'Brandenburg' -> 'Brandenburg'","Deutschland","Q183","2921044","7000084","2044274","51477","Deutschland","1.0","Exact match via rdfs:label [global index] | 'Deutschland' -> 'Deutschland'","FBG","Lesefunde","Q1144458","Wetzel/Beran 2023","Q139304633","unbek.","Q59496158","0","32","Übernahme aus externer Datenbank","Strukturen des Landesdenkmalamts","die Koordinaten wurden beim BLDAM angefragt und übernommen","12.3","52.59","-4550","+/- 100 years","-3900","+/- 100 years","Q816829","dating still very uncertain, for the whole group only few 14C dates available","","",""
"Denkmaldaten / BLDAM 2021","Q897952","12485","129","Friesack 4","Friesack","Q585632","6550607","","","1342247","Friesack","1.0","Exact match via rdfs:label [global index] | 'Friesack' -> 'Friesack'","Havelland","Q6139","","","","","Havelland","1.0","Direct override | 'Havelland' -> QID=Q6139 | [override -> QID=Q6139]","Brandenburg","Q1208","2945356","7000096","2048409","62504","Brandenburg","1.0","Exact match via rdfs:label [global index] | 'Brandenburg' -> 'Brandenburg'","Deutschland","Q183","2921044","7000084","2044274","51477","Deutschland","1.0","Exact match via rdfs:label [global index] | 'Deutschland' -> 'Deutschland'","FBG","Ausgrabung","Q959782","Wetzel/Beran 2023","Q139304633","Siedlung","Q486972","0","33","Übernahme aus externer Datenbank","Strukturen des Landesdenkmalamts","die Koordinaten wurden beim BLDAM angefragt und übernommen","12.54","52.75","-4550","+/- 100 years","-3900","+/- 100 years","Q173412","medium certainty, some 14C dates available","","",""
"Denkmaldaten / BLDAM 2021","Q897952","12485","129","Friesack 4","Friesack","Q585632","6550607","","","1342247","Friesack","1.0","Exact match via rdfs:label [global index] | 'Friesack' -> 'Friesack'","Havelland","Q6139","","","","","Havelland","1.0","Direct override | 'Havelland' -> QID=Q6139 | [override -> QID=Q6139]","Brandenburg","Q1208","2945356","7000096","2048409","62504","Brandenburg","1.0","Exact match via rdfs:label [global index] | 'Brandenburg' -> 'Brandenburg'","Deutschland","Q183","2921044","7000084","2044274","51477","Deutschland","1.0","Exact match via rdfs:label [global index] | 'Deutschland' -> 'Deutschland'","Guhrau","Ausgrabung","Q959782","Wetzel/Beran 2023","Q139304633","Siedlung","Q486972","0","34","Übernahme aus externer Datenbank","Strukturen des Landesdenkmalamts","die Koordinaten wurden beim BLDAM angefragt und übernommen","12.54","52.75","-4600","+/- 200 years","-4000","+/- 300 years","Q816829","very uncertain, no dated features","","",""
"LfDA Sachsen-Anhalt","Q1802049","","351","Prettin 6","Prettin","Q573500","","","","","Prettin","1.0","Direct override | 'Prettin' -> QID=Q573500 | [override -> QID=Q573500]","Jessen","Q6075","","","","","Landkreis Jessen","1.0","Direct override | 'Jessen' -> QID=Q6075 | [override -> QID=Q6075]","Sachsen-Anhalt","Q1206","2842565","7003687","2044275","62607","Sachsen-Anhalt","1.0","Exact match via rdfs:label [global index] | 'Sachsen-Anhalt' -> 'Sachsen-Anhalt'","Deutschland","Q183","2921044","7000084","2044274","51477","Deutschland","1.0","Exact match via rdfs:label [global index] | 'Deutschland' -> 'Deutschland'","SBK","Lesefunde","Q1144458","Wetzel 1973","Q139304617","unbek.","Q59496158","0","35","Übernahme aus externer Datenbank","digitale Datenbank","Koordinaten wurden aus dem WebGIS des Museum Szczecin übernommen und mit der Beschreibung in Czerniak et al 2020 überprüft","12.9","51.67","-4800","+/- 100 years","-4750","+/- 100 years","Q816829","low precision, as only stylistic dating","http://n2t.net/ark:/99152/p0j9r72g96p","exactMatch",""
"Denkmaldaten / BLDAM 2021","Q897952","9738","375","Rohrbeck 14","Rohrbeck","Q22693663","","","","","Rohrbeck","1.0","Transitive P131+ exact match | 'Rohrbeck' -> 'Rohrbeck'","Teltow-Fläming","Q6146","","","","","Landkreis Teltow-Fläming","1.0","Direct override | 'Teltow-Fläming' -> QID=Q6146 | [override -> QID=Q6146]","Brandenburg","Q1208","2945356","7000096","2048409","62504","Brandenburg","1.0","Exact match via rdfs:label [global index] | 'Brandenburg' -> 'Brandenburg'","Deutschland","Q183","2921044","7000084","2044274","51477","Deutschland","1.0","Exact match via rdfs:label [global index] | 'Deutschland' -> 'Deutschland'","SBK","Lesefunde","Q1144458","Eberhardt 2007","Q139304612","unbek.","Q59496158","0","36","Übernahme aus externer Datenbank","Strukturen des Landesdenkmalamts","die Koordinaten wurden beim BLDAM angefragt und übernommen","13.03","51.97","-4800","+/- 100 years","-4750","+/- 100 years","Q816829","low precision, as only stylistic dating","http://n2t.net/ark:/99152/p0wctqtnkjq","relatedMatch",""
"Denkmaldaten / BLDAM 2021","Q897952","9659","205","Jüterbog 31","Jüterbog","Q486541","6550661","1036996","","422436","Jüterbog","1.0","Exact match via rdfs:label [global index] | 'Jüterbog' -> 'Jüterbog'","Teltow-Fläming","Q6146","","","","","Landkreis Teltow-Fläming","1.0","Direct override | 'Teltow-Fläming' -> QID=Q6146 | [override -> QID=Q6146]","Brandenburg","Q1208","2945356","7000096","2048409","62504","Brandenburg","1.0","Exact match via rdfs:label [global index] | 'Brandenburg' -> 'Brandenburg'","Deutschland","Q183","2921044","7000084","2044274","51477","Deutschland","1.0","Exact match via rdfs:label [global index] | 'Deutschland' -> 'Deutschland'","SBK","Lesefunde","Q1144458","Eberhardt 2007","Q139304612","unbek.","Q59496158","0","37","Übernahme aus externer Datenbank","Strukturen des Landesdenkmalamts","die Koordinaten wurden beim BLDAM angefragt und übernommen","13.05","51.99","-4800","+/- 100 years","-4750","+/- 100 years","Q816829","low precision, as only stylistic dating","http://n2t.net/ark:/99152/p0wctqtnkjq","relatedMatch","Q139478072"
"Denkmaldaten / BLDAM 2021","Q897952","9574","57","Bochow 2","Bochow","Q889041","","","","4471830","Bochow","1.0","Transitive P131+ exact match | 'Bochow' -> 'Bochow'","Teltow-Fläming","Q6146","","","","","Landkreis Teltow-Fläming","1.0","Direct override | 'Teltow-Fläming' -> QID=Q6146 | [override -> QID=Q6146]","Brandenburg","Q1208","2945356","7000096","2048409","62504","Brandenburg","1.0","Exact match via rdfs:label [global index] | 'Brandenburg' -> 'Brandenburg'","Deutschland","Q183","2921044","7000084","2044274","51477","Deutschland","1.0","Exact match via rdfs:label [global index] | 'Deutschland' -> 'Deutschland'","Rössener Kultur","Ausgrabung","Q959782","Eberhardt 2007","Q139304612","unbek.","Q59496158","0","38","Übernahme aus externer Datenbank","Strukturen des Landesdenkmalamts","die Koordinaten wurden beim BLDAM angefragt und übernommen","13.07","51.96","-4681","+/- 100 years","-4446","+/- 100 years","Q173412","Medium precision, four 14C dates","http://n2t.net/ark:/99152/p066jt92nth","closeMatch",""
"Denkmaldaten / BLDAM 2021","Q897952","9574","57","Bochow 2","Bochow","Q889041","","","","4471830","Bochow","1.0","Transitive P131+ exact match | 'Bochow' -> 'Bochow'","Teltow-Fläming","Q6146","","","","","Landkreis Teltow-Fläming","1.0","Direct override | 'Teltow-Fläming' -> QID=Q6146 | [override -> QID=Q6146]","Brandenburg","Q1208","2945356","7000096","2048409","62504","Brandenburg","1.0","Exact match via rdfs:label [global index] | 'Brandenburg' -> 'Brandenburg'","Deutschland","Q183","2921044","7000084","2044274","51477","Deutschland","1.0","Exact match via rdfs:label [global index] | 'Deutschland' -> 'Deutschland'","Guhrau","Lesefunde","Q1144458","Wetzel 2013","Q139304611","unbek.","Q59496158","0","39","Übernahme aus externer Datenbank","Strukturen des Landesdenkmalamts","die Koordinaten wurden beim BLDAM angefragt und übernommen","13.07","51.96","-4600","+/- 200 years","-4000","+/- 300 years","Q816829","very uncertain, no dated features","","",""
"Denkmaldaten / BLDAM 2021","Q897952","9588","56","Bochow 16","Bochow","Q889041","","","","4471830","Bochow","1.0","Transitive P131+ exact match | 'Bochow' -> 'Bochow'","Teltow-Fläming","Q6146","","","","","Landkreis Teltow-Fläming","1.0","Direct override | 'Teltow-Fläming' -> QID=Q6146 | [override -> QID=Q6146]","Brandenburg","Q1208","2945356","7000096","2048409","62504","Brandenburg","1.0","Exact match via rdfs:label [global index] | 'Brandenburg' -> 'Brandenburg'","Deutschland","Q183","2921044","7000084","2044274","51477","Deutschland","1.0","Exact match via rdfs:label [global index] | 'Deutschland' -> 'Deutschland'","SBK","Ausgrabung","Q959782","Meyer 2011","Q139304614","Siedlung, Kreisgrabenanlage","Q1787688","0","40","Übernahme aus externer Datenbank","Strukturen des Landesdenkmalamts","die Koordinaten wurden beim BLDAM angefragt und übernommen","13.08","51.96","-4804","+/- 100 years","-4597","+/- 100 years","Q173412","medium certainty, only one 14C date","http://n2t.net/ark:/99152/p0wctqtnkjq","relatedMatch",""
"Denkmaldaten / BLDAM 2021","Q897952","9579","59","Bochow 6/7","Bochow","Q889041","","","","4471830","Bochow","1.0","Transitive P131+ exact match | 'Bochow' -> 'Bochow'","Teltow-Fläming","Q6146","","","","","Landkreis Teltow-Fläming","1.0","Direct override | 'Teltow-Fläming' -> QID=Q6146 | [override -> QID=Q6146]","Brandenburg","Q1208","2945356","7000096","2048409","62504","Brandenburg","1.0","Exact match via rdfs:label [global index] | 'Brandenburg' -> 'Brandenburg'","Deutschland","Q183","2921044","7000084","2044274","51477","Deutschland","1.0","Exact match via rdfs:label [global index] | 'Deutschland' -> 'Deutschland'","SBK","Lesefunde","Q1144458","Eberhardt 2007","Q139304612","unbek.","Q59496158","0","41","Übernahme aus externer Datenbank","Strukturen des Landesdenkmalamts","die Koordinaten wurden beim BLDAM angefragt und übernommen","13.09","51.96","-4800","+/- 100 years","-4750","+/- 100 years","Q816829","low precision, as only stylistic dating","http://n2t.net/ark:/99152/p0wctqtnkjq","relatedMatch","Q139478206|Q139478323"
"Denkmaldaten / BLDAM 2021","Q897952","9579","60","Bochow 7","Bochow","Q889041","","","","4471830","Bochow","1.0","Transitive P131+ exact match | 'Bochow' -> 'Bochow'","Teltow-Fläming","Q6146","","","","","Landkreis Teltow-Fläming","1.0","Direct override | 'Teltow-Fläming' -> QID=Q6146 | [override -> QID=Q6146]","Brandenburg","Q1208","2945356","7000096","2048409","62504","Brandenburg","1.0","Exact match via rdfs:label [global index] | 'Brandenburg' -> 'Brandenburg'","Deutschland","Q183","2921044","7000084","2044274","51477","Deutschland","1.0","Exact match via rdfs:label [global index] | 'Deutschland' -> 'Deutschland'","Rössener Kultur","Lesefunde","Q1144458","Eberhardt 2007","Q139304612","unbek.","Q59496158","0","43","Übernahme aus externer Datenbank","Strukturen des Landesdenkmalamts","die Koordinaten wurden beim BLDAM angefragt und übernommen","13.09","51.97","-4700","+/- 100 years","-4400","+/- 100 years","Q816829","low precision, as only stylistic dating","http://n2t.net/ark:/99152/p066jt92nth","closeMatch",""
"Denkmaldaten / BLDAM 2021","Q897952","9587","55","Bochow 15","Bochow","Q889041","","","","4471830","Bochow","1.0","Transitive P131+ exact match | 'Bochow' -> 'Bochow'","Teltow-Fläming","Q6146","","","","","Landkreis Teltow-Fläming","1.0","Direct override | 'Teltow-Fläming' -> QID=Q6146 | [override -> QID=Q6146]","Brandenburg","Q1208","2945356","7000096","2048409","62504","Brandenburg","1.0","Exact match via rdfs:label [global index] | 'Brandenburg' -> 'Brandenburg'","Deutschland","Q183","2921044","7000084","2044274","51477","Deutschland","1.0","Exact match via rdfs:label [global index] | 'Deutschland' -> 'Deutschland'","SBK","Lesefunde","Q1144458","Eberhardt 2007","Q139304612","unbek.","Q59496158","0","44","Übernahme aus externer Datenbank","Strukturen des Landesdenkmalamts","die Koordinaten wurden beim BLDAM angefragt und übernommen","13.09","51.96","-4800","+/- 100 years","-4750","+/- 100 years","Q816829","low precision, as only stylistic dating","http://n2t.net/ark:/99152/p0wctqtnkjq","relatedMatch",""
"Denkmaldaten / BLDAM 2021","Q897952","9578","58","Bochow 6","Bochow","Q889041","","","","4471830","Bochow","1.0","Transitive P131+ exact match | 'Bochow' -> 'Bochow'","Teltow-Fläming","Q6146","","","","","Landkreis Teltow-Fläming","1.0","Direct override | 'Teltow-Fläming' -> QID=Q6146 | [override -> QID=Q6146]","Brandenburg","Q1208","2945356","7000096","2048409","62504","Brandenburg","1.0","Exact match via rdfs:label [global index] | 'Brandenburg' -> 'Brandenburg'","Deutschland","Q183","2921044","7000084","2044274","51477","Deutschland","1.0","Exact match via rdfs:label [global index] | 'Deutschland' -> 'Deutschland'","Rössener Kultur","Lesefunde","Q1144458","Eberhardt 2007","Q139304612","unbek.","Q59496158","0","45","Übernahme aus externer Datenbank","Strukturen des Landesdenkmalamts","die Koordinaten wurden beim BLDAM angefragt und übernommen","13.09","51.96","-4700","+/- 100 years","-4400","+/- 100 years","Q816829","low precision, as only stylistic dating","http://n2t.net/ark:/99152/p066jt92nth","closeMatch",""
"Denkmaldaten / BLDAM 2021","Q897952","9578","58","Bochow 6","Bochow","Q889041","","","","4471830","Bochow","1.0","Transitive P131+ exact match | 'Bochow' -> 'Bochow'","Teltow-Fläming","Q6146","","","","","Landkreis Teltow-Fläming","1.0","Direct override | 'Teltow-Fläming' -> QID=Q6146 | [override -> QID=Q6146]","Brandenburg","Q1208","2945356","7000096","2048409","62504","Brandenburg","1.0","Exact match via rdfs:label [global index] | 'Brandenburg' -> 'Brandenburg'","Deutschland","Q183","2921044","7000084","2044274","51477","Deutschland","1.0","Exact match via rdfs:label [global index] | 'Deutschland' -> 'Deutschland'","SBK","Lesefunde","Q1144458","Eberhardt 2007","Q139304612","unbek.","Q59496158","0","46","Übernahme aus externer Datenbank","Strukturen des Landesdenkmalamts","die Koordinaten wurden beim BLDAM angefragt und übernommen","13.09","51.96","-4800","+/- 100 years","-4750","+/- 100 years","Q816829","low precision, as only stylistic dating","http://n2t.net/ark:/99152/p0wctqtnkjq","relatedMatch",""
"Denkmaldaten / BLDAM 2021","Q897952","24516","386","Schiaß 1","Schiaß","Q1747721","2839525","","","","Schiaß","1.0","Transitive P131+ exact match | 'Schiaß' -> 'Schiaß'","Teltow-Fläming","Q6146","","","","","Landkreis Teltow-Fläming","1.0","Direct override | 'Teltow-Fläming' -> QID=Q6146 | [override -> QID=Q6146]","Brandenburg","Q1208","2945356","7000096","2048409","62504","Brandenburg","1.0","Exact match via rdfs:label [global index] | 'Brandenburg' -> 'Brandenburg'","Deutschland","Q183","2921044","7000084","2044274","51477","Deutschland","1.0","Exact match via rdfs:label [global index] | 'Deutschland' -> 'Deutschland'","SBK","Ausgrabung","Q959782","","","unbek.","Q59496158","0","47","Übernahme aus externer Datenbank","Strukturen des Landesdenkmalamts","die Koordinaten wurden beim BLDAM angefragt und übernommen","13.14","52.26","-4800","+/- 100 years","-4750","+/- 100 years","Q816829","low precision, as only stylistic dating","http://n2t.net/ark:/99152/p0wctqtnkjq","relatedMatch",""
"Denkmaldaten / BLDAM 2021","Q897952","24169","163","Groß Kienitz 7","Groß Kienitz","Q25158450","","","","4778119","Groß Kienitz","1.0","Transitive P131+ exact match | 'Groß Kienitz' -> 'Groß Kienitz'","Teltow-Fläming","Q6146","","","","","Landkreis Teltow-Fläming","1.0","Direct override | 'Teltow-Fläming' -> QID=Q6146 | [override -> QID=Q6146]","Brandenburg","Q1208","2945356","7000096","2048409","62504","Brandenburg","1.0","Exact match via rdfs:label [global index] | 'Brandenburg' -> 'Brandenburg'","Deutschland","Q183","2921044","7000084","2044274","51477","Deutschland","1.0","Exact match via rdfs:label [global index] | 'Deutschland' -> 'Deutschland'","Rössener Kultur","Ausgrabung","Q959782","Schmiederer 1997","Q139304643","Siedlung","Q486972","0","48","Übernahme aus externer Datenbank","Strukturen des Landesdenkmalamts","die Koordinaten wurden beim BLDAM angefragt und übernommen","13.46","52.33","-4700","+/- 100 years","-4400","+/- 100 years","Q816829","low precision, as only stylistic dating","http://n2t.net/ark:/99152/p066jt92nth","closeMatch","Q139480083|Q139480156|Q139480236|Q139479639"
"Denkmaldaten / BLDAM 2021","Q897952","10304","407","Selchow 7","Selchow","Q653055","","","","151959","Selchow","1.0","Transitive P131+ exact match | 'Selchow' -> 'Selchow'","Dahme-Spreewald","Q6173","3249080","7076944","","62376","Dahme-Spreewald","1.0","Exact match via skos:altLabel [global index] | 'Dahme-Spreewald' -> 'Dahme-Spreewald'","Brandenburg","Q1208","2945356","7000096","2048409","62504","Brandenburg","1.0","Exact match via rdfs:label [global index] | 'Brandenburg' -> 'Brandenburg'","Deutschland","Q183","2921044","7000084","2044274","51477","Deutschland","1.0","Exact match via rdfs:label [global index] | 'Deutschland' -> 'Deutschland'","Rössener Kultur","Ausgrabung","Q959782","Lehmphul 2015","Q139304610","Siedlung","Q486972","0","49","Übernahme aus externer Datenbank","Strukturen des Landesdenkmalamts","die Koordinaten wurden beim BLDAM angefragt und übernommen","13.47","52.35","-4650","+/- 100 years","-4450","+/- 100 years","Q173412","Medium precision, four 14C dates","http://n2t.net/ark:/99152/p066jt92nth","closeMatch",""
"Denkmaldaten / BLDAM 2021","Q897952","9937","136","Gallun 4","Gallun","Q188338","","7182547","","5672713","Gallun","1.0","Transitive P131+ exact match | 'Gallun' -> 'Gallun'","Dahme-Spreewald","Q6173","3249080","7076944","","62376","Dahme-Spreewald","1.0","Exact match via skos:altLabel [global index] | 'Dahme-Spreewald' -> 'Dahme-Spreewald'","Brandenburg","Q1208","2945356","7000096","2048409","62504","Brandenburg","1.0","Exact match via rdfs:label [global index] | 'Brandenburg' -> 'Brandenburg'","Deutschland","Q183","2921044","7000084","2044274","51477","Deutschland","1.0","Exact match via rdfs:label [global index] | 'Deutschland' -> 'Deutschland'","Guhrau","Einzelfund","Q1144458","","","unbek.","Q59496158","0","50","Übernahme aus externer Datenbank","Strukturen des Landesdenkmalamts","die Koordinaten wurden beim BLDAM angefragt und übernommen","13.56","52.25","-4600","+/- 200 years","-4000","+/- 300 years","Q816829","very uncertain, no dated features","","",""
"Denkmaldaten / BLDAM 2021","Q897952","","504","Zöllmersdorf","Zöllmersdorf","Q28972179","","","","","Zöllmersdorf","1.0","Transitive P131+ exact match | 'Zöllmersdorf' -> 'Zöllmersdorf'","Dahme-Spreewald","Q6173","3249080","7076944","","62376","Dahme-Spreewald","1.0","Exact match via skos:altLabel [global index] | 'Dahme-Spreewald' -> 'Dahme-Spreewald'","Brandenburg","Q1208","2945356","7000096","2048409","62504","Brandenburg","1.0","Exact match via rdfs:label [global index] | 'Brandenburg' -> 'Brandenburg'","Deutschland","Q183","2921044","7000084","2044274","51477","Deutschland","1.0","Exact match via rdfs:label [global index] | 'Deutschland' -> 'Deutschland'","SBK","Lesefunde","","Wetzel/Beran 2023","Q139304633","unbek.","Q59496158","0","53","Übernahme aus externer Datenbank","Strukturen des Landesdenkmalamts","die Koordinaten wurden beim BLDAM angefragt und übernommen","13.66","51.85","-4700","+/- 100 years","-4400","+/- 100 years","Q816829","low precision, as only stylistic dating","http://n2t.net/ark:/99152/p0j9r72g96p","exactMatch",""
"Denkmaldaten / BLDAM 2021","Q897952","11688","207","Kaden 4","Kaden","Q16832339","","","","","Kaden","1.0","Transitive P131+ exact match | 'Kaden' -> 'Kaden'","Dahme-Spreewald","Q6173","3249080","7076944","","62376","Dahme-Spreewald","1.0","Exact match via skos:altLabel [global index] | 'Dahme-Spreewald' -> 'Dahme-Spreewald'","Brandenburg","Q1208","2945356","7000096","2048409","62504","Brandenburg","1.0","Exact match via rdfs:label [global index] | 'Brandenburg' -> 'Brandenburg'","Deutschland","Q183","2921044","7000084","2044274","51477","Deutschland","1.0","Exact match via rdfs:label [global index] | 'Deutschland' -> 'Deutschland'","SBK","Ausgrabung","Q959782","Marschallek 1944","Q139304615","Grab?","Q173387","0","54","Übernahme aus externer Datenbank","Strukturen des Landesdenkmalamts","die Koordinaten wurden beim BLDAM angefragt und übernommen","13.8","51.91","-4700","+/- 100 years","-4400","+/- 100 years","Q816829","low precision, as only stylistic dating","http://n2t.net/ark:/99152/p0j9r72g96p","exactMatch",""
"Denkmaldaten / BLDAM 2021","Q897952","11326","303","Neuendorf am See 6","Neuendorf am See","Q1979994","","","","3549564","Neuendorf am See","1.0","Transitive P131+ exact match | 'Neuendorf am See' -> 'Neuendorf am See'","Dahme-Spreewald","Q6173","3249080","7076944","","62376","Dahme-Spreewald","1.0","Exact match via skos:altLabel [global index] | 'Dahme-Spreewald' -> 'Dahme-Spreewald'","Brandenburg","Q1208","2945356","7000096","2048409","62504","Brandenburg","1.0","Exact match via rdfs:label [global index] | 'Brandenburg' -> 'Brandenburg'","Deutschland","Q183","2921044","7000084","2044274","51477","Deutschland","1.0","Exact match via rdfs:label [global index] | 'Deutschland' -> 'Deutschland'","SBK","Lesefunde","Q1144458","Wetzel 2013","Q139304611","unbek.","Q59496158","0","55","Übernahme aus externer Datenbank","Strukturen des Landesdenkmalamts","die Koordinaten wurden beim BLDAM angefragt und übernommen","13.88","52.1","-4700","+/- 100 years","-4400","+/- 100 years","Q816829","low precision, as only stylistic dating","http://n2t.net/ark:/99152/p0j9r72g96p","exactMatch",""
"Denkmaldaten / BLDAM 2021","Q897952","11326","303","Neuendorf am See 6","Neuendorf am See","Q1979994","","","","3549564","Neuendorf am See","1.0","Transitive P131+ exact match | 'Neuendorf am See' -> 'Neuendorf am See'","Dahme-Spreewald","Q6173","3249080","7076944","","62376","Dahme-Spreewald","1.0","Exact match via skos:altLabel [global index] | 'Dahme-Spreewald' -> 'Dahme-Spreewald'","Brandenburg","Q1208","2945356","7000096","2048409","62504","Brandenburg","1.0","Exact match via rdfs:label [global index] | 'Brandenburg' -> 'Brandenburg'","Deutschland","Q183","2921044","7000084","2044274","51477","Deutschland","1.0","Exact match via rdfs:label [global index] | 'Deutschland' -> 'Deutschland'","Guhrau","Lesefunde","Q1144458","Wetzel 2013","Q139304611","unbek.","Q59496158","0","56","Übernahme aus externer Datenbank","Strukturen des Landesdenkmalamts","die Koordinaten wurden beim BLDAM angefragt und übernommen","13.88","52.1","-4600","+/- 200 years","-4000","+/- 300 years","Q816829","very uncertain, no dated features","","",""
"Denkmaldaten / BLDAM 2021","Q897952","49204","302","Neuendorf am See 13","Neuendorf am See","Q1979994","","","","3549564","Neuendorf am See","1.0","Transitive P131+ exact match | 'Neuendorf am See' -> 'Neuendorf am See'","Dahme-Spreewald","Q6173","3249080","7076944","","62376","Dahme-Spreewald","1.0","Exact match via skos:altLabel [global index] | 'Dahme-Spreewald' -> 'Dahme-Spreewald'","Brandenburg","Q1208","2945356","7000096","2048409","62504","Brandenburg","1.0","Exact match via rdfs:label [global index] | 'Brandenburg' -> 'Brandenburg'","Deutschland","Q183","2921044","7000084","2044274","51477","Deutschland","1.0","Exact match via rdfs:label [global index] | 'Deutschland' -> 'Deutschland'","SBK","Lesefunde","Q1144458","Wetzel 2013","Q139304611","unbek.","Q59496158","0","57","Übernahme aus externer Datenbank","Strukturen des Landesdenkmalamts","die Koordinaten wurden beim BLDAM angefragt und übernommen","13.88","52.1","-4700","+/- 100 years","-4400","+/- 100 years","Q816829","low precision, as only stylistic dating","http://n2t.net/ark:/99152/p0j9r72g96p","exactMatch",""
"Denkmaldaten / BLDAM 2021","Q897952","11208","190","Hohenbrück 3","Hohenbrück","Q1623655","","","","3548851","Hohenbrück","1.0","Transitive P131+ exact match | 'Hohenbrück' -> 'Hohenbrück'","Dahme-Spreewald","Q6173","3249080","7076944","","62376","Dahme-Spreewald","1.0","Exact match via skos:altLabel [global index] | 'Dahme-Spreewald' -> 'Dahme-Spreewald'","Brandenburg","Q1208","2945356","7000096","2048409","62504","Brandenburg","1.0","Exact match via rdfs:label [global index] | 'Brandenburg' -> 'Brandenburg'","Deutschland","Q183","2921044","7000084","2044274","51477","Deutschland","1.0","Exact match via rdfs:label [global index] | 'Deutschland' -> 'Deutschland'","SBK","Lesefunde","Q1144458","Wetzel 2013","Q139304611","unbek.","Q59496158","0","58","Übernahme aus externer Datenbank","Strukturen des Landesdenkmalamts","die Koordinaten wurden beim BLDAM angefragt und übernommen","13.91","52.1","-4700","+/- 100 years","-4400","+/- 100 years","Q816829","low precision, as only stylistic dating","http://n2t.net/ark:/99152/p0j9r72g96p","exactMatch",""
"Denkmaldaten / BLDAM 2021","Q897952","11208","190","Hohenbrück 3","Hohenbrück","Q1623655","","","","3548851","Hohenbrück","1.0","Transitive P131+ exact match | 'Hohenbrück' -> 'Hohenbrück'","Dahme-Spreewald","Q6173","3249080","7076944","","62376","Dahme-Spreewald","1.0","Exact match via skos:altLabel [global index] | 'Dahme-Spreewald' -> 'Dahme-Spreewald'","Brandenburg","Q1208","2945356","7000096","2048409","62504","Brandenburg","1.0","Exact match via rdfs:label [global index] | 'Brandenburg' -> 'Brandenburg'","Deutschland","Q183","2921044","7000084","2044274","51477","Deutschland","1.0","Exact match via rdfs:label [global index] | 'Deutschland' -> 'Deutschland'","Guhrau","Lesefunde","Q1144458","Wetzel 2013","Q139304611","unbek.","Q59496158","0","59","Übernahme aus externer Datenbank","Strukturen des Landesdenkmalamts","die Koordinaten wurden beim BLDAM angefragt und übernommen","13.91","52.1","-4600","+/- 200 years","-4000","+/- 300 years","Q816829","very uncertain, no dated features","","",""
"Denkmaldaten / BLDAM 2021","Q897952","11387","267","Lübben Steinkirchen 6","Steinkirchen","Q28901331","2827863","","","","Steinkirchen","1.0","Transitive P131+ exact match | 'Steinkirchen' -> 'Steinkirchen'","Dahme-Spreewald","Q6173","3249080","7076944","","62376","Dahme-Spreewald","1.0","Exact match via skos:altLabel [global index] | 'Dahme-Spreewald' -> 'Dahme-Spreewald'","Brandenburg","Q1208","2945356","7000096","2048409","62504","Brandenburg","1.0","Exact match via rdfs:label [global index] | 'Brandenburg' -> 'Brandenburg'","Deutschland","Q183","2921044","7000084","2044274","51477","Deutschland","1.0","Exact match via rdfs:label [global index] | 'Deutschland' -> 'Deutschland'","SBK","Lesefunde","Q1144458","Wetzel 2013","Q139304611","unbek.","Q59496158","0","60","Übernahme aus externer Datenbank","Strukturen des Landesdenkmalamts","die Koordinaten wurden beim BLDAM angefragt und übernommen","13.93","51.91","-4700","+/- 100 years","-4400","+/- 100 years","Q816829","low precision, as only stylistic dating","http://n2t.net/ark:/99152/p0j9r72g96p","exactMatch",""
"Denkmaldaten / BLDAM 2021","Q897952","11387","267","Lübben Steinkirchen 6","Lübben","Q584815","6550592","1037143","","1389285","Lübben","1.0","Exact match via skos:altLabel [global index] | 'Lübben' -> 'Lübben'","Dahme-Spreewald","Q6173","3249080","7076944","","62376","Dahme-Spreewald","1.0","Exact match via skos:altLabel [global index] | 'Dahme-Spreewald' -> 'Dahme-Spreewald'","Brandenburg","Q1208","2945356","7000096","2048409","62504","Brandenburg","1.0","Exact match via rdfs:label [global index] | 'Brandenburg' -> 'Brandenburg'","Deutschland","Q183","2921044","7000084","2044274","51477","Deutschland","1.0","Exact match via rdfs:label [global index] | 'Deutschland' -> 'Deutschland'","FBG","Lesefunde","Q1144458","Wetzel 2013","Q139304611","unbek.","Q59496158","0","61","Übernahme aus externer Datenbank","Strukturen des Landesdenkmalamts","die Koordinaten wurden beim BLDAM angefragt und übernommen","13.93","51.91","-4550","+/- 100 years","-3900","+/- 100 years","Q816829","dating still very uncertain, for the whole group only few 14C dates available","","",""
"Denkmaldaten / BLDAM 2021","Q897952","40938","275","Meichow 16","Meichow","Q20828909","","","","","Meichow","1.0","Transitive P131+ exact match | 'Meichow' -> 'Meichow'","Uckermark","Q6109","","","","","Uckermark","1.0","Direct override | 'Uckermark' -> QID=Q6109 | [override -> QID=Q6109]","Brandenburg","Q1208","2945356","7000096","2048409","62504","Brandenburg","1.0","Exact match via rdfs:label [global index] | 'Brandenburg' -> 'Brandenburg'","Deutschland","Q183","2921044","7000084","2044274","51477","Deutschland","1.0","Exact match via rdfs:label [global index] | 'Deutschland' -> 'Deutschland'","Rössener Kultur","Ausgrabung","Q959782","","","unbek.","Q59496158","0","64","Übernahme aus externer Datenbank","Strukturen des Landesdenkmalamts","die Koordinaten wurden beim BLDAM angefragt und übernommen","13.96","53.19","-4700","+/- 100 years","-4400","+/- 100 years","Q816829","low precision, as only stylistic dating","http://n2t.net/ark:/99152/p066jt92nth","closeMatch",""
"Denkmaldaten / BLDAM 2021","Q897952","36875","276","Meichow 8","Meichow","Q20828909","","","","","Meichow","1.0","Transitive P131+ exact match | 'Meichow' -> 'Meichow'","Uckermark","Q6109","","","","","Uckermark","1.0","Direct override | 'Uckermark' -> QID=Q6109 | [override -> QID=Q6109]","Brandenburg","Q1208","2945356","7000096","2048409","62504","Brandenburg","1.0","Exact match via rdfs:label [global index] | 'Brandenburg' -> 'Brandenburg'","Deutschland","Q183","2921044","7000084","2044274","51477","Deutschland","1.0","Exact match via rdfs:label [global index] | 'Deutschland' -> 'Deutschland'","Rössener Kultur","Lesefunde","Q1144458","Stark 2020","Q139304622","unbek.","Q59496158","0","65","Übernahme aus externer Datenbank","Strukturen des Landesdenkmalamts","die Koordinaten wurden beim BLDAM angefragt und übernommen","13.97","53.18","-4700","+/- 100 years","-4400","+/- 100 years","Q816829","low precision, as only stylistic dating","http://n2t.net/ark:/99152/p066jt92nth","closeMatch",""
"Denkmaldaten / BLDAM 2021","Q897952","592","210","Kerkow 1","Kerkow","Q69417727","","","","","Kerkow","1.0","Transitive P131+ exact match | 'Kerkow' -> 'Kerkow'","Uckermark","Q6109","","","","","Uckermark","1.0","Direct override | 'Uckermark' -> QID=Q6109 | [override -> QID=Q6109]","Brandenburg","Q1208","2945356","7000096","2048409","62504","Brandenburg","1.0","Exact match via rdfs:label [global index] | 'Brandenburg' -> 'Brandenburg'","Deutschland","Q183","2921044","7000084","2044274","51477","Deutschland","1.0","Exact match via rdfs:label [global index] | 'Deutschland' -> 'Deutschland'","Rössener Kultur","Lesefunde","Q1144458","Umbreit 1937","Q139304632","unbek.","Q59496158","0","66","Übernahme aus externer Datenbank","Strukturen des Landesdenkmalamts","die Koordinaten wurden beim BLDAM angefragt und übernommen","13.97","53.05","-4700","+/- 100 years","-4400","+/- 100 years","Q816829","low precision, as only stylistic dating","http://n2t.net/ark:/99152/p066jt92nth","closeMatch",""
"Denkmaldaten / BLDAM 2021","Q897952","63","18","Angermünde 41","Angermünde","Q490066","6550666","1036350","","1334084","Angermünde","1.0","Exact match via rdfs:label [global index] | 'Angermünde' -> 'Angermünde'","Uckermark","Q6109","","","","","Uckermark","1.0","Direct override | 'Uckermark' -> QID=Q6109 | [override -> QID=Q6109]","Brandenburg","Q1208","2945356","7000096","2048409","62504","Brandenburg","1.0","Exact match via rdfs:label [global index] | 'Brandenburg' -> 'Brandenburg'","Deutschland","Q183","2921044","7000084","2044274","51477","Deutschland","1.0","Exact match via rdfs:label [global index] | 'Deutschland' -> 'Deutschland'","Rössener Kultur","Lesefunde","Q1144458","","","unbek.","Q59496158","0","67","Übernahme aus externer Datenbank","Strukturen des Landesdenkmalamts","die Koordinaten wurden beim BLDAM angefragt und übernommen","14.01","53","-4700","+/- 100 years","-4400","+/- 100 years","Q816829","low precision, as only stylistic dating","http://n2t.net/ark:/99152/p066jt92nth","closeMatch",""
"Denkmaldaten / BLDAM 2021","Q897952","543","186","Herzsprung 7","Herzsprung","Q33198119","","","","","Herzsprung","1.0","Direct override | 'Herzsprung' -> QID=Q33198119 | [override -> QID=Q33198119]","Uckermark","Q6109","","","","","Uckermark","1.0","Direct override | 'Uckermark' -> QID=Q6109 | [override -> QID=Q6109]","Brandenburg","Q1208","2945356","7000096","2048409","62504","Brandenburg","1.0","Exact match via rdfs:label [global index] | 'Brandenburg' -> 'Brandenburg'","Deutschland","Q183","2921044","7000084","2044274","51477","Deutschland","1.0","Exact match via rdfs:label [global index] | 'Deutschland' -> 'Deutschland'","Rössener Kultur","Lesefunde","Q1144458","","","unbek.","Q59496158","0","68","Übernahme aus externer Datenbank","Strukturen des Landesdenkmalamts","die Koordinaten wurden beim BLDAM angefragt und übernommen","14.02","53","-4700","+/- 100 years","-4400","+/- 100 years","Q816829","low precision, as only stylistic dating","http://n2t.net/ark:/99152/p066jt92nth","closeMatch",""
"Denkmaldaten / BLDAM 2021","Q897952","","157","Gramzow 23","Gramzow","Q458313","6547737","","","1334104","Gramzow","1.0","Exact match via rdfs:label [global index] | 'Gramzow' -> 'Gramzow'","Uckermark","Q6109","","","","","Uckermark","1.0","Direct override | 'Uckermark' -> QID=Q6109 | [override -> QID=Q6109]","Brandenburg","Q1208","2945356","7000096","2048409","62504","Brandenburg","1.0","Exact match via rdfs:label [global index] | 'Brandenburg' -> 'Brandenburg'","Deutschland","Q183","2921044","7000084","2044274","51477","Deutschland","1.0","Exact match via rdfs:label [global index] | 'Deutschland' -> 'Deutschland'","SBK","Lesefunde","","","","unbek.","Q59496158","0","69","Übernahme aus externer Datenbank","Strukturen des Landesdenkmalamts","die Koordinaten wurden beim BLDAM angefragt und übernommen","14.02","53.22","-4700","+/- 100 years","-4400","+/- 100 years","Q816829","low precision, as only stylistic dating","http://n2t.net/ark:/99152/p0j9r72g96p","exactMatch",""
"Denkmaldaten / BLDAM 2021","Q897952","49174","171","Grünow bei Schönermark 17/18 (17)","Grünow bei Schönermark","Q624125","","","","","Grünow bei Schönermark","1.0","Direct override | 'Grünow bei Schönermark' -> QID=Q624125 | [override -> QID=Q624125]","Uckermark","Q6109","","","","","Uckermark","1.0","Direct override | 'Uckermark' -> QID=Q6109 | [override -> QID=Q6109]","Brandenburg","Q1208","2945356","7000096","2048409","62504","Brandenburg","1.0","Exact match via rdfs:label [global index] | 'Brandenburg' -> 'Brandenburg'","Deutschland","Q183","2921044","7000084","2044274","51477","Deutschland","1.0","Exact match via rdfs:label [global index] | 'Deutschland' -> 'Deutschland'","Rössener Kultur","Einzelfund","Q1144458","","","unbek.","Q59496158","0","70","Übernahme aus externer Datenbank","Strukturen des Landesdenkmalamts","die Koordinaten wurden beim BLDAM angefragt und übernommen","14.08","53.12","-4700","+/- 100 years","-4400","+/- 100 years","Q816829","low precision, as only stylistic dating","http://n2t.net/ark:/99152/p066jt92nth","closeMatch",""
"Denkmaldaten / BLDAM 2021","Q897952","366","121","Flemsdorf 6/1 (6)","Flemsdorf","Q66363175","","","","","Flemsdorf","1.0","Transitive P131+ exact match | 'Flemsdorf' -> 'Flemsdorf'","Uckermark","Q6109","","","","","Uckermark","1.0","Direct override | 'Uckermark' -> QID=Q6109 | [override -> QID=Q6109]","Brandenburg","Q1208","2945356","7000096","2048409","62504","Brandenburg","1.0","Exact match via rdfs:label [global index] | 'Brandenburg' -> 'Brandenburg'","Deutschland","Q183","2921044","7000084","2044274","51477","Deutschland","1.0","Exact match via rdfs:label [global index] | 'Deutschland' -> 'Deutschland'","Rössener Kultur","Lesefunde","Q1144458","","","unbek.","Q59496158","0","72","Übernahme aus externer Datenbank","Strukturen des Landesdenkmalamts","die Koordinaten wurden beim BLDAM angefragt und übernommen","14.17","53.03","-4700","+/- 100 years","-4500","+/- 100 years","Q173412","low precision, one 14C date","http://n2t.net/ark:/99152/p066jt92nth","closeMatch",""
"Denkmaldaten / BLDAM 2021","Q897952","366","121","Flemsdorf 6/1 (6)","Flemsdorf","Q66363175","","","","","Flemsdorf","1.0","Transitive P131+ exact match | 'Flemsdorf' -> 'Flemsdorf'","Uckermark","Q6109","","","","","Uckermark","1.0","Direct override | 'Uckermark' -> QID=Q6109 | [override -> QID=Q6109]","Brandenburg","Q1208","2945356","7000096","2048409","62504","Brandenburg","1.0","Exact match via rdfs:label [global index] | 'Brandenburg' -> 'Brandenburg'","Deutschland","Q183","2921044","7000084","2044274","51477","Deutschland","1.0","Exact match via rdfs:label [global index] | 'Deutschland' -> 'Deutschland'","SBK","Notbergung","Q959782","Gramsch 1960","Q139304619","unbek.","Q59496158","0","73","Übernahme aus externer Datenbank","Strukturen des Landesdenkmalamts","die Koordinaten wurden beim BLDAM angefragt und übernommen","14.17","53.03","-4700","+/- 100 years","-4400","+/- 100 years","Q816829","low precision, as only stylistic dating","http://n2t.net/ark:/99152/p0j9r72g96p","exactMatch",""
"Denkmaldaten / BLDAM 2021","Q897952","155","33","Berkholz zu Berkholz-Meyenburg 5","Berkholz zu Berkholz-Meyenburg","Q621916","","","","","Berkholz zu Berkholz-Meyenburg","1.0","Direct override | 'Berkholz zu Berkholz-Meyenburg' -> QID=Q621916 | [override -> QID=Q621916]","Uckermark","Q6109","","","","","Uckermark","1.0","Direct override | 'Uckermark' -> QID=Q6109 | [override -> QID=Q6109]","Brandenburg","Q1208","2945356","7000096","2048409","62504","Brandenburg","1.0","Exact match via rdfs:label [global index] | 'Brandenburg' -> 'Brandenburg'","Deutschland","Q183","2921044","7000084","2044274","51477","Deutschland","1.0","Exact match via rdfs:label [global index] | 'Deutschland' -> 'Deutschland'","Rössener Kultur","Lesefunde","Q1144458","","","unbek.","Q59496158","0","74","Übernahme aus externer Datenbank","Strukturen des Landesdenkmalamts","die Koordinaten wurden beim BLDAM angefragt und übernommen","14.19","53.06","-4700","+/- 100 years","-4400","+/- 100 years","Q816829","low precision, as only stylistic dating","http://n2t.net/ark:/99152/p066jt92nth","closeMatch",""
"Denkmaldaten / BLDAM 2021","Q897952","158","34","Berkholz zu Berkholz-Meyenburg 8","Berkholz zu Berkholz-Meyenburg","Q621916","","","","","Berkholz zu Berkholz-Meyenburg","1.0","Direct override | 'Berkholz zu Berkholz-Meyenburg' -> QID=Q621916 | [override -> QID=Q621916]","Uckermark","Q6109","","","","","Uckermark","1.0","Direct override | 'Uckermark' -> QID=Q6109 | [override -> QID=Q6109]","Brandenburg","Q1208","2945356","7000096","2048409","62504","Brandenburg","1.0","Exact match via rdfs:label [global index] | 'Brandenburg' -> 'Brandenburg'","Deutschland","Q183","2921044","7000084","2044274","51477","Deutschland","1.0","Exact match via rdfs:label [global index] | 'Deutschland' -> 'Deutschland'","Rössener Kultur","Lesefunde","Q1144458","","","unbek.","Q59496158","0","75","Übernahme aus externer Datenbank","Strukturen des Landesdenkmalamts","die Koordinaten wurden beim BLDAM angefragt und übernommen","14.19","53.06","-4700","+/- 100 years","-4400","+/- 100 years","Q816829","low precision, as only stylistic dating","http://n2t.net/ark:/99152/p066jt92nth","closeMatch",""
"Denkmaldaten / BLDAM 2021","Q897952","","218","Klein-Rietz","Rietz-Neuendorf","Q637911","6551099","","","1384840","Rietz-Neuendorf","1.0","Exact match via rdfs:label [global index] | 'Rietz-Neuendorf' -> 'Rietz-Neuendorf'","Oder-Spree","Q6178","3249086","7076938","","62628","Oder-Spree","1.0","Exact match via skos:altLabel [global index] | 'Oder-Spree' -> 'Oder-Spree'","Brandenburg","Q1208","2945356","7000096","2048409","62504","Brandenburg","1.0","Exact match via rdfs:label [global index] | 'Brandenburg' -> 'Brandenburg'","Deutschland","Q183","2921044","7000084","2044274","51477","Deutschland","1.0","Exact match via rdfs:label [global index] | 'Deutschland' -> 'Deutschland'","SBK","unbek.","","Umbreit 1937","Q139304632","unbek.","Q59496158","0","76","Übernahme aus externer Datenbank","Strukturen des Landesdenkmalamts","die Koordinaten wurden beim BLDAM angefragt und übernommen","14.2","52.21","-4700","+/- 100 years","-4400","+/- 100 years","Q816829","low precision, as only stylistic dating","http://n2t.net/ark:/99152/p0j9r729p9b","exactMatch",""
"BLDAM 2021","Q897952","1348","436","Trebatsch/Sabrodt 1","Sabrodt","Q78498958","","","","","Sabrodt","1.0","Transitive P131+ exact match | 'Sabrodt' -> 'Sabrodt'","Oder-Spree","Q6178","3249086","7076938","","62628","Oder-Spree","1.0","Exact match via skos:altLabel [global index] | 'Oder-Spree' -> 'Oder-Spree'","Brandenburg","Q1208","2945356","7000096","2048409","62504","Brandenburg","1.0","Exact match via rdfs:label [global index] | 'Brandenburg' -> 'Brandenburg'","Deutschland","Q183","2921044","7000084","2044274","51477","Deutschland","1.0","Exact match via rdfs:label [global index] | 'Deutschland' -> 'Deutschland'","FBG","Einzelfund","Q1144458","Wetzel/Beran 2023","Q139304633","unbek.","Q59496158","0","77","Übernahme aus externer Datenbank","Strukturen des Landesdenkmalamts","die Koordinaten wurden beim BLDAM angefragt und übernommen","14.2","52.09","-4550","+/- 100 years","-3900","+/- 100 years","Q816829","dating still very uncertain, for the whole group only few 14C dates available","","",""
"Museum Szczecin","Q2802195","","313","Nowe Objezierze 7","Moryń","Q557304","7533525","","","2907351","Moryń","1.0","Exact match via rdfs:label [global index] | 'Moryń' -> 'Moryń'","pow. Gryfiński","Q326895","","","","","Powiat Gryfiński","1.0","Direct override | 'pow. Gryfiński' -> QID=Q326895 | [override -> QID=Q326895]","Woj. Lubuskie","Q54157","3337494","","","130969","lubuskie","1.0","Exact match via skos:altLabel [global index] | 'Lubuskie' -> 'lubuskie' | [normalised: stripped -> 'Lubuskie']","Polen","Q36","798544","7006366","2054097","49715","Polen","1.0","Exact match via rdfs:label [global index] | 'Polen' -> 'Polen'","SBK","Ausgrabung","Q959782","Czerniak et al 2020","Q139304648","Siedlung","Q486972","0","78","Übernahme aus externer Datenbank","digitale Datenbank","Koordinaten wurden aus dem WebGIS des Museum Szczecin übernommen und mit der Beschreibung in Czerniak et al 2020 überprüft","14.32","52.86","-4800","+/- 100 years","-4350","+/- 100 years","Q816829","low precision, as only stylistic dating","http://n2t.net/ark:/99152/p0wctqtnkjq","relatedMatch",""
"Denkmaldaten / BLDAM 2021","Q897952","","332","Platkow 13","Gusow-Platkow","Q585301","6551068","","","1332929","Gusow-Platkow","1.0","Exact match via rdfs:label [global index] | 'Gusow-Platkow' -> 'Gusow-Platkow'","Märkisch-Oderland","Q6181","3249083","7076941","","318248","Märkisch-Oderland","1.0","Exact match via skos:altLabel [global index] | 'Märkisch-Oderland' -> 'Märkisch-Oderland'","Brandenburg","Q1208","2945356","7000096","2048409","62504","Brandenburg","1.0","Exact match via rdfs:label [global index] | 'Brandenburg' -> 'Brandenburg'","Deutschland","Q183","2921044","7000084","2044274","51477","Deutschland","1.0","Exact match via rdfs:label [global index] | 'Deutschland' -> 'Deutschland'","SBK","Lesefunde","","","","unbek.","Q59496158","0","79","Übernahme aus externer Datenbank","Strukturen des Landesdenkmalamts","die Koordinaten wurden beim BLDAM angefragt und übernommen","14.33","52.61","-4700","+/- 100 years","-4400","+/- 100 years","Q816829","low precision, as only stylistic dating","http://n2t.net/ark:/99152/p0j9r72g96p","exactMatch",""
"Denkmaldaten / BLDAM 2021","Q897952","55005","406","Seelow 20","Seelow","Q587069","6550615","1037726","","1332928","Seelow","1.0","Exact match via rdfs:label [global index] | 'Seelow' -> 'Seelow'","Märkisch-Oderland","Q6181","3249083","7076941","","318248","Märkisch-Oderland","1.0","Exact match via skos:altLabel [global index] | 'Märkisch-Oderland' -> 'Märkisch-Oderland'","Brandenburg","Q1208","2945356","7000096","2048409","62504","Brandenburg","1.0","Exact match via rdfs:label [global index] | 'Brandenburg' -> 'Brandenburg'","Deutschland","Q183","2921044","7000084","2044274","51477","Deutschland","1.0","Exact match via rdfs:label [global index] | 'Deutschland' -> 'Deutschland'","SBK","Ausgrabung","Q959782","Völker 2002","Q139304626","Siedlung","Q486972","0","80","Übernahme aus externer Datenbank","Strukturen des Landesdenkmalamts","die Koordinaten wurden beim BLDAM angefragt und übernommen","14.38","52.55","-4540","+/- 50 years","-4340","+/- 50 years","Q173412","medium certainty due to three 14C dates","http://n2t.net/ark:/99152/p0j9r729p9b","exactMatch","Q139477253|Q139477652"
"Museum Angermünde","Q76632599","","137","Gartz ?","Gartz","Q571998","","","","","Gartz","1.0","Direct override | 'Gartz' -> QID=Q571998 | [override -> QID=Q571998]","Uckermark","Q6109","","","","","Uckermark","1.0","Direct override | 'Uckermark' -> QID=Q6109 | [override -> QID=Q6109]","Brandenburg","Q1208","2945356","7000096","2048409","62504","Brandenburg","1.0","Exact match via rdfs:label [global index] | 'Brandenburg' -> 'Brandenburg'","Deutschland","Q183","2921044","7000084","2044274","51477","Deutschland","1.0","Exact match via rdfs:label [global index] | 'Deutschland' -> 'Deutschland'","SBK?","Lesefunde","Q1144458","","","unbek.","Q59496158","3000","81","Mittelpunkt der Gemeinde","Printpublikation","die Gemeinde wurde in digitalen Kartenwerken nachgeschlagen und der ungefähre Mittelpunkt der Gemeinde ausgelesen","14.39","53.21","-4700","+/- 100 years","-4400","+/- 100 years","Q816829","low precision, as only stylistic dating","http://n2t.net/ark:/99152/p0j9r72g96p","exactMatch",""
"Denkmaldaten / BLDAM 2021","Q897952","43938","301","Neuendorf 23","Neuendorf","Q30039482","","","","","Neuendorf","1.0","Direct override | 'Neuendorf' -> QID=Q30039482 | [override -> QID=Q30039482]","Spree-Neiße","Q6165","3249089","7076935","","62683","Spree-Neiße","1.0","Exact match via skos:altLabel [global index] | 'Spree-Neiße' -> 'Spree-Neiße'","Brandenburg","Q1208","2945356","7000096","2048409","62504","Brandenburg","1.0","Exact match via rdfs:label [global index] | 'Brandenburg' -> 'Brandenburg'","Deutschland","Q183","2921044","7000084","2044274","51477","Deutschland","1.0","Exact match via rdfs:label [global index] | 'Deutschland' -> 'Deutschland'","SBK","Ausgrabung","Q959782","","","Grab?","Q173387","0","82","Übernahme aus externer Datenbank","Strukturen des Landesdenkmalamts","die Koordinaten wurden beim BLDAM angefragt und übernommen","14.42","51.8","-4700","+/- 100 years","-4400","+/- 100 years","Q816829","low precision, as only stylistic dating","http://n2t.net/ark:/99152/p0j9r72g96p","exactMatch",""
"Denkmaldaten / BLDAM 2021","Q897952","21176","307","Niederjesar 3","Niederjesar","Q1987896","","","","","Niederjesar","1.0","Transitive P131+ exact match | 'Niederjesar' -> 'Niederjesar'","Märkisch-Oderland","Q6181","3249083","7076941","","318248","Märkisch-Oderland","1.0","Exact match via skos:altLabel [global index] | 'Märkisch-Oderland' -> 'Märkisch-Oderland'","Brandenburg","Q1208","2945356","7000096","2048409","62504","Brandenburg","1.0","Exact match via rdfs:label [global index] | 'Brandenburg' -> 'Brandenburg'","Deutschland","Q183","2921044","7000084","2044274","51477","Deutschland","1.0","Exact match via rdfs:label [global index] | 'Deutschland' -> 'Deutschland'","SBK","Einzelfund","Q1144458","","","Grab?","Q173387","0","83","Übernahme aus externer Datenbank","Strukturen des Landesdenkmalamts","die Koordinaten wurden beim BLDAM angefragt und übernommen","14.46","52.44","-4700","+/- 100 years","-4400","+/- 100 years","Q816829","low precision, as only stylistic dating","http://n2t.net/ark:/99152/p0j9r72g96p","exactMatch",""
"Denkmaldaten / BLDAM 2021","Q897952","6258","61","Booßen 2","Booßen","Q893226","","","","3573931","Booßen","1.0","Exact match via rdfs:label [global index] | 'Booßen' -> 'Booßen'","Frankfurt (Oder)","Q4024","2925535","7005972","","62523","Frankfurt (Oder)","1.0","Exact match via rdfs:label [global index] | 'Frankfurt (Oder)' -> 'Frankfurt (Oder)'","Brandenburg","Q1208","2945356","7000096","2048409","62504","Brandenburg","1.0","Exact match via rdfs:label [global index] | 'Brandenburg' -> 'Brandenburg'","Deutschland","Q183","2921044","7000084","2044274","51477","Deutschland","1.0","Exact match via rdfs:label [global index] | 'Deutschland' -> 'Deutschland'","SBK","Oberflächenfunde bei Ausgrabung","Q959782","","","Siedlung","Q486972","0","84","Übernahme aus externer Datenbank","Strukturen des Landesdenkmalamts","die Koordinaten wurden beim BLDAM angefragt und übernommen","14.49","52.38","-4700","+/- 100 years","-4400","+/- 100 years","Q816829","low precision, as only stylistic dating","http://n2t.net/ark:/99152/p0j9r72g96p","exactMatch",""
"Dziewanowski 2023","Q139460420","3","428","Szczecin-Gumieńce 17b","Szczecin","Q848999","","","","","Szczecin","1.0","Direct override | 'Szczecin' -> QID=Q848999 | [override -> QID=Q848999]","pow. Szczecińska","Q558408","","","","","Powiat Szczecinecki","1.0","Direct override | 'pow. Szczecińska' -> QID=Q558408 | [override -> QID=Q558408]","Woj. Zachodniopomorskie","Q54188","3337499","","","104401","zachodniopomorskie","1.0","Exact match via skos:altLabel [global index] | 'Zachodniopomorskie' -> 'zachodniopomorskie' | [normalised: stripped -> 'Zachodniopomorskie']","Polen","Q36","798544","7006366","2054097","49715","Polen","1.0","Exact match via rdfs:label [global index] | 'Polen' -> 'Polen'","Rössener Kultur","Ausgrabung","Q959782","Dziewanowski 2015","Q139304639","Siedlung","Q486972","800","85","Georeferenzierung einer gedruckten Karte","Printpublikation","georeferenziert wurde gedrucktes Kartenmaterial von  Dziewanowski 2023","14.49","53.41","-4700","+/- 100 years","-4400","+/- 100 years","Q816829","low precision, as only stylistic dating","http://n2t.net/ark:/99152/p066jt92nth","closeMatch",""
"Denkmaldaten / BLDAM 2021","Q897952","24974","167","Grötsch 8","Grötsch","Q30112712","2914767","","","","Grötsch","1.0","Transitive P131+ exact match | 'Grötsch' -> 'Grötsch'","Spree-Neiße","Q6165","3249089","7076935","","62683","Spree-Neiße","1.0","Exact match via skos:altLabel [global index] | 'Spree-Neiße' -> 'Spree-Neiße'","Brandenburg","Q1208","2945356","7000096","2048409","62504","Brandenburg","1.0","Exact match via rdfs:label [global index] | 'Brandenburg' -> 'Brandenburg'","Deutschland","Q183","2921044","7000084","2044274","51477","Deutschland","1.0","Exact match via rdfs:label [global index] | 'Deutschland' -> 'Deutschland'","SBK","Ausgrabung Bersu","Q959782","Sprockhoff 1926","Q139304606","Grab?","Q173387","0","86","Übernahme aus externer Datenbank","Strukturen des Landesdenkmalamts","die Koordinaten wurden beim BLDAM angefragt und übernommen","14.52","51.8","-4700","+/- 100 years","-4400","+/- 100 years","Q816829","low precision, as only stylistic dating","http://n2t.net/ark:/99152/p0j9r72g96p","exactMatch",""
"Wetzel 1988","Q139304620","","398","Schöpsdorf 37","Merzdorf","Q160419","","","","","Merzdorf","1.0","Direct override | 'Merzdorf' -> QID=Q160419 | [override -> QID=Q160419]","Hoyerswerda","Q571947","","","","","Landkreis Hoyerswerda","1.0","Direct override | 'Hoyerswerda' -> QID=Q571947 | [override -> QID=Q571947]","Sachsen","Q1202","2842566","7003685","2315107","62467","Sachsen","1.0","Exact match via rdfs:label [global index] | 'Sachsen' -> 'Sachsen'","Deutschland","Q183","2921044","7000084","2044274","51477","Deutschland","1.0","Exact match via rdfs:label [global index] | 'Deutschland' -> 'Deutschland'","SRK","Lesefunde","","Wetzel 1988","Q139304620","unbek.","Q59496158","0","87","Übernahme aus externer Datenbank","Strukturen des Landesdenkmalamts","die Koordinaten wurden beim BLDAM angefragt und übernommen","14.53","51.38","-4800","+/- 100 years","-4750","+/- 100 years","Q816829","low precision, as only stylistic dating","http://n2t.net/ark:/99152/p0j9r72g96p","exactMatch",""
"Wetzel 1988","Q139304620","","445","Uhyst 13","Boxberg/O.L.","Q544833","7602579","","","1310637","Boxberg/O.L.","1.0","Exact match via rdfs:label [global index] | 'Boxberg/O.L.' -> 'Boxberg/O.L.'","Görlitz","Q6317","","","","","Landkreis Görlitz","1.0","Direct override | 'Görlitz' -> QID=Q6317 | [override -> QID=Q6317]","Sachsen","Q1202","2842566","7003685","2315107","62467","Sachsen","1.0","Exact match via rdfs:label [global index] | 'Sachsen' -> 'Sachsen'","Deutschland","Q183","2921044","7000084","2044274","51477","Deutschland","1.0","Exact match via rdfs:label [global index] | 'Deutschland' -> 'Deutschland'","SRK","Ausgrabung","Q959782","Wetzel 1988","Q139304620","unbek.","Q59496158","200","88","Georeferenzierung einer gedruckten Karte","Printpublikation","georeferenziert wurde gedrucktes Kartenmaterial von Wetzel 1988","14.53","51.37","-4660","+/- 100 years","-4460","+/- 100 years","Q816829","medium certainty, only one 14C date","http://n2t.net/ark:/99152/p0j9r72g96p","exactMatch",""
"Wetzel 1988","Q139304620","","446","Uhyst 19","Boxberg/O.L.","Q544833","7602579","","","1310637","Boxberg/O.L.","1.0","Exact match via rdfs:label [global index] | 'Boxberg/O.L.' -> 'Boxberg/O.L.'","Görlitz","Q6317","","","","","Landkreis Görlitz","1.0","Direct override | 'Görlitz' -> QID=Q6317 | [override -> QID=Q6317]","Sachsen","Q1202","2842566","7003685","2315107","62467","Sachsen","1.0","Exact match via rdfs:label [global index] | 'Sachsen' -> 'Sachsen'","Deutschland","Q183","2921044","7000084","2044274","51477","Deutschland","1.0","Exact match via rdfs:label [global index] | 'Deutschland' -> 'Deutschland'","SRK","Lesefunde","","Wetzel 1988","Q139304620","unbek.","Q59496158","200","89","Georeferenzierung einer gedruckten Karte","Printpublikation","georeferenziert wurde gedrucktes Kartenmaterial von Wetzel 1988","14.53","51.37","-4800","+/- 100 years","-4750","+/- 100 years","Q816829","low precision, as only stylistic dating","http://n2t.net/ark:/99152/p0j9r72g96p","exactMatch",""
"Denkmaldaten / BLDAM 2021","Q897952","","181","Heinersbrück 42","Heinersbrück","Q574750","6547710","","","1322805","Heinersbrück","1.0","Exact match via rdfs:label [global index] | 'Heinersbrück' -> 'Heinersbrück'","Spree-Neiße","Q6165","3249089","7076935","","62683","Spree-Neiße","1.0","Exact match via skos:altLabel [global index] | 'Spree-Neiße' -> 'Spree-Neiße'","Brandenburg","Q1208","2945356","7000096","2048409","62504","Brandenburg","1.0","Exact match via rdfs:label [global index] | 'Brandenburg' -> 'Brandenburg'","Deutschland","Q183","2921044","7000084","2044274","51477","Deutschland","1.0","Exact match via rdfs:label [global index] | 'Deutschland' -> 'Deutschland'","SBK","Lesefunde","","","","unbek.","Q59496158","0","90","Übernahme aus externer Datenbank","Strukturen des Landesdenkmalamts","die Koordinaten wurden beim BLDAM angefragt und übernommen","14.54","51.81","-4700","+/- 100 years","-4400","+/- 100 years","Q816829","low precision, as only stylistic dating","http://n2t.net/ark:/99152/p0j9r72g96p","exactMatch",""
"Denkmaldaten / BLDAM 2021","Q897952","","181","Heinersbrück 42","Heinersbrück","Q574750","6547710","","","1322805","Heinersbrück","1.0","Exact match via rdfs:label [global index] | 'Heinersbrück' -> 'Heinersbrück'","Spree-Neiße","Q6165","3249089","7076935","","62683","Spree-Neiße","1.0","Exact match via skos:altLabel [global index] | 'Spree-Neiße' -> 'Spree-Neiße'","Brandenburg","Q1208","2945356","7000096","2048409","62504","Brandenburg","1.0","Exact match via rdfs:label [global index] | 'Brandenburg' -> 'Brandenburg'","Deutschland","Q183","2921044","7000084","2044274","51477","Deutschland","1.0","Exact match via rdfs:label [global index] | 'Deutschland' -> 'Deutschland'","Guhrau","Lesefunde","","","","unbek.","Q59496158","0","91","Übernahme aus externer Datenbank","Strukturen des Landesdenkmalamts","die Koordinaten wurden beim BLDAM angefragt und übernommen","14.54","51.81","-4600","+/- 200 years","-4000","+/- 300 years","Q816829","very uncertain, no dated features","","",""
"Denkmaldaten / BLDAM 2021","Q897952","","180","Heinersbrück 31","Heinersbrück","Q574750","6547710","","","1322805","Heinersbrück","1.0","Exact match via rdfs:label [global index] | 'Heinersbrück' -> 'Heinersbrück'","Spree-Neiße","Q6165","3249089","7076935","","62683","Spree-Neiße","1.0","Exact match via skos:altLabel [global index] | 'Spree-Neiße' -> 'Spree-Neiße'","Brandenburg","Q1208","2945356","7000096","2048409","62504","Brandenburg","1.0","Exact match via rdfs:label [global index] | 'Brandenburg' -> 'Brandenburg'","Deutschland","Q183","2921044","7000084","2044274","51477","Deutschland","1.0","Exact match via rdfs:label [global index] | 'Deutschland' -> 'Deutschland'","SBK","Einzelfund","Q1144458","","","unbek.","Q59496158","0","92","Übernahme aus externer Datenbank","Strukturen des Landesdenkmalamts","die Koordinaten wurden beim BLDAM angefragt und übernommen","14.54","51.81","-4700","+/- 100 years","-4400","+/- 100 years","Q816829","low precision, as only stylistic dating","http://n2t.net/ark:/99152/p0j9r72g96p","exactMatch",""
"Kulczycka-Leciejewiczowa 1993, Karte 1","Q139304628","21","172","Gubin","Gmina Gubin","Q1951800","7532667","","","2880618","Gmina Gubin","1.0","Exact match via rdfs:label [global index] | 'Gmina Gubin' -> 'Gmina Gubin'","pow. Krośnieński","Q317835","7531030","","","2663855","powiat krośnieński","1.0","Exact match via rdfs:label [global index] | 'Powiat Krośnieński' -> 'powiat krośnieński'","Woj. Lubuskie","Q54157","3337494","","","130969","lubuskie","1.0","Exact match via skos:altLabel [global index] | 'Lubuskie' -> 'lubuskie' | [normalised: stripped -> 'Lubuskie']","Polen","Q36","798544","7006366","2054097","49715","Polen","1.0","Exact match via rdfs:label [global index] | 'Polen' -> 'Polen'","SBK","unbek.","","Kulczycka-Leciejewiczowa 1993","Q139304628","Siedlung","Q486972","4000","93","Mittelpunkt der Gemeinde","Printpublikation","die Gemeinde wurde in digitalen Kartenwerken nachgeschlagen und der ungefähre Mittelpunkt der Gemeinde ausgelesen","14.73","51.96","-4800","+/- 100 years","-4350","+/- 100 years","Q816829","low precision, as only stylistic dating","http://n2t.net/ark:/99152/p0wctqtnkjq","relatedMatch",""
"Raddatz 1956","Q139304631","","206","Kaaso/Kozów","Gmina Gubin","Q1951800","7532667","","","2880618","Gmina Gubin","1.0","Exact match via rdfs:label [global index] | 'Gmina Gubin' -> 'Gmina Gubin'","pow. Krośnieński","Q317835","7531030","","","2663855","powiat krośnieński","1.0","Exact match via rdfs:label [global index] | 'Powiat Krośnieński' -> 'powiat krośnieński'","Woj. Lubuskie","Q54157","3337494","","","130969","lubuskie","1.0","Exact match via skos:altLabel [global index] | 'Lubuskie' -> 'lubuskie' | [normalised: stripped -> 'Lubuskie']","Polen","Q36","798544","7006366","2054097","49715","Polen","1.0","Exact match via rdfs:label [global index] | 'Polen' -> 'Polen'","SBK","Einzelfund","Q1144458","Raddatz 1956","Q139304631","unbek.","Q59496158","0","94","Georeferenzierung einer gedruckten Karte","Printpublikation","georeferenziert wurde gedrucktes Kartenmaterial von  Kulczycka-Leciejewiczowa 1993","14.74","51.86","-4800","+/- 100 years","-4350","+/- 100 years","Q816829","low precision, as only stylistic dating","http://n2t.net/ark:/99152/p0wctqtnkjq","relatedMatch",""
"Kulczycka-Leciejewiczowa 1993, Karte 1, Berlekamp 1966","Q139304628","2","95","Czarnowo 10","Gmina Kozielice","Q558805","7531808","","","2896984","Gmina Kozielice","1.0","Exact match via rdfs:label [global index] | 'Gmina Kozielice' -> 'Gmina Kozielice'","pow. Pyrzycki","Q1411599","7530845","","","2662787","powiat pyrzycki","1.0","Exact match via rdfs:label [global index] | 'Powiat Pyrzycki' -> 'powiat pyrzycki'","Woj. Zachodniopomorskie","Q54188","3337499","","","104401","zachodniopomorskie","1.0","Exact match via skos:altLabel [global index] | 'Zachodniopomorskie' -> 'zachodniopomorskie' | [normalised: stripped -> 'Zachodniopomorskie']","Polen","Q36","798544","7006366","2054097","49715","Polen","1.0","Exact match via rdfs:label [global index] | 'Polen' -> 'Polen'","SBK","unbek.","","Dorka 1939","Q139304641","Siedlung","Q486972","200","96","Georeferenzierung einer gedruckten Karte","Printpublikation","georeferenziert wurde gedrucktes Kartenmaterial von  Kulczycka-Leciejewiczowa 1993","14.73","53.14","-4800","+/- 100 years","-4350","+/- 100 years","Q816829","low precision, as only stylistic dating","http://n2t.net/ark:/99152/p0wctqtnkjq","relatedMatch",""
"Kulczycka-Leciejewiczowa 1993, Karte 1","Q139304628","22","202","Jeziory Dolne","Gmina Brody","Q2241673","7532733","","","2871824","Gmina Brody","1.0","Exact match via rdfs:label [global index] | 'Gmina Brody' -> 'Gmina Brody'","pow. Żarski","Q318459","7530731","","","2663860","powiat żarski","1.0","Exact match via rdfs:label [global index] | 'Powiat Żarski' -> 'powiat żarski'","Woj. Lubuskie","Q54157","3337494","","","130969","lubuskie","1.0","Exact match via skos:altLabel [global index] | 'Lubuskie' -> 'lubuskie' | [normalised: stripped -> 'Lubuskie']","Polen","Q36","798544","7006366","2054097","49715","Polen","1.0","Exact match via rdfs:label [global index] | 'Polen' -> 'Polen'","SBK","unbek.","","Kulczycka-Leciejewiczowa 1993","Q139304628","unbek.","Q59496158","1500","97","Mittelpunkt der Gemeinde","Printpublikation","die Gemeinde wurde in digitalen Kartenwerken nachgeschlagen und der ungefähre Mittelpunkt der Gemeinde ausgelesen","14.75","51.8","-4800","+/- 100 years","-4350","+/- 100 years","Q816829","low precision, as only stylistic dating","http://n2t.net/ark:/99152/p0wctqtnkjq","relatedMatch",""
"Kulczycka-Leciejewiczowa 1993, Karte 1","Q139304628","29","463","Wierzchno/Wirchenblatt","Gmina Brody","Q2241673","7532733","","","2871824","Gmina Brody","1.0","Exact match via rdfs:label [global index] | 'Gmina Brody' -> 'Gmina Brody'","pow. Żarski","Q318459","7530731","","","2663860","powiat żarski","1.0","Exact match via rdfs:label [global index] | 'Powiat Żarski' -> 'powiat żarski'","Woj. Lubuskie","Q54157","3337494","","","130969","lubuskie","1.0","Exact match via skos:altLabel [global index] | 'Lubuskie' -> 'lubuskie' | [normalised: stripped -> 'Lubuskie']","Polen","Q36","798544","7006366","2054097","49715","Polen","1.0","Exact match via rdfs:label [global index] | 'Polen' -> 'Polen'","SBK","unbek.","","Jentsch 1885","Q139304636","Grab","Q173387","2000","98","Mittelpunkt der Gemeinde","Printpublikation","die Gemeinde wurde in digitalen Kartenwerken nachgeschlagen und der ungefähre Mittelpunkt der Gemeinde ausgelesen","14.77","51.85","-4800","+/- 100 years","-4350","+/- 100 years","Q816829","low precision, as only stylistic dating","http://n2t.net/ark:/99152/p0wctqtnkjq","relatedMatch",""
"Kulczycka-Leciejewiczowa 1993, Karte 1","Q139304628","24","225","Koło","Gmina Brody","Q2241673","7532733","","","2871824","Gmina Brody","1.0","Exact match via rdfs:label [global index] | 'Gmina Brody' -> 'Gmina Brody'","pow. Żarski","Q318459","7530731","","","2663860","powiat żarski","1.0","Exact match via rdfs:label [global index] | 'Powiat Żarski' -> 'powiat żarski'","Woj. Lubuskie","Q54157","3337494","","","130969","lubuskie","1.0","Exact match via skos:altLabel [global index] | 'Lubuskie' -> 'lubuskie' | [normalised: stripped -> 'Lubuskie']","Polen","Q36","798544","7006366","2054097","49715","Polen","1.0","Exact match via rdfs:label [global index] | 'Polen' -> 'Polen'","SBK","unbek.","","Kulczycka-Leciejewiczowa 1993","Q139304628","Siedlung","Q486972","2000","99","Mittelpunkt der Gemeinde","Printpublikation","die Gemeinde wurde in digitalen Kartenwerken nachgeschlagen und der ungefähre Mittelpunkt der Gemeinde ausgelesen","14.78","51.84","-4800","+/- 100 years","-4350","+/- 100 years","Q816829","low precision, as only stylistic dating","http://n2t.net/ark:/99152/p0wctqtnkjq","relatedMatch",""
"Kulczycka-Leciejewiczowa 1993, Karte 1","Q139304628","27","420","Stargard Gubiński","Gmina Gubin","Q1951800","7532667","","","2880618","Gmina Gubin","1.0","Exact match via rdfs:label [global index] | 'Gmina Gubin' -> 'Gmina Gubin'","pow. Krosno Odrzańskie","Q317835","","","","","Powiat Krośnieński","1.0","Direct override | 'pow. Krosno Odrzańskie' -> QID=Q317835 | [override -> QID=Q317835]","Woj. Lubuskie","Q54157","3337494","","","130969","lubuskie","1.0","Exact match via skos:altLabel [global index] | 'Lubuskie' -> 'lubuskie' | [normalised: stripped -> 'Lubuskie']","Polen","Q36","798544","7006366","2054097","49715","Polen","1.0","Exact match via rdfs:label [global index] | 'Polen' -> 'Polen'","SBK","großflächige Ausgrabung","Q959782","Kulczycka-Leciejewiczowa 1993","Q139304628","Siedlung","Q486972","2000","100","Mittelpunkt der Gemeinde","Printpublikation","die Gemeinde wurde in digitalen Kartenwerken nachgeschlagen und der ungefähre Mittelpunkt der Gemeinde ausgelesen","14.79","51.88","-4800","+/- 100 years","-4350","+/- 100 years","Q816829","low precision, as only stylistic dating","http://n2t.net/ark:/99152/p0wctqtnkjq","relatedMatch",""
"Kulczycka-Leciejewiczowa 1993, Karte 1","Q139304628","28","421","Starosiedle","Gmina Gubin","Q1951800","7532667","","","2880618","Gmina Gubin","1.0","Exact match via rdfs:label [global index] | 'Gmina Gubin' -> 'Gmina Gubin'","pow. Krośnieński","Q317835","7531030","","","2663855","powiat krośnieński","1.0","Exact match via rdfs:label [global index] | 'Powiat Krośnieński' -> 'powiat krośnieński'","Woj. Lubuskie","Q54157","3337494","","","130969","lubuskie","1.0","Exact match via skos:altLabel [global index] | 'Lubuskie' -> 'lubuskie' | [normalised: stripped -> 'Lubuskie']","Polen","Q36","798544","7006366","2054097","49715","Polen","1.0","Exact match via rdfs:label [global index] | 'Polen' -> 'Polen'","SBK","unbek.","","Kulczycka-Leciejewiczowa 1993","Q139304628","unbek.","Q59496158","2000","101","Mittelpunkt der Gemeinde","Printpublikation","die Gemeinde wurde in digitalen Kartenwerken nachgeschlagen und der ungefähre Mittelpunkt der Gemeinde ausgelesen","14.82","51.86","-4800","+/- 100 years","-4350","+/- 100 years","Q816829","low precision, as only stylistic dating","http://n2t.net/ark:/99152/p0wctqtnkjq","relatedMatch",""
"Dorka 1939","Q139304641","","356","Pyritz – Fechtner Scheune","Gmina Pyrzyce","Q557594","7533464","","","2896987","Gmina Pyrzyce","1.0","Exact match via rdfs:label [global index] | 'Gmina Pyrzyce' -> 'Gmina Pyrzyce'","pow. Pyrzycki","Q1411599","7530845","","","2662787","powiat pyrzycki","1.0","Exact match via rdfs:label [global index] | 'Powiat Pyrzycki' -> 'powiat pyrzycki'","Woj. Zachodniopomorskie","Q54188","3337499","","","104401","zachodniopomorskie","1.0","Exact match via skos:altLabel [global index] | 'Zachodniopomorskie' -> 'zachodniopomorskie' | [normalised: stripped -> 'Zachodniopomorskie']","Polen","Q36","798544","7006366","2054097","49715","Polen","1.0","Exact match via rdfs:label [global index] | 'Polen' -> 'Polen'","Guhrau","Ausgrabung","Q959782","Dorka 1939","Q139304641","unbek.","Q59496158","0","103","Georeferenzierung einer gedruckten Karte","Printpublikation","georeferenziert wurde gedrucktes Kartenmaterial von  Kulczycka-Leciejewiczowa 1993 and Dorka 1939","14.85","53.13","-4600","+/- 200 years","-4000","+/- 300 years","Q816829","very uncertain, no dated features","","",""
"Kulczycka-Leciejewiczowa 1993, Karte 1 Nr 5","Q139304628","","357","Pyritz – Weinberg","Gmina Pyrzyce","Q557594","7533464","","","2896987","Gmina Pyrzyce","1.0","Exact match via rdfs:label [global index] | 'Gmina Pyrzyce' -> 'Gmina Pyrzyce'","pow. Pyrzycki","Q1411599","7530845","","","2662787","powiat pyrzycki","1.0","Exact match via rdfs:label [global index] | 'Powiat Pyrzycki' -> 'powiat pyrzycki'","Woj. Zachodniopomorskie","Q54188","3337499","","","104401","zachodniopomorskie","1.0","Exact match via skos:altLabel [global index] | 'Zachodniopomorskie' -> 'zachodniopomorskie' | [normalised: stripped -> 'Zachodniopomorskie']","Polen","Q36","798544","7006366","2054097","49715","Polen","1.0","Exact match via rdfs:label [global index] | 'Polen' -> 'Polen'","SBK","Ausgrabung","Q959782","Dorka 1939","Q139304641","Grab","Q173387","100","107","Georeferenzierung einer gedruckten Karte","Printpublikation","georeferenziert wurde gedrucktes Kartenmaterial von  Kulczycka-Leciejewiczowa 1993","14.9","53.15","-4800","+/- 100 years","-4350","+/- 100 years","Q816829","low precision, as only stylistic dating","http://n2t.net/ark:/99152/p0wctqtnkjq","relatedMatch",""
"Kulczycka-Leciejewiczowa 1993, Karte 1","Q139304628","12","488","Żalęcino","Gmina Dolice","Q557687","7532856","","","2908745","Gmina Dolice","1.0","Exact match via rdfs:label [global index] | 'Gmina Dolice' -> 'Gmina Dolice'","pow. Stargardzki","Q1340630","7530793","","","2662788","powiat stargardzki","1.0","Exact match via rdfs:label [global index] | 'Powiat Stargardzki' -> 'powiat stargardzki'","Woj. Zachodniopomorskie","Q54188","3337499","","","104401","zachodniopomorskie","1.0","Exact match via skos:altLabel [global index] | 'Zachodniopomorskie' -> 'zachodniopomorskie' | [normalised: stripped -> 'Zachodniopomorskie']","Polen","Q36","798544","7006366","2054097","49715","Polen","1.0","Exact match via rdfs:label [global index] | 'Polen' -> 'Polen'","SBK","unbek.","","Kulczycka-Leciejewiczowa 1993","Q139304628","Grab","Q173387","1500","111","Mittelpunkt der Gemeinde","Printpublikation","die Gemeinde wurde in digitalen Kartenwerken nachgeschlagen und der ungefähre Mittelpunkt der Gemeinde ausgelesen","15.08","53.2","-4800","+/- 100 years","-4350","+/- 100 years","Q816829","low precision, as only stylistic dating","http://n2t.net/ark:/99152/p0wctqtnkjq","relatedMatch",""
"Museum Szczecin","Q2802195","","209","Karsko/Schöningsburg","Gmina Nowogródek Pomorski","Q557815","7532115","","","2896953","Gmina Nowogródek Pomorski","1.0","Exact match via rdfs:label [global index] | 'Gmina Nowogródek Pomorski' -> 'Gmina Nowogródek Pomorski'","pow. Myśliborski","Q558403","7531005","","","2662786","Powiat myśliborski","1.0","Exact match via rdfs:label [global index] | 'Powiat Myśliborski' -> 'Powiat myśliborski'","Woj. Zachodniopomorskie","Q54188","3337499","","","104401","zachodniopomorskie","1.0","Exact match via skos:altLabel [global index] | 'Zachodniopomorskie' -> 'zachodniopomorskie' | [normalised: stripped -> 'Zachodniopomorskie']","Polen","Q36","798544","7006366","2054097","49715","Polen","1.0","Exact match via rdfs:label [global index] | 'Polen' -> 'Polen'","SBK","Ausgrabung","Q959782","Dorka 1939","Q139304641","Grab","Q173387","300","114","Georeferenzierung einer gedruckten Karte","Printpublikation","georeferenziert wurde gedrucktes Kartenmaterial von Kulczycka-Leciejewiczowa 1993","15.12","53.15","-4800","+/- 100 years","-4350","+/- 100 years","Q816829","low precision, as only stylistic dating","http://n2t.net/ark:/99152/p0wctqtnkjq","relatedMatch",""
"Kulczycka-Leciejewiczowa 1993, Karte 1, von Richthofen 1930, Karte 2 Nr 35","Q139304628","18","273","Marienspring/Marzęcin","Gmina Kłodawa","Q1532938","","","","","Gmina Kłodawa","1.0","Direct override | 'Gmina Kłodawa' -> QID=Q1532938 | [override -> QID=Q1532938]","pow. Gorzów Wielkopolski","Q104731","","","","","Gorzów Wielkopolski","1.0","Direct override | 'pow. Gorzów Wielkopolski' -> QID=Q104731 | [override -> QID=Q104731]","Woj. Wielkopolskie","Q54187","3337498","7024119","","130971","wielkopolskie","1.0","Exact match via skos:altLabel [global index] | 'Wielkopolskie' -> 'wielkopolskie' | [normalised: stripped -> 'Wielkopolskie']","Polen","Q36","798544","7006366","2054097","49715","Polen","1.0","Exact match via rdfs:label [global index] | 'Polen' -> 'Polen'","SBK","unbek.","","von Richthofen 1930","Q139304635","Siedlung","Q486972","2000","116","Georeferenzierung einer gedruckten Karte","Printpublikation","georeferenziert wurde gedrucktes Kartenmaterial von  Kulczycka-Leciejewiczowa 1993","15.14","52.83","-4800","+/- 100 years","-4350","+/- 100 years","Q816829","low precision, as only stylistic dating","http://n2t.net/ark:/99152/p0wctqtnkjq","relatedMatch",""
"Kulczycka-Leciejewiczowa 1993, Karte 1","Q139304628","19","469","Wojciechowo","Gmina Lubniewice","Q2460579","7533419","","","2886166","Gmina Lubniewice","1.0","Exact match via rdfs:label [global index] | 'Gmina Lubniewice' -> 'Gmina Lubniewice'","pow. Sulęciński","Q318002","7530987","","","2663875","Powiat Sulęciński","1.0","Exact match via rdfs:label [global index] | 'Powiat Sulęciński' -> 'Powiat Sulęciński'","Woj. Lubuskie","Q54157","3337494","","","130969","lubuskie","1.0","Exact match via skos:altLabel [global index] | 'Lubuskie' -> 'lubuskie' | [normalised: stripped -> 'Lubuskie']","Polen","Q36","798544","7006366","2054097","49715","Polen","1.0","Exact match via rdfs:label [global index] | 'Polen' -> 'Polen'","SBK","unbek.","","Kulczycka-Leciejewiczowa 1993","Q139304628","unbek.","Q59496158","1500","119","Mittelpunkt der Gemeinde","Printpublikation","die Gemeinde wurde in digitalen Kartenwerken nachgeschlagen und der ungefähre Mittelpunkt der Gemeinde ausgelesen","15.53","52.44","-4800","+/- 100 years","-4350","+/- 100 years","Q816829","low precision, as only stylistic dating","http://n2t.net/ark:/99152/p0wctqtnkjq","relatedMatch",""
"Swieder 2009, Kulczycka-Leciejewiczowa 1993, Karte 1 Nr. 23","Q139304628","","306","Niederguhren/Kije","Sulechów","Q1974958","7533164","","","2613151","Sulechów","1.0","Exact match via rdfs:label [global index] | 'Sulechów' -> 'Sulechów'","pow. Zielonogórski","Q318384","7531003","","","2417503","Powiat Zielonogórski","1.0","Exact match via rdfs:label [global index] | 'Powiat Zielonogórski' -> 'Powiat Zielonogórski'","Woj. Lubuskie","Q54157","3337494","","","130969","lubuskie","1.0","Exact match via skos:altLabel [global index] | 'Lubuskie' -> 'lubuskie' | [normalised: stripped -> 'Lubuskie']","Polen","Q36","798544","7006366","2054097","49715","Polen","1.0","Exact match via rdfs:label [global index] | 'Polen' -> 'Polen'","SBK","Lesefunde","","Umbreit 1937","Q139304632","unbek.","Q59496158","1000","120","Georeferenzierung einer gedruckten Karte","Printpublikation","georeferenziert wurde gedrucktes Kartenmaterial von  Kulczycka-Leciejewiczowa 1993","15.54","52.1","-4800","+/- 100 years","-4350","+/- 100 years","Q816829","low precision, as only stylistic dating","http://n2t.net/ark:/99152/p0j9r729p9b","exactMatch",""
"Kulczycka-Leciejewiczowa 1993, Karte 1","Q139304628","16","152","Górecko","Gmina Sulechów","Q1974958","7533164","","","2613151","Gmina Sulechów","1.0","Exact match via rdfs:label [global index] | 'Gmina Sulechów' -> 'Gmina Sulechów'","pow. Zielonogórski","Q318384","7531003","","","2417503","Powiat Zielonogórski","1.0","Exact match via rdfs:label [global index] | 'Powiat Zielonogórski' -> 'Powiat Zielonogórski'","Woj. Wielkopolskie","Q54187","3337498","7024119","","130971","wielkopolskie","1.0","Exact match via skos:altLabel [global index] | 'Wielkopolskie' -> 'wielkopolskie' | [normalised: stripped -> 'Wielkopolskie']","Polen","Q36","798544","7006366","2054097","49715","Polen","1.0","Exact match via rdfs:label [global index] | 'Polen' -> 'Polen'","SBK","unbek.","","Kulczycka-Leciejewiczowa 1993","Q139304628","unbek.","Q59496158","1500","121","Mittelpunkt der Gemeinde","Printpublikation","die Gemeinde wurde in digitalen Kartenwerken nachgeschlagen und der ungefähre Mittelpunkt der Gemeinde ausgelesen","15.57","52.78","-4800","+/- 100 years","-4350","+/- 100 years","Q816829","low precision, as only stylistic dating","http://n2t.net/ark:/99152/p0wctqtnkjq","relatedMatch",""
"Kulczycka-Leciejewiczowa 1993, Karte 1","Q139304628","26","296","Mozów","Gmina Zwierzyn","Q244653","7531751","","","2883387","gmina Zwierzyn","1.0","Exact match via skos:altLabel [global index] | 'Gmina Zwierzyn' -> 'gmina Zwierzyn'","pow. Strzelecko-Drezdenecki","Q317976","7530981","","","2663925","Powiat Strzelecko-Drezdenecki","1.0","Exact match via rdfs:label [global index] | 'Powiat Strzelecko-Drezdenecki' -> 'Powiat Strzelecko-Drezdenecki'","Woj. Lubuskie","Q54157","3337494","","","130969","lubuskie","1.0","Exact match via skos:altLabel [global index] | 'Lubuskie' -> 'lubuskie' | [normalised: stripped -> 'Lubuskie']","Polen","Q36","798544","7006366","2054097","49715","Polen","1.0","Exact match via rdfs:label [global index] | 'Polen' -> 'Polen'","SBK","unbek.","","Kulczycka-Leciejewiczowa 1993","Q139304628","unbek.","Q59496158","2000","122","Georeferenzierung einer gedruckten Karte","Printpublikation","georeferenziert wurde gedrucktes Kartenmaterial von  Kulczycka-Leciejewiczowa 1993","15.57","52.08","-4800","+/- 100 years","-4350","+/- 100 years","Q816829","low precision, as only stylistic dating","http://n2t.net/ark:/99152/p0wctqtnkjq","relatedMatch",""
"Kulczycka-Leciejewiczowa 1993, Karte 1","Q139304628","15","154","Goszczanowiec/Guschterholländer","Gmina Drezdenko","Q2491540","7532994","","","2824562","Gmina Drezdenko","1.0","Exact match via rdfs:label [global index] | 'Gmina Drezdenko' -> 'Gmina Drezdenko'","pow. Strzelecko-Drezdenecki","Q317976","7530981","","","2663925","Powiat Strzelecko-Drezdenecki","1.0","Exact match via rdfs:label [global index] | 'Powiat Strzelecko-Drezdenecki' -> 'Powiat Strzelecko-Drezdenecki'","Woj. Wielkopolskie","Q54187","3337498","7024119","","130971","wielkopolskie","1.0","Exact match via skos:altLabel [global index] | 'Wielkopolskie' -> 'wielkopolskie' | [normalised: stripped -> 'Wielkopolskie']","Polen","Q36","798544","7006366","2054097","49715","Polen","1.0","Exact match via rdfs:label [global index] | 'Polen' -> 'Polen'","SBK","großflächige Ausgrabung","Q959782","Umbreit 1937","Q139304632","Siedlung","Q486972","1500","123","Mittelpunkt der Gemeinde","Printpublikation","die Gemeinde wurde in digitalen Kartenwerken nachgeschlagen und der ungefähre Mittelpunkt der Gemeinde ausgelesen","15.62","52.73","-4800","+/- 100 years","-4350","+/- 100 years","Q816829","low precision, as only stylistic dating","http://n2t.net/ark:/99152/p0wctqtnkjq","relatedMatch",""
"Kulczycka-Leciejewiczowa 1993, Karte 1","Q139304628","30","470","Wojnowo","Gmina Zwierzyn","Q244653","7531751","","","2883387","gmina Zwierzyn","1.0","Exact match via skos:altLabel [global index] | 'Gmina Zwierzyn' -> 'gmina Zwierzyn'","pow. Strzelecko-Drezdenecki","Q317976","7530981","","","2663925","Powiat Strzelecko-Drezdenecki","1.0","Exact match via rdfs:label [global index] | 'Powiat Strzelecko-Drezdenecki' -> 'Powiat Strzelecko-Drezdenecki'","Woj. Lubuskie","Q54157","3337494","","","130969","lubuskie","1.0","Exact match via skos:altLabel [global index] | 'Lubuskie' -> 'lubuskie' | [normalised: stripped -> 'Lubuskie']","Polen","Q36","798544","7006366","2054097","49715","Polen","1.0","Exact match via rdfs:label [global index] | 'Polen' -> 'Polen'","SBK","unbek.","","Kulczycka-Leciejewiczowa 1993","Q139304628","unbek.","Q59496158","1500","125","Mittelpunkt der Gemeinde","Printpublikation","die Gemeinde wurde in digitalen Kartenwerken nachgeschlagen und der ungefähre Mittelpunkt der Gemeinde ausgelesen","15.79","52.1","-4800","+/- 100 years","-4350","+/- 100 years","Q816829","low precision, as only stylistic dating","http://n2t.net/ark:/99152/p0wctqtnkjq","relatedMatch",""
"Kulczycka-Leciejewiczowa 1993, Karte 1","Q139304628","20","89","Bytom Odrzański","Gmina Bytom Odrzański","Q2248472","7533367","","","2865855","Gmina Bytom Odrzański","1.0","Exact match via rdfs:label [global index] | 'Gmina Bytom Odrzański' -> 'Gmina Bytom Odrzański'","pow. Nowosolski","Q317943","7530855","","","2663868","Powiat Nowosolski","1.0","Exact match via rdfs:label [global index] | 'Powiat Nowosolski' -> 'Powiat Nowosolski'","Woj. Lubuskie","Q54157","3337494","","","130969","lubuskie","1.0","Exact match via skos:altLabel [global index] | 'Lubuskie' -> 'lubuskie' | [normalised: stripped -> 'Lubuskie']","Polen","Q36","798544","7006366","2054097","49715","Polen","1.0","Exact match via rdfs:label [global index] | 'Polen' -> 'Polen'","SBK","unbek.","","Kulczycka-Leciejewiczowa 1993","Q139304628","unbek.","Q59496158","2500","126","Mittelpunkt der Gemeinde","Printpublikation","die Gemeinde wurde in digitalen Kartenwerken nachgeschlagen und der ungefähre Mittelpunkt der Gemeinde ausgelesen","15.82","51.73","-4800","+/- 100 years","-4350","+/- 100 years","Q816829","low precision, as only stylistic dating","http://n2t.net/ark:/99152/p0wctqtnkjq","relatedMatch",""
"Kulczycka-Leciejewiczowa 1993, Karte 1","Q139304628","40","489","Zameczno","Gmina Żukowice","Q2326629","7532941","","","2709067","Gmina Żukowice","1.0","Exact match via rdfs:label [global index] | 'Gmina Żukowice' -> 'Gmina Żukowice'","pow. Głogówski","Q631754","7530806","","","451316","Powiat Głogowski","0.9375","Fuzzy match (score=0.94) via rdfs:label [global index] | 'Powiat Głogówski' -> 'Powiat Głogowski'","Woj. Dolnośląskie","Q54150","3337492","","","224457","Dolnośląskie","1.0","Exact match via skos:altLabel [global index] | 'Dolnośląskie' -> 'Dolnośląskie' | [normalised: stripped -> 'Dolnośląskie']","Polen","Q36","798544","7006366","2054097","49715","Polen","1.0","Exact match via rdfs:label [global index] | 'Polen' -> 'Polen'","SBK","unbek.","","Kulczycka-Leciejewiczowa 1993","Q139304628","Grab","Q173387","1000","128","Mittelpunkt der Gemeinde","Printpublikation","die Gemeinde wurde in digitalen Kartenwerken nachgeschlagen und der ungefähre Mittelpunkt der Gemeinde ausgelesen","15.93","51.67","-4800","+/- 100 years","-4350","+/- 100 years","Q816829","low precision, as only stylistic dating","http://n2t.net/ark:/99152/p0wctqtnkjq","relatedMatch",""
"Kulczycka-Leciejewiczowa 1993, Karte 1","Q139304628","41","508","Żukowice","Gmina Żukowice","Q2326629","7532941","","","2709067","Gmina Żukowice","1.0","Exact match via rdfs:label [global index] | 'Gmina Żukowice' -> 'Gmina Żukowice'","pow. Głogówski","Q631754","7530806","","","451316","Powiat Głogowski","0.9375","Fuzzy match (score=0.94) via rdfs:label [global index] | 'Powiat Głogówski' -> 'Powiat Głogowski'","Woj. Dolnośląskie","Q54150","3337492","","","224457","Dolnośląskie","1.0","Exact match via skos:altLabel [global index] | 'Dolnośląskie' -> 'Dolnośląskie' | [normalised: stripped -> 'Dolnośląskie']","Polen","Q36","798544","7006366","2054097","49715","Polen","1.0","Exact match via rdfs:label [global index] | 'Polen' -> 'Polen'","SBK","großflächige Ausgrabung","Q959782","Kulczycka-Leciejewiczowa 1993","Q139304628","Siedlung und Grab","Q486972","3000","129","Mittelpunkt der Gemeinde","Printpublikation","die Gemeinde wurde in digitalen Kartenwerken nachgeschlagen und der ungefähre Mittelpunkt der Gemeinde ausgelesen","15.98","51.67","-4800","+/- 100 years","-4350","+/- 100 years","Q816829","low precision, as only stylistic dating","http://n2t.net/ark:/99152/p0wctqtnkjq","relatedMatch",""
"Kulczycka-Leciejewiczowa 1993, Karte 1","Q139304628","32","36","Biechów","Gmina Głogów","Q2467328","7531676","","","2709064","Gmina Głogów","1.0","Exact match via rdfs:label [global index] | 'Gmina Głogów' -> 'Gmina Głogów'","pow. Głogówski","Q631754","7530806","","","451316","Powiat Głogowski","0.9375","Fuzzy match (score=0.94) via rdfs:label [global index] | 'Powiat Głogówski' -> 'Powiat Głogowski'","Woj. Dolnośląskie","Q54150","3337492","","","224457","Dolnośląskie","1.0","Exact match via skos:altLabel [global index] | 'Dolnośląskie' -> 'Dolnośląskie' | [normalised: stripped -> 'Dolnośląskie']","Polen","Q36","798544","7006366","2054097","49715","Polen","1.0","Exact match via rdfs:label [global index] | 'Polen' -> 'Polen'","SBK","großflächige Ausgrabung","Q959782","Kulczycka-Leciejewiczowa 1993","Q139304628","Siedlung","Q486972","3000","131","Mittelpunkt der Gemeinde","Printpublikation","die Gemeinde wurde in digitalen Kartenwerken nachgeschlagen und der ungefähre Mittelpunkt der Gemeinde ausgelesen","16.02","51.68","-4800","+/- 100 years","-4350","+/- 100 years","Q816829","low precision, as only stylistic dating","http://n2t.net/ark:/99152/p0wctqtnkjq","relatedMatch",""
"Kulczycka-Leciejewiczowa 1993, Karte 1","Q139304628","34","144","Głogów","Gmina Głogów","Q2467328","7531676","","","2709064","Gmina Głogów","1.0","Exact match via rdfs:label [global index] | 'Gmina Głogów' -> 'Gmina Głogów'","pow. Głogówski","Q631754","7530806","","","451316","Powiat Głogowski","0.9375","Fuzzy match (score=0.94) via rdfs:label [global index] | 'Powiat Głogówski' -> 'Powiat Głogowski'","Woj. Dolnośląskie","Q54150","3337492","","","224457","Dolnośląskie","1.0","Exact match via skos:altLabel [global index] | 'Dolnośląskie' -> 'Dolnośląskie' | [normalised: stripped -> 'Dolnośląskie']","Polen","Q36","798544","7006366","2054097","49715","Polen","1.0","Exact match via rdfs:label [global index] | 'Polen' -> 'Polen'","SBK","unbek.","","Kulczycka-Leciejewiczowa 1993","Q139304628","unbek.","Q59496158","5000","134","Georeferenzierung einer gedruckten Karte","Printpublikation","georeferenziert wurde gedrucktes Kartenmaterial von  Kulczycka-Leciejewiczowa 1993","16.09","51.66","-4800","+/- 100 years","-4350","+/- 100 years","Q816829","low precision, as only stylistic dating","http://n2t.net/ark:/99152/p0wctqtnkjq","relatedMatch",""
"Kulczycka-Leciejewiczowa 1993, Karte 1","Q139304628","37","146","Głogów-Żarków","Gmina Głogów","Q2467328","7531676","","","2709064","Gmina Głogów","1.0","Exact match via rdfs:label [global index] | 'Gmina Głogów' -> 'Gmina Głogów'","pow. Głogówski","Q631754","7530806","","","451316","Powiat Głogowski","0.9375","Fuzzy match (score=0.94) via rdfs:label [global index] | 'Powiat Głogówski' -> 'Powiat Głogowski'","Woj. Dolnośląskie","Q54150","3337492","","","224457","Dolnośląskie","1.0","Exact match via skos:altLabel [global index] | 'Dolnośląskie' -> 'Dolnośląskie' | [normalised: stripped -> 'Dolnośląskie']","Polen","Q36","798544","7006366","2054097","49715","Polen","1.0","Exact match via rdfs:label [global index] | 'Polen' -> 'Polen'","SBK","unbek.","","Kulczycka-Leciejewiczowa 1993","Q139304628","Siedlung","Q486972","2000","136","Mittelpunkt der Gemeinde","Printpublikation","die Gemeinde wurde in digitalen Kartenwerken nachgeschlagen und der ungefähre Mittelpunkt der Gemeinde ausgelesen","16.11","51.65","-4800","+/- 100 years","-4350","+/- 100 years","Q816829","low precision, as only stylistic dating","http://n2t.net/ark:/99152/p0wctqtnkjq","relatedMatch",""
"Kulczycka-Leciejewiczowa 1993, Karte 1","Q139304628","35","145","Głogów-Nosocice/Noßwitz","Gmina Głogów","Q2467328","7531676","","","2709064","Gmina Głogów","1.0","Exact match via rdfs:label [global index] | 'Gmina Głogów' -> 'Gmina Głogów'","pow. Głogówski","Q631754","7530806","","","451316","Powiat Głogowski","0.9375","Fuzzy match (score=0.94) via rdfs:label [global index] | 'Powiat Głogówski' -> 'Powiat Głogowski'","Woj. Dolnośląskie","Q54150","3337492","","","224457","Dolnośląskie","1.0","Exact match via skos:altLabel [global index] | 'Dolnośląskie' -> 'Dolnośląskie' | [normalised: stripped -> 'Dolnośląskie']","Polen","Q36","798544","7006366","2054097","49715","Polen","1.0","Exact match via rdfs:label [global index] | 'Polen' -> 'Polen'","SBK","großflächige Ausgrabung","Q959782","von Richthofen 1930","Q139304635","unbek.","Q59496158","1000","138","Mittelpunkt der Gemeinde","Printpublikation","die Gemeinde wurde in digitalen Kartenwerken nachgeschlagen und der ungefähre Mittelpunkt der Gemeinde ausgelesen","16.13","51.65","-4800","+/- 100 years","-4350","+/- 100 years","Q816829","low precision, as only stylistic dating","http://n2t.net/ark:/99152/p0wctqtnkjq","relatedMatch",""
"Kulczycka-Leciejewiczowa 1993, Karte 1","Q139304628","38","399","Schrepau/Krzepów","Gmina Głogów","Q2467328","7531676","","","2709064","Gmina Głogów","1.0","Exact match via rdfs:label [global index] | 'Gmina Głogów' -> 'Gmina Głogów'","pow. Głogówski","Q631754","7530806","","","451316","Powiat Głogowski","0.9375","Fuzzy match (score=0.94) via rdfs:label [global index] | 'Powiat Głogówski' -> 'Powiat Głogowski'","Woj. Dolnośląskie","Q54150","3337492","","","224457","Dolnośląskie","1.0","Exact match via skos:altLabel [global index] | 'Dolnośląskie' -> 'Dolnośląskie' | [normalised: stripped -> 'Dolnośląskie']","Polen","Q36","798544","7006366","2054097","49715","Polen","1.0","Exact match via rdfs:label [global index] | 'Polen' -> 'Polen'","SBK","unbek.","","Kulczycka-Leciejewiczowa 1993","Q139304628","Grab","Q173387","1000","139","Georeferenzierung einer gedruckten Karte","Printpublikation","georeferenziert wurde gedrucktes Kartenmaterial von  Kulczycka-Leciejewiczowa 1993","16.14","51.65","-4800","+/- 100 years","-4350","+/- 100 years","Q816829","low precision, as only stylistic dating","http://n2t.net/ark:/99152/p0wctqtnkjq","relatedMatch",""
"von Richthofen 1930, Karte 2","Q139304635","19","3","Alt Jauer/Stary Jawór","Gmina Jawor","Q731805","","","","","Gmina Jawor","1.0","Direct override | 'Gmina Jawor' -> QID=Q731805 | [override -> QID=Q731805]","pow. Jaworski","Q637105","7530815","","","451358","powiat jaworski","1.0","Exact match via rdfs:label [global index] | 'Powiat Jaworski' -> 'powiat jaworski'","Woj. Dolnośląskie","Q54150","3337492","","","224457","Dolnośląskie","1.0","Exact match via skos:altLabel [global index] | 'Dolnośląskie' -> 'Dolnośląskie' | [normalised: stripped -> 'Dolnośląskie']","Polen","Q36","798544","7006366","2054097","49715","Polen","1.0","Exact match via rdfs:label [global index] | 'Polen' -> 'Polen'","SBK","","","von Richthofen 1930","Q139304635","unbek.","Q59496158","2500","140","Mittelpunkt der Gemeinde","Printpublikation","die Gemeinde wurde in digitalen Kartenwerken nachgeschlagen und der ungefähre Mittelpunkt der Gemeinde ausgelesen","16.16","51.08","-4800","+/- 100 years","-4350","+/- 100 years","Q816829","low precision, as only stylistic dating","http://n2t.net/ark:/99152/p0wctqtnkjq","relatedMatch",""
"von Richthofen 1930, Karte 2","Q139304635","27","468","Woischau/Wojszyn","Gmina Pęcław","Q2100627","7531993","","","2709066","Gmina Pęcław","1.0","Exact match via rdfs:label [global index] | 'Gmina Pęcław' -> 'Gmina Pęcław'","pow. Głogówski","Q631754","7530806","","","451316","Powiat Głogowski","0.9375","Fuzzy match (score=0.94) via rdfs:label [global index] | 'Powiat Głogówski' -> 'Powiat Głogowski'","Woj. Dolnośląskie","Q54150","3337492","","","224457","Dolnośląskie","1.0","Exact match via skos:altLabel [global index] | 'Dolnośląskie' -> 'Dolnośląskie' | [normalised: stripped -> 'Dolnośląskie']","Polen","Q36","798544","7006366","2054097","49715","Polen","1.0","Exact match via rdfs:label [global index] | 'Polen' -> 'Polen'","SBK","","","von Richthofen 1930","Q139304635","unbek.","Q59496158","3000","141","Georeferenzierung einer gedruckten Karte","Printpublikation","georeferenziert wurde gedrucktes Kartenmaterial von  von Richthofen 1930, map 2","16.19","51.66","-4800","+/- 100 years","-4350","+/- 100 years","Q816829","low precision, as only stylistic dating","http://n2t.net/ark:/99152/p0wctqtnkjq","relatedMatch",""
"Kulczycka-Leciejewiczowa 1993, Karte 1","Q139304628","39","352","Priedemost/Przedmoście","Gmina Głogów","Q2467328","7531676","","","2709064","Gmina Głogów","1.0","Exact match via rdfs:label [global index] | 'Gmina Głogów' -> 'Gmina Głogów'","pow. Głogówski","Q631754","7530806","","","451316","Powiat Głogowski","0.9375","Fuzzy match (score=0.94) via rdfs:label [global index] | 'Powiat Głogówski' -> 'Powiat Głogowski'","Woj. Dolnośląskie","Q54150","3337492","","","224457","Dolnośląskie","1.0","Exact match via skos:altLabel [global index] | 'Dolnośląskie' -> 'Dolnośląskie' | [normalised: stripped -> 'Dolnośląskie']","Polen","Q36","798544","7006366","2054097","49715","Polen","1.0","Exact match via rdfs:label [global index] | 'Polen' -> 'Polen'","SBK","großflächige Ausgrabung","Q959782","von Richthofen 1930","Q139304635","Grab","Q173387","4000","142","Georeferenzierung einer gedruckten Karte","Printpublikation","georeferenziert wurde gedrucktes Kartenmaterial von  Kulczycka-Leciejewiczowa 1993","16.16","51.63","-4800","+/- 100 years","-4350","+/- 100 years","Q816829","low precision, as only stylistic dating","http://n2t.net/ark:/99152/p0wctqtnkjq","relatedMatch",""
"Kulczycka-Leciejewiczowa 1993, Karte 1","Q139304628","31","106","Dryżyna","Gmina Szlichtyngowa","Q2216341","7533493","","","2864888","gmina Szlichtyngowa","1.0","Exact match via skos:altLabel [global index] | 'Gmina Szlichtyngowa' -> 'gmina Szlichtyngowa'","pow. Wschowski","Q318376","7530812","","","2663872","powiat wschowski","1.0","Exact match via rdfs:label [global index] | 'Powiat Wschowski' -> 'powiat wschowski'","Woj. Lubuskie","Q54157","3337494","","","130969","lubuskie","1.0","Exact match via skos:altLabel [global index] | 'Lubuskie' -> 'lubuskie' | [normalised: stripped -> 'Lubuskie']","Polen","Q36","798544","7006366","2054097","49715","Polen","1.0","Exact match via rdfs:label [global index] | 'Polen' -> 'Polen'","SBK","unbek.","","Kulczycka-Leciejewiczowa 1993","Q139304628","Grab","Q173387","2000","144","Mittelpunkt der Gemeinde","Printpublikation","die Gemeinde wurde in digitalen Kartenwerken nachgeschlagen und der ungefähre Mittelpunkt der Gemeinde ausgelesen","16.28","51.71","-4800","+/- 100 years","-4350","+/- 100 years","Q816829","low precision, as only stylistic dating","http://n2t.net/ark:/99152/p0wctqtnkjq","relatedMatch",""
"von Richthofen 1930, Karte 2","Q139304635","18","280","Mertschütz/Mierczyce","Gmina Wądroże Wielkie","Q2458456","7531970","","","2710249","Gmina Wądroże Wielkie","1.0","Exact match via rdfs:label [global index] | 'Gmina Wądroże Wielkie' -> 'Gmina Wądroże Wielkie'","pow. Jaworski","Q637105","7530815","","","451358","powiat jaworski","1.0","Exact match via rdfs:label [global index] | 'Powiat Jaworski' -> 'powiat jaworski'","Woj. Dolnośląskie","Q54150","3337492","","","224457","Dolnośląskie","1.0","Exact match via skos:altLabel [global index] | 'Dolnośląskie' -> 'Dolnośląskie' | [normalised: stripped -> 'Dolnośląskie']","Polen","Q36","798544","7006366","2054097","49715","Polen","1.0","Exact match via rdfs:label [global index] | 'Polen' -> 'Polen'","SBK","","","von Richthofen 1930","Q139304635","unbek.","Q59496158","2000","145","Mittelpunkt der Gemeinde","Printpublikation","die Gemeinde wurde in digitalen Kartenwerken nachgeschlagen und der ungefähre Mittelpunkt der Gemeinde ausgelesen","16.31","51.09","-4800","+/- 100 years","-4350","+/- 100 years","Q816829","low precision, as only stylistic dating","http://n2t.net/ark:/99152/p0wctqtnkjq","relatedMatch",""
"von Richthofen 1930, Karte 2","Q139304635","21","423","Steinau an der Oder/Ścinawa","Gmina Ścinawa","Q2376267","7533214","","","2911036","Gmina Ścinawa","1.0","Exact match via rdfs:label [global index] | 'Gmina Ścinawa' -> 'Gmina Ścinawa'","pow. Lubiński","Q687839","7530831","","","451317","powiat lubiński","1.0","Exact match via rdfs:label [global index] | 'Powiat Lubiński' -> 'powiat lubiński'","Woj. Dolnośląskie","Q54150","3337492","","","224457","Dolnośląskie","1.0","Exact match via skos:altLabel [global index] | 'Dolnośląskie' -> 'Dolnośląskie' | [normalised: stripped -> 'Dolnośląskie']","Polen","Q36","798544","7006366","2054097","49715","Polen","1.0","Exact match via rdfs:label [global index] | 'Polen' -> 'Polen'","SBK","","","von Richthofen 1930","Q139304635","unbek.","Q59496158","2500","146","Georeferenzierung einer gedruckten Karte","Printpublikation","georeferenziert wurde gedrucktes Kartenmaterial von  Kulczycka-Leciejewiczowa 1993","16.43","51.41","-4800","+/- 100 years","-4350","+/- 100 years","Q816829","low precision, as only stylistic dating","http://n2t.net/ark:/99152/p0wctqtnkjq","relatedMatch",""
"von Richthofen 1930, Karte 2","Q139304635","22","224","Köben/Chobienia (Runda)","Gmina Rudna","Q776885","7532242","","","2911034","Gmina Rudna","1.0","Exact match via rdfs:label [global index] | 'Gmina Rudna' -> 'Gmina Rudna'","pow. Lubiński","Q687839","7530831","","","451317","powiat lubiński","1.0","Exact match via rdfs:label [global index] | 'Powiat Lubiński' -> 'powiat lubiński'","Woj. Dolnośląskie","Q54150","3337492","","","224457","Dolnośląskie","1.0","Exact match via skos:altLabel [global index] | 'Dolnośląskie' -> 'Dolnośląskie' | [normalised: stripped -> 'Dolnośląskie']","Polen","Q36","798544","7006366","2054097","49715","Polen","1.0","Exact match via rdfs:label [global index] | 'Polen' -> 'Polen'","SBK","","","von Richthofen 1930","Q139304635","unbek.","Q59496158","2500","147","Mittelpunkt der Gemeinde","Printpublikation","die Gemeinde wurde in digitalen Kartenwerken nachgeschlagen und der ungefähre Mittelpunkt der Gemeinde ausgelesen","16.45","51.54","-4800","+/- 100 years","-4350","+/- 100 years","Q816829","low precision, as only stylistic dating","http://n2t.net/ark:/99152/p0wctqtnkjq","relatedMatch",""
"von Richthofen 1930, Karte 2","Q139304635","28","2","Alt Guhrau/Stara Góra","Gmina Góra","Q2617476","7533516","","","2709176","Gmina Góra","1.0","Exact match via rdfs:label [global index] | 'Gmina Góra' -> 'Gmina Góra'","pow. Gorẃski","Q636757","","","","","Powiat Górowski","1.0","Direct override | 'pow. Gorẃski' -> QID=Q636757 | [override -> QID=Q636757]","Woj. Dolnośląskie","Q54150","3337492","","","224457","Dolnośląskie","1.0","Exact match via skos:altLabel [global index] | 'Dolnośląskie' -> 'Dolnośląskie' | [normalised: stripped -> 'Dolnośląskie']","Polen","Q36","798544","7006366","2054097","49715","Polen","1.0","Exact match via rdfs:label [global index] | 'Polen' -> 'Polen'","SBK","","","von Richthofen 1930","Q139304635","unbek.","Q59496158","3000","148","Georeferenzierung einer gedruckten Karte","Printpublikation","georeferenziert wurde gedrucktes Kartenmaterial von  Kulczycka-Leciejewiczowa 1993","16.52","51.66","-4800","+/- 100 years","-4350","+/- 100 years","Q816829","low precision, as only stylistic dating","http://n2t.net/ark:/99152/p0wctqtnkjq","relatedMatch",""
"von Richthofen 1930, Karte 2","Q139304635","29","387","Schlabitz/Sławęcice","Gmina Góra","Q2617476","7533516","","","2709176","Gmina Góra","1.0","Exact match via rdfs:label [global index] | 'Gmina Góra' -> 'Gmina Góra'","pow. Gorẃski","Q636757","","","","","Powiat Górowski","1.0","Direct override | 'pow. Gorẃski' -> QID=Q636757 | [override -> QID=Q636757]","Woj. Dolnośląskie","Q54150","3337492","","","224457","Dolnośląskie","1.0","Exact match via skos:altLabel [global index] | 'Dolnośląskie' -> 'Dolnośląskie' | [normalised: stripped -> 'Dolnośląskie']","Polen","Q36","798544","7006366","2054097","49715","Polen","1.0","Exact match via rdfs:label [global index] | 'Polen' -> 'Polen'","SBK","","","von Richthofen 1930","Q139304635","unbek.","Q59496158","2000","149","Georeferenzierung einer gedruckten Karte","Printpublikation","georeferenziert wurde gedrucktes Kartenmaterial von  Kulczycka-Leciejewiczowa 1993","16.52","51.7","-4800","+/- 100 years","-4350","+/- 100 years","Q816829","low precision, as only stylistic dating","http://n2t.net/ark:/99152/p0wctqtnkjq","relatedMatch",""
"Umbreit 1937","Q139304632","","173","Guhrau/Góra","Gmina Góra","Q2617476","7533516","","","2709176","Gmina Góra","1.0","Exact match via rdfs:label [global index] | 'Gmina Góra' -> 'Gmina Góra'","pow. Gorẃski","Q636757","","","","","Powiat Górowski","1.0","Direct override | 'pow. Gorẃski' -> QID=Q636757 | [override -> QID=Q636757]","Woj. Dolnośląskie","Q54150","3337492","","","224457","Dolnośląskie","1.0","Exact match via skos:altLabel [global index] | 'Dolnośląskie' -> 'Dolnośląskie' | [normalised: stripped -> 'Dolnośląskie']","Polen","Q36","798544","7006366","2054097","49715","Polen","1.0","Exact match via rdfs:label [global index] | 'Polen' -> 'Polen'","Guhrau","Ausgrabung","Q959782","Umbreit 1937","Q139304632","Siedlung","Q486972","3000","150","Mittelpunkt der Gemeinde","Printpublikation","die Gemeinde wurde in digitalen Kartenwerken nachgeschlagen und der ungefähre Mittelpunkt der Gemeinde ausgelesen","16.54","51.67","-4600","+/- 200 years","-4000","+/- 300 years","Q816829","very uncertain, no dated features","","",""
"von Richthofen 1930, Karte 2","Q139304635","20","83","Bschanz/Pysząca","Gmina Brzeg Dolny","Q2462934","7533397","","","2456172","Gmina Brzeg Dolny","1.0","Exact match via rdfs:label [global index] | 'Gmina Brzeg Dolny' -> 'Gmina Brzeg Dolny'","pow. Wołowski","Q715925","7530849","","","451510","powiat wołowski","1.0","Exact match via rdfs:label [global index] | 'Powiat Wołowski' -> 'powiat wołowski'","Woj. Dolnośląskie","Q54150","3337492","","","224457","Dolnośląskie","1.0","Exact match via skos:altLabel [global index] | 'Dolnośląskie' -> 'Dolnośląskie' | [normalised: stripped -> 'Dolnośląskie']","Polen","Q36","798544","7006366","2054097","49715","Polen","1.0","Exact match via rdfs:label [global index] | 'Polen' -> 'Polen'","SBK","","","von Richthofen 1930","Q139304635","unbek.","Q59496158","3000","151","Mittelpunkt der Gemeinde","Printpublikation","die Gemeinde wurde in digitalen Kartenwerken nachgeschlagen und der ungefähre Mittelpunkt der Gemeinde ausgelesen","16.68","51.26","-4800","+/- 100 years","-4350","+/- 100 years","Q816829","low precision, as only stylistic dating","http://n2t.net/ark:/99152/p0wctqtnkjq","relatedMatch",""
"Zabytek.pl","Q43301933","","362","Racot 18","Gmina Kościan","Q556749","7531326","","","2851622","Gmina Kościan","1.0","Exact match via rdfs:label [global index] | 'Gmina Kościan' -> 'Gmina Kościan'","pow. Kościan","Q133188","7531076","","","2690735","powiat kościański","0.8387","Fuzzy match (score=0.84) via rdfs:label [global index] | 'Powiat Kościan' -> 'powiat kościański'","Woj. Wielkopolskie","Q54187","3337498","7024119","","130971","wielkopolskie","1.0","Exact match via skos:altLabel [global index] | 'Wielkopolskie' -> 'wielkopolskie' | [normalised: stripped -> 'Wielkopolskie']","Polen","Q36","798544","7006366","2054097","49715","Polen","1.0","Exact match via rdfs:label [global index] | 'Polen' -> 'Polen'","SBK","Ausgrabung","Q959782","Czerniak et al. 2016","Q139304625","Siedlung","Q486972","50","152","Übernahme aus externer Datenbank","digitale Datenbank","Fundstellen wurden in der digitalen Datenbank Zabytek gesucht und Koordinaten ausgelesen","16.72","52.07","-4600","+/- 100 years","-4350","+/- 50 years","Q173412","medium certainty, end oh phase at settlement has been modelled with several 14C dates, begin has only one","http://n2t.net/ark:/99152/p0j9r729p9b","exactMatch",""
"Zabytek.pl","Q43301933","","362","Racot 18","Gmina Kościan","Q556749","7531326","","","2851622","Gmina Kościan","1.0","Exact match via rdfs:label [global index] | 'Gmina Kościan' -> 'Gmina Kościan'","pow. Kościan","Q133188","7531076","","","2690735","powiat kościański","0.8387","Fuzzy match (score=0.84) via rdfs:label [global index] | 'Powiat Kościan' -> 'powiat kościański'","Woj. Wielkopolskie","Q54187","3337498","7024119","","130971","wielkopolskie","1.0","Exact match via skos:altLabel [global index] | 'Wielkopolskie' -> 'wielkopolskie' | [normalised: stripped -> 'Wielkopolskie']","Polen","Q36","798544","7006366","2054097","49715","Polen","1.0","Exact match via rdfs:label [global index] | 'Polen' -> 'Polen'","BKK","Ausgrabung","Q959782","Czerniak et al. 2016","Q139304625","Siedlung","Q486972","50","153","Übernahme aus externer Datenbank","digitale Datenbank","Fundstellen wurden in der digitalen Datenbank Zabytek gesucht und Koordinaten ausgelesen","16.72","52.07","-4350","+/- 50 years","-3900","+/- 100 years","","very certain because of detailed modelling of several 14C dates","http://n2t.net/ark:/99152/p0j9r7233z7","exactMatch",""
"von Richthofen 1930, Karte 2","Q139304635","5","314","Olbersdorf/Olbrachcice Wielkie","Gmina Ząbkowice Śląskie","Q2458293","7533200","","","2957949","Gmina Ząbkowice Śląskie","1.0","Exact match via rdfs:label [global index] | 'Gmina Ząbkowice Śląskie' -> 'Gmina Ząbkowice Śląskie'","pow. Ząbkowicki","Q716143","7530851","","","451513","Powiat Ząbkowicki","1.0","Exact match via rdfs:label [global index] | 'Powiat Ząbkowicki' -> 'Powiat Ząbkowicki'","Woj. Dolnośląskie","Q54150","3337492","","","224457","Dolnośląskie","1.0","Exact match via skos:altLabel [global index] | 'Dolnośląskie' -> 'Dolnośląskie' | [normalised: stripped -> 'Dolnośląskie']","Polen","Q36","798544","7006366","2054097","49715","Polen","1.0","Exact match via rdfs:label [global index] | 'Polen' -> 'Polen'","SBK","","","von Richthofen 1930","Q139304635","unbek.","Q59496158","2000","154","Mittelpunkt der Gemeinde","Printpublikation","die Gemeinde wurde in digitalen Kartenwerken nachgeschlagen und der ungefähre Mittelpunkt der Gemeinde ausgelesen","16.78","50.61","-4800","+/- 100 years","-4350","+/- 100 years","Q816829","low precision, as only stylistic dating","http://n2t.net/ark:/99152/p0wctqtnkjq","relatedMatch",""
"von Richthofen 1930, Karte 2","Q139304635","8","250","Kuhnau/Kunów","Gmina Sobótka","Q2182816","7533188","","","3048178","Gmina Sobótka","1.0","Exact match via rdfs:label [global index] | 'Gmina Sobótka' -> 'Gmina Sobótka'","pow. Wrocławski","Q715974","7530850","","","451517","powiat wrocławski","1.0","Exact match via rdfs:label [global index] | 'Powiat Wrocławski' -> 'powiat wrocławski'","Woj. Dolnośląskie","Q54150","3337492","","","224457","Dolnośląskie","1.0","Exact match via skos:altLabel [global index] | 'Dolnośląskie' -> 'Dolnośląskie' | [normalised: stripped -> 'Dolnośląskie']","Polen","Q36","798544","7006366","2054097","49715","Polen","1.0","Exact match via rdfs:label [global index] | 'Polen' -> 'Polen'","SBK","","","von Richthofen 1930","Q139304635","unbek.","Q59496158","1000","155","Mittelpunkt der Gemeinde","Printpublikation","die Gemeinde wurde in digitalen Kartenwerken nachgeschlagen und der ungefähre Mittelpunkt der Gemeinde ausgelesen","16.8","50.9","-4800","+/- 100 years","-4350","+/- 100 years","Q816829","low precision, as only stylistic dating","http://n2t.net/ark:/99152/p0wctqtnkjq","relatedMatch",""
"von Richthofen 1930, Karte 2","Q139304635","13","147","Gnichwitz/Gniechowice","Gmina Kąty Wrocławskie","Q2460985","7533109","","","3048177","Gmina Kąty Wrocławskie","1.0","Exact match via rdfs:label [global index] | 'Gmina Kąty Wrocławskie' -> 'Gmina Kąty Wrocławskie'","pow. Wrocławski","Q715974","7530850","","","451517","powiat wrocławski","1.0","Exact match via rdfs:label [global index] | 'Powiat Wrocławski' -> 'powiat wrocławski'","Woj. Dolnośląskie","Q54150","3337492","","","224457","Dolnośląskie","1.0","Exact match via skos:altLabel [global index] | 'Dolnośląskie' -> 'Dolnośląskie' | [normalised: stripped -> 'Dolnośląskie']","Polen","Q36","798544","7006366","2054097","49715","Polen","1.0","Exact match via rdfs:label [global index] | 'Polen' -> 'Polen'","SBK","","","von Richthofen 1930","Q139304635","unbek.","Q59496158","3000","156","Mittelpunkt der Gemeinde","Printpublikation","die Gemeinde wurde in digitalen Kartenwerken nachgeschlagen und der ungefähre Mittelpunkt der Gemeinde ausgelesen","16.83","50.99","-4800","+/- 100 years","-4350","+/- 100 years","Q816829","low precision, as only stylistic dating","http://n2t.net/ark:/99152/p0wctqtnkjq","relatedMatch",""
"von Richthofen 1930, Karte 2","Q139304635","23","143","Gleinitz/Glinica","Gmina Jordanów Śląski","Q2191877","7531990","","","3049634","Gmina Jordanów Śląski","1.0","Exact match via rdfs:label [global index] | 'Gmina Jordanów Śląski' -> 'Gmina Jordanów Śląski'","pow. Wrocławski","Q715974","7530850","","","451517","powiat wrocławski","1.0","Exact match via rdfs:label [global index] | 'Powiat Wrocławski' -> 'powiat wrocławski'","Woj. Dolnośląskie","Q54150","3337492","","","224457","Dolnośląskie","1.0","Exact match via skos:altLabel [global index] | 'Dolnośląskie' -> 'Dolnośląskie' | [normalised: stripped -> 'Dolnośląskie']","Polen","Q36","798544","7006366","2054097","49715","Polen","1.0","Exact match via rdfs:label [global index] | 'Polen' -> 'Polen'","SBK","","","von Richthofen 1930","Q139304635","unbek.","Q59496158","2000","157","Mittelpunkt der Gemeinde","Printpublikation","die Gemeinde wurde in digitalen Kartenwerken nachgeschlagen und der ungefähre Mittelpunkt der Gemeinde ausgelesen","16.84","50.86","-4800","+/- 100 years","-4350","+/- 100 years","Q816829","low precision, as only stylistic dating","http://n2t.net/ark:/99152/p0wctqtnkjq","relatedMatch",""
"von Richthofen 1930, Karte 2","Q139304635","12","354","Puschkowa/Pustków Żurawski","Gmina Kobierzyce","Q1922902","7532599","","","3049635","Gmina Kobierzyce","1.0","Exact match via rdfs:label [global index] | 'Gmina Kobierzyce' -> 'Gmina Kobierzyce'","pow. Wrocławski","Q715974","7530850","","","451517","powiat wrocławski","1.0","Exact match via rdfs:label [global index] | 'Powiat Wrocławski' -> 'powiat wrocławski'","Woj. Dolnośląskie","Q54150","3337492","","","224457","Dolnośląskie","1.0","Exact match via skos:altLabel [global index] | 'Dolnośląskie' -> 'Dolnośląskie' | [normalised: stripped -> 'Dolnośląskie']","Polen","Q36","798544","7006366","2054097","49715","Polen","1.0","Exact match via rdfs:label [global index] | 'Polen' -> 'Polen'","SBK","","","von Richthofen 1930","Q139304635","unbek.","Q59496158","2000","158","Mittelpunkt der Gemeinde","Printpublikation","die Gemeinde wurde in digitalen Kartenwerken nachgeschlagen und der ungefähre Mittelpunkt der Gemeinde ausgelesen","16.86","50.96","-4800","+/- 100 years","-4350","+/- 100 years","Q816829","low precision, as only stylistic dating","http://n2t.net/ark:/99152/p0wctqtnkjq","relatedMatch",""
"von Richthofen 1930, Karte 2","Q139304635","7","203","Jordansmühl/Jordanów Śląski","Gmina Jordanów Śląski","Q2191877","7531990","","","3049634","Gmina Jordanów Śląski","1.0","Exact match via rdfs:label [global index] | 'Gmina Jordanów Śląski' -> 'Gmina Jordanów Śląski'","pow. Wrocławski","Q715974","7530850","","","451517","powiat wrocławski","1.0","Exact match via rdfs:label [global index] | 'Powiat Wrocławski' -> 'powiat wrocławski'","Woj. Dolnośląskie","Q54150","3337492","","","224457","Dolnośląskie","1.0","Exact match via skos:altLabel [global index] | 'Dolnośląskie' -> 'Dolnośląskie' | [normalised: stripped -> 'Dolnośląskie']","Polen","Q36","798544","7006366","2054097","49715","Polen","1.0","Exact match via rdfs:label [global index] | 'Polen' -> 'Polen'","SBK","","","von Richthofen 1930","Q139304635","unbek.","Q59496158","3000","159","Mittelpunkt der Gemeinde","Printpublikation","die Gemeinde wurde in digitalen Kartenwerken nachgeschlagen und der ungefähre Mittelpunkt der Gemeinde ausgelesen","16.87","50.86","-4800","+/- 100 years","-4350","+/- 100 years","Q816829","low precision, as only stylistic dating","http://n2t.net/ark:/99152/p0wctqtnkjq","relatedMatch",""
"von Richthofen 1930, Karte 2","Q139304635","6","96","Dankwitz/Dankowice","Gmina Jordanów Śląski","Q2191877","7531990","","","3049634","Gmina Jordanów Śląski","1.0","Exact match via rdfs:label [global index] | 'Gmina Jordanów Śląski' -> 'Gmina Jordanów Śląski'","pow. Wrocławski","Q715974","7530850","","","451517","powiat wrocławski","1.0","Exact match via rdfs:label [global index] | 'Powiat Wrocławski' -> 'powiat wrocławski'","Woj. Dolnośląskie","Q54150","3337492","","","224457","Dolnośląskie","1.0","Exact match via skos:altLabel [global index] | 'Dolnośląskie' -> 'Dolnośląskie' | [normalised: stripped -> 'Dolnośląskie']","Polen","Q36","798544","7006366","2054097","49715","Polen","1.0","Exact match via rdfs:label [global index] | 'Polen' -> 'Polen'","SBK","","","von Richthofen 1930","Q139304635","unbek.","Q59496158","2000","160","Mittelpunkt der Gemeinde","Printpublikation","die Gemeinde wurde in digitalen Kartenwerken nachgeschlagen und der ungefähre Mittelpunkt der Gemeinde ausgelesen","16.87","50.86","-4800","+/- 100 years","-4350","+/- 100 years","Q816829","low precision, as only stylistic dating","http://n2t.net/ark:/99152/p0wctqtnkjq","relatedMatch",""
"von Richthofen 1930, Karte 2","Q139304635","16","418","Stabelwitz/Stabłowice","Gmina Wrocław","Q1799","","","","","Wrocław","1.0","Direct override | 'Gmina Wrocław' -> QID=Q1799 | [override -> QID=Q1799]","pow. Wrocławski","Q715974","7530850","","","451517","powiat wrocławski","1.0","Exact match via rdfs:label [global index] | 'Powiat Wrocławski' -> 'powiat wrocławski'","Woj. Dolnośląskie","Q54150","3337492","","","224457","Dolnośląskie","1.0","Exact match via skos:altLabel [global index] | 'Dolnośląskie' -> 'Dolnośląskie' | [normalised: stripped -> 'Dolnośląskie']","Polen","Q36","798544","7006366","2054097","49715","Polen","1.0","Exact match via rdfs:label [global index] | 'Polen' -> 'Polen'","SBK","","","von Richthofen 1930","Q139304635","unbek.","Q59496158","2500","161","Mittelpunkt der Gemeinde","Printpublikation","die Gemeinde wurde in digitalen Kartenwerken nachgeschlagen und der ungefähre Mittelpunkt der Gemeinde ausgelesen","16.89","51.15","-4800","+/- 100 years","-4350","+/- 100 years","Q816829","low precision, as only stylistic dating","http://n2t.net/ark:/99152/p0wctqtnkjq","relatedMatch",""
"von Richthofen 1930, Karte 2","Q139304635","15","391","Schmiedefeld/Kużniki","Gmina Wrocław","Q1799","","","","","Wrocław","1.0","Direct override | 'Gmina Wrocław' -> QID=Q1799 | [override -> QID=Q1799]","pow. Wrocławski","Q715974","7530850","","","451517","powiat wrocławski","1.0","Exact match via rdfs:label [global index] | 'Powiat Wrocławski' -> 'powiat wrocławski'","Woj. Dolnośląskie","Q54150","3337492","","","224457","Dolnośląskie","1.0","Exact match via skos:altLabel [global index] | 'Dolnośląskie' -> 'Dolnośląskie' | [normalised: stripped -> 'Dolnośląskie']","Polen","Q36","798544","7006366","2054097","49715","Polen","1.0","Exact match via rdfs:label [global index] | 'Polen' -> 'Polen'","SBK","","","von Richthofen 1930","Q139304635","unbek.","Q59496158","2000","162","Mittelpunkt der Gemeinde","Printpublikation","die Gemeinde wurde in digitalen Kartenwerken nachgeschlagen und der ungefähre Mittelpunkt der Gemeinde ausgelesen","16.95","51.13","-4800","+/- 100 years","-4350","+/- 100 years","Q816829","low precision, as only stylistic dating","http://n2t.net/ark:/99152/p0wctqtnkjq","relatedMatch",""
"von Richthofen 1930, Karte 2","Q139304635","14","217","Klein Mochbern/Muchobór Mały","Gmina Wrocław","Q1799","","","","","Wrocław","1.0","Direct override | 'Gmina Wrocław' -> QID=Q1799 | [override -> QID=Q1799]","pow. Wrocławski","Q715974","7530850","","","451517","powiat wrocławski","1.0","Exact match via rdfs:label [global index] | 'Powiat Wrocławski' -> 'powiat wrocławski'","Woj. Dolnośląskie","Q54150","3337492","","","224457","Dolnośląskie","1.0","Exact match via skos:altLabel [global index] | 'Dolnośląskie' -> 'Dolnośląskie' | [normalised: stripped -> 'Dolnośląskie']","Polen","Q36","798544","7006366","2054097","49715","Polen","1.0","Exact match via rdfs:label [global index] | 'Polen' -> 'Polen'","SBK","","","von Richthofen 1930","Q139304635","unbek.","Q59496158","2000","163","Mittelpunkt der Gemeinde","Printpublikation","die Gemeinde wurde in digitalen Kartenwerken nachgeschlagen und der ungefähre Mittelpunkt der Gemeinde ausgelesen","16.97","51.11","-4800","+/- 100 years","-4350","+/- 100 years","Q816829","low precision, as only stylistic dating","http://n2t.net/ark:/99152/p0wctqtnkjq","relatedMatch",""
"von Richthofen 1930, Karte 2","Q139304635","17","166","Groß Tschansch/Księże Wielkie","Gmina Wrocław","Q1799","","","","","Wrocław","1.0","Direct override | 'Gmina Wrocław' -> QID=Q1799 | [override -> QID=Q1799]","pow. Wrocławski","Q715974","7530850","","","451517","powiat wrocławski","1.0","Exact match via rdfs:label [global index] | 'Powiat Wrocławski' -> 'powiat wrocławski'","Woj. Dolnośląskie","Q54150","3337492","","","224457","Dolnośląskie","1.0","Exact match via skos:altLabel [global index] | 'Dolnośląskie' -> 'Dolnośląskie' | [normalised: stripped -> 'Dolnośląskie']","Polen","Q36","798544","7006366","2054097","49715","Polen","1.0","Exact match via rdfs:label [global index] | 'Polen' -> 'Polen'","SBK","","","von Richthofen 1930","Q139304635","unbek.","Q59496158","2000","164","Mittelpunkt der Gemeinde","Printpublikation","die Gemeinde wurde in digitalen Kartenwerken nachgeschlagen und der ungefähre Mittelpunkt der Gemeinde ausgelesen","17.09","51.07","-4800","+/- 100 years","-4350","+/- 100 years","Q816829","low precision, as only stylistic dating","http://n2t.net/ark:/99152/p0wctqtnkjq","relatedMatch",""
"von Richthofen 1930, Karte 2","Q139304635","4","427","Stübendorf/Ścibórz","Gmina Paczków","Q923169","7533409","","","2671033","Gmina Paczków","1.0","Exact match via rdfs:label [global index] | 'Gmina Paczków' -> 'Gmina Paczków'","pow. Nyski","Q461537","7530734","","","2661908","powiat nyski","1.0","Exact match via rdfs:label [global index] | 'Powiat Nyski' -> 'powiat nyski'","Woj. Opolskie","Q54171","3337495","","","224460","opolskie","1.0","Exact match via skos:altLabel [global index] | 'Opolskie' -> 'opolskie' | [normalised: stripped -> 'Opolskie']","Polen","Q36","798544","7006366","2054097","49715","Polen","1.0","Exact match via rdfs:label [global index] | 'Polen' -> 'Polen'","SBK","","","von Richthofen 1930","Q139304635","unbek.","Q59496158","2000","165","Georeferenzierung einer gedruckten Karte","Printpublikation","georeferenziert wurde gedrucktes Kartenmaterial von  von Richthofen 1930","17.12","50.45","-4800","+/- 100 years","-4350","+/- 100 years","Q816829","low precision, as only stylistic dating","http://n2t.net/ark:/99152/p0wctqtnkjq","relatedMatch",""
"von Richthofen 1930, Karte 2","Q139304635","10","507","Zottwitz/Sobocisko","Gmina Oława","Q2120688","7531753","","","2953627","Gmina Oława","1.0","Exact match via rdfs:label [global index] | 'Gmina Oława' -> 'Gmina Oława'","pow. Oławski","Q715475","7530835","","","451515","powiat oławski","1.0","Exact match via rdfs:label [global index] | 'Powiat Oławski' -> 'powiat oławski'","Woj. Dolnośląskie","Q54150","3337492","","","224457","Dolnośląskie","1.0","Exact match via skos:altLabel [global index] | 'Dolnośląskie' -> 'Dolnośląskie' | [normalised: stripped -> 'Dolnośląskie']","Polen","Q36","798544","7006366","2054097","49715","Polen","1.0","Exact match via rdfs:label [global index] | 'Polen' -> 'Polen'","SBK","","","von Richthofen 1930","Q139304635","unbek.","Q59496158","2000","166","Mittelpunkt der Gemeinde","Printpublikation","die Gemeinde wurde in digitalen Kartenwerken nachgeschlagen und der ungefähre Mittelpunkt der Gemeinde ausgelesen","17.19","50.97","-4800","+/- 100 years","-4350","+/- 100 years","Q816829","low precision, as only stylistic dating","http://n2t.net/ark:/99152/p0wctqtnkjq","relatedMatch",""
"von Richthofen 1930, Karte 2","Q139304635","11","204","Jungwitz/Jankowice","Gmina Oława","Q2120688","7531753","","","2953627","Gmina Oława","1.0","Exact match via rdfs:label [global index] | 'Gmina Oława' -> 'Gmina Oława'","pow. Oławski","Q715475","7530835","","","451515","powiat oławski","1.0","Exact match via rdfs:label [global index] | 'Powiat Oławski' -> 'powiat oławski'","Woj. Dolnośląskie","Q54150","3337492","","","224457","Dolnośląskie","1.0","Exact match via skos:altLabel [global index] | 'Dolnośląskie' -> 'Dolnośląskie' | [normalised: stripped -> 'Dolnośląskie']","Polen","Q36","798544","7006366","2054097","49715","Polen","1.0","Exact match via rdfs:label [global index] | 'Polen' -> 'Polen'","SBK","","","von Richthofen 1930","Q139304635","unbek.","Q59496158","3000","167","Mittelpunkt der Gemeinde","Printpublikation","die Gemeinde wurde in digitalen Kartenwerken nachgeschlagen und der ungefähre Mittelpunkt der Gemeinde ausgelesen","17.2","51","-4800","+/- 100 years","-4350","+/- 100 years","Q816829","low precision, as only stylistic dating","http://n2t.net/ark:/99152/p0wctqtnkjq","relatedMatch",""
"von Richthofen 1930, Karte 2","Q139304635","9","98","Deutsch-Breile/Bryłówek","Gmina Wiązów","Q2192626","7533026","","","2955355","Gmina Wiązów","1.0","Exact match via rdfs:label [global index] | 'Gmina Wiązów' -> 'Gmina Wiązów'","pow. Strzeliński","Q179986","7530837","","","451514","powiat strzeliński","1.0","Exact match via rdfs:label [global index] | 'Powiat Strzeliński' -> 'powiat strzeliński'","Woj. Dolnośląskie","Q54150","3337492","","","224457","Dolnośląskie","1.0","Exact match via skos:altLabel [global index] | 'Dolnośląskie' -> 'Dolnośląskie' | [normalised: stripped -> 'Dolnośląskie']","Polen","Q36","798544","7006366","2054097","49715","Polen","1.0","Exact match via rdfs:label [global index] | 'Polen' -> 'Polen'","SBK","","","von Richthofen 1930","Q139304635","unbek.","Q59496158","1000","168","Mittelpunkt der Gemeinde","Printpublikation","die Gemeinde wurde in digitalen Kartenwerken nachgeschlagen und der ungefähre Mittelpunkt der Gemeinde ausgelesen","17.27","50.81","-4800","+/- 100 years","-4350","+/- 100 years","Q816829","low precision, as only stylistic dating","http://n2t.net/ark:/99152/p0wctqtnkjq","relatedMatch",""
"Czerniak 1980","Q139304624","49","197","Iwno","Gmina Kcynia","Q2461196","7533422","","","2634358","gmina Kcynia","1.0","Exact match via skos:altLabel [global index] | 'Gmina Kcynia' -> 'gmina Kcynia'","pow. Nakielski","Q583446","7530913","","","1286542","powiat nakielski","1.0","Exact match via rdfs:label [global index] | 'Powiat Nakielski' -> 'powiat nakielski'","Woj. Wielkopolskie","Q54187","3337498","7024119","","130971","wielkopolskie","1.0","Exact match via skos:altLabel [global index] | 'Wielkopolskie' -> 'wielkopolskie' | [normalised: stripped -> 'Wielkopolskie']","Polen","Q36","798544","7006366","2054097","49715","Polen","1.0","Exact match via rdfs:label [global index] | 'Polen' -> 'Polen'","SBK","unbek.","","Czerniak 1980","Q139304624","Grab?","Q173387","1000","169","Georeferenzierung einer gedruckten Karte","Printpublikation","georeferenziert wurde gedrucktes Kartenmaterial von  Czerniak 1980","17.43","53.04","-4800","+/- 100 years","-4350","+/- 100 years","Q816829","low precision, as only stylistic dating","http://n2t.net/ark:/99152/p0j9r729p9b","exactMatch",""
"von Richthofen 1930, Karte 2","Q139304635","2","46","Bladen/Włodzienin","Gmina Branice","Q2127384","7531262","","","2807274","Gmina Branice","1.0","Exact match via rdfs:label [global index] | 'Gmina Branice' -> 'Gmina Branice'","pow. Głubczycki","Q461252","7531046","","","2662779","powiat głubczycki","1.0","Exact match via rdfs:label [global index] | 'Powiat Głubczycki' -> 'powiat głubczycki'","Woj. Opolskie","Q54171","3337495","","","224460","opolskie","1.0","Exact match via skos:altLabel [global index] | 'Opolskie' -> 'opolskie' | [normalised: stripped -> 'Opolskie']","Polen","Q36","798544","7006366","2054097","49715","Polen","1.0","Exact match via rdfs:label [global index] | 'Polen' -> 'Polen'","SBK","","","von Richthofen 1930","Q139304635","unbek.","Q59496158","2000","170","Mittelpunkt der Gemeinde","Printpublikation","die Gemeinde wurde in digitalen Kartenwerken nachgeschlagen und der ungefähre Mittelpunkt der Gemeinde ausgelesen","17.84","50.12","-4800","+/- 100 years","-4350","+/- 100 years","Q816829","low precision, as only stylistic dating","http://n2t.net/ark:/99152/p0wctqtnkjq","relatedMatch",""
"von Richthofen 1930, Karte 2","Q139304635","3","393","Schönau/Szonów","Gmina Głogówek","Q2204843","7533077","","","2809063","gmina Głogówek","1.0","Exact match via skos:altLabel [global index] | 'Gmina Głogówek' -> 'gmina Głogówek'","pow. Prudnicki","Q462130","7531047","","","2661910","Powiat Prudnicki","1.0","Exact match via rdfs:label [global index] | 'Powiat Prudnicki' -> 'Powiat Prudnicki'","Woj. Opolskie","Q54171","3337495","","","224460","opolskie","1.0","Exact match via skos:altLabel [global index] | 'Opolskie' -> 'opolskie' | [normalised: stripped -> 'Opolskie']","Polen","Q36","798544","7006366","2054097","49715","Polen","1.0","Exact match via rdfs:label [global index] | 'Polen' -> 'Polen'","SBK","","","von Richthofen 1930","Q139304635","unbek.","Q59496158","1500","171","Georeferenzierung einer gedruckten Karte","Printpublikation","georeferenziert wurde gedrucktes Kartenmaterial von  von Richthofen 1930","17.84","50.3","-4800","+/- 100 years","-4350","+/- 100 years","Q816829","low precision, as only stylistic dating","http://n2t.net/ark:/99152/p0wctqtnkjq","relatedMatch",""
"von Richthofen 1930, Karte 2","Q139304635","46","330","Piotrowice","Gmina Słubca","Q554765","7531250","","","2681511","Gmina Słupca","0.9167","Fuzzy match (score=0.92) via rdfs:label [global index] | 'Gmina Słubca' -> 'Gmina Słupca'","pow. Słupecki","Q133257","","","","","Powiat Słupecki","1.0","Direct override | 'pow. Słupecki' -> QID=Q133257 | [override -> QID=Q133257]","Woj. Małopolskie","Q54159","858786","7024127","","224459","małopolskie","1.0","Exact match via skos:altLabel [global index] | 'Małopolskie' -> 'małopolskie' | [normalised: stripped -> 'Małopolskie']","Polen","Q36","798544","7006366","2054097","49715","Polen","1.0","Exact match via rdfs:label [global index] | 'Polen' -> 'Polen'","SBK","","","von Richthofen 1930","Q139304635","unbek.","Q59496158","1500","172","Georeferenzierung einer gedruckten Karte","Printpublikation","georeferenziert wurde gedrucktes Kartenmaterial von  von Richthofen 1930","17.89","52.32","-4800","+/- 100 years","-4350","+/- 100 years","Q816829","low precision, as only stylistic dating","http://n2t.net/ark:/99152/p0wctqtnkjq","relatedMatch",""
"von Richthofen 1930, Karte 2","Q139304635","1","322","Ottitz/Ocice","Gmina Raciborz","Q25302","","","","","Gmina Racibórz","1.0","Direct override | 'Gmina Raciborz' -> QID=Q25302 | [override -> QID=Q25302]","pow. Raciborski","Q554313","7531054","","","2417246","Powiat Raciborski","1.0","Exact match via rdfs:label [global index] | 'Powiat Raciborski' -> 'Powiat Raciborski'","Woj. Śląskie","Q54181","3337497","","","224462","śląskie","1.0","Direct override | 'Woj. Śląskie' -> QID=Q54181 | [stripped -> 'Śląskie'; override -> QID=Q54181]","Polen","Q36","798544","7006366","2054097","49715","Polen","1.0","Exact match via rdfs:label [global index] | 'Polen' -> 'Polen'","SBK","","","von Richthofen 1930","Q139304635","unbek.","Q59496158","3000","173","Mittelpunkt der Gemeinde","Printpublikation","die Gemeinde wurde in digitalen Kartenwerken nachgeschlagen und der ungefähre Mittelpunkt der Gemeinde ausgelesen","18.17","50.08","-4800","+/- 100 years","-4350","+/- 100 years","Q816829","low precision, as only stylistic dating","http://n2t.net/ark:/99152/p0wctqtnkjq","relatedMatch",""
"Czerniak 2007","Q139304629","","86","Bukowiec","Gmina Bukowiec","Q2463043","7532004","","","2627455","Gmina Bukowiec","1.0","Exact match via rdfs:label [global index] | 'Gmina Bukowiec' -> 'Gmina Bukowiec'","pow. Świecki","Q774944","7530917","","","1277982","Powiat Świecki","1.0","Exact match via rdfs:label [global index] | 'Powiat Świecki' -> 'Powiat Świecki'","Woj. Kujawsko-Pomorskie","Q54153","3337500","","","223407","kujawsko-pomorskie","1.0","Exact match via skos:altLabel [global index] | 'Kujawsko-Pomorskie' -> 'kujawsko-pomorskie' | [normalised: stripped -> 'Kujawsko-Pomorskie']","Polen","Q36","798544","7006366","2054097","49715","Polen","1.0","Exact match via rdfs:label [global index] | 'Polen' -> 'Polen'","BKK","Ausgrabung","Q959782","Czerniak 2007","Q139304629","Siedlung","Q486972","2000","174","Georeferenzierung einer gedruckten Karte","Printpublikation","georeferenziert wurde gedrucktes Kartenmaterial von  Czerniak 2007","18.24","53.43","-4350","+/- 50 years","-3900","+/- 100 years","","low precision, as only stylistic dating","http://n2t.net/ark:/99152/p0j9r7233z7","exactMatch",""
"von Richthofen 1930, Karte 2","Q139304635","48","251","Kulmsee/Chełmża","Gmina Chełmża","Q2461605","7531936","","","2633696","Gmina Chełmża","1.0","Exact match via rdfs:label [global index] | 'Gmina Chełmża' -> 'Gmina Chełmża'","pow. Toruński","Q650180","7530918","","","1686775","Powiat Toruński","1.0","Exact match via rdfs:label [global index] | 'Powiat Toruński' -> 'Powiat Toruński'","Woj. Kujawsko-Pomorskie","Q54153","3337500","","","223407","kujawsko-pomorskie","1.0","Exact match via skos:altLabel [global index] | 'Kujawsko-Pomorskie' -> 'kujawsko-pomorskie' | [normalised: stripped -> 'Kujawsko-Pomorskie']","Polen","Q36","798544","7006366","2054097","49715","Polen","1.0","Exact match via rdfs:label [global index] | 'Polen' -> 'Polen'","SBK","","","von Richthofen 1930","Q139304635","unbek.","Q59496158","2500","175","Georeferenzierung einer gedruckten Karte","Printpublikation","georeferenziert wurde gedrucktes Kartenmaterial von  von Richthofen 1930","18.61","53.19","-4800","+/- 100 years","-4350","+/- 100 years","Q816829","low precision, as only stylistic dating","http://n2t.net/ark:/99152/p0wctqtnkjq","relatedMatch",""
"Zabytek.pl","Q43301933","","26","Barłożno 15","Skórcz","Q550720","7531593","","","2615389","Skórcz","1.0","Exact match via rdfs:label [global index] | 'Skórcz' -> 'Skórcz'","pow. Starogardzki","Q1341090","7530934","","","1514927","powiat starogardzki","1.0","Exact match via rdfs:label [global index] | 'Powiat Starogardzki' -> 'powiat starogardzki'","Woj. Pomorskie","Q54180","3337496","7024115","","130975","pomorskie","1.0","Exact match via skos:altLabel [global index] | 'Pomorskie' -> 'pomorskie' | [normalised: stripped -> 'Pomorskie']","Polen","Q36","798544","7006366","2054097","49715","Polen","1.0","Exact match via rdfs:label [global index] | 'Polen' -> 'Polen'","BKK","Ausgrabung Zdzisława Ratajczyk (Arch. Museum Gdańsk)","Q959782","Ratajczyk 2007","Q139304649","unbek.","Q59496158","50","176","Übernahme aus externer Datenbank","digitale Datenbank","Fundstellen wurden in der digitalen Datenbank Zabytek gesucht und Koordinaten ausgelesen","18.63","53.77","-4350","+/- 50 years","-3900","+/- 100 years","","low precision, as only stylistic dating","http://n2t.net/ark:/99152/p0j9r7233z7","exactMatch",""
"Zabytek.pl","Q43301933","","37","Bielawki 5","Pelplin","Q550734","7533461","","","2603565","Pelplin","1.0","Exact match via rdfs:label [global index] | 'Pelplin' -> 'Pelplin'","pow. Tczewski","Q1341069","7530935","","","1551609","powiat tczewski","1.0","Exact match via rdfs:label [global index] | 'Powiat Tczewski' -> 'powiat tczewski'","Woj. Pomorskie","Q54180","3337496","7024115","","130975","pomorskie","1.0","Exact match via skos:altLabel [global index] | 'Pomorskie' -> 'pomorskie' | [normalised: stripped -> 'Pomorskie']","Polen","Q36","798544","7006366","2054097","49715","Polen","1.0","Exact match via rdfs:label [global index] | 'Polen' -> 'Polen'","SBK","Ausgrabung Marcin Gładki (National Center for Historical Monument Studies and Documentation in Warsaw)","Q959782","Czerniak 2007","Q139304629","unbek.","Q59496158","50","177","Übernahme aus externer Datenbank","digitale Datenbank","Fundstellen wurden in der digitalen Datenbank Zabytek gesucht und Koordinaten ausgelesen","18.65","53.91","-4800","+/- 100 years","-4350","+/- 100 years","Q816829","low precision, as only stylistic dating","http://n2t.net/ark:/99152/p0wctqtnkjq","relatedMatch",""
"Zabytek.pl","Q43301933","","37","Bielawki 5","Pelplin","Q550734","7533461","","","2603565","Pelplin","1.0","Exact match via rdfs:label [global index] | 'Pelplin' -> 'Pelplin'","pow. Tczewski","Q1341069","7530935","","","1551609","powiat tczewski","1.0","Exact match via rdfs:label [global index] | 'Powiat Tczewski' -> 'powiat tczewski'","Woj. Pomorskie","Q54180","3337496","7024115","","130975","pomorskie","1.0","Exact match via skos:altLabel [global index] | 'Pomorskie' -> 'pomorskie' | [normalised: stripped -> 'Pomorskie']","Polen","Q36","798544","7006366","2054097","49715","Polen","1.0","Exact match via rdfs:label [global index] | 'Polen' -> 'Polen'","BKK","Ausgrabung Marcin Gładki (National Center for Historical Monument Studies and Documentation in Warsaw)","Q959782","Czerniak 2007","Q139304629","unbek.","Q59496158","50","178","Übernahme aus externer Datenbank","digitale Datenbank","Fundstellen wurden in der digitalen Datenbank Zabytek gesucht und Koordinaten ausgelesen","18.65","53.91","-4350","+/- 50 years","-3900","+/- 100 years","","low precision, as only stylistic dating","http://n2t.net/ark:/99152/p0j9r7233z7","exactMatch",""
"Zabytek.pl","Q43301933","","499","Zelgno 12","Gmina Chełmża","Q2461605","7531936","","","2633696","Gmina Chełmża","1.0","Exact match via rdfs:label [global index] | 'Gmina Chełmża' -> 'Gmina Chełmża'","pow. Toruński","Q650180","7530918","","","1686775","Powiat Toruński","1.0","Exact match via rdfs:label [global index] | 'Powiat Toruński' -> 'Powiat Toruński'","Woj. Kujawsko-Pomorskie","Q54153","3337500","","","223407","kujawsko-pomorskie","1.0","Exact match via skos:altLabel [global index] | 'Kujawsko-Pomorskie' -> 'kujawsko-pomorskie' | [normalised: stripped -> 'Kujawsko-Pomorskie']","Polen","Q36","798544","7006366","2054097","49715","Polen","1.0","Exact match via rdfs:label [global index] | 'Polen' -> 'Polen'","BKK","","","Czerniak 2007","Q139304629","unbek.","Q59496158","50","179","Übernahme aus externer Datenbank","digitale Datenbank","Fundstellen wurden in der digitalen Datenbank Zabytek gesucht und Koordinaten ausgelesen","18.7","53.2","-4350","+/- 50 years","-3900","+/- 100 years","","low precision, as only stylistic dating","http://n2t.net/ark:/99152/p0j9r7233z7","exactMatch",""
"Grygiel 2008, Karte 1","Q139304642","37","235","Kościelna Wieś 1","Gmina Osięciny","Q618178","7531825","","","2635584","Gmina Osięciny","1.0","Exact match via rdfs:label [global index] | 'Gmina Osięciny' -> 'Gmina Osięciny'","pow. Radziejowski","Q687625","7530914","","","2616210","powiat radziejowski","1.0","Exact match via rdfs:label [global index] | 'Powiat Radziejowski' -> 'powiat radziejowski'","Woj. Kujawsko-Pomorskie","Q54153","3337500","","","223407","kujawsko-pomorskie","1.0","Exact match via skos:altLabel [global index] | 'Kujawsko-Pomorskie' -> 'kujawsko-pomorskie' | [normalised: stripped -> 'Kujawsko-Pomorskie']","Polen","Q36","798544","7006366","2054097","49715","Polen","1.0","Exact match via rdfs:label [global index] | 'Polen' -> 'Polen'","BKK","","","Grygiel 2008","Q139304642","unbek.","Q59496158","200","180","Georeferenzierung einer gedruckten Karte","Printpublikation","georeferenziert wurde gedrucktes Kartenmaterial von  Grygiel 2008","18.72","52.67","-4350","+/- 50 years","-3900","+/- 100 years","","low precision, as only stylistic dating","http://n2t.net/ark:/99152/p0j9r7233z7","exactMatch",""
"Grygiel 2008, Karte 1","Q139304642","44","67","Borucin XXXVI/03","Gmina Zakrzewo","Q2317830","7532864","","","2635727","Gmina Zakrzewo","1.0","Exact match via rdfs:label [global index] | 'Gmina Zakrzewo' -> 'Gmina Zakrzewo'","pow. Aleksandrowski","Q750491","7530904","","","2615964","powiat aleksandrowski","1.0","Exact match via rdfs:label [global index] | 'Powiat Aleksandrowski' -> 'powiat aleksandrowski'","Woj. Kujawsko-Pomorskie","Q54153","3337500","","","223407","kujawsko-pomorskie","1.0","Exact match via skos:altLabel [global index] | 'Kujawsko-Pomorskie' -> 'kujawsko-pomorskie' | [normalised: stripped -> 'Kujawsko-Pomorskie']","Polen","Q36","798544","7006366","2054097","49715","Polen","1.0","Exact match via rdfs:label [global index] | 'Polen' -> 'Polen'","BKK","","","Grygiel 2008","Q139304642","unbek.","Q59496158","200","181","Georeferenzierung einer gedruckten Karte","Printpublikation","georeferenziert wurde gedrucktes Kartenmaterial von  Grygiel 2008","18.72","52.6","-4350","+/- 50 years","-3900","+/- 100 years","","low precision, as only stylistic dating","http://n2t.net/ark:/99152/p0j9r7233z7","exactMatch",""
"Grygiel 2008, Karte 1","Q139304642","43","66","Borucin XLIII/03","Gmina Osięciny","Q618178","7531825","","","2635584","Gmina Osięciny","1.0","Exact match via rdfs:label [global index] | 'Gmina Osięciny' -> 'Gmina Osięciny'","pow. Radziejowski","Q687625","7530914","","","2616210","powiat radziejowski","1.0","Exact match via rdfs:label [global index] | 'Powiat Radziejowski' -> 'powiat radziejowski'","Woj. Kujawsko-Pomorskie","Q54153","3337500","","","223407","kujawsko-pomorskie","1.0","Exact match via skos:altLabel [global index] | 'Kujawsko-Pomorskie' -> 'kujawsko-pomorskie' | [normalised: stripped -> 'Kujawsko-Pomorskie']","Polen","Q36","798544","7006366","2054097","49715","Polen","1.0","Exact match via rdfs:label [global index] | 'Polen' -> 'Polen'","BKK","","","Grygiel 2008","Q139304642","unbek.","Q59496158","200","182","Georeferenzierung einer gedruckten Karte","Printpublikation","georeferenziert wurde gedrucktes Kartenmaterial von  Grygiel 2008","18.73","52.6","-4350","+/- 50 years","-3900","+/- 100 years","","low precision, as only stylistic dating","http://n2t.net/ark:/99152/p0j9r7233z7","exactMatch",""
"Grygiel 2008, Karte 1","Q139304642","42","65","Borucin XL/03","Gmina Osięciny","Q618178","7531825","","","2635584","Gmina Osięciny","1.0","Exact match via rdfs:label [global index] | 'Gmina Osięciny' -> 'Gmina Osięciny'","pow. Radziejowski","Q687625","7530914","","","2616210","powiat radziejowski","1.0","Exact match via rdfs:label [global index] | 'Powiat Radziejowski' -> 'powiat radziejowski'","Woj. Kujawsko-Pomorskie","Q54153","3337500","","","223407","kujawsko-pomorskie","1.0","Exact match via skos:altLabel [global index] | 'Kujawsko-Pomorskie' -> 'kujawsko-pomorskie' | [normalised: stripped -> 'Kujawsko-Pomorskie']","Polen","Q36","798544","7006366","2054097","49715","Polen","1.0","Exact match via rdfs:label [global index] | 'Polen' -> 'Polen'","BKK","","","Grygiel 2008","Q139304642","unbek.","Q59496158","200","183","Georeferenzierung einer gedruckten Karte","Printpublikation","georeferenziert wurde gedrucktes Kartenmaterial von  Grygiel 2008","18.73","52.6","-4350","+/- 50 years","-3900","+/- 100 years","","low precision, as only stylistic dating","http://n2t.net/ark:/99152/p0j9r7233z7","exactMatch",""
"Grygiel 2008, Karte 1","Q139304642","41","64","Borucin T/06","Gmina Osięciny","Q618178","7531825","","","2635584","Gmina Osięciny","1.0","Exact match via rdfs:label [global index] | 'Gmina Osięciny' -> 'Gmina Osięciny'","pow. Radziejowski","Q687625","7530914","","","2616210","powiat radziejowski","1.0","Exact match via rdfs:label [global index] | 'Powiat Radziejowski' -> 'powiat radziejowski'","Woj. Kujawsko-Pomorskie","Q54153","3337500","","","223407","kujawsko-pomorskie","1.0","Exact match via skos:altLabel [global index] | 'Kujawsko-Pomorskie' -> 'kujawsko-pomorskie' | [normalised: stripped -> 'Kujawsko-Pomorskie']","Polen","Q36","798544","7006366","2054097","49715","Polen","1.0","Exact match via rdfs:label [global index] | 'Polen' -> 'Polen'","BKK","","","Grygiel 2008","Q139304642","unbek.","Q59496158","200","184","Georeferenzierung einer gedruckten Karte","Printpublikation","georeferenziert wurde gedrucktes Kartenmaterial von  Grygiel 2008","18.74","52.59","-4350","+/- 50 years","-3900","+/- 100 years","","low precision, as only stylistic dating","http://n2t.net/ark:/99152/p0j9r7233z7","exactMatch",""
"Grygiel 2008, Karte 1","Q139304642","36","471","Wola Skarbkowa L1/91","Gmina Osięciny","Q618178","7531825","","","2635584","Gmina Osięciny","1.0","Exact match via rdfs:label [global index] | 'Gmina Osięciny' -> 'Gmina Osięciny'","pow. Radziejowski","Q687625","7530914","","","2616210","powiat radziejowski","1.0","Exact match via rdfs:label [global index] | 'Powiat Radziejowski' -> 'powiat radziejowski'","Woj. Kujawsko-Pomorskie","Q54153","3337500","","","223407","kujawsko-pomorskie","1.0","Exact match via skos:altLabel [global index] | 'Kujawsko-Pomorskie' -> 'kujawsko-pomorskie' | [normalised: stripped -> 'Kujawsko-Pomorskie']","Polen","Q36","798544","7006366","2054097","49715","Polen","1.0","Exact match via rdfs:label [global index] | 'Polen' -> 'Polen'","BKK","","","Grygiel 2008","Q139304642","unbek.","Q59496158","200","185","Georeferenzierung einer gedruckten Karte","Printpublikation","georeferenziert wurde gedrucktes Kartenmaterial von  Grygiel 2008","18.77","52.64","-4350","+/- 50 years","-3900","+/- 100 years","","low precision, as only stylistic dating","http://n2t.net/ark:/99152/p0j9r7233z7","exactMatch",""
"Grygiel 2008, Karte 1","Q139304642","39","366","Redecz Krukowy 20","Gmina Brześć Kujawski","Q2463096","7533049","","","2635744","Gmina Brześć Kujawski","1.0","Exact match via rdfs:label [global index] | 'Gmina Brześć Kujawski' -> 'Gmina Brześć Kujawski'","pow. Włocławski","Q774833","7530921","","","2616205","powiat włocławski","1.0","Exact match via rdfs:label [global index] | 'Powiat Włocławski' -> 'powiat włocławski'","Woj. Kujawsko-Pomorskie","Q54153","3337500","","","223407","kujawsko-pomorskie","1.0","Exact match via skos:altLabel [global index] | 'Kujawsko-Pomorskie' -> 'kujawsko-pomorskie' | [normalised: stripped -> 'Kujawsko-Pomorskie']","Polen","Q36","798544","7006366","2054097","49715","Polen","1.0","Exact match via rdfs:label [global index] | 'Polen' -> 'Polen'","BKK","","","Grygiel 2008","Q139304642","unbek.","Q59496158","200","186","Georeferenzierung einer gedruckten Karte","Printpublikation","georeferenziert wurde gedrucktes Kartenmaterial von  Grygiel 2008","18.78","52.6","-4350","+/- 50 years","-3900","+/- 100 years","","low precision, as only stylistic dating","http://n2t.net/ark:/99152/p0j9r7233z7","exactMatch",""
"Grygiel 2008, Karte 1","Q139304642","40","367","Redecz Krukowy XX/03","Gmina Brześć Kujawski","Q2463096","7533049","","","2635744","Gmina Brześć Kujawski","1.0","Exact match via rdfs:label [global index] | 'Gmina Brześć Kujawski' -> 'Gmina Brześć Kujawski'","pow. Włocławski","Q774833","7530921","","","2616205","powiat włocławski","1.0","Exact match via rdfs:label [global index] | 'Powiat Włocławski' -> 'powiat włocławski'","Woj. Kujawsko-Pomorskie","Q54153","3337500","","","223407","kujawsko-pomorskie","1.0","Exact match via skos:altLabel [global index] | 'Kujawsko-Pomorskie' -> 'kujawsko-pomorskie' | [normalised: stripped -> 'Kujawsko-Pomorskie']","Polen","Q36","798544","7006366","2054097","49715","Polen","1.0","Exact match via rdfs:label [global index] | 'Polen' -> 'Polen'","BKK","","","Grygiel 2008","Q139304642","unbek.","Q59496158","200","187","Georeferenzierung einer gedruckten Karte","Printpublikation","georeferenziert wurde gedrucktes Kartenmaterial von  Grygiel 2008","18.78","52.59","-4350","+/- 50 years","-3900","+/- 100 years","","low precision, as only stylistic dating","http://n2t.net/ark:/99152/p0j9r7233z7","exactMatch",""
"Grygiel 2008, Karte 1","Q139304642","33","485","Zagajewice 1","Gmina Osięciny","Q618178","7531825","","","2635584","Gmina Osięciny","1.0","Exact match via rdfs:label [global index] | 'Gmina Osięciny' -> 'Gmina Osięciny'","pow. Radziejowski","Q687625","7530914","","","2616210","powiat radziejowski","1.0","Exact match via rdfs:label [global index] | 'Powiat Radziejowski' -> 'powiat radziejowski'","Woj. Kujawsko-Pomorskie","Q54153","3337500","","","223407","kujawsko-pomorskie","1.0","Exact match via skos:altLabel [global index] | 'Kujawsko-Pomorskie' -> 'kujawsko-pomorskie' | [normalised: stripped -> 'Kujawsko-Pomorskie']","Polen","Q36","798544","7006366","2054097","49715","Polen","1.0","Exact match via rdfs:label [global index] | 'Polen' -> 'Polen'","BKK","","","Grygiel 2008","Q139304642","unbek.","Q59496158","200","188","Georeferenzierung einer gedruckten Karte","Printpublikation","georeferenziert wurde gedrucktes Kartenmaterial von  Grygiel 2008","18.78","52.63","-4350","+/- 50 years","-3900","+/- 100 years","","low precision, as only stylistic dating","http://n2t.net/ark:/99152/p0j9r7233z7","exactMatch",""
"Grygiel 2008, Karte 1","Q139304642","35","486","Zagajewice A1/91","Gmina Osięciny","Q618178","7531825","","","2635584","Gmina Osięciny","1.0","Exact match via rdfs:label [global index] | 'Gmina Osięciny' -> 'Gmina Osięciny'","pow. Radziejowski","Q687625","7530914","","","2616210","powiat radziejowski","1.0","Exact match via rdfs:label [global index] | 'Powiat Radziejowski' -> 'powiat radziejowski'","Woj. Kujawsko-Pomorskie","Q54153","3337500","","","223407","kujawsko-pomorskie","1.0","Exact match via skos:altLabel [global index] | 'Kujawsko-Pomorskie' -> 'kujawsko-pomorskie' | [normalised: stripped -> 'Kujawsko-Pomorskie']","Polen","Q36","798544","7006366","2054097","49715","Polen","1.0","Exact match via rdfs:label [global index] | 'Polen' -> 'Polen'","BKK","","","Grygiel 2008","Q139304642","unbek.","Q59496158","200","189","Georeferenzierung einer gedruckten Karte","Printpublikation","georeferenziert wurde gedrucktes Kartenmaterial von  Grygiel 2008","18.78","52.64","-4350","+/- 50 years","-3900","+/- 100 years","","low precision, as only stylistic dating","http://n2t.net/ark:/99152/p0j9r7233z7","exactMatch",""
"Grygiel 2008, Karte 1","Q139304642","34","487","Zagajewice Z/06","Gmina Osięciny","Q618178","7531825","","","2635584","Gmina Osięciny","1.0","Exact match via rdfs:label [global index] | 'Gmina Osięciny' -> 'Gmina Osięciny'","pow. Radziejowski","Q687625","7530914","","","2616210","powiat radziejowski","1.0","Exact match via rdfs:label [global index] | 'Powiat Radziejowski' -> 'powiat radziejowski'","Woj. Kujawsko-Pomorskie","Q54153","3337500","","","223407","kujawsko-pomorskie","1.0","Exact match via skos:altLabel [global index] | 'Kujawsko-Pomorskie' -> 'kujawsko-pomorskie' | [normalised: stripped -> 'Kujawsko-Pomorskie']","Polen","Q36","798544","7006366","2054097","49715","Polen","1.0","Exact match via rdfs:label [global index] | 'Polen' -> 'Polen'","BKK","","","Grygiel 2008","Q139304642","unbek.","Q59496158","200","190","Georeferenzierung einer gedruckten Karte","Printpublikation","georeferenziert wurde gedrucktes Kartenmaterial von  Grygiel 2008","18.79","52.64","-4350","+/- 50 years","-3900","+/- 100 years","","low precision, as only stylistic dating","http://n2t.net/ark:/99152/p0j9r7233z7","exactMatch",""
"Grygiel 2008, Karte 1","Q139304642","38","319","Osłonki 49/91","Gmina Osięciny","Q618178","7531825","","","2635584","Gmina Osięciny","1.0","Exact match via rdfs:label [global index] | 'Gmina Osięciny' -> 'Gmina Osięciny'","pow. Radziejowski","Q687625","7530914","","","2616210","powiat radziejowski","1.0","Exact match via rdfs:label [global index] | 'Powiat Radziejowski' -> 'powiat radziejowski'","Woj. Kujawsko-Pomorskie","Q54153","3337500","","","223407","kujawsko-pomorskie","1.0","Exact match via skos:altLabel [global index] | 'Kujawsko-Pomorskie' -> 'kujawsko-pomorskie' | [normalised: stripped -> 'Kujawsko-Pomorskie']","Polen","Q36","798544","7006366","2054097","49715","Polen","1.0","Exact match via rdfs:label [global index] | 'Polen' -> 'Polen'","BKK","","","Grygiel 2008","Q139304642","unbek.","Q59496158","200","191","Georeferenzierung einer gedruckten Karte","Printpublikation","georeferenziert wurde gedrucktes Kartenmaterial von  Grygiel 2008","18.79","52.61","-4350","+/- 50 years","-3900","+/- 100 years","","low precision, as only stylistic dating","http://n2t.net/ark:/99152/p0j9r7233z7","exactMatch",""
"Grygiel 2008, Karte 1","Q139304642","32","258","Lekarzewice W/91","Gmina Osięciny","Q618178","7531825","","","2635584","Gmina Osięciny","1.0","Exact match via rdfs:label [global index] | 'Gmina Osięciny' -> 'Gmina Osięciny'","pow. Radziejowski","Q687625","7530914","","","2616210","powiat radziejowski","1.0","Exact match via rdfs:label [global index] | 'Powiat Radziejowski' -> 'powiat radziejowski'","Woj. Kujawsko-Pomorskie","Q54153","3337500","","","223407","kujawsko-pomorskie","1.0","Exact match via skos:altLabel [global index] | 'Kujawsko-Pomorskie' -> 'kujawsko-pomorskie' | [normalised: stripped -> 'Kujawsko-Pomorskie']","Polen","Q36","798544","7006366","2054097","49715","Polen","1.0","Exact match via rdfs:label [global index] | 'Polen' -> 'Polen'","BKK","","","Grygiel 2008","Q139304642","unbek.","Q59496158","200","192","Georeferenzierung einer gedruckten Karte","Printpublikation","georeferenziert wurde gedrucktes Kartenmaterial von  Grygiel 2008","18.79","52.64","-4350","+/- 50 years","-3900","+/- 100 years","","low precision, as only stylistic dating","http://n2t.net/ark:/99152/p0j9r7233z7","exactMatch",""
"Grygiel 2008, Karte 1","Q139304642","31","257","Lekarzewice 97/91","Gmina Osięciny","Q618178","7531825","","","2635584","Gmina Osięciny","1.0","Exact match via rdfs:label [global index] | 'Gmina Osięciny' -> 'Gmina Osięciny'","pow. Radziejowski","Q687625","7530914","","","2616210","powiat radziejowski","1.0","Exact match via rdfs:label [global index] | 'Powiat Radziejowski' -> 'powiat radziejowski'","Woj. Kujawsko-Pomorskie","Q54153","3337500","","","223407","kujawsko-pomorskie","1.0","Exact match via skos:altLabel [global index] | 'Kujawsko-Pomorskie' -> 'kujawsko-pomorskie' | [normalised: stripped -> 'Kujawsko-Pomorskie']","Polen","Q36","798544","7006366","2054097","49715","Polen","1.0","Exact match via rdfs:label [global index] | 'Polen' -> 'Polen'","BKK","","","Grygiel 2008","Q139304642","unbek.","Q59496158","200","193","Georeferenzierung einer gedruckten Karte","Printpublikation","georeferenziert wurde gedrucktes Kartenmaterial von  Grygiel 2008","18.8","52.63","-4350","+/- 50 years","-3900","+/- 100 years","","low precision, as only stylistic dating","http://n2t.net/ark:/99152/p0j9r7233z7","exactMatch",""
"Grygiel 2008, Karte 1","Q139304642","30","229","Konary R/91","Gmina Osięciny","Q618178","7531825","","","2635584","Gmina Osięciny","1.0","Exact match via rdfs:label [global index] | 'Gmina Osięciny' -> 'Gmina Osięciny'","pow. Radziejowski","Q687625","7530914","","","2616210","powiat radziejowski","1.0","Exact match via rdfs:label [global index] | 'Powiat Radziejowski' -> 'powiat radziejowski'","Woj. Kujawsko-Pomorskie","Q54153","3337500","","","223407","kujawsko-pomorskie","1.0","Exact match via skos:altLabel [global index] | 'Kujawsko-Pomorskie' -> 'kujawsko-pomorskie' | [normalised: stripped -> 'Kujawsko-Pomorskie']","Polen","Q36","798544","7006366","2054097","49715","Polen","1.0","Exact match via rdfs:label [global index] | 'Polen' -> 'Polen'","BKK","","","Grygiel 2008","Q139304642","unbek.","Q59496158","200","194","Georeferenzierung einer gedruckten Karte","Printpublikation","georeferenziert wurde gedrucktes Kartenmaterial von  Grygiel 2008","18.8","52.63","-4350","+/- 50 years","-3900","+/- 100 years","","low precision, as only stylistic dating","http://n2t.net/ark:/99152/p0j9r7233z7","exactMatch",""
"Grygiel 2008, Karte 1","Q139304642","27","318","Osłonki 2","Gmina Osięciny","Q618178","7531825","","","2635584","Gmina Osięciny","1.0","Exact match via rdfs:label [global index] | 'Gmina Osięciny' -> 'Gmina Osięciny'","pow. Radziejowski","Q687625","7530914","","","2616210","powiat radziejowski","1.0","Exact match via rdfs:label [global index] | 'Powiat Radziejowski' -> 'powiat radziejowski'","Woj. Kujawsko-Pomorskie","Q54153","3337500","","","223407","kujawsko-pomorskie","1.0","Exact match via skos:altLabel [global index] | 'Kujawsko-Pomorskie' -> 'kujawsko-pomorskie' | [normalised: stripped -> 'Kujawsko-Pomorskie']","Polen","Q36","798544","7006366","2054097","49715","Polen","1.0","Exact match via rdfs:label [global index] | 'Polen' -> 'Polen'","BKK","","","Grygiel 2008","Q139304642","unbek.","Q59496158","200","195","Georeferenzierung einer gedruckten Karte","Printpublikation","georeferenziert wurde gedrucktes Kartenmaterial von  Grygiel 2008","18.8","52.62","-4350","+/- 50 years","-3900","+/- 100 years","","low precision, as only stylistic dating","http://n2t.net/ark:/99152/p0j9r7233z7","exactMatch",""
"Grygiel 2008, Karte 1","Q139304642","29","226","Konary 1","Gmina Osięciny","Q618178","7531825","","","2635584","Gmina Osięciny","1.0","Exact match via rdfs:label [global index] | 'Gmina Osięciny' -> 'Gmina Osięciny'","pow. Radziejowski","Q687625","7530914","","","2616210","powiat radziejowski","1.0","Exact match via rdfs:label [global index] | 'Powiat Radziejowski' -> 'powiat radziejowski'","Woj. Kujawsko-Pomorskie","Q54153","3337500","","","223407","kujawsko-pomorskie","1.0","Exact match via skos:altLabel [global index] | 'Kujawsko-Pomorskie' -> 'kujawsko-pomorskie' | [normalised: stripped -> 'Kujawsko-Pomorskie']","Polen","Q36","798544","7006366","2054097","49715","Polen","1.0","Exact match via rdfs:label [global index] | 'Polen' -> 'Polen'","BKK","","","Grygiel 2008","Q139304642","unbek.","Q59496158","200","196","Georeferenzierung einer gedruckten Karte","Printpublikation","georeferenziert wurde gedrucktes Kartenmaterial von  Grygiel 2008","18.81","52.63","-4350","+/- 50 years","-3900","+/- 100 years","","low precision, as only stylistic dating","http://n2t.net/ark:/99152/p0j9r7233z7","exactMatch",""
"Grygiel 2008, Karte 1","Q139304642","26","316","Osłonki 1","Gmina Osięciny","Q618178","7531825","","","2635584","Gmina Osięciny","1.0","Exact match via rdfs:label [global index] | 'Gmina Osięciny' -> 'Gmina Osięciny'","pow. Radziejowski","Q687625","7530914","","","2616210","powiat radziejowski","1.0","Exact match via rdfs:label [global index] | 'Powiat Radziejowski' -> 'powiat radziejowski'","Woj. Kujawsko-Pomorskie","Q54153","3337500","","","223407","kujawsko-pomorskie","1.0","Exact match via skos:altLabel [global index] | 'Kujawsko-Pomorskie' -> 'kujawsko-pomorskie' | [normalised: stripped -> 'Kujawsko-Pomorskie']","Polen","Q36","798544","7006366","2054097","49715","Polen","1.0","Exact match via rdfs:label [global index] | 'Polen' -> 'Polen'","BKK","Ausgrabung","Q959782","Grygiel 2008","Q139304642","unbek.","Q59496158","200","197","Georeferenzierung einer gedruckten Karte","Printpublikation","georeferenziert wurde gedrucktes Kartenmaterial von  Grygiel 2008","18.81","52.62","-4350","+/- 50 years","-3900","+/- 100 years","","low precision, as only stylistic dating","http://n2t.net/ark:/99152/p0j9r7233z7","exactMatch",""
"Grygiel 2008, Karte 1","Q139304642","28","227","Konary 1a","Gmina Osięciny","Q618178","7531825","","","2635584","Gmina Osięciny","1.0","Exact match via rdfs:label [global index] | 'Gmina Osięciny' -> 'Gmina Osięciny'","pow. Radziejowski","Q687625","7530914","","","2616210","powiat radziejowski","1.0","Exact match via rdfs:label [global index] | 'Powiat Radziejowski' -> 'powiat radziejowski'","Woj. Kujawsko-Pomorskie","Q54153","3337500","","","223407","kujawsko-pomorskie","1.0","Exact match via skos:altLabel [global index] | 'Kujawsko-Pomorskie' -> 'kujawsko-pomorskie' | [normalised: stripped -> 'Kujawsko-Pomorskie']","Polen","Q36","798544","7006366","2054097","49715","Polen","1.0","Exact match via rdfs:label [global index] | 'Polen' -> 'Polen'","BKK","","","Grygiel 2008","Q139304642","unbek.","Q59496158","200","198","Georeferenzierung einer gedruckten Karte","Printpublikation","georeferenziert wurde gedrucktes Kartenmaterial von  Grygiel 2008","18.81","52.63","-4350","+/- 50 years","-3900","+/- 100 years","","low precision, as only stylistic dating","http://n2t.net/ark:/99152/p0j9r7233z7","exactMatch",""
"Grygiel 2008, Karte 1","Q139304642","25","317","Osłonki 1a","Gmina Osięciny","Q618178","7531825","","","2635584","Gmina Osięciny","1.0","Exact match via rdfs:label [global index] | 'Gmina Osięciny' -> 'Gmina Osięciny'","pow. Radziejowski","Q687625","7530914","","","2616210","powiat radziejowski","1.0","Exact match via rdfs:label [global index] | 'Powiat Radziejowski' -> 'powiat radziejowski'","Woj. Kujawsko-Pomorskie","Q54153","3337500","","","223407","kujawsko-pomorskie","1.0","Exact match via skos:altLabel [global index] | 'Kujawsko-Pomorskie' -> 'kujawsko-pomorskie' | [normalised: stripped -> 'Kujawsko-Pomorskie']","Polen","Q36","798544","7006366","2054097","49715","Polen","1.0","Exact match via rdfs:label [global index] | 'Polen' -> 'Polen'","BKK","","","Grygiel 2008","Q139304642","unbek.","Q59496158","200","199","Georeferenzierung einer gedruckten Karte","Printpublikation","georeferenziert wurde gedrucktes Kartenmaterial von  Grygiel 2008","18.81","52.62","-4350","+/- 50 years","-3900","+/- 100 years","","low precision, as only stylistic dating","http://n2t.net/ark:/99152/p0j9r7233z7","exactMatch",""
"Grygiel 2008, Karte 1","Q139304642","24","284","Miechowice 4a","Gmina Brześć Kujawski","Q2463096","7533049","","","2635744","Gmina Brześć Kujawski","1.0","Exact match via rdfs:label [global index] | 'Gmina Brześć Kujawski' -> 'Gmina Brześć Kujawski'","pow. Włocławski","Q774833","7530921","","","2616205","powiat włocławski","1.0","Exact match via rdfs:label [global index] | 'Powiat Włocławski' -> 'powiat włocławski'","Woj. Kujawsko-Pomorskie","Q54153","3337500","","","223407","kujawsko-pomorskie","1.0","Exact match via skos:altLabel [global index] | 'Kujawsko-Pomorskie' -> 'kujawsko-pomorskie' | [normalised: stripped -> 'Kujawsko-Pomorskie']","Polen","Q36","798544","7006366","2054097","49715","Polen","1.0","Exact match via rdfs:label [global index] | 'Polen' -> 'Polen'","BKK","","","Grygiel 2008","Q139304642","unbek.","Q59496158","200","200","Georeferenzierung einer gedruckten Karte","Printpublikation","georeferenziert wurde gedrucktes Kartenmaterial von  Grygiel 2008","18.82","52.63","-4350","+/- 50 years","-3900","+/- 100 years","","low precision, as only stylistic dating","http://n2t.net/ark:/99152/p0j9r7233z7","exactMatch",""
"Grygiel 2008, Karte 1","Q139304642","22","282","Miechowice 1","Gmina Brześć Kujawski","Q2463096","7533049","","","2635744","Gmina Brześć Kujawski","1.0","Exact match via rdfs:label [global index] | 'Gmina Brześć Kujawski' -> 'Gmina Brześć Kujawski'","pow. Włocławski","Q774833","7530921","","","2616205","powiat włocławski","1.0","Exact match via rdfs:label [global index] | 'Powiat Włocławski' -> 'powiat włocławski'","Woj. Kujawsko-Pomorskie","Q54153","3337500","","","223407","kujawsko-pomorskie","1.0","Exact match via skos:altLabel [global index] | 'Kujawsko-Pomorskie' -> 'kujawsko-pomorskie' | [normalised: stripped -> 'Kujawsko-Pomorskie']","Polen","Q36","798544","7006366","2054097","49715","Polen","1.0","Exact match via rdfs:label [global index] | 'Polen' -> 'Polen'","BKK","","","Grygiel 2008","Q139304642","unbek.","Q59496158","200","201","Georeferenzierung einer gedruckten Karte","Printpublikation","georeferenziert wurde gedrucktes Kartenmaterial von  Grygiel 2008","18.82","52.62","-4350","+/- 50 years","-3900","+/- 100 years","","low precision, as only stylistic dating","http://n2t.net/ark:/99152/p0j9r7233z7","exactMatch",""
"Grygiel 2008, Karte 1","Q139304642","23","283","Miechowice 4","Gmina Brześć Kujawski","Q2463096","7533049","","","2635744","Gmina Brześć Kujawski","1.0","Exact match via rdfs:label [global index] | 'Gmina Brześć Kujawski' -> 'Gmina Brześć Kujawski'","pow. Włocławski","Q774833","7530921","","","2616205","powiat włocławski","1.0","Exact match via rdfs:label [global index] | 'Powiat Włocławski' -> 'powiat włocławski'","Woj. Kujawsko-Pomorskie","Q54153","3337500","","","223407","kujawsko-pomorskie","1.0","Exact match via skos:altLabel [global index] | 'Kujawsko-Pomorskie' -> 'kujawsko-pomorskie' | [normalised: stripped -> 'Kujawsko-Pomorskie']","Polen","Q36","798544","7006366","2054097","49715","Polen","1.0","Exact match via rdfs:label [global index] | 'Polen' -> 'Polen'","BKK","","","Grygiel 2008","Q139304642","unbek.","Q59496158","200","202","Georeferenzierung einer gedruckten Karte","Printpublikation","georeferenziert wurde gedrucktes Kartenmaterial von  Grygiel 2008","18.82","52.63","-4350","+/- 50 years","-3900","+/- 100 years","","low precision, as only stylistic dating","http://n2t.net/ark:/99152/p0j9r7233z7","exactMatch",""
"Grygiel 2008, Karte 1","Q139304642","21","285","Miechowice B/98","Gmina Brześć Kujawski","Q2463096","7533049","","","2635744","Gmina Brześć Kujawski","1.0","Exact match via rdfs:label [global index] | 'Gmina Brześć Kujawski' -> 'Gmina Brześć Kujawski'","pow. Włocławski","Q774833","7530921","","","2616205","powiat włocławski","1.0","Exact match via rdfs:label [global index] | 'Powiat Włocławski' -> 'powiat włocławski'","Woj. Kujawsko-Pomorskie","Q54153","3337500","","","223407","kujawsko-pomorskie","1.0","Exact match via skos:altLabel [global index] | 'Kujawsko-Pomorskie' -> 'kujawsko-pomorskie' | [normalised: stripped -> 'Kujawsko-Pomorskie']","Polen","Q36","798544","7006366","2054097","49715","Polen","1.0","Exact match via rdfs:label [global index] | 'Polen' -> 'Polen'","BKK","","","Grygiel 2008","Q139304642","unbek.","Q59496158","200","203","Georeferenzierung einer gedruckten Karte","Printpublikation","georeferenziert wurde gedrucktes Kartenmaterial von  Grygiel 2008","18.82","52.62","-4350","+/- 50 years","-3900","+/- 100 years","","low precision, as only stylistic dating","http://n2t.net/ark:/99152/p0j9r7233z7","exactMatch",""
"Grygiel 2008, Karte 1","Q139304642","20","249","Kuczyna 1","Gmina Brześć Kujawski","Q2463096","7533049","","","2635744","Gmina Brześć Kujawski","1.0","Exact match via rdfs:label [global index] | 'Gmina Brześć Kujawski' -> 'Gmina Brześć Kujawski'","pow. Włocławski","Q774833","7530921","","","2616205","powiat włocławski","1.0","Exact match via rdfs:label [global index] | 'Powiat Włocławski' -> 'powiat włocławski'","Woj. Kujawsko-Pomorskie","Q54153","3337500","","","223407","kujawsko-pomorskie","1.0","Exact match via skos:altLabel [global index] | 'Kujawsko-Pomorskie' -> 'kujawsko-pomorskie' | [normalised: stripped -> 'Kujawsko-Pomorskie']","Polen","Q36","798544","7006366","2054097","49715","Polen","1.0","Exact match via rdfs:label [global index] | 'Polen' -> 'Polen'","SBK","","","Grygiel 2008","Q139304642","unbek.","Q59496158","200","204","Georeferenzierung einer gedruckten Karte","Printpublikation","georeferenziert wurde gedrucktes Kartenmaterial von  Grygiel 2008","18.86","52.62","-4800","+/- 100 years","-4350","+/- 100 years","Q816829","low precision, as only stylistic dating","http://n2t.net/ark:/99152/p0wctqtnkjq","relatedMatch",""
"Grygiel 2008, Karte 1","Q139304642","20","249","Kuczyna 1","Gmina Brześć Kujawski","Q2463096","7533049","","","2635744","Gmina Brześć Kujawski","1.0","Exact match via rdfs:label [global index] | 'Gmina Brześć Kujawski' -> 'Gmina Brześć Kujawski'","pow. Włocławski","Q774833","7530921","","","2616205","powiat włocławski","1.0","Exact match via rdfs:label [global index] | 'Powiat Włocławski' -> 'powiat włocławski'","Woj. Kujawsko-Pomorskie","Q54153","3337500","","","223407","kujawsko-pomorskie","1.0","Exact match via skos:altLabel [global index] | 'Kujawsko-Pomorskie' -> 'kujawsko-pomorskie' | [normalised: stripped -> 'Kujawsko-Pomorskie']","Polen","Q36","798544","7006366","2054097","49715","Polen","1.0","Exact match via rdfs:label [global index] | 'Polen' -> 'Polen'","BKK","","","Grygiel 2008","Q139304642","unbek.","Q59496158","200","205","Georeferenzierung einer gedruckten Karte","Printpublikation","georeferenziert wurde gedrucktes Kartenmaterial von  Grygiel 2008","18.86","52.62","-4350","+/- 50 years","-3900","+/- 100 years","","low precision, as only stylistic dating","http://n2t.net/ark:/99152/p0j9r7233z7","exactMatch",""
"Grygiel 2008, Karte 1","Q139304642","18","473","Wolica Nowa 41/05","Gmina Brześć Kujawski","Q2463096","7533049","","","2635744","Gmina Brześć Kujawski","1.0","Exact match via rdfs:label [global index] | 'Gmina Brześć Kujawski' -> 'Gmina Brześć Kujawski'","pow. Włocławski","Q774833","7530921","","","2616205","powiat włocławski","1.0","Exact match via rdfs:label [global index] | 'Powiat Włocławski' -> 'powiat włocławski'","Woj. Kujawsko-Pomorskie","Q54153","3337500","","","223407","kujawsko-pomorskie","1.0","Exact match via skos:altLabel [global index] | 'Kujawsko-Pomorskie' -> 'kujawsko-pomorskie' | [normalised: stripped -> 'Kujawsko-Pomorskie']","Polen","Q36","798544","7006366","2054097","49715","Polen","1.0","Exact match via rdfs:label [global index] | 'Polen' -> 'Polen'","BKK","","","Grygiel 2008","Q139304642","unbek.","Q59496158","200","206","Georeferenzierung einer gedruckten Karte","Printpublikation","georeferenziert wurde gedrucktes Kartenmaterial von  Grygiel 2008","18.88","52.64","-4350","+/- 50 years","-3900","+/- 100 years","","low precision, as only stylistic dating","http://n2t.net/ark:/99152/p0j9r7233z7","exactMatch",""
"Grygiel 2008, Karte 1","Q139304642","19","114","Falborz 1","Gmina Brześć Kujawski","Q2463096","7533049","","","2635744","Gmina Brześć Kujawski","1.0","Exact match via rdfs:label [global index] | 'Gmina Brześć Kujawski' -> 'Gmina Brześć Kujawski'","pow. Włocławski","Q774833","7530921","","","2616205","powiat włocławski","1.0","Exact match via rdfs:label [global index] | 'Powiat Włocławski' -> 'powiat włocławski'","Woj. Kujawsko-Pomorskie","Q54153","3337500","","","223407","kujawsko-pomorskie","1.0","Exact match via skos:altLabel [global index] | 'Kujawsko-Pomorskie' -> 'kujawsko-pomorskie' | [normalised: stripped -> 'Kujawsko-Pomorskie']","Polen","Q36","798544","7006366","2054097","49715","Polen","1.0","Exact match via rdfs:label [global index] | 'Polen' -> 'Polen'","BKK","","","Grygiel 2008","Q139304642","unbek.","Q59496158","200","207","Georeferenzierung einer gedruckten Karte","Printpublikation","georeferenziert wurde gedrucktes Kartenmaterial von  Grygiel 2008","18.88","52.61","-4350","+/- 50 years","-3900","+/- 100 years","","low precision, as only stylistic dating","http://n2t.net/ark:/99152/p0j9r7233z7","exactMatch",""
"Grygiel 2008, Karte 1","Q139304642","17","472","Wolica Nowa (Polówka) 1","Gmina Brześć Kujawski","Q2463096","7533049","","","2635744","Gmina Brześć Kujawski","1.0","Exact match via rdfs:label [global index] | 'Gmina Brześć Kujawski' -> 'Gmina Brześć Kujawski'","pow. Włocławski","Q774833","7530921","","","2616205","powiat włocławski","1.0","Exact match via rdfs:label [global index] | 'Powiat Włocławski' -> 'powiat włocławski'","Woj. Kujawsko-Pomorskie","Q54153","3337500","","","223407","kujawsko-pomorskie","1.0","Exact match via skos:altLabel [global index] | 'Kujawsko-Pomorskie' -> 'kujawsko-pomorskie' | [normalised: stripped -> 'Kujawsko-Pomorskie']","Polen","Q36","798544","7006366","2054097","49715","Polen","1.0","Exact match via rdfs:label [global index] | 'Polen' -> 'Polen'","BKK","","","Grygiel 2008","Q139304642","unbek.","Q59496158","200","208","Georeferenzierung einer gedruckten Karte","Printpublikation","georeferenziert wurde gedrucktes Kartenmaterial von  Grygiel 2008","18.88","52.65","-4350","+/- 50 years","-3900","+/- 100 years","","low precision, as only stylistic dating","http://n2t.net/ark:/99152/p0j9r7233z7","exactMatch",""
"Grygiel 2008, Karte 1","Q139304642","16","175","Gustorzyn 1","Gmina Brześć Kujawski","Q2463096","7533049","","","2635744","Gmina Brześć Kujawski","1.0","Exact match via rdfs:label [global index] | 'Gmina Brześć Kujawski' -> 'Gmina Brześć Kujawski'","pow. Włocławski","Q774833","7530921","","","2616205","powiat włocławski","1.0","Exact match via rdfs:label [global index] | 'Powiat Włocławski' -> 'powiat włocławski'","Woj. Kujawsko-Pomorskie","Q54153","3337500","","","223407","kujawsko-pomorskie","1.0","Exact match via skos:altLabel [global index] | 'Kujawsko-Pomorskie' -> 'kujawsko-pomorskie' | [normalised: stripped -> 'Kujawsko-Pomorskie']","Polen","Q36","798544","7006366","2054097","49715","Polen","1.0","Exact match via rdfs:label [global index] | 'Polen' -> 'Polen'","BKK","","","Grygiel 2008","Q139304642","unbek.","Q59496158","200","209","Georeferenzierung einer gedruckten Karte","Printpublikation","georeferenziert wurde gedrucktes Kartenmaterial von  Grygiel 2008","18.89","52.65","-4350","+/- 50 years","-3900","+/- 100 years","","low precision, as only stylistic dating","http://n2t.net/ark:/99152/p0j9r7233z7","exactMatch",""
"Grygiel 2008, Karte 1","Q139304642","15","78","Brześć Kujawski 17","Gmina Brześć Kujawski","Q2463096","7533049","","","2635744","Gmina Brześć Kujawski","1.0","Exact match via rdfs:label [global index] | 'Gmina Brześć Kujawski' -> 'Gmina Brześć Kujawski'","pow. Włocławski","Q774833","7530921","","","2616205","powiat włocławski","1.0","Exact match via rdfs:label [global index] | 'Powiat Włocławski' -> 'powiat włocławski'","Woj. Kujawsko-Pomorskie","Q54153","3337500","","","223407","kujawsko-pomorskie","1.0","Exact match via skos:altLabel [global index] | 'Kujawsko-Pomorskie' -> 'kujawsko-pomorskie' | [normalised: stripped -> 'Kujawsko-Pomorskie']","Polen","Q36","798544","7006366","2054097","49715","Polen","1.0","Exact match via rdfs:label [global index] | 'Polen' -> 'Polen'","BKK","","","Grygiel 2008","Q139304642","unbek.","Q59496158","200","210","Georeferenzierung einer gedruckten Karte","Printpublikation","georeferenziert wurde gedrucktes Kartenmaterial von  Grygiel 2008","18.9","52.62","-4350","+/- 50 years","-3900","+/- 100 years","","low precision, as only stylistic dating","http://n2t.net/ark:/99152/p0j9r7233z7","exactMatch",""
"Grygiel 2008, Karte 1","Q139304642","4","82","Brześć Kujawski 5a","Gmina Brześć Kujawski","Q2463096","7533049","","","2635744","Gmina Brześć Kujawski","1.0","Exact match via rdfs:label [global index] | 'Gmina Brześć Kujawski' -> 'Gmina Brześć Kujawski'","pow. Włocławski","Q774833","7530921","","","2616205","powiat włocławski","1.0","Exact match via rdfs:label [global index] | 'Powiat Włocławski' -> 'powiat włocławski'","Woj. Kujawsko-Pomorskie","Q54153","3337500","","","223407","kujawsko-pomorskie","1.0","Exact match via skos:altLabel [global index] | 'Kujawsko-Pomorskie' -> 'kujawsko-pomorskie' | [normalised: stripped -> 'Kujawsko-Pomorskie']","Polen","Q36","798544","7006366","2054097","49715","Polen","1.0","Exact match via rdfs:label [global index] | 'Polen' -> 'Polen'","BKK","","","Grygiel 2008","Q139304642","unbek.","Q59496158","200","211","Georeferenzierung einer gedruckten Karte","Printpublikation","georeferenziert wurde gedrucktes Kartenmaterial von  Grygiel 2008","18.91","52.61","-4350","+/- 50 years","-3900","+/- 100 years","","low precision, as only stylistic dating","http://n2t.net/ark:/99152/p0j9r7233z7","exactMatch",""
"Grygiel 2008, Karte 1","Q139304642","3","81","Brześć Kujawski 5","Gmina Brześć Kujawski","Q2463096","7533049","","","2635744","Gmina Brześć Kujawski","1.0","Exact match via rdfs:label [global index] | 'Gmina Brześć Kujawski' -> 'Gmina Brześć Kujawski'","pow. Włocławski","Q774833","7530921","","","2616205","powiat włocławski","1.0","Exact match via rdfs:label [global index] | 'Powiat Włocławski' -> 'powiat włocławski'","Woj. Kujawsko-Pomorskie","Q54153","3337500","","","223407","kujawsko-pomorskie","1.0","Exact match via skos:altLabel [global index] | 'Kujawsko-Pomorskie' -> 'kujawsko-pomorskie' | [normalised: stripped -> 'Kujawsko-Pomorskie']","Polen","Q36","798544","7006366","2054097","49715","Polen","1.0","Exact match via rdfs:label [global index] | 'Polen' -> 'Polen'","SBK","","","Grygiel 2008","Q139304642","Grab","Q173387","200","212","Georeferenzierung einer gedruckten Karte","Printpublikation","georeferenziert wurde gedrucktes Kartenmaterial von  Grygiel 2008","18.92","52.61","-4800","+/- 100 years","-4350","+/- 100 years","Q816829","low precision, as only stylistic dating","http://n2t.net/ark:/99152/p0wctqtnkjq","relatedMatch",""
"Grygiel 2008, Karte 1","Q139304642","3","81","Brześć Kujawski 5","Gmina Brześć Kujawski","Q2463096","7533049","","","2635744","Gmina Brześć Kujawski","1.0","Exact match via rdfs:label [global index] | 'Gmina Brześć Kujawski' -> 'Gmina Brześć Kujawski'","pow. Włocławski","Q774833","7530921","","","2616205","powiat włocławski","1.0","Exact match via rdfs:label [global index] | 'Powiat Włocławski' -> 'powiat włocławski'","Woj. Kujawsko-Pomorskie","Q54153","3337500","","","223407","kujawsko-pomorskie","1.0","Exact match via skos:altLabel [global index] | 'Kujawsko-Pomorskie' -> 'kujawsko-pomorskie' | [normalised: stripped -> 'Kujawsko-Pomorskie']","Polen","Q36","798544","7006366","2054097","49715","Polen","1.0","Exact match via rdfs:label [global index] | 'Polen' -> 'Polen'","BKK","","","Grygiel 2008","Q139304642","Siedlung und Grab","Q486972","200","213","Georeferenzierung einer gedruckten Karte","Printpublikation","georeferenziert wurde gedrucktes Kartenmaterial von  Grygiel 2008","18.92","52.61","-4350","+/- 50 years","-3900","+/- 100 years","","low precision, as only stylistic dating","http://n2t.net/ark:/99152/p0j9r7233z7","exactMatch",""
"Grygiel 2008, Karte 1","Q139304642","5","77","Brześć Kujawski 10","Gmina Brześć Kujawski","Q2463096","7533049","","","2635744","Gmina Brześć Kujawski","1.0","Exact match via rdfs:label [global index] | 'Gmina Brześć Kujawski' -> 'Gmina Brześć Kujawski'","pow. Włocławski","Q774833","7530921","","","2616205","powiat włocławski","1.0","Exact match via rdfs:label [global index] | 'Powiat Włocławski' -> 'powiat włocławski'","Woj. Kujawsko-Pomorskie","Q54153","3337500","","","223407","kujawsko-pomorskie","1.0","Exact match via skos:altLabel [global index] | 'Kujawsko-Pomorskie' -> 'kujawsko-pomorskie' | [normalised: stripped -> 'Kujawsko-Pomorskie']","Polen","Q36","798544","7006366","2054097","49715","Polen","1.0","Exact match via rdfs:label [global index] | 'Polen' -> 'Polen'","BKK","","","Grygiel 2008","Q139304642","unbek.","Q59496158","200","214","Georeferenzierung einer gedruckten Karte","Printpublikation","georeferenziert wurde gedrucktes Kartenmaterial von  Grygiel 2008","18.92","52.61","-4350","+/- 50 years","-3900","+/- 100 years","","low precision, as only stylistic dating","http://n2t.net/ark:/99152/p0j9r7233z7","exactMatch",""
"Grygiel 2008, Karte 1","Q139304642","2","80","Brześć Kujawski 4","Gmina Brześć Kujawski","Q2463096","7533049","","","2635744","Gmina Brześć Kujawski","1.0","Exact match via rdfs:label [global index] | 'Gmina Brześć Kujawski' -> 'Gmina Brześć Kujawski'","pow. Włocławski","Q774833","7530921","","","2616205","powiat włocławski","1.0","Exact match via rdfs:label [global index] | 'Powiat Włocławski' -> 'powiat włocławski'","Woj. Kujawsko-Pomorskie","Q54153","3337500","","","223407","kujawsko-pomorskie","1.0","Exact match via skos:altLabel [global index] | 'Kujawsko-Pomorskie' -> 'kujawsko-pomorskie' | [normalised: stripped -> 'Kujawsko-Pomorskie']","Polen","Q36","798544","7006366","2054097","49715","Polen","1.0","Exact match via rdfs:label [global index] | 'Polen' -> 'Polen'","BKK","Ausgrabung","Q959782","Grygiel 2008","Q139304642","unbek.","Q59496158","200","215","Georeferenzierung einer gedruckten Karte","Printpublikation","georeferenziert wurde gedrucktes Kartenmaterial von  Grygiel 2008","18.92","52.61","-4350","+/- 50 years","-3900","+/- 100 years","","low precision, as only stylistic dating","http://n2t.net/ark:/99152/p0j9r7233z7","exactMatch",""
"Grygiel 2008, Karte 1","Q139304642","1","79","Brześć Kujawski 3","Gmina Brześć Kujawski","Q2463096","7533049","","","2635744","Gmina Brześć Kujawski","1.0","Exact match via rdfs:label [global index] | 'Gmina Brześć Kujawski' -> 'Gmina Brześć Kujawski'","pow. Włocławski","Q774833","7530921","","","2616205","powiat włocławski","1.0","Exact match via rdfs:label [global index] | 'Powiat Włocławski' -> 'powiat włocławski'","Woj. Kujawsko-Pomorskie","Q54153","3337500","","","223407","kujawsko-pomorskie","1.0","Exact match via skos:altLabel [global index] | 'Kujawsko-Pomorskie' -> 'kujawsko-pomorskie' | [normalised: stripped -> 'Kujawsko-Pomorskie']","Polen","Q36","798544","7006366","2054097","49715","Polen","1.0","Exact match via rdfs:label [global index] | 'Polen' -> 'Polen'","BKK","Ausgrabung","Q959782","Grygiel 2008","Q139304642","unbek.","Q59496158","200","216","Georeferenzierung einer gedruckten Karte","Printpublikation","georeferenziert wurde gedrucktes Kartenmaterial von  Grygiel 2008","18.92","52.61","-4350","+/- 50 years","-3900","+/- 100 years","","low precision, as only stylistic dating","http://n2t.net/ark:/99152/p0j9r7233z7","exactMatch",""
"Grygiel 2008, Karte 1","Q139304642","8","178","Guźlin 3","Gmina Brześć Kujawski","Q2463096","7533049","","","2635744","Gmina Brześć Kujawski","1.0","Exact match via rdfs:label [global index] | 'Gmina Brześć Kujawski' -> 'Gmina Brześć Kujawski'","pow. Włocławski","Q774833","7530921","","","2616205","powiat włocławski","1.0","Exact match via rdfs:label [global index] | 'Powiat Włocławski' -> 'powiat włocławski'","Woj. Kujawsko-Pomorskie","Q54153","3337500","","","223407","kujawsko-pomorskie","1.0","Exact match via skos:altLabel [global index] | 'Kujawsko-Pomorskie' -> 'kujawsko-pomorskie' | [normalised: stripped -> 'Kujawsko-Pomorskie']","Polen","Q36","798544","7006366","2054097","49715","Polen","1.0","Exact match via rdfs:label [global index] | 'Polen' -> 'Polen'","BKK","","","Grygiel 2008","Q139304642","unbek.","Q59496158","200","217","Georeferenzierung einer gedruckten Karte","Printpublikation","georeferenziert wurde gedrucktes Kartenmaterial von  Grygiel 2008","18.92","52.59","-4350","+/- 50 years","-3900","+/- 100 years","","low precision, as only stylistic dating","http://n2t.net/ark:/99152/p0j9r7233z7","exactMatch",""
"Grygiel 2008, Karte 1","Q139304642","6","177","Guźlin 2","Gmina Brześć Kujawski","Q2463096","7533049","","","2635744","Gmina Brześć Kujawski","1.0","Exact match via rdfs:label [global index] | 'Gmina Brześć Kujawski' -> 'Gmina Brześć Kujawski'","pow. Włocławski","Q774833","7530921","","","2616205","powiat włocławski","1.0","Exact match via rdfs:label [global index] | 'Powiat Włocławski' -> 'powiat włocławski'","Woj. Kujawsko-Pomorskie","Q54153","3337500","","","223407","kujawsko-pomorskie","1.0","Exact match via skos:altLabel [global index] | 'Kujawsko-Pomorskie' -> 'kujawsko-pomorskie' | [normalised: stripped -> 'Kujawsko-Pomorskie']","Polen","Q36","798544","7006366","2054097","49715","Polen","1.0","Exact match via rdfs:label [global index] | 'Polen' -> 'Polen'","BKK","","","Grygiel 2008","Q139304642","unbek.","Q59496158","200","218","Georeferenzierung einer gedruckten Karte","Printpublikation","georeferenziert wurde gedrucktes Kartenmaterial von  Grygiel 2008","18.92","52.6","-4350","+/- 50 years","-3900","+/- 100 years","","low precision, as only stylistic dating","http://n2t.net/ark:/99152/p0j9r7233z7","exactMatch",""
"Grygiel 2008, Karte 1","Q139304642","7","176","Guźlin 1","Gmina Brześć Kujawski","Q2463096","7533049","","","2635744","Gmina Brześć Kujawski","1.0","Exact match via rdfs:label [global index] | 'Gmina Brześć Kujawski' -> 'Gmina Brześć Kujawski'","pow. Włocławski","Q774833","7530921","","","2616205","powiat włocławski","1.0","Exact match via rdfs:label [global index] | 'Powiat Włocławski' -> 'powiat włocławski'","Woj. Kujawsko-Pomorskie","Q54153","3337500","","","223407","kujawsko-pomorskie","1.0","Exact match via skos:altLabel [global index] | 'Kujawsko-Pomorskie' -> 'kujawsko-pomorskie' | [normalised: stripped -> 'Kujawsko-Pomorskie']","Polen","Q36","798544","7006366","2054097","49715","Polen","1.0","Exact match via rdfs:label [global index] | 'Polen' -> 'Polen'","BKK","","","Grygiel 2008","Q139304642","unbek.","Q59496158","200","219","Georeferenzierung einer gedruckten Karte","Printpublikation","georeferenziert wurde gedrucktes Kartenmaterial von  Grygiel 2008","18.93","52.6","-4350","+/- 50 years","-3900","+/- 100 years","","low precision, as only stylistic dating","http://n2t.net/ark:/99152/p0j9r7233z7","exactMatch",""
"Grygiel 2008, Karte 1","Q139304642","14","328","Pikutkowo 6a","Gmina Brześć Kujawski","Q2463096","7533049","","","2635744","Gmina Brześć Kujawski","1.0","Exact match via rdfs:label [global index] | 'Gmina Brześć Kujawski' -> 'Gmina Brześć Kujawski'","pow. Włocławski","Q774833","7530921","","","2616205","powiat włocławski","1.0","Exact match via rdfs:label [global index] | 'Powiat Włocławski' -> 'powiat włocławski'","Woj. Kujawsko-Pomorskie","Q54153","3337500","","","223407","kujawsko-pomorskie","1.0","Exact match via skos:altLabel [global index] | 'Kujawsko-Pomorskie' -> 'kujawsko-pomorskie' | [normalised: stripped -> 'Kujawsko-Pomorskie']","Polen","Q36","798544","7006366","2054097","49715","Polen","1.0","Exact match via rdfs:label [global index] | 'Polen' -> 'Polen'","BKK","","","Grygiel 2008","Q139304642","unbek.","Q59496158","200","220","Georeferenzierung einer gedruckten Karte","Printpublikation","georeferenziert wurde gedrucktes Kartenmaterial von  Grygiel 2008","18.95","52.63","-4350","+/- 50 years","-3900","+/- 100 years","","low precision, as only stylistic dating","http://n2t.net/ark:/99152/p0j9r7233z7","exactMatch",""
"Grygiel 2008, Karte 1","Q139304642","13","327","Pikutkowo 6","Gmina Brześć Kujawski","Q2463096","7533049","","","2635744","Gmina Brześć Kujawski","1.0","Exact match via rdfs:label [global index] | 'Gmina Brześć Kujawski' -> 'Gmina Brześć Kujawski'","pow. Włocławski","Q774833","7530921","","","2616205","powiat włocławski","1.0","Exact match via rdfs:label [global index] | 'Powiat Włocławski' -> 'powiat włocławski'","Woj. Kujawsko-Pomorskie","Q54153","3337500","","","223407","kujawsko-pomorskie","1.0","Exact match via skos:altLabel [global index] | 'Kujawsko-Pomorskie' -> 'kujawsko-pomorskie' | [normalised: stripped -> 'Kujawsko-Pomorskie']","Polen","Q36","798544","7006366","2054097","49715","Polen","1.0","Exact match via rdfs:label [global index] | 'Polen' -> 'Polen'","BKK","","","Grygiel 2008","Q139304642","unbek.","Q59496158","200","221","Georeferenzierung einer gedruckten Karte","Printpublikation","georeferenziert wurde gedrucktes Kartenmaterial von  Grygiel 2008","18.95","52.63","-4350","+/- 50 years","-3900","+/- 100 years","","low precision, as only stylistic dating","http://n2t.net/ark:/99152/p0j9r7233z7","exactMatch",""
"Grygiel 2008, Karte 1","Q139304642","12","329","Pikutkowo 88 (motorway)","Gmina Brześć Kujawski","Q2463096","7533049","","","2635744","Gmina Brześć Kujawski","1.0","Exact match via rdfs:label [global index] | 'Gmina Brześć Kujawski' -> 'Gmina Brześć Kujawski'","pow. Włocławski","Q774833","7530921","","","2616205","powiat włocławski","1.0","Exact match via rdfs:label [global index] | 'Powiat Włocławski' -> 'powiat włocławski'","Woj. Kujawsko-Pomorskie","Q54153","3337500","","","223407","kujawsko-pomorskie","1.0","Exact match via skos:altLabel [global index] | 'Kujawsko-Pomorskie' -> 'kujawsko-pomorskie' | [normalised: stripped -> 'Kujawsko-Pomorskie']","Polen","Q36","798544","7006366","2054097","49715","Polen","1.0","Exact match via rdfs:label [global index] | 'Polen' -> 'Polen'","BKK","","","Grygiel 2008","Q139304642","unbek.","Q59496158","200","222","Georeferenzierung einer gedruckten Karte","Printpublikation","georeferenziert wurde gedrucktes Kartenmaterial von  Grygiel 2008","18.97","52.62","-4350","+/- 50 years","-3900","+/- 100 years","","low precision, as only stylistic dating","http://n2t.net/ark:/99152/p0j9r7233z7","exactMatch",""
"Grygiel 2008, Karte 1","Q139304642","11","412","Smólsk U/98","Gmina Włocławek","Q749271","7532846","","","2635731","Gmina Włocławek","1.0","Exact match via rdfs:label [global index] | 'Gmina Włocławek' -> 'Gmina Włocławek'","pow. Włocławski","Q774833","7530921","","","2616205","powiat włocławski","1.0","Exact match via rdfs:label [global index] | 'Powiat Włocławski' -> 'powiat włocławski'","Woj. Kujawsko-Pomorskie","Q54153","3337500","","","223407","kujawsko-pomorskie","1.0","Exact match via skos:altLabel [global index] | 'Kujawsko-Pomorskie' -> 'kujawsko-pomorskie' | [normalised: stripped -> 'Kujawsko-Pomorskie']","Polen","Q36","798544","7006366","2054097","49715","Polen","1.0","Exact match via rdfs:label [global index] | 'Polen' -> 'Polen'","BKK","","","Grygiel 2008","Q139304642","unbek.","Q59496158","200","223","Georeferenzierung einer gedruckten Karte","Printpublikation","georeferenziert wurde gedrucktes Kartenmaterial von  Grygiel 2008","18.98","52.61","-4350","+/- 50 years","-3900","+/- 100 years","","low precision, as only stylistic dating","http://n2t.net/ark:/99152/p0j9r7233z7","exactMatch",""
"Grygiel 2008, Karte 1","Q139304642","10","413","Smólsk Y/98","Gmina Włocławek","Q749271","7532846","","","2635731","Gmina Włocławek","1.0","Exact match via rdfs:label [global index] | 'Gmina Włocławek' -> 'Gmina Włocławek'","pow. Włocławski","Q774833","7530921","","","2616205","powiat włocławski","1.0","Exact match via rdfs:label [global index] | 'Powiat Włocławski' -> 'powiat włocławski'","Woj. Kujawsko-Pomorskie","Q54153","3337500","","","223407","kujawsko-pomorskie","1.0","Exact match via skos:altLabel [global index] | 'Kujawsko-Pomorskie' -> 'kujawsko-pomorskie' | [normalised: stripped -> 'Kujawsko-Pomorskie']","Polen","Q36","798544","7006366","2054097","49715","Polen","1.0","Exact match via rdfs:label [global index] | 'Polen' -> 'Polen'","BKK","","","Grygiel 2008","Q139304642","unbek.","Q59496158","200","224","Georeferenzierung einer gedruckten Karte","Printpublikation","georeferenziert wurde gedrucktes Kartenmaterial von  Grygiel 2008","18.98","52.6","-4350","+/- 50 years","-3900","+/- 100 years","","low precision, as only stylistic dating","http://n2t.net/ark:/99152/p0j9r7233z7","exactMatch",""
"Grygiel 2008, Karte 1","Q139304642","9","411","Smólsk 4","Gmina Włocławek","Q749271","7532846","","","2635731","Gmina Włocławek","1.0","Exact match via rdfs:label [global index] | 'Gmina Włocławek' -> 'Gmina Włocławek'","pow. Włocławski","Q774833","7530921","","","2616205","powiat włocławski","1.0","Exact match via rdfs:label [global index] | 'Powiat Włocławski' -> 'powiat włocławski'","Woj. Kujawsko-Pomorskie","Q54153","3337500","","","223407","kujawsko-pomorskie","1.0","Exact match via skos:altLabel [global index] | 'Kujawsko-Pomorskie' -> 'kujawsko-pomorskie' | [normalised: stripped -> 'Kujawsko-Pomorskie']","Polen","Q36","798544","7006366","2054097","49715","Polen","1.0","Exact match via rdfs:label [global index] | 'Polen' -> 'Polen'","SBK","","","Grygiel 2008","Q139304642","unbek.","Q59496158","200","225","Georeferenzierung einer gedruckten Karte","Printpublikation","georeferenziert wurde gedrucktes Kartenmaterial von  Grygiel 2008","18.98","52.6","-4800","+/- 100 years","-4350","+/- 100 years","Q816829","low precision, as only stylistic dating","http://n2t.net/ark:/99152/p0wctqtnkjq","relatedMatch",""
"Grygiel 2008, Karte 1","Q139304642","9","411","Smólsk 4","Gmina Włocławek","Q749271","7532846","","","2635731","Gmina Włocławek","1.0","Exact match via rdfs:label [global index] | 'Gmina Włocławek' -> 'Gmina Włocławek'","pow. Włocławski","Q774833","7530921","","","2616205","powiat włocławski","1.0","Exact match via rdfs:label [global index] | 'Powiat Włocławski' -> 'powiat włocławski'","Woj. Kujawsko-Pomorskie","Q54153","3337500","","","223407","kujawsko-pomorskie","1.0","Exact match via skos:altLabel [global index] | 'Kujawsko-Pomorskie' -> 'kujawsko-pomorskie' | [normalised: stripped -> 'Kujawsko-Pomorskie']","Polen","Q36","798544","7006366","2054097","49715","Polen","1.0","Exact match via rdfs:label [global index] | 'Polen' -> 'Polen'","BKK","","","Grygiel 2008","Q139304642","unbek.","Q59496158","200","226","Georeferenzierung einer gedruckten Karte","Printpublikation","georeferenziert wurde gedrucktes Kartenmaterial von  Grygiel 2008","18.98","52.6","-4350","+/- 50 years","-3900","+/- 100 years","","low precision, as only stylistic dating","http://n2t.net/ark:/99152/p0j9r7233z7","exactMatch",""
"Czerniak","Q11753457","","248","Kruszynek 6","Włocławek","Q749271","7532846","","","2635731","Włocławek","1.0","Exact match via rdfs:label [global index] | 'Włocławek' -> 'Włocławek'","pow. Włocławski","Q774833","7530921","","","2616205","powiat włocławski","1.0","Exact match via rdfs:label [global index] | 'Powiat Włocławski' -> 'powiat włocławski'","Woj. Kujawsko-Pomorskie","Q54153","3337500","","","223407","kujawsko-pomorskie","1.0","Exact match via skos:altLabel [global index] | 'Kujawsko-Pomorskie' -> 'kujawsko-pomorskie' | [normalised: stripped -> 'Kujawsko-Pomorskie']","Polen","Q36","798544","7006366","2054097","49715","Polen","1.0","Exact match via rdfs:label [global index] | 'Polen' -> 'Polen'","BKK","Ausgrabung","Q959782","Czerniak/Pyzel 2016","Q139304607","Siedlung","Q486972","3000","227","Mittelpunkt der Gemeinde","Printpublikation","die Gemeinde wurde in digitalen Kartenwerken nachgeschlagen und der ungefähre Mittelpunkt der Gemeinde ausgelesen","19","52.57","-4350","+/- 50 years","-3900","+/- 100 years","","low precision, as only stylistic dating","http://n2t.net/ark:/99152/p0j9r7233z7","exactMatch",""
"Czerniak 2007, Karte 1","Q139304629","4","377","Równina Dolna III","Korsze","Q554998","7533137","","","2979014","Korsze","1.0","Exact match via rdfs:label [global index] | 'Korsze' -> 'Korsze'","pow. Kętrzyński","Q1135341","7530860","","","2675556","powiat kętrzyński","1.0","Exact match via rdfs:label [global index] | 'Powiat Kętrzyński' -> 'powiat kętrzyński'","Woj. Warmińsko-Mazurskie","Q54184","858791","","","223408","warmińsko-mazurskie","1.0","Exact match via skos:altLabel [global index] | 'Warmińsko-Mazurskie' -> 'warmińsko-mazurskie' | [normalised: stripped -> 'Warmińsko-Mazurskie']","Polen","Q36","798544","7006366","2054097","49715","Polen","1.0","Exact match via rdfs:label [global index] | 'Polen' -> 'Polen'","SBK","Ausgrabung Jacek Wysocki und Małgorzata Rybicka","Q959782","Rybicka/Wysocki 2004","Q139304645","unbek.","Q59496158","50","228","Georeferenzierung einer gedruckten Karte","Printpublikation","georeferenziert wurde gedrucktes Kartenmaterial von  Czerniak 2007","21.23","54.19","-4800","+/- 100 years","-4350","+/- 100 years","Q816829","low precision, as only stylistic dating","http://n2t.net/ark:/99152/p0wctqtnkjq","relatedMatch",""
"von Richthofen 1930, Karte 2","Q139304635","34","390","Schmergow","Groß Kreutz (Havel)","Q625962","6551177","","","966648","Groß Kreutz (Havel)","1.0","Exact match via rdfs:label [global index] | 'Groß Kreutz (Havel)' -> 'Groß Kreutz (Havel)'","Potsdam-Mittelmark","Q6142","2852456","7120830","","62353","Potsdam-Mittelmark","1.0","Exact match via skos:altLabel [global index] | 'Potsdam-Mittelmark' -> 'Potsdam-Mittelmark'","Brandenburg","Q1208","2945356","7000096","2048409","62504","Brandenburg","1.0","Exact match via rdfs:label [global index] | 'Brandenburg' -> 'Brandenburg'","Deutschland","Q183","2921044","7000084","2044274","51477","Deutschland","1.0","Exact match via rdfs:label [global index] | 'Deutschland' -> 'Deutschland'","SBK","","","Umbreit 1937","Q139304632","unbek.","Q59496158","2000","230","Georeferenzierung einer gedruckten Karte","Printpublikation","georeferenziert wurde gedrucktes Kartenmaterial von  von Richthofen 1930","12.81","52.46","-4800","+/- 100 years","-4750","+/- 100 years","Q816829","low precision, as only stylistic dating","http://n2t.net/ark:/99152/p0wctqtnkjq","relatedMatch",""
"Zabytek.pl","Q43301933","","312","Nowe Obezierze 22","Moryń","Q557304","7533525","","","2907351","Moryń","1.0","Exact match via rdfs:label [global index] | 'Moryń' -> 'Moryń'","pow. Gryfiński","Q326895","","","","","Powiat Gryfiński","1.0","Direct override | 'pow. Gryfiński' -> QID=Q326895 | [override -> QID=Q326895]","Woj. Lubuskie","Q54157","3337494","","","130969","lubuskie","1.0","Exact match via skos:altLabel [global index] | 'Lubuskie' -> 'lubuskie' | [normalised: stripped -> 'Lubuskie']","Polen","Q36","798544","7006366","2054097","49715","Polen","1.0","Exact match via rdfs:label [global index] | 'Polen' -> 'Polen'","SBK","Ausgrabung","Q959782","Czerniak et al. 2020","Q139304648","Siedlung, Kreisgrabenanlage","Q1787688","100","231","Übernahme aus externer Datenbank","digitale Datenbank","Fundstellen wurden in der digitalen Datenbank Zabytek gesucht und Koordinaten ausgelesen","14.34","52.85","-4800","+/- 100 years","-4350","+/- 100 years","Q816829","low precision, as only stylistic dating","http://n2t.net/ark:/99152/p0wctqtnkjq","relatedMatch",""
"Umbreit 1937","Q139304632","8","124","Frankfurt/Oder - Ebertus Str.","Frankfurt (Oder)","Q445993","","","","","Frankfurt (Oder) city","1.0","Direct override | 'Frankfurt (Oder)' -> QID=Q445993 | [override -> QID=Q445993]","Frankfurt (Oder)","Q4024","2925535","7005972","","62523","Frankfurt (Oder)","1.0","Exact match via rdfs:label [global index] | 'Frankfurt (Oder)' -> 'Frankfurt (Oder)'","Brandenburg","Q1208","2945356","7000096","2048409","62504","Brandenburg","1.0","Exact match via rdfs:label [global index] | 'Brandenburg' -> 'Brandenburg'","Deutschland","Q183","2921044","7000084","2044274","51477","Deutschland","1.0","Exact match via rdfs:label [global index] | 'Deutschland' -> 'Deutschland'","SBK","","","Umbreit 1937","Q139304632","unbek.","Q59496158","200","232","Georeferenzierung einer gedruckten Karte","Printpublikation","In der Quelle wurden Straße und Hausnummer angegeben, die in modernen digitalen Karten nachgeschlagen wurden","14.54","52.34","-4700","+/- 100 years","-4400","+/- 100 years","Q816829","low precision, as only stylistic dating","http://n2t.net/ark:/99152/p0j9r72g96p","exactMatch",""
"Berlekamp 1966, Liste 9","Q139304613","8","125","Frankfurt/Oder unbek.","Frankfurt (Oder)","Q445993","","","","","Frankfurt (Oder) city","1.0","Direct override | 'Frankfurt (Oder)' -> QID=Q445993 | [override -> QID=Q445993]","Frankfurt (Oder)","Q4024","2925535","7005972","","62523","Frankfurt (Oder)","1.0","Exact match via rdfs:label [global index] | 'Frankfurt (Oder)' -> 'Frankfurt (Oder)'","Brandenburg","Q1208","2945356","7000096","2048409","62504","Brandenburg","1.0","Exact match via rdfs:label [global index] | 'Brandenburg' -> 'Brandenburg'","Deutschland","Q183","2921044","7000084","2044274","51477","Deutschland","1.0","Exact match via rdfs:label [global index] | 'Deutschland' -> 'Deutschland'","SBK","Ausgrabung","Q959782","Umbreit 1937","Q139304632","unbek.","Q59496158","5000","233","Mittelpunkt der Gemeinde","Printpublikation","die Gemeinde wurde in digitalen Kartenwerken nachgeschlagen und der ungefähre Mittelpunkt der Gemeinde ausgelesen","14.53","52.34","-4700","+/- 100 years","-4400","+/- 100 years","Q816829","low precision, as only stylistic dating","http://n2t.net/ark:/99152/p0j9r72g96p","exactMatch",""
"Umbreit 1937","Q139304632","8","123","Frankfurt/Oder - Danziger Str.","Frankfurt (Oder)","Q445993","","","","","Frankfurt (Oder) city","1.0","Direct override | 'Frankfurt (Oder)' -> QID=Q445993 | [override -> QID=Q445993]","Frankfurt (Oder)","Q4024","2925535","7005972","","62523","Frankfurt (Oder)","1.0","Exact match via rdfs:label [global index] | 'Frankfurt (Oder)' -> 'Frankfurt (Oder)'","Brandenburg","Q1208","2945356","7000096","2048409","62504","Brandenburg","1.0","Exact match via rdfs:label [global index] | 'Brandenburg' -> 'Brandenburg'","Deutschland","Q183","2921044","7000084","2044274","51477","Deutschland","1.0","Exact match via rdfs:label [global index] | 'Deutschland' -> 'Deutschland'","SBK","","","Umbreit 1937","Q139304632","unbek.","Q59496158","100","234","Georeferenzierung einer gedruckten Karte","Printpublikation","In der Quelle wurden Straße und Hausnummer angegeben, die in modernen digitalen Karten nachgeschlagen wurden","14.52","52.35","-4700","+/- 100 years","-4400","+/- 100 years","Q816829","low precision, as only stylistic dating","http://n2t.net/ark:/99152/p0j9r72g96p","exactMatch",""
"Zabytek.pl","Q43301933","","288","Mierzyn 4","Gmina Dobra","Q557090","7532918","","","342936","Gmina Dobra","1.0","Exact match via rdfs:label [global index] | 'Gmina Dobra' -> 'Gmina Dobra'","pow. Policki","Q558696","7530844","","","343814","powiat policki","1.0","Exact match via rdfs:label [global index] | 'Powiat Policki' -> 'powiat policki'","Woj. Zachodniopomorskie","Q54188","3337499","","","104401","zachodniopomorskie","1.0","Exact match via skos:altLabel [global index] | 'Zachodniopomorskie' -> 'zachodniopomorskie' | [normalised: stripped -> 'Zachodniopomorskie']","Polen","Q36","798544","7006366","2054097","49715","Polen","1.0","Exact match via rdfs:label [global index] | 'Polen' -> 'Polen'","SBK","Ausgrabung","Q959782","Kunkel 1939","Q139304644","unbek.","Q59496158","100","235","Übernahme aus externer Datenbank","digitale Datenbank","Fundstellen wurden in der digitalen Datenbank Zabytek gesucht und Koordinaten ausgelesen","14.44","53.42","-4800","+/- 100 years","-4350","+/- 100 years","Q816829","low precision, as only stylistic dating","http://n2t.net/ark:/99152/p0wctqtnkjq","relatedMatch",""
"Berlekamp 1966, Liste 9","Q139304613","12","287","Mierzyn 2a","Gmina Dobra","Q557090","7532918","","","342936","Gmina Dobra","1.0","Exact match via rdfs:label [global index] | 'Gmina Dobra' -> 'Gmina Dobra'","pow. Policki","Q558696","7530844","","","343814","powiat policki","1.0","Exact match via rdfs:label [global index] | 'Powiat Policki' -> 'powiat policki'","Woj. Zachodniopomorskie","Q54188","3337499","","","104401","zachodniopomorskie","1.0","Exact match via skos:altLabel [global index] | 'Zachodniopomorskie' -> 'zachodniopomorskie' | [normalised: stripped -> 'Zachodniopomorskie']","Polen","Q36","798544","7006366","2054097","49715","Polen","1.0","Exact match via rdfs:label [global index] | 'Polen' -> 'Polen'","SBK","","","Berlekamp 1966,","Q139304613","unbek.","Q59496158","3000","236","Mittelpunkt der Gemeinde","Printpublikation","die Gemeinde wurde in digitalen Kartenwerken nachgeschlagen und der ungefähre Mittelpunkt der Gemeinde ausgelesen","14.47","53.43","-4800","+/- 100 years","-4350","+/- 100 years","Q816829","low precision, as only stylistic dating","http://n2t.net/ark:/99152/p0wctqtnkjq","relatedMatch",""
"Berlekamp 1966, Liste 9","Q139304613","12","290","Mierzyn 6","Gmina Dobra","Q557090","7532918","","","342936","Gmina Dobra","1.0","Exact match via rdfs:label [global index] | 'Gmina Dobra' -> 'Gmina Dobra'","pow. Policki","Q558696","7530844","","","343814","powiat policki","1.0","Exact match via rdfs:label [global index] | 'Powiat Policki' -> 'powiat policki'","Woj. Zachodniopomorskie","Q54188","3337499","","","104401","zachodniopomorskie","1.0","Exact match via skos:altLabel [global index] | 'Zachodniopomorskie' -> 'zachodniopomorskie' | [normalised: stripped -> 'Zachodniopomorskie']","Polen","Q36","798544","7006366","2054097","49715","Polen","1.0","Exact match via rdfs:label [global index] | 'Polen' -> 'Polen'","SBK","","","Kunkel 1939","Q139304644","unbek.","Q59496158","3000","237","Mittelpunkt der Gemeinde","Printpublikation","die Gemeinde wurde in digitalen Kartenwerken nachgeschlagen und der ungefähre Mittelpunkt der Gemeinde ausgelesen","14.47","53.43","-4800","+/- 100 years","-4350","+/- 100 years","Q816829","low precision, as only stylistic dating","http://n2t.net/ark:/99152/p0wctqtnkjq","relatedMatch",""
"Dorka 1939","Q139304641","","236","Kosin 6","Gmina Przelewice","Q557756","7531547","","","2896986","gmina Przelewice","1.0","Exact match via skos:altLabel [global index] | 'Gmina Przelewice' -> 'gmina Przelewice'","pow. Pyrzycki","Q1411599","7530845","","","2662787","powiat pyrzycki","1.0","Exact match via rdfs:label [global index] | 'Powiat Pyrzycki' -> 'powiat pyrzycki'","Woj. Zachodniopomorskie","Q54188","3337499","","","104401","zachodniopomorskie","1.0","Exact match via skos:altLabel [global index] | 'Zachodniopomorskie' -> 'zachodniopomorskie' | [normalised: stripped -> 'Zachodniopomorskie']","Polen","Q36","798544","7006366","2054097","49715","Polen","1.0","Exact match via rdfs:label [global index] | 'Polen' -> 'Polen'","Guhrau","Ausgrabung","Q959782","Dorka 1939","Q139304641","unbek.","Q59496158","500","238","Mittelpunkt der Gemeinde","Printpublikation","die Gemeinde wurde in digitalen Kartenwerken nachgeschlagen und der ungefähre Mittelpunkt der Gemeinde ausgelesen","15.06","53.09","-4600","+/- 200 years","-4000","+/- 300 years","Q816829","very uncertain, no dated features","","",""
"Zabytek.pl","Q43301933","","379","Ryszewko 2/Klein-Rieschow","Gmina Pyrzyce","Q557594","7533464","","","2896987","Gmina Pyrzyce","1.0","Exact match via rdfs:label [global index] | 'Gmina Pyrzyce' -> 'Gmina Pyrzyce'","pow. Pyrzycki","Q1411599","7530845","","","2662787","powiat pyrzycki","1.0","Exact match via rdfs:label [global index] | 'Powiat Pyrzycki' -> 'powiat pyrzycki'","Woj. Zachodniopomorskie","Q54188","3337499","","","104401","zachodniopomorskie","1.0","Exact match via skos:altLabel [global index] | 'Zachodniopomorskie' -> 'zachodniopomorskie' | [normalised: stripped -> 'Zachodniopomorskie']","Polen","Q36","798544","7006366","2054097","49715","Polen","1.0","Exact match via rdfs:label [global index] | 'Polen' -> 'Polen'","SBK","unbek.","","Umbreit 1937","Q139304632","unbek.","Q59496158","100","239","Übernahme aus externer Datenbank","digitale Datenbank","Fundstellen wurden in der digitalen Datenbank Zabytek gesucht und Koordinaten ausgelesen","14.85","53.2","-4800","+/- 100 years","-4350","+/- 100 years","Q816829","low precision, as only stylistic dating","http://n2t.net/ark:/99152/p0wctqtnkjq","relatedMatch",""
"Denkmaldaten / BLDAM 2021","Q897952","12485","129","Friesack 4","Friesack","Q585632","6550607","","","1342247","Friesack","1.0","Exact match via rdfs:label [global index] | 'Friesack' -> 'Friesack'","Havelland","Q6139","","","","","Havelland","1.0","Direct override | 'Havelland' -> QID=Q6139 | [override -> QID=Q6139]","Brandenburg","Q1208","2945356","7000096","2048409","62504","Brandenburg","1.0","Exact match via rdfs:label [global index] | 'Brandenburg' -> 'Brandenburg'","Deutschland","Q183","2921044","7000084","2044274","51477","Deutschland","1.0","Exact match via rdfs:label [global index] | 'Deutschland' -> 'Deutschland'","Rössener Kultur","Ausgrabung","Q959782","Wetzel/Beran 2023","Q139304633","Siedlung","Q486972","0","240","Übernahme aus externer Datenbank","Strukturen des Landesdenkmalamts","die Koordinaten wurden beim BLDAM angefragt und übernommen","12.54","52.75","-4700","+/- 100 years","-4400","+/- 100 years","Q816829","low precision, as only stylistic dating","http://n2t.net/ark:/99152/p066jt92nth","closeMatch",""
"Denkmaldaten / BLDAM 2021","Q897952","1348","436","Trebatsch/Sabrodt 1","Sabrodt","Q78498958","","","","","Sabrodt","1.0","Transitive P131+ exact match | 'Sabrodt' -> 'Sabrodt'","Oder-Spree","Q6178","3249086","7076938","","62628","Oder-Spree","1.0","Exact match via skos:altLabel [global index] | 'Oder-Spree' -> 'Oder-Spree'","Brandenburg","Q1208","2945356","7000096","2048409","62504","Brandenburg","1.0","Exact match via rdfs:label [global index] | 'Brandenburg' -> 'Brandenburg'","Deutschland","Q183","2921044","7000084","2044274","51477","Deutschland","1.0","Exact match via rdfs:label [global index] | 'Deutschland' -> 'Deutschland'","SBK?","Einzelfund","Q1144458","Wetzel/Beran 2023","Q139304633","unbek.","Q59496158","0","241","Übernahme aus externer Datenbank","Strukturen des Landesdenkmalamts","die Koordinaten wurden beim BLDAM angefragt und übernommen","14.2","52.09","-4700","+/- 100 years","-4400","+/- 100 years","Q816829","low precision, as only stylistic dating","http://n2t.net/ark:/99152/p0j9r72g96p","exactMatch",""
"Czerniak 2007, Karte 1","Q139304629","4","377","Równina Dolna III","Korsze","Q554998","7533137","","","2979014","Korsze","1.0","Exact match via rdfs:label [global index] | 'Korsze' -> 'Korsze'","pow. Kętrzyński","Q1135341","7530860","","","2675556","powiat kętrzyński","1.0","Exact match via rdfs:label [global index] | 'Powiat Kętrzyński' -> 'powiat kętrzyński'","Woj. Warmińsko-Mazurskie","Q54184","858791","","","223408","warmińsko-mazurskie","1.0","Exact match via skos:altLabel [global index] | 'Warmińsko-Mazurskie' -> 'warmińsko-mazurskie' | [normalised: stripped -> 'Warmińsko-Mazurskie']","Polen","Q36","798544","7006366","2054097","49715","Polen","1.0","Exact match via rdfs:label [global index] | 'Polen' -> 'Polen'","BKK","Ausgrabung Jacek Wysocki und Małgorzata Rybicka","Q959782","Rybicka/Wysocki 2004","Q139304645","unbek.","Q59496158","50","242","Georeferenzierung einer gedruckten Karte","Printpublikation","georeferenziert wurde gedrucktes Kartenmaterial von  Czerniak 2007","21.23","54.19","-4350","+/- 50 years","-3900","+/- 100 years","","low precision, as only stylistic dating","http://n2t.net/ark:/99152/p0j9r7233z7","exactMatch",""
"Kulczycka-Leciejewiczowa 1993, Karte 1","Q139304628","25","266","Łomy","Gmina Gubin","Q1951800","7532667","","","2880618","Gmina Gubin","1.0","Exact match via rdfs:label [global index] | 'Gmina Gubin' -> 'Gmina Gubin'","pow. Krosno Odrzańskie","Q317835","","","","","Powiat Krośnieński","1.0","Direct override | 'pow. Krosno Odrzańskie' -> QID=Q317835 | [override -> QID=Q317835]","Woj. Lubuskie","Q54157","3337494","","","130969","lubuskie","1.0","Exact match via skos:altLabel [global index] | 'Lubuskie' -> 'lubuskie' | [normalised: stripped -> 'Lubuskie']","Polen","Q36","798544","7006366","2054097","49715","Polen","1.0","Exact match via rdfs:label [global index] | 'Polen' -> 'Polen'","SBK","unbek.","","Kulczycka-Leciejewiczowa 1993","Q139304628","unbek.","Q59496158","2000","243","Mittelpunkt der Gemeinde","Printpublikation","die Gemeinde wurde in digitalen Kartenwerken nachgeschlagen und der ungefähre Mittelpunkt der Gemeinde ausgelesen","14.8","52.06","-4800","+/- 100 years","-4350","+/- 100 years","Q816829","low precision, as only stylistic dating","http://n2t.net/ark:/99152/p0wctqtnkjq","relatedMatch",""
"Umbreit 1940","Q139459720","","260","Lietzow-Buddelin/Saiser 1","Lietzow","Q339009","6548420","1037209","","1437546","Lietzow","1.0","Transitive P131+ exact match | 'Lietzow' -> 'Lietzow'","Kreis Rügen","Q2909","","","","","Vorpommern-Rügen","1.0","Direct override | 'Kreis Rügen' -> QID=Q2909 | [stripped -> 'Rügen'; override -> QID=Q2909]","MVP","Q1196","2872567","7000094","2049592","28322","Mecklenburg-Vorpommern","1.0","Exact match via rdfs:label [global index] | 'Mecklenburg-Vorpommern' -> 'Mecklenburg-Vorpommern' | [normalised: alias 'MVP' -> 'Mecklenburg-Vorpommern']","Deutschland","Q183","2921044","7000084","2044274","51477","Deutschland","1.0","Exact match via rdfs:label [global index] | 'Deutschland' -> 'Deutschland'","Guhrau","Ausgrabung","","Umbreit 1940","Q139459720","unbek.","Q59496158","50","244","Übernahme aus externer Datenbank","Expertenwissen","Koordinaten von Kollegen erhalten","13.53","54.48","-4600","+/- 200 years","-4000","+/- 300 years","Q816829","very uncertain, no dated features","","",""
"Denkmaldaten / BLDAM 2021","Q897952","3761","104","Drebkau 2","Drebkau","Q572518","6550655","","","1322549","Drebkau","1.0","Exact match via rdfs:label [global index] | 'Drebkau' -> 'Drebkau'","Spree-Neiße","Q6165","3249089","7076935","","62683","Spree-Neiße","1.0","Exact match via skos:altLabel [global index] | 'Spree-Neiße' -> 'Spree-Neiße'","Brandenburg","Q1208","2945356","7000096","2048409","62504","Brandenburg","1.0","Exact match via rdfs:label [global index] | 'Brandenburg' -> 'Brandenburg'","Deutschland","Q183","2921044","7000084","2044274","51477","Deutschland","1.0","Exact match via rdfs:label [global index] | 'Deutschland' -> 'Deutschland'","SBK","Einzelfund","Q1144458","","","unbek.","Q59496158","0","245","Übernahme aus externer Datenbank","Strukturen des Landesdenkmalamts","die Koordinaten wurden beim BLDAM angefragt und übernommen","14.23","51.65","-4700","+/- 100 years","-4400","+/- 100 years","Q816829","low precision, as only stylistic dating","http://n2t.net/ark:/99152/p0j9r72g96p","exactMatch",""
"Ciesielski/Goczyca 2013","Q139304640","","286","Międzyrzecz 11","Gmina Międzyrzecz","Q2181160","7533483","","","2881701","Gmina Międzyrzecz","1.0","Exact match via rdfs:label [global index] | 'Gmina Międzyrzecz' -> 'Gmina Międzyrzecz'","pow. Międzyrzecki","Q317917","7530979","","","2663893","powiat międzyrzecki","1.0","Exact match via rdfs:label [global index] | 'Powiat Międzyrzecki' -> 'powiat międzyrzecki'","Woj. Lubuskie","Q54157","3337494","","","130969","lubuskie","1.0","Exact match via skos:altLabel [global index] | 'Lubuskie' -> 'lubuskie' | [normalised: stripped -> 'Lubuskie']","Polen","Q36","798544","7006366","2054097","49715","Polen","1.0","Exact match via rdfs:label [global index] | 'Polen' -> 'Polen'","SBK","Ausgrabung","Q959782","Ciesielski/Goczyca 2013","Q139304640","Siedlung","Q486972","50","246","Georeferenzierung einer gedruckten Karte","Printpublikation","georeferenziert wurde gedrucktes Kartenmaterial von Ciesielski/Gozycza 2013","15.56","52.45","-4800","+/- 100 years","-4350","+/- 100 years","Q816829","low precision, as only stylistic dating","http://n2t.net/ark:/99152/p0j9r729p9b","exactMatch",""
"Zabytek.pl","Q43301933","","346","Poznań - Dębiec 1","Gmina Poznań","Q268","","","","","Poznań","1.0","Direct override | 'Gmina Poznań' -> QID=Q268 | [override -> QID=Q268]","pow. Poznanski","Q101575","7530994","","","2406440","powiat poznański","0.9375","Fuzzy match (score=0.94) via rdfs:label [global index] | 'Powiat Poznanski' -> 'powiat poznański'","Woj. Wielkopolskie","Q54187","3337498","7024119","","130971","wielkopolskie","1.0","Exact match via skos:altLabel [global index] | 'Wielkopolskie' -> 'wielkopolskie' | [normalised: stripped -> 'Wielkopolskie']","Polen","Q36","798544","7006366","2054097","49715","Polen","1.0","Exact match via rdfs:label [global index] | 'Polen' -> 'Polen'","SBK","Ausgrabung","Q959782","Smoczyńska 1952","Q139304630","unbek.","Q59496158","200","247","Übernahme aus externer Datenbank","digitale Datenbank","Fundstellen wurden in der digitalen Datenbank Zabytek gesucht und Koordinaten ausgelesen","16.92","52.38","-4800","+/- 100 years","-4350","+/- 100 years","Q816829","low precision, as only stylistic dating","http://n2t.net/ark:/99152/p0wctqtnkjq","relatedMatch",""
"Zabytek.pl","Q43301933","","347","Poznań - Dębiec 2","Gmina Poznań","Q268","","","","","Poznań","1.0","Direct override | 'Gmina Poznań' -> QID=Q268 | [override -> QID=Q268]","pow. Poznanski","Q101575","7530994","","","2406440","powiat poznański","0.9375","Fuzzy match (score=0.94) via rdfs:label [global index] | 'Powiat Poznanski' -> 'powiat poznański'","Woj. Wielkopolskie","Q54187","3337498","7024119","","130971","wielkopolskie","1.0","Exact match via skos:altLabel [global index] | 'Wielkopolskie' -> 'wielkopolskie' | [normalised: stripped -> 'Wielkopolskie']","Polen","Q36","798544","7006366","2054097","49715","Polen","1.0","Exact match via rdfs:label [global index] | 'Polen' -> 'Polen'","SBK","Ausgrabung","Q959782","Smoczyńska 1952","Q139304630","Siedlung","Q486972","200","248","Übernahme aus externer Datenbank","digitale Datenbank","Fundstellen wurden in der digitalen Datenbank Zabytek gesucht und Koordinaten ausgelesen","16.92","52.37","-4800","+/- 100 years","-4350","+/- 100 years","Q816829","low precision, as only stylistic dating","http://n2t.net/ark:/99152/p0wctqtnkjq","relatedMatch",""
"Zabytek.pl","Q43301933","","405","Sędowo 1","Gmina Dąbrowa","Q2461528","7532547","","","1385335","Gmina Dąbrowa","1.0","Exact match via rdfs:label [global index] | 'Gmina Dąbrowa' -> 'Gmina Dąbrowa'","pow. Mogileński","Q604053","7530912","","","1385334","Powiat Mogileński","1.0","Exact match via rdfs:label [global index] | 'Powiat Mogileński' -> 'Powiat Mogileński'","Woj. Kujawsko-Pomorskie","Q54153","3337500","","","223407","kujawsko-pomorskie","1.0","Exact match via skos:altLabel [global index] | 'Kujawsko-Pomorskie' -> 'kujawsko-pomorskie' | [normalised: stripped -> 'Kujawsko-Pomorskie']","Polen","Q36","798544","7006366","2054097","49715","Polen","1.0","Exact match via rdfs:label [global index] | 'Polen' -> 'Polen'","SBK","Ausgrabung","Q959782","Smoczyńska 1952","Q139304630","Grab","Q173387","200","249","Übernahme aus externer Datenbank","digitale Datenbank","Fundstellen wurden in der digitalen Datenbank Zabytek gesucht und Koordinaten ausgelesen","17.98","52.74","-4800","+/- 100 years","-4350","+/- 100 years","Q816829","low precision, as only stylistic dating","http://n2t.net/ark:/99152/p0wctqtnkjq","relatedMatch",""
"Denkmaldaten / BLDAM 2021","Q897952","13034","14","Altfriesack 6","Altfriesack","Q2595469","","","","4480066","Wustrau-Altfriesack","0.9","Transitive P131+ normalised match | 'Altfriesack' -> 'Wustrau-Altfriesack'","Ostprignitz-Ruppin","Q6125","3249087","7076937","","62574","Ostprignitz-Ruppin","1.0","Exact match via skos:altLabel [global index] | 'Ostprignitz-Ruppin' -> 'Ostprignitz-Ruppin'","Brandenburg","Q1208","2945356","7000096","2048409","62504","Brandenburg","1.0","Exact match via rdfs:label [global index] | 'Brandenburg' -> 'Brandenburg'","Deutschland","Q183","2921044","7000084","2044274","51477","Deutschland","1.0","Exact match via rdfs:label [global index] | 'Deutschland' -> 'Deutschland'","Rössener Kultur","Lesefunde","Q1144458","","","unbek.","Q59496158","0","250","Übernahme aus externer Datenbank","Strukturen des Landesdenkmalamts","die Koordinaten wurden beim BLDAM angefragt und übernommen","12.88","52.84","-4700","+/- 100 years","-4400","+/- 100 years","Q816829","low precision, as only stylistic dating","http://n2t.net/ark:/99152/p066jt92nth","closeMatch",""
"Denkmaldaten / BLDAM 2021","Q897952","1011","15","Altranft 6","Altranft","Q444837","","","","","Altranft","1.0","Transitive P131+ exact match | 'Altranft' -> 'Altranft'","Märkisch-Oderland","Q6181","3249083","7076941","","318248","Märkisch-Oderland","1.0","Exact match via skos:altLabel [global index] | 'Märkisch-Oderland' -> 'Märkisch-Oderland'","Brandenburg","Q1208","2945356","7000096","2048409","62504","Brandenburg","1.0","Exact match via rdfs:label [global index] | 'Brandenburg' -> 'Brandenburg'","Deutschland","Q183","2921044","7000084","2044274","51477","Deutschland","1.0","Exact match via rdfs:label [global index] | 'Deutschland' -> 'Deutschland'","Rössener Kultur","Lesefunde","Q1144458","","","unbek.","Q59496158","0","251","Übernahme aus externer Datenbank","Strukturen des Landesdenkmalamts","die Koordinaten wurden beim BLDAM angefragt und übernommen","14.09","52.77","-4700","+/- 100 years","-4400","+/- 100 years","Q816829","low precision, as only stylistic dating","http://n2t.net/ark:/99152/p066jt92nth","closeMatch",""
"Denkmaldaten / BLDAM 2021","Q897952","1032","20","Bad Freienwalde 8","Bad Freienwalde","Q427655","6551175","1036387","","1332952","Bad Freienwalde","1.0","Exact match via rdfs:label [global index] | 'Bad Freienwalde' -> 'Bad Freienwalde'","Märkisch-Oderland","Q6181","3249083","7076941","","318248","Märkisch-Oderland","1.0","Exact match via skos:altLabel [global index] | 'Märkisch-Oderland' -> 'Märkisch-Oderland'","Brandenburg","Q1208","2945356","7000096","2048409","62504","Brandenburg","1.0","Exact match via rdfs:label [global index] | 'Brandenburg' -> 'Brandenburg'","Deutschland","Q183","2921044","7000084","2044274","51477","Deutschland","1.0","Exact match via rdfs:label [global index] | 'Deutschland' -> 'Deutschland'","Rössener Kultur","Lesefunde","Q1144458","","","unbek.","Q59496158","0","252","Übernahme aus externer Datenbank","Strukturen des Landesdenkmalamts","die Koordinaten wurden beim BLDAM angefragt und übernommen","14.06","52.78","-4700","+/- 100 years","-4400","+/- 100 years","Q816829","low precision, as only stylistic dating","http://n2t.net/ark:/99152/p066jt92nth","closeMatch",""
"Denkmaldaten / BLDAM 2021","Q897952","1126","28","Beeskow 5","Beeskow","Q572615","6551086","1036425","","1384849","Beeskow","1.0","Exact match via rdfs:label [global index] | 'Beeskow' -> 'Beeskow'","Oder-Spree","Q6178","3249086","7076938","","62628","Oder-Spree","1.0","Exact match via skos:altLabel [global index] | 'Oder-Spree' -> 'Oder-Spree'","Brandenburg","Q1208","2945356","7000096","2048409","62504","Brandenburg","1.0","Exact match via rdfs:label [global index] | 'Brandenburg' -> 'Brandenburg'","Deutschland","Q183","2921044","7000084","2044274","51477","Deutschland","1.0","Exact match via rdfs:label [global index] | 'Deutschland' -> 'Deutschland'","Rössener Kultur","Lesefunde","Q1144458","","","unbek.","Q59496158","0","253","Übernahme aus externer Datenbank","Strukturen des Landesdenkmalamts","die Koordinaten wurden beim BLDAM angefragt und übernommen","14.3","52.17","-4700","+/- 100 years","-4400","+/- 100 years","Q816829","low precision, as only stylistic dating","http://n2t.net/ark:/99152/p066jt92nth","closeMatch",""
"Denkmaldaten / BLDAM 2021","Q897952","16349","47","Blankenburg 26","Blankenburg","Q881576","","","","","Blankenburg","1.0","Transitive P131+ exact match | 'Blankenburg' -> 'Blankenburg'","Uckermark","Q6109","","","","","Uckermark","1.0","Direct override | 'Uckermark' -> QID=Q6109 | [override -> QID=Q6109]","Brandenburg","Q1208","2945356","7000096","2048409","62504","Brandenburg","1.0","Exact match via rdfs:label [global index] | 'Brandenburg' -> 'Brandenburg'","Deutschland","Q183","2921044","7000084","2044274","51477","Deutschland","1.0","Exact match via rdfs:label [global index] | 'Deutschland' -> 'Deutschland'","Rössener Kultur","Lesefunde","Q1144458","","","unbek.","Q59496158","0","254","Übernahme aus externer Datenbank","Strukturen des Landesdenkmalamts","die Koordinaten wurden beim BLDAM angefragt und übernommen","13.94","53.22","-4700","+/- 100 years","-4400","+/- 100 years","Q816829","low precision, as only stylistic dating","http://n2t.net/ark:/99152/p066jt92nth","closeMatch",""
"Denkmaldaten / BLDAM 2021","Q897952","16004","63","Bornim 8","Bornim","Q893995","","","","","Bornim","1.0","Direct override | 'Bornim' -> QID=Q893995 | [override -> QID=Q893995]","Potsdam","Q1711","7602560","7004463","","62369","Potsdam","1.0","Exact match via rdfs:label [global index] | 'Potsdam' -> 'Potsdam'","Brandenburg","Q1208","2945356","7000096","2048409","62504","Brandenburg","1.0","Exact match via rdfs:label [global index] | 'Brandenburg' -> 'Brandenburg'","Deutschland","Q183","2921044","7000084","2044274","51477","Deutschland","1.0","Exact match via rdfs:label [global index] | 'Deutschland' -> 'Deutschland'","Rössener Kultur","Lesefunde","Q1144458","","","unbek.","Q59496158","0","255","Übernahme aus externer Datenbank","Strukturen des Landesdenkmalamts","die Koordinaten wurden beim BLDAM angefragt und übernommen","13.01","52.42","-4700","+/- 100 years","-4400","+/- 100 years","Q816829","low precision, as only stylistic dating","http://n2t.net/ark:/99152/p066jt92nth","closeMatch",""
"Denkmaldaten / BLDAM 2021","Q897952","16446","76","Brüssow 67","Brüssow","Q455368","6550667","","","1334121","Brüssow","1.0","Exact match via rdfs:label [global index] | 'Brüssow' -> 'Brüssow'","Uckermark","Q6109","","","","","Uckermark","1.0","Direct override | 'Uckermark' -> QID=Q6109 | [override -> QID=Q6109]","Brandenburg","Q1208","2945356","7000096","2048409","62504","Brandenburg","1.0","Exact match via rdfs:label [global index] | 'Brandenburg' -> 'Brandenburg'","Deutschland","Q183","2921044","7000084","2044274","51477","Deutschland","1.0","Exact match via rdfs:label [global index] | 'Deutschland' -> 'Deutschland'","Rössener Kultur","Lesefunde","Q1144458","","","unbek.","Q59496158","0","256","Übernahme aus externer Datenbank","Strukturen des Landesdenkmalamts","die Koordinaten wurden beim BLDAM angefragt und übernommen","14.11","53.42","-4700","+/- 100 years","-4400","+/- 100 years","Q816829","low precision, as only stylistic dating","http://n2t.net/ark:/99152/p066jt92nth","closeMatch",""
"Denkmaldaten / BLDAM 2021","Q897952","12418","107","Dyrotz 37","Dyrotz","Q99646888","","","","","Dyrotz","1.0","Transitive P131+ exact match | 'Dyrotz' -> 'Dyrotz'","Havelland","Q6139","","","","","Havelland","1.0","Direct override | 'Havelland' -> QID=Q6139 | [override -> QID=Q6139]","Brandenburg","Q1208","2945356","7000096","2048409","62504","Brandenburg","1.0","Exact match via rdfs:label [global index] | 'Brandenburg' -> 'Brandenburg'","Deutschland","Q183","2921044","7000084","2044274","51477","Deutschland","1.0","Exact match via rdfs:label [global index] | 'Deutschland' -> 'Deutschland'","Rössener Kultur","Ausgrabung","Q959782","Wetzel/Babiel 2016","Q139555259","Siedlung, Brunnen","Q486972","0","257","Übernahme aus externer Datenbank","Strukturen des Landesdenkmalamts","die Koordinaten wurden beim BLDAM angefragt und übernommen","12.96","52.56","-4464","+/- 100 years","-4344","+/- 100 years","Q173412","low precision,  one 14C date in contradiction to dendrodate","http://n2t.net/ark:/99152/p066jt92nth","closeMatch",""
"Denkmaldaten / BLDAM 2021","Q897952","53473","120","Flemsdorf 10","Flemsdorf","Q66363175","","","","","Flemsdorf","1.0","Transitive P131+ exact match | 'Flemsdorf' -> 'Flemsdorf'","Uckermark","Q6109","","","","","Uckermark","1.0","Direct override | 'Uckermark' -> QID=Q6109 | [override -> QID=Q6109]","Brandenburg","Q1208","2945356","7000096","2048409","62504","Brandenburg","1.0","Exact match via rdfs:label [global index] | 'Brandenburg' -> 'Brandenburg'","Deutschland","Q183","2921044","7000084","2044274","51477","Deutschland","1.0","Exact match via rdfs:label [global index] | 'Deutschland' -> 'Deutschland'","Rössener Kultur","Sondage","Q959782","","","Siedlung","Q486972","0","258","Übernahme aus externer Datenbank","Strukturen des Landesdenkmalamts","die Koordinaten wurden beim BLDAM angefragt und übernommen","14.16","53.03","-4700","+/- 100 years","-4450","+/- 100 years","Q173412","low precision, one 14C date","http://n2t.net/ark:/99152/p066jt92nth","closeMatch",""
"Denkmaldaten / BLDAM 2021","Q897952","6357","122","Frankfurt 108","Frankfurt","Q4024","","","","","Frankfurt (Oder)","1.0","Direct override | 'Frankfurt' -> QID=Q4024 | [override -> QID=Q4024]","Frankfurt (Oder)","Q4024","2925535","7005972","","62523","Frankfurt (Oder)","1.0","Exact match via rdfs:label [global index] | 'Frankfurt (Oder)' -> 'Frankfurt (Oder)'","Brandenburg","Q1208","2945356","7000096","2048409","62504","Brandenburg","1.0","Exact match via rdfs:label [global index] | 'Brandenburg' -> 'Brandenburg'","Deutschland","Q183","2921044","7000084","2044274","51477","Deutschland","1.0","Exact match via rdfs:label [global index] | 'Deutschland' -> 'Deutschland'","Rössener Kultur","Lesefunde","Q1144458","","","unbek.","Q59496158","0","259","Übernahme aus externer Datenbank","Strukturen des Landesdenkmalamts","die Koordinaten wurden beim BLDAM angefragt und übernommen","14.52","52.33","-4700","+/- 100 years","-4400","+/- 100 years","Q816829","low precision, as only stylistic dating","http://n2t.net/ark:/99152/p066jt92nth","closeMatch",""
"Denkmaldaten / BLDAM 2021","Q897952","12485","129","Friesack 4","Friesack","Q585632","6550607","","","1342247","Friesack","1.0","Exact match via rdfs:label [global index] | 'Friesack' -> 'Friesack'","Havelland","Q6139","","","","","Havelland","1.0","Direct override | 'Havelland' -> QID=Q6139 | [override -> QID=Q6139]","Brandenburg","Q1208","2945356","7000096","2048409","62504","Brandenburg","1.0","Exact match via rdfs:label [global index] | 'Brandenburg' -> 'Brandenburg'","Deutschland","Q183","2921044","7000084","2044274","51477","Deutschland","1.0","Exact match via rdfs:label [global index] | 'Deutschland' -> 'Deutschland'","Rössener Kultur","Ausgrabung, Schichtenbefunde","Q959782","","","Siedlung","Q486972","0","260","Übernahme aus externer Datenbank","Strukturen des Landesdenkmalamts","die Koordinaten wurden beim BLDAM angefragt und übernommen","12.54","52.75","-4700","+/- 100 years","-4400","+/- 100 years","Q816829","low precision, as only stylistic dating","http://n2t.net/ark:/99152/p066jt92nth","closeMatch",""
"Denkmaldaten / BLDAM 2021","Q897952","63130","214","Kirchmöser 34","Kirchmöser","Q1670205","","1037071","","","Kirchmöser","1.0","Exact match via rdfs:label [global index] | 'Kirchmöser' -> 'Kirchmöser'","Brandenburg (Havel)","Q3931","","","","","Brandenburg an der Havel","1.0","Direct override | 'Brandenburg (Havel)' -> QID=Q3931 | [override -> QID=Q3931]","Brandenburg","Q1208","2945356","7000096","2048409","62504","Brandenburg","1.0","Exact match via rdfs:label [global index] | 'Brandenburg' -> 'Brandenburg'","Deutschland","Q183","2921044","7000084","2044274","51477","Deutschland","1.0","Exact match via rdfs:label [global index] | 'Deutschland' -> 'Deutschland'","Rössener Kultur","Ausgrabung","Q959782","","","Siedlung","Q486972","0","261","Übernahme aus externer Datenbank","Strukturen des Landesdenkmalamts","die Koordinaten wurden beim BLDAM angefragt und übernommen","12.43","52.38","-4700","+/- 100 years","-4400","+/- 100 years","Q816829","low precision, as only stylistic dating","http://n2t.net/ark:/99152/p066jt92nth","closeMatch",""
"Denkmaldaten / BLDAM 2021","Q897952","1244","237","Kossenblatt 3","Kossenblatt","Q1785108","","","","79592","Kossenblatt","1.0","Transitive P131+ exact match | 'Kossenblatt' -> 'Kossenblatt'","Oder-Spree","Q6178","3249086","7076938","","62628","Oder-Spree","1.0","Exact match via skos:altLabel [global index] | 'Oder-Spree' -> 'Oder-Spree'","Brandenburg","Q1208","2945356","7000096","2048409","62504","Brandenburg","1.0","Exact match via rdfs:label [global index] | 'Brandenburg' -> 'Brandenburg'","Deutschland","Q183","2921044","7000084","2044274","51477","Deutschland","1.0","Exact match via rdfs:label [global index] | 'Deutschland' -> 'Deutschland'","Rössener Kultur","Lesefunde","Q1144458","","","unbek.","Q59496158","0","262","Übernahme aus externer Datenbank","Strukturen des Landesdenkmalamts","die Koordinaten wurden beim BLDAM angefragt und übernommen","14.09","52.13","-4700","+/- 100 years","-4400","+/- 100 years","Q816829","low precision, as only stylistic dating","http://n2t.net/ark:/99152/p066jt92nth","closeMatch",""
"Denkmaldaten / BLDAM 2021","Q897952","12669","298","Nauen 21","Nauen","Q581994","6550609","","","1262688","Nauen","1.0","Exact match via rdfs:label [global index] | 'Nauen' -> 'Nauen'","Havelland","Q6139","","","","","Havelland","1.0","Direct override | 'Havelland' -> QID=Q6139 | [override -> QID=Q6139]","Brandenburg","Q1208","2945356","7000096","2048409","62504","Brandenburg","1.0","Exact match via rdfs:label [global index] | 'Brandenburg' -> 'Brandenburg'","Deutschland","Q183","2921044","7000084","2044274","51477","Deutschland","1.0","Exact match via rdfs:label [global index] | 'Deutschland' -> 'Deutschland'","Rössener Kultur","Lesefunde","Q1144458","","","unbek.","Q59496158","0","263","Übernahme aus externer Datenbank","Strukturen des Landesdenkmalamts","die Koordinaten wurden beim BLDAM angefragt und übernommen","12.88","52.62","-4700","+/- 100 years","-4400","+/- 100 years","Q816829","low precision, as only stylistic dating","http://n2t.net/ark:/99152/p066jt92nth","closeMatch",""
"Denkmaldaten / BLDAM 2021","Q897952","693","309","Niederlandin 12/5 (13)","Niederlandin","Q92038664","2863187","","","","Niederlandin","1.0","Transitive P131+ exact match | 'Niederlandin' -> 'Niederlandin'","Uckermark","Q6109","","","","","Uckermark","1.0","Direct override | 'Uckermark' -> QID=Q6109 | [override -> QID=Q6109]","Brandenburg","Q1208","2945356","7000096","2048409","62504","Brandenburg","1.0","Exact match via rdfs:label [global index] | 'Brandenburg' -> 'Brandenburg'","Deutschland","Q183","2921044","7000084","2044274","51477","Deutschland","1.0","Exact match via rdfs:label [global index] | 'Deutschland' -> 'Deutschland'","Rössener Kultur","Lesefunde","Q1144458","","","unbek.","Q59496158","0","264","Übernahme aus externer Datenbank","Strukturen des Landesdenkmalamts","die Koordinaten wurden beim BLDAM angefragt und übernommen","14.14","53.08","-4700","+/- 100 years","-4400","+/- 100 years","Q816829","low precision, as only stylistic dating","http://n2t.net/ark:/99152/p066jt92nth","closeMatch",""
"Denkmaldaten / BLDAM 2021","Q897952","43876","340","Potsdam 3/13 (3)","Potsdam","Q32233930","2852458","","","","Potsdam","1.0","Exact match via rdfs:label [global index] | 'Potsdam' -> 'Potsdam'","Potsdam","Q1711","7602560","7004463","","62369","Potsdam","1.0","Exact match via rdfs:label [global index] | 'Potsdam' -> 'Potsdam'","Brandenburg","Q1208","2945356","7000096","2048409","62504","Brandenburg","1.0","Exact match via rdfs:label [global index] | 'Brandenburg' -> 'Brandenburg'","Deutschland","Q183","2921044","7000084","2044274","51477","Deutschland","1.0","Exact match via rdfs:label [global index] | 'Deutschland' -> 'Deutschland'","Rössener Kultur","Ausgrabung, Schichtenbefunde","Q959782","","","Siedlung","Q486972","0","265","Übernahme aus externer Datenbank","Strukturen des Landesdenkmalamts","die Koordinaten wurden beim BLDAM angefragt und übernommen","13.05","52.4","-4700","+/- 100 years","-4400","+/- 100 years","Q816829","low precision, as only stylistic dating","http://n2t.net/ark:/99152/p066jt92nth","closeMatch",""
"Denkmaldaten / BLDAM 2021","Q897952","16099","343","Potsdam 58","Potsdam","Q32233930","2852458","","","","Potsdam","1.0","Exact match via rdfs:label [global index] | 'Potsdam' -> 'Potsdam'","Potsdam","Q1711","7602560","7004463","","62369","Potsdam","1.0","Exact match via rdfs:label [global index] | 'Potsdam' -> 'Potsdam'","Brandenburg","Q1208","2945356","7000096","2048409","62504","Brandenburg","1.0","Exact match via rdfs:label [global index] | 'Brandenburg' -> 'Brandenburg'","Deutschland","Q183","2921044","7000084","2044274","51477","Deutschland","1.0","Exact match via rdfs:label [global index] | 'Deutschland' -> 'Deutschland'","Rössener Kultur","Lesefunde","Q1144458","","","unbek.","Q59496158","0","266","Übernahme aus externer Datenbank","Strukturen des Landesdenkmalamts","die Koordinaten wurden beim BLDAM angefragt und übernommen","13.09","52.36","-4700","+/- 100 years","-4400","+/- 100 years","Q816829","low precision, as only stylistic dating","http://n2t.net/ark:/99152/p066jt92nth","closeMatch",""
"Denkmaldaten / BLDAM 2021","Q897952","17574","350","Prenzlau 23","Prenzlau","Q537214","6550670","1037511","","1334102","Prenzlau","1.0","Exact match via rdfs:label [global index] | 'Prenzlau' -> 'Prenzlau'","Uckermark","Q6109","","","","","Uckermark","1.0","Direct override | 'Uckermark' -> QID=Q6109 | [override -> QID=Q6109]","Brandenburg","Q1208","2945356","7000096","2048409","62504","Brandenburg","1.0","Exact match via rdfs:label [global index] | 'Brandenburg' -> 'Brandenburg'","Deutschland","Q183","2921044","7000084","2044274","51477","Deutschland","1.0","Exact match via rdfs:label [global index] | 'Deutschland' -> 'Deutschland'","Rössener Kultur","Lesefunde","Q1144458","","","unbek.","Q59496158","0","267","Übernahme aus externer Datenbank","Strukturen des Landesdenkmalamts","die Koordinaten wurden beim BLDAM angefragt und übernommen","13.87","53.3","-4700","+/- 100 years","-4400","+/- 100 years","Q816829","low precision, as only stylistic dating","http://n2t.net/ark:/99152/p066jt92nth","closeMatch",""
"Denkmaldaten / BLDAM 2021","Q897952","12811","371","Ribbeck 4","Ribbeck","Q2148516","","","","","Ribbeck","1.0","Direct override | 'Ribbeck' -> QID=Q2148516 | [override -> QID=Q2148516]","Havelland","Q6139","","","","","Havelland","1.0","Direct override | 'Havelland' -> QID=Q6139 | [override -> QID=Q6139]","Brandenburg","Q1208","2945356","7000096","2048409","62504","Brandenburg","1.0","Exact match via rdfs:label [global index] | 'Brandenburg' -> 'Brandenburg'","Deutschland","Q183","2921044","7000084","2044274","51477","Deutschland","1.0","Exact match via rdfs:label [global index] | 'Deutschland' -> 'Deutschland'","Rössener Kultur","Lesefunde","Q1144458","","","unbek.","Q59496158","0","268","Übernahme aus externer Datenbank","Strukturen des Landesdenkmalamts","die Koordinaten wurden beim BLDAM angefragt und übernommen","12.75","52.63","-4700","+/- 100 years","-4400","+/- 100 years","Q816829","low precision, as only stylistic dating","http://n2t.net/ark:/99152/p066jt92nth","closeMatch",""
"Denkmaldaten / BLDAM 2021","Q897952","58581","372","Ribbeck 9/21 (9)","Ribbeck","Q2148516","","","","","Ribbeck","1.0","Direct override | 'Ribbeck' -> QID=Q2148516 | [override -> QID=Q2148516]","Havelland","Q6139","","","","","Havelland","1.0","Direct override | 'Havelland' -> QID=Q6139 | [override -> QID=Q6139]","Brandenburg","Q1208","2945356","7000096","2048409","62504","Brandenburg","1.0","Exact match via rdfs:label [global index] | 'Brandenburg' -> 'Brandenburg'","Deutschland","Q183","2921044","7000084","2044274","51477","Deutschland","1.0","Exact match via rdfs:label [global index] | 'Deutschland' -> 'Deutschland'","Rössener Kultur","Lesefunde","Q1144458","","","unbek.","Q59496158","0","269","Übernahme aus externer Datenbank","Strukturen des Landesdenkmalamts","die Koordinaten wurden beim BLDAM angefragt und übernommen","12.75","52.63","-4700","+/- 100 years","-4400","+/- 100 years","Q816829","low precision, as only stylistic dating","http://n2t.net/ark:/99152/p066jt92nth","closeMatch",""
"Denkmaldaten / BLDAM 2021","Q897952","9787","442","Treuenbrietzen 39","Treuenbrietzen","Q625078","6550644","1037861","","369857","Treuenbrietzen","1.0","Exact match via rdfs:label [global index] | 'Treuenbrietzen' -> 'Treuenbrietzen'","Potsdam-Mittelmark","Q6142","2852456","7120830","","62353","Potsdam-Mittelmark","1.0","Exact match via skos:altLabel [global index] | 'Potsdam-Mittelmark' -> 'Potsdam-Mittelmark'","Brandenburg","Q1208","2945356","7000096","2048409","62504","Brandenburg","1.0","Exact match via rdfs:label [global index] | 'Brandenburg' -> 'Brandenburg'","Deutschland","Q183","2921044","7000084","2044274","51477","Deutschland","1.0","Exact match via rdfs:label [global index] | 'Deutschland' -> 'Deutschland'","Rössener Kultur","Lesefunde","Q1144458","","","unbek.","Q59496158","0","270","Übernahme aus externer Datenbank","Strukturen des Landesdenkmalamts","die Koordinaten wurden beim BLDAM angefragt und übernommen","12.88","52.1","-4700","+/- 100 years","-4400","+/- 100 years","Q816829","low precision, as only stylistic dating","http://n2t.net/ark:/99152/p066jt92nth","closeMatch",""
"Denkmaldaten / BLDAM 2021","Q897952","36409","452","Wachow 17/4 (17)","Wachow","Q1297555","","","","1266326","Wachow","1.0","Transitive P131+ exact match | 'Wachow' -> 'Wachow'","Havelland","Q6139","","","","","Havelland","1.0","Direct override | 'Havelland' -> QID=Q6139 | [override -> QID=Q6139]","Brandenburg","Q1208","2945356","7000096","2048409","62504","Brandenburg","1.0","Exact match via rdfs:label [global index] | 'Brandenburg' -> 'Brandenburg'","Deutschland","Q183","2921044","7000084","2044274","51477","Deutschland","1.0","Exact match via rdfs:label [global index] | 'Deutschland' -> 'Deutschland'","Rössener Kultur","Lesefunde","Q1144458","","","unbek.","Q59496158","0","271","Übernahme aus externer Datenbank","Strukturen des Landesdenkmalamts","die Koordinaten wurden beim BLDAM angefragt und übernommen","12.76","52.53","-4700","+/- 100 years","-4400","+/- 100 years","Q816829","low precision, as only stylistic dating","http://n2t.net/ark:/99152/p066jt92nth","closeMatch",""
"Denkmaldaten / BLDAM 2021","Q897952","12906","453","Wachow 5","Wachow","Q1297555","","","","1266326","Wachow","1.0","Transitive P131+ exact match | 'Wachow' -> 'Wachow'","Havelland","Q6139","","","","","Havelland","1.0","Direct override | 'Havelland' -> QID=Q6139 | [override -> QID=Q6139]","Brandenburg","Q1208","2945356","7000096","2048409","62504","Brandenburg","1.0","Exact match via rdfs:label [global index] | 'Brandenburg' -> 'Brandenburg'","Deutschland","Q183","2921044","7000084","2044274","51477","Deutschland","1.0","Exact match via rdfs:label [global index] | 'Deutschland' -> 'Deutschland'","Rössener Kultur","Lesefunde","Q1144458","","","unbek.","Q59496158","0","272","Übernahme aus externer Datenbank","Strukturen des Landesdenkmalamts","die Koordinaten wurden beim BLDAM angefragt und übernommen","12.76","52.54","-4700","+/- 100 years","-4400","+/- 100 years","Q816829","low precision, as only stylistic dating","http://n2t.net/ark:/99152/p066jt92nth","closeMatch",""
"Denkmaldaten / BLDAM 2021","Q897952","12908","454","Wachow 7","Wachow","Q1297555","","","","1266326","Wachow","1.0","Transitive P131+ exact match | 'Wachow' -> 'Wachow'","Havelland","Q6139","","","","","Havelland","1.0","Direct override | 'Havelland' -> QID=Q6139 | [override -> QID=Q6139]","Brandenburg","Q1208","2945356","7000096","2048409","62504","Brandenburg","1.0","Exact match via rdfs:label [global index] | 'Brandenburg' -> 'Brandenburg'","Deutschland","Q183","2921044","7000084","2044274","51477","Deutschland","1.0","Exact match via rdfs:label [global index] | 'Deutschland' -> 'Deutschland'","Rössener Kultur","Lesefunde","Q1144458","","","unbek.","Q59496158","0","273","Übernahme aus externer Datenbank","Strukturen des Landesdenkmalamts","die Koordinaten wurden beim BLDAM angefragt und übernommen","12.72","52.53","-4700","+/- 100 years","-4400","+/- 100 years","Q816829","low precision, as only stylistic dating","http://n2t.net/ark:/99152/p066jt92nth","closeMatch",""
"Denkmaldaten / BLDAM 2021","Q897952","25334","462","Wernsdorf 6","Wernsdorf","Q2563228","","","","153111","Wernsdorf","1.0","Transitive P131+ exact match | 'Wernsdorf' -> 'Wernsdorf'","Dahme-Spreewald","Q6173","3249080","7076944","","62376","Dahme-Spreewald","1.0","Exact match via skos:altLabel [global index] | 'Dahme-Spreewald' -> 'Dahme-Spreewald'","Brandenburg","Q1208","2945356","7000096","2048409","62504","Brandenburg","1.0","Exact match via rdfs:label [global index] | 'Brandenburg' -> 'Brandenburg'","Deutschland","Q183","2921044","7000084","2044274","51477","Deutschland","1.0","Exact match via rdfs:label [global index] | 'Deutschland' -> 'Deutschland'","Rössener Kultur","Lesefunde","Q1144458","","","unbek.","Q59496158","0","274","Übernahme aus externer Datenbank","Strukturen des Landesdenkmalamts","die Koordinaten wurden beim BLDAM angefragt und übernommen","13.69","52.37","-4700","+/- 100 years","-4400","+/- 100 years","Q816829","low precision, as only stylistic dating","http://n2t.net/ark:/99152/p066jt92nth","closeMatch",""
"Denkmaldaten / BLDAM 2021","Q897952","12961","483","Wustermark 9","Wustermark","Q581938","6547603","1038031","","1240551","Wustermark","1.0","Exact match via rdfs:label [global index] | 'Wustermark' -> 'Wustermark'","Havelland","Q6139","","","","","Havelland","1.0","Direct override | 'Havelland' -> QID=Q6139 | [override -> QID=Q6139]","Brandenburg","Q1208","2945356","7000096","2048409","62504","Brandenburg","1.0","Exact match via rdfs:label [global index] | 'Brandenburg' -> 'Brandenburg'","Deutschland","Q183","2921044","7000084","2044274","51477","Deutschland","1.0","Exact match via rdfs:label [global index] | 'Deutschland' -> 'Deutschland'","Rössener Kultur","Lesefunde","Q1144458","","","Siedlung","Q486972","0","275","Übernahme aus externer Datenbank","Strukturen des Landesdenkmalamts","die Koordinaten wurden beim BLDAM angefragt und übernommen","12.95","52.56","-4700","+/- 100 years","-4400","+/- 100 years","Q816829","low precision, as only stylistic dating","http://n2t.net/ark:/99152/p066jt92nth","closeMatch",""
"Denkmaldaten / BLDAM 2021","Q897952","58851","494","Zeestow 14/8 (14)","Zeestow","Q582671","6547589","1036509","","1251751","Zeestow","1.0","Exact match via rdfs:label [global index] | 'Zeestow' -> 'Zeestow'","Havelland","Q6139","","","","","Havelland","1.0","Direct override | 'Havelland' -> QID=Q6139 | [override -> QID=Q6139]","Brandenburg","Q1208","2945356","7000096","2048409","62504","Brandenburg","1.0","Exact match via rdfs:label [global index] | 'Brandenburg' -> 'Brandenburg'","Deutschland","Q183","2921044","7000084","2044274","51477","Deutschland","1.0","Exact match via rdfs:label [global index] | 'Deutschland' -> 'Deutschland'","Rössener Kultur","Lesefunde","Q1144458","","","unbek.","Q59496158","0","276","Übernahme aus externer Datenbank","Strukturen des Landesdenkmalamts","die Koordinaten wurden beim BLDAM angefragt und übernommen","12.96","52.57","-4700","+/- 100 years","-4400","+/- 100 years","Q816829","low precision, as only stylistic dating","http://n2t.net/ark:/99152/p066jt92nth","closeMatch",""
"Denkmaldaten / BLDAM 2021","Q897952","13013","495","Zeestow 8","Zeestow","Q582671","6547589","1036509","","1251751","Zeestow","1.0","Exact match via rdfs:label [global index] | 'Zeestow' -> 'Zeestow'","Havelland","Q6139","","","","","Havelland","1.0","Direct override | 'Havelland' -> QID=Q6139 | [override -> QID=Q6139]","Brandenburg","Q1208","2945356","7000096","2048409","62504","Brandenburg","1.0","Exact match via rdfs:label [global index] | 'Brandenburg' -> 'Brandenburg'","Deutschland","Q183","2921044","7000084","2044274","51477","Deutschland","1.0","Exact match via rdfs:label [global index] | 'Deutschland' -> 'Deutschland'","Rössener Kultur","Lesefunde","Q1144458","","","unbek.","Q59496158","0","277","Übernahme aus externer Datenbank","Strukturen des Landesdenkmalamts","die Koordinaten wurden beim BLDAM angefragt und übernommen","12.96","52.58","-4700","+/- 100 years","-4400","+/- 100 years","Q816829","low precision, as only stylistic dating","http://n2t.net/ark:/99152/p066jt92nth","closeMatch",""
"Denkmaldaten / BLDAM 2021","Q897952","13013","495","Zeestow 8","Zeestow","Q582671","6547589","1036509","","1251751","Zeestow","1.0","Exact match via rdfs:label [global index] | 'Zeestow' -> 'Zeestow'","Havelland","Q6139","","","","","Havelland","1.0","Direct override | 'Havelland' -> QID=Q6139 | [override -> QID=Q6139]","Brandenburg","Q1208","2945356","7000096","2048409","62504","Brandenburg","1.0","Exact match via rdfs:label [global index] | 'Brandenburg' -> 'Brandenburg'","Deutschland","Q183","2921044","7000084","2044274","51477","Deutschland","1.0","Exact match via rdfs:label [global index] | 'Deutschland' -> 'Deutschland'","FBG","Lesefunde","Q1144458","","","unbek.","Q59496158","0","278","Übernahme aus externer Datenbank","Strukturen des Landesdenkmalamts","die Koordinaten wurden beim BLDAM angefragt und übernommen","12.96","52.58","-4550","+/- 100 years","-3900","+/- 100 years","Q816829","dating still very uncertain, for the whole group only few 14C dates available","","",""
"Denkmaldaten / BLDAM 2021","Q897952","167","38","Biesenbrow 4","Biesenbrow","Q858117","2949054","","","","Biesenbrow","1.0","Transitive P131+ exact match | 'Biesenbrow' -> 'Biesenbrow'","Uckermark","Q6109","","","","","Uckermark","1.0","Direct override | 'Uckermark' -> QID=Q6109 | [override -> QID=Q6109]","Brandenburg","Q1208","2945356","7000096","2048409","62504","Brandenburg","1.0","Exact match via rdfs:label [global index] | 'Brandenburg' -> 'Brandenburg'","Deutschland","Q183","2921044","7000084","2044274","51477","Deutschland","1.0","Exact match via rdfs:label [global index] | 'Deutschland' -> 'Deutschland'","SBK","Einzelfund","Q1144458","","","unbek.","Q59496158","0","279","Übernahme aus externer Datenbank","Strukturen des Landesdenkmalamts","die Koordinaten wurden beim BLDAM angefragt und übernommen","13.99","53.11","-4700","+/- 100 years","-4400","+/- 100 years","Q816829","low precision, as only stylistic dating","http://n2t.net/ark:/99152/p0j9r72g96p","exactMatch",""
"Denkmaldaten / BLDAM 2021","Q897952","16331","48","Blankenburg 8","Blankenburg","Q881576","","","","","Blankenburg","1.0","Transitive P131+ exact match | 'Blankenburg' -> 'Blankenburg'","Uckermark","Q6109","","","","","Uckermark","1.0","Direct override | 'Uckermark' -> QID=Q6109 | [override -> QID=Q6109]","Brandenburg","Q1208","2945356","7000096","2048409","62504","Brandenburg","1.0","Exact match via rdfs:label [global index] | 'Brandenburg' -> 'Brandenburg'","Deutschland","Q183","2921044","7000084","2044274","51477","Deutschland","1.0","Exact match via rdfs:label [global index] | 'Deutschland' -> 'Deutschland'","SBK","Einzelfund","Q1144458","","","unbek.","Q59496158","0","280","Übernahme aus externer Datenbank","Strukturen des Landesdenkmalamts","die Koordinaten wurden beim BLDAM angefragt und übernommen","13.95","53.23","-4700","+/- 100 years","-4400","+/- 100 years","Q816829","low precision, as only stylistic dating","http://n2t.net/ark:/99152/p0j9r72g96p","exactMatch",""
"Denkmaldaten / BLDAM 2021","Q897952","12310","73","Bredow 2","Bredow","Q55816238","","","","1826942","Bredow","1.0","Transitive P131+ exact match | 'Bredow' -> 'Bredow'","Havelland","Q6139","","","","","Havelland","1.0","Direct override | 'Havelland' -> QID=Q6139 | [override -> QID=Q6139]","Brandenburg","Q1208","2945356","7000096","2048409","62504","Brandenburg","1.0","Exact match via rdfs:label [global index] | 'Brandenburg' -> 'Brandenburg'","Deutschland","Q183","2921044","7000084","2044274","51477","Deutschland","1.0","Exact match via rdfs:label [global index] | 'Deutschland' -> 'Deutschland'","SBK","Lesefunde","Q1144458","","","unbek.","Q59496158","0","281","Übernahme aus externer Datenbank","Strukturen des Landesdenkmalamts","die Koordinaten wurden beim BLDAM angefragt und übernommen","12.91","52.6","-4800","+/- 100 years","-4750","+/- 100 years","Q816829","low precision, as only stylistic dating","http://n2t.net/ark:/99152/p0wctqtnkjq","relatedMatch",""
"Denkmaldaten / BLDAM 2021","Q897952","16400","75","Brüssow 21","Brüssow","Q455368","6550667","","","1334121","Brüssow","1.0","Exact match via rdfs:label [global index] | 'Brüssow' -> 'Brüssow'","Uckermark","Q6109","","","","","Uckermark","1.0","Direct override | 'Uckermark' -> QID=Q6109 | [override -> QID=Q6109]","Brandenburg","Q1208","2945356","7000096","2048409","62504","Brandenburg","1.0","Exact match via rdfs:label [global index] | 'Brandenburg' -> 'Brandenburg'","Deutschland","Q183","2921044","7000084","2044274","51477","Deutschland","1.0","Exact match via rdfs:label [global index] | 'Deutschland' -> 'Deutschland'","SBK","Einzelfund","Q1144458","","","unbek.","Q59496158","0","282","Übernahme aus externer Datenbank","Strukturen des Landesdenkmalamts","die Koordinaten wurden beim BLDAM angefragt und übernommen","14.15","53.4","-4700","+/- 100 years","-4400","+/- 100 years","Q816829","low precision, as only stylistic dating","http://n2t.net/ark:/99152/p0j9r72g96p","exactMatch",""
"Denkmaldaten / BLDAM 2021","Q897952","19369","101","Döberitz bei Premnitz 20","Döberitz bei Premnitz","Q583555","","","","","Döberitz bei Premnitz","1.0","Direct override | 'Döberitz bei Premnitz' -> QID=Q583555 | [override -> QID=Q583555]","Havelland","Q6139","","","","","Havelland","1.0","Direct override | 'Havelland' -> QID=Q6139 | [override -> QID=Q6139]","Brandenburg","Q1208","2945356","7000096","2048409","62504","Brandenburg","1.0","Exact match via rdfs:label [global index] | 'Brandenburg' -> 'Brandenburg'","Deutschland","Q183","2921044","7000084","2044274","51477","Deutschland","1.0","Exact match via rdfs:label [global index] | 'Deutschland' -> 'Deutschland'","SBK","Lesefunde","Q1144458","","","unbek.","Q59496158","0","283","Übernahme aus externer Datenbank","Strukturen des Landesdenkmalamts","die Koordinaten wurden beim BLDAM angefragt und übernommen","12.39","52.51","-4800","+/- 100 years","-4750","+/- 100 years","Q816829","low precision, as only stylistic dating","http://n2t.net/ark:/99152/p0wctqtnkjq","relatedMatch",""
"Denkmaldaten / BLDAM 2021","Q897952","30077","108","Dyrotz 43","Dyrotz","Q99646888","","","","","Dyrotz","1.0","Transitive P131+ exact match | 'Dyrotz' -> 'Dyrotz'","Havelland","Q6139","","","","","Havelland","1.0","Direct override | 'Havelland' -> QID=Q6139 | [override -> QID=Q6139]","Brandenburg","Q1208","2945356","7000096","2048409","62504","Brandenburg","1.0","Exact match via rdfs:label [global index] | 'Brandenburg' -> 'Brandenburg'","Deutschland","Q183","2921044","7000084","2044274","51477","Deutschland","1.0","Exact match via rdfs:label [global index] | 'Deutschland' -> 'Deutschland'","SBK","Ausgrabung","Q959782","","","Siedlung","Q486972","0","284","Übernahme aus externer Datenbank","Strukturen des Landesdenkmalamts","die Koordinaten wurden beim BLDAM angefragt und übernommen","12.97","52.55","-4800","+/- 100 years","-4750","+/- 100 years","Q816829","low precision, as only stylistic dating","http://n2t.net/ark:/99152/p0wctqtnkjq","relatedMatch",""
"Denkmaldaten / BLDAM 2021","Q897952","10983","111","Elsterwerda 10","Elsterwerda","Q584473","6550599","","","1303791","Elsterwerda","1.0","Exact match via rdfs:label [global index] | 'Elsterwerda' -> 'Elsterwerda'","Elbe-Elster","Q6152","","","","","Elbe-Elster","1.0","Direct override | 'Elbe-Elster' -> QID=Q6152 | [override -> QID=Q6152]","Brandenburg","Q1208","2945356","7000096","2048409","62504","Brandenburg","1.0","Exact match via rdfs:label [global index] | 'Brandenburg' -> 'Brandenburg'","Deutschland","Q183","2921044","7000084","2044274","51477","Deutschland","1.0","Exact match via rdfs:label [global index] | 'Deutschland' -> 'Deutschland'","SBK","Einzelfund","Q1144458","","","Siedlung","Q486972","0","285","Übernahme aus externer Datenbank","Strukturen des Landesdenkmalamts","die Koordinaten wurden beim BLDAM angefragt und übernommen","13.56","51.44","-4700","+/- 100 years","-4400","+/- 100 years","Q816829","low precision, as only stylistic dating","http://n2t.net/ark:/99152/p0j9r72g96p","exactMatch",""
"Denkmaldaten / BLDAM 2021","Q897952","48320","118","Flatow 17","Flatow","Q47446677","2926363","","","4473530","Flatow","1.0","Transitive P131+ exact match | 'Flatow' -> 'Flatow'","Oberhavel","Q6119","3249084","7076940","","62488","Oberhavel","1.0","Exact match via skos:altLabel [global index] | 'Oberhavel' -> 'Oberhavel'","Brandenburg","Q1208","2945356","7000096","2048409","62504","Brandenburg","1.0","Exact match via rdfs:label [global index] | 'Brandenburg' -> 'Brandenburg'","Deutschland","Q183","2921044","7000084","2044274","51477","Deutschland","1.0","Exact match via rdfs:label [global index] | 'Deutschland' -> 'Deutschland'","SBK","Ausgrabung","Q959782","","","unbek.","Q59496158","0","286","Übernahme aus externer Datenbank","Strukturen des Landesdenkmalamts","die Koordinaten wurden beim BLDAM angefragt und übernommen","12.91","52.74","-4800","+/- 100 years","-4750","+/- 100 years","Q816829","low precision, as only stylistic dating","http://n2t.net/ark:/99152/p0wctqtnkjq","relatedMatch",""
"Denkmaldaten / BLDAM 2021","Q897952","366","121","Flemsdorf 6/1 (6)","Flemsdorf","Q66363175","","","","","Flemsdorf","1.0","Transitive P131+ exact match | 'Flemsdorf' -> 'Flemsdorf'","Uckermark","Q6109","","","","","Uckermark","1.0","Direct override | 'Uckermark' -> QID=Q6109 | [override -> QID=Q6109]","Brandenburg","Q1208","2945356","7000096","2048409","62504","Brandenburg","1.0","Exact match via rdfs:label [global index] | 'Brandenburg' -> 'Brandenburg'","Deutschland","Q183","2921044","7000084","2044274","51477","Deutschland","1.0","Exact match via rdfs:label [global index] | 'Deutschland' -> 'Deutschland'","SBK","Lesefunde","Q1144458","Gramsch 1960","Q139304619","unbek.","Q59496158","0","287","Übernahme aus externer Datenbank","Strukturen des Landesdenkmalamts","die Koordinaten wurden beim BLDAM angefragt und übernommen","14.17","53.03","-4700","+/- 100 years","-4400","+/- 100 years","Q816829","low precision, as only stylistic dating","http://n2t.net/ark:/99152/p0j9r72g96p","exactMatch",""
"Denkmaldaten / BLDAM 2021","Q897952","12540","148","Gohlitz 5","Gohlitz","Q1534380","","","","","Gohlitz","1.0","Transitive P131+ exact match | 'Gohlitz' -> 'Gohlitz'","Havelland","Q6139","","","","","Havelland","1.0","Direct override | 'Havelland' -> QID=Q6139 | [override -> QID=Q6139]","Brandenburg","Q1208","2945356","7000096","2048409","62504","Brandenburg","1.0","Exact match via rdfs:label [global index] | 'Brandenburg' -> 'Brandenburg'","Deutschland","Q183","2921044","7000084","2044274","51477","Deutschland","1.0","Exact match via rdfs:label [global index] | 'Deutschland' -> 'Deutschland'","SBK","Einzelfund","Q1144458","","","Siedlung","Q486972","0","288","Übernahme aus externer Datenbank","Strukturen des Landesdenkmalamts","die Koordinaten wurden beim BLDAM angefragt und übernommen","12.78","52.54","-4800","+/- 100 years","-4750","+/- 100 years","Q816829","low precision, as only stylistic dating","http://n2t.net/ark:/99152/p0wctqtnkjq","relatedMatch",""
"Denkmaldaten / BLDAM 2021","Q897952","15482","168","Grube 7","Grube","Q23759940","","","","","Grube","1.0","Direct override | 'Grube' -> QID=Q23759940 | [override -> QID=Q23759940]","Potsdam","Q1711","7602560","7004463","","62369","Potsdam","1.0","Exact match via rdfs:label [global index] | 'Potsdam' -> 'Potsdam'","Brandenburg","Q1208","2945356","7000096","2048409","62504","Brandenburg","1.0","Exact match via rdfs:label [global index] | 'Brandenburg' -> 'Brandenburg'","Deutschland","Q183","2921044","7000084","2044274","51477","Deutschland","1.0","Exact match via rdfs:label [global index] | 'Deutschland' -> 'Deutschland'","SBK","Lesefunde","Q1144458","","","unbek.","Q59496158","0","289","Übernahme aus externer Datenbank","Strukturen des Landesdenkmalamts","die Koordinaten wurden beim BLDAM angefragt und übernommen","12.95","52.44","-4800","+/- 100 years","-4750","+/- 100 years","Q816829","low precision, as only stylistic dating","http://n2t.net/ark:/99152/p0wctqtnkjq","relatedMatch",""
"Denkmaldaten / BLDAM 2021","Q897952","25062","192","Hohenfinow 10","Hohenfinow","Q587133","6547549","","2323324","1318355","Hohenfinow","1.0","Exact match via rdfs:label [global index] | 'Hohenfinow' -> 'Hohenfinow'","Barnim","Q6115","","","","","Barnim","1.0","Direct override | 'Barnim' -> QID=Q6115 | [override -> QID=Q6115]","Brandenburg","Q1208","2945356","7000096","2048409","62504","Brandenburg","1.0","Exact match via rdfs:label [global index] | 'Brandenburg' -> 'Brandenburg'","Deutschland","Q183","2921044","7000084","2044274","51477","Deutschland","1.0","Exact match via rdfs:label [global index] | 'Deutschland' -> 'Deutschland'","SBK","Lesefunde","Q1144458","","","unbek.","Q59496158","0","290","Übernahme aus externer Datenbank","Strukturen des Landesdenkmalamts","die Koordinaten wurden beim BLDAM angefragt und übernommen","13.93","52.83","-4800","+/- 100 years","-4750","+/- 100 years","Q816829","low precision, as only stylistic dating","http://n2t.net/ark:/99152/p0wctqtnkjq","relatedMatch",""
"Denkmaldaten / BLDAM 2021","Q897952","25385","195","Hoppenrade 6","Hoppenrade","Q104757864","2899161","1036975","","","Hoppenrade","1.0","Transitive P131+ exact match | 'Hoppenrade' -> 'Hoppenrade'","Havelland","Q6139","","","","","Havelland","1.0","Direct override | 'Havelland' -> QID=Q6139 | [override -> QID=Q6139]","Brandenburg","Q1208","2945356","7000096","2048409","62504","Brandenburg","1.0","Exact match via rdfs:label [global index] | 'Brandenburg' -> 'Brandenburg'","Deutschland","Q183","2921044","7000084","2044274","51477","Deutschland","1.0","Exact match via rdfs:label [global index] | 'Deutschland' -> 'Deutschland'","SBK","Lesefunde","Q1144458","","","unbek.","Q59496158","0","291","Übernahme aus externer Datenbank","Strukturen des Landesdenkmalamts","die Koordinaten wurden beim BLDAM angefragt und übernommen","12.92","52.54","-4800","+/- 100 years","-4750","+/- 100 years","Q816829","low precision, as only stylistic dating","http://n2t.net/ark:/99152/p0wctqtnkjq","relatedMatch",""
"Denkmaldaten / BLDAM 2021","Q897952","9659","205","Jüterbog 31","Jüterbog","Q486541","6550661","1036996","","422436","Jüterbog","1.0","Exact match via rdfs:label [global index] | 'Jüterbog' -> 'Jüterbog'","Teltow-Fläming","Q6146","","","","","Landkreis Teltow-Fläming","1.0","Direct override | 'Teltow-Fläming' -> QID=Q6146 | [override -> QID=Q6146]","Brandenburg","Q1208","2945356","7000096","2048409","62504","Brandenburg","1.0","Exact match via rdfs:label [global index] | 'Brandenburg' -> 'Brandenburg'","Deutschland","Q183","2921044","7000084","2044274","51477","Deutschland","1.0","Exact match via rdfs:label [global index] | 'Deutschland' -> 'Deutschland'","SBK","Lesefunde","Q1144458","","","unbek.","Q59496158","0","292","Übernahme aus externer Datenbank","Strukturen des Landesdenkmalamts","die Koordinaten wurden beim BLDAM angefragt und übernommen","13.05","51.99","-4800","+/- 100 years","-4750","+/- 100 years","Q816829","low precision, as only stylistic dating","http://n2t.net/ark:/99152/p0wctqtnkjq","relatedMatch",""
"Denkmaldaten / BLDAM 2021","Q897952","12602","211","Ketzin 14","Ketzin","Q583450","6550608","1037059","","1240588","Ketzin","1.0","Exact match via skos:altLabel [global index] | 'Ketzin' -> 'Ketzin'","Havelland","Q6139","","","","","Havelland","1.0","Direct override | 'Havelland' -> QID=Q6139 | [override -> QID=Q6139]","Brandenburg","Q1208","2945356","7000096","2048409","62504","Brandenburg","1.0","Exact match via rdfs:label [global index] | 'Brandenburg' -> 'Brandenburg'","Deutschland","Q183","2921044","7000084","2044274","51477","Deutschland","1.0","Exact match via rdfs:label [global index] | 'Deutschland' -> 'Deutschland'","SBK","Lesefunde","Q1144458","","","unbek.","Q59496158","0","293","Übernahme aus externer Datenbank","Strukturen des Landesdenkmalamts","die Koordinaten wurden beim BLDAM angefragt und übernommen","12.86","52.47","-4800","+/- 100 years","-4750","+/- 100 years","Q816829","low precision, as only stylistic dating","http://n2t.net/ark:/99152/p0wctqtnkjq","relatedMatch",""
"Denkmaldaten / BLDAM 2021","Q897952","56582","295","Mötzow 11","Mötzow","Q17124832","","","","6709908","Mötzow","1.0","Transitive P131+ exact match | 'Mötzow' -> 'Mötzow'","Potsdam-Mittelmark","Q6142","2852456","7120830","","62353","Potsdam-Mittelmark","1.0","Exact match via skos:altLabel [global index] | 'Potsdam-Mittelmark' -> 'Potsdam-Mittelmark'","Brandenburg","Q1208","2945356","7000096","2048409","62504","Brandenburg","1.0","Exact match via rdfs:label [global index] | 'Brandenburg' -> 'Brandenburg'","Deutschland","Q183","2921044","7000084","2044274","51477","Deutschland","1.0","Exact match via rdfs:label [global index] | 'Deutschland' -> 'Deutschland'","SBK","Ausgrabung","Q959782","","","unbek.","Q59496158","0","294","Übernahme aus externer Datenbank","Strukturen des Landesdenkmalamts","die Koordinaten wurden beim BLDAM angefragt und übernommen","12.6","52.45","-4800","+/- 100 years","-4750","+/- 100 years","Q816829","low precision, as only stylistic dating","http://n2t.net/ark:/99152/p0wctqtnkjq","relatedMatch",""
"Denkmaldaten / BLDAM 2021","Q897952","48811","299","Nauen 68","Nauen","Q581994","6550609","","","1262688","Nauen","1.0","Exact match via rdfs:label [global index] | 'Nauen' -> 'Nauen'","Havelland","Q6139","","","","","Havelland","1.0","Direct override | 'Havelland' -> QID=Q6139 | [override -> QID=Q6139]","Brandenburg","Q1208","2945356","7000096","2048409","62504","Brandenburg","1.0","Exact match via rdfs:label [global index] | 'Brandenburg' -> 'Brandenburg'","Deutschland","Q183","2921044","7000084","2044274","51477","Deutschland","1.0","Exact match via rdfs:label [global index] | 'Deutschland' -> 'Deutschland'","SBK","Lesefunde","Q1144458","","","unbek.","Q59496158","0","295","Übernahme aus externer Datenbank","Strukturen des Landesdenkmalamts","die Koordinaten wurden beim BLDAM angefragt und übernommen","12.98","52.62","-4800","+/- 100 years","-4750","+/- 100 years","Q816829","low precision, as only stylistic dating","http://n2t.net/ark:/99152/p0wctqtnkjq","relatedMatch",""
"Denkmaldaten / BLDAM 2021","Q897952","2612","300","Neuendorf 14","Neuendorf","Q30039482","","","","","Neuendorf","1.0","Direct override | 'Neuendorf' -> QID=Q30039482 | [override -> QID=Q30039482]","Brandenburg (Havel)","Q3931","","","","","Brandenburg an der Havel","1.0","Direct override | 'Brandenburg (Havel)' -> QID=Q3931 | [override -> QID=Q3931]","Brandenburg","Q1208","2945356","7000096","2048409","62504","Brandenburg","1.0","Exact match via rdfs:label [global index] | 'Brandenburg' -> 'Brandenburg'","Deutschland","Q183","2921044","7000084","2044274","51477","Deutschland","1.0","Exact match via rdfs:label [global index] | 'Deutschland' -> 'Deutschland'","SBK","Ausgrabung","Q959782","","","unbek.","Q59496158","0","296","Übernahme aus externer Datenbank","Strukturen des Landesdenkmalamts","die Koordinaten wurden beim BLDAM angefragt und übernommen","12.49","52.4","-4800","+/- 100 years","-4750","+/- 100 years","Q816829","low precision, as only stylistic dating","http://n2t.net/ark:/99152/p0wctqtnkjq","relatedMatch",""
"Denkmaldaten / BLDAM 2021","Q897952","12715","305","Niebede 4","Niebede","Q989775","","","","","Niebede","1.0","Transitive P131+ exact match | 'Niebede' -> 'Niebede'","Havelland","Q6139","","","","","Havelland","1.0","Direct override | 'Havelland' -> QID=Q6139 | [override -> QID=Q6139]","Brandenburg","Q1208","2945356","7000096","2048409","62504","Brandenburg","1.0","Exact match via rdfs:label [global index] | 'Brandenburg' -> 'Brandenburg'","Deutschland","Q183","2921044","7000084","2044274","51477","Deutschland","1.0","Exact match via rdfs:label [global index] | 'Deutschland' -> 'Deutschland'","SBK","Lesefunde","Q1144458","","","unbek.","Q59496158","0","297","Übernahme aus externer Datenbank","Strukturen des Landesdenkmalamts","die Koordinaten wurden beim BLDAM angefragt und übernommen","12.79","52.54","-4800","+/- 100 years","-4750","+/- 100 years","Q816829","low precision, as only stylistic dating","http://n2t.net/ark:/99152/p0wctqtnkjq","relatedMatch",""
"Denkmaldaten / BLDAM 2021","Q897952","688","310","Niederlandin 8","Niederlandin","Q92038664","2863187","","","","Niederlandin","1.0","Transitive P131+ exact match | 'Niederlandin' -> 'Niederlandin'","Uckermark","Q6109","","","","","Uckermark","1.0","Direct override | 'Uckermark' -> QID=Q6109 | [override -> QID=Q6109]","Brandenburg","Q1208","2945356","7000096","2048409","62504","Brandenburg","1.0","Exact match via rdfs:label [global index] | 'Brandenburg' -> 'Brandenburg'","Deutschland","Q183","2921044","7000084","2044274","51477","Deutschland","1.0","Exact match via rdfs:label [global index] | 'Deutschland' -> 'Deutschland'","SBK","Lesefunde","Q1144458","","","unbek.","Q59496158","0","298","Übernahme aus externer Datenbank","Strukturen des Landesdenkmalamts","die Koordinaten wurden beim BLDAM angefragt und übernommen","14.15","53.06","-4700","+/- 100 years","-4400","+/- 100 years","Q816829","low precision, as only stylistic dating","http://n2t.net/ark:/99152/p0j9r72g96p","exactMatch",""
"Denkmaldaten / BLDAM 2021","Q897952","46520","341","Potsdam 3/15 (3)","Potsdam","Q32233930","2852458","","","","Potsdam","1.0","Exact match via rdfs:label [global index] | 'Potsdam' -> 'Potsdam'","Potsdam","Q1711","7602560","7004463","","62369","Potsdam","1.0","Exact match via rdfs:label [global index] | 'Potsdam' -> 'Potsdam'","Brandenburg","Q1208","2945356","7000096","2048409","62504","Brandenburg","1.0","Exact match via rdfs:label [global index] | 'Brandenburg' -> 'Brandenburg'","Deutschland","Q183","2921044","7000084","2044274","51477","Deutschland","1.0","Exact match via rdfs:label [global index] | 'Deutschland' -> 'Deutschland'","SBK","Lesefunde","Q1144458","","","unbek.","Q59496158","0","299","Übernahme aus externer Datenbank","Strukturen des Landesdenkmalamts","die Koordinaten wurden beim BLDAM angefragt und übernommen","13.07","52.4","-4800","+/- 100 years","-4750","+/- 100 years","Q816829","low precision, as only stylistic dating","http://n2t.net/ark:/99152/p0wctqtnkjq","relatedMatch",""
"Denkmaldaten / BLDAM 2021","Q897952","16057","342","Potsdam 3/58 (16)","Potsdam","Q32233930","2852458","","","","Potsdam","1.0","Exact match via rdfs:label [global index] | 'Potsdam' -> 'Potsdam'","Potsdam","Q1711","7602560","7004463","","62369","Potsdam","1.0","Exact match via rdfs:label [global index] | 'Potsdam' -> 'Potsdam'","Brandenburg","Q1208","2945356","7000096","2048409","62504","Brandenburg","1.0","Exact match via rdfs:label [global index] | 'Brandenburg' -> 'Brandenburg'","Deutschland","Q183","2921044","7000084","2044274","51477","Deutschland","1.0","Exact match via rdfs:label [global index] | 'Deutschland' -> 'Deutschland'","SBK","Lesefunde","Q1144458","","","unbek.","Q59496158","0","300","Übernahme aus externer Datenbank","Strukturen des Landesdenkmalamts","die Koordinaten wurden beim BLDAM angefragt und übernommen","13.07","52.4","-4800","+/- 100 years","-4750","+/- 100 years","Q816829","low precision, as only stylistic dating","http://n2t.net/ark:/99152/p0wctqtnkjq","relatedMatch",""
"Denkmaldaten / BLDAM 2021","Q897952","9738","375","Rohrbeck 14","Rohrbeck","Q22693663","","","","","Rohrbeck","1.0","Transitive P131+ exact match | 'Rohrbeck' -> 'Rohrbeck'","Teltow-Fläming","Q6146","","","","","Landkreis Teltow-Fläming","1.0","Direct override | 'Teltow-Fläming' -> QID=Q6146 | [override -> QID=Q6146]","Brandenburg","Q1208","2945356","7000096","2048409","62504","Brandenburg","1.0","Exact match via rdfs:label [global index] | 'Brandenburg' -> 'Brandenburg'","Deutschland","Q183","2921044","7000084","2044274","51477","Deutschland","1.0","Exact match via rdfs:label [global index] | 'Deutschland' -> 'Deutschland'","SBK","Lesefunde","Q1144458","","","unbek.","Q59496158","0","301","Übernahme aus externer Datenbank","Strukturen des Landesdenkmalamts","die Koordinaten wurden beim BLDAM angefragt und übernommen","13.03","51.97","-4800","+/- 100 years","-4750","+/- 100 years","Q816829","low precision, as only stylistic dating","http://n2t.net/ark:/99152/p0wctqtnkjq","relatedMatch",""
"Denkmaldaten / BLDAM 2021","Q897952","58270","383","Satzkorn 37","Satzkorn","Q131931","","","","","Satzkorn","1.0","Direct override | 'Satzkorn' -> QID=Q131931 | [override -> QID=Q131931]","Potsdam-Mittelmark","Q6142","2852456","7120830","","62353","Potsdam-Mittelmark","1.0","Exact match via skos:altLabel [global index] | 'Potsdam-Mittelmark' -> 'Potsdam-Mittelmark'","Brandenburg","Q1208","2945356","7000096","2048409","62504","Brandenburg","1.0","Exact match via rdfs:label [global index] | 'Brandenburg' -> 'Brandenburg'","Deutschland","Q183","2921044","7000084","2044274","51477","Deutschland","1.0","Exact match via rdfs:label [global index] | 'Deutschland' -> 'Deutschland'","SBK","Ausgrabung","Q959782","","","Siedlung","Q486972","0","302","Übernahme aus externer Datenbank","Strukturen des Landesdenkmalamts","die Koordinaten wurden beim BLDAM angefragt und übernommen","12.99","52.48","-4800","+/- 100 years","-4750","+/- 100 years","Q816829","low precision, as only stylistic dating","http://n2t.net/ark:/99152/p0wctqtnkjq","relatedMatch",""
"Denkmaldaten / BLDAM 2021","Q897952","17922","395","Schönfeld bei Prenzlau 11","Schönfeld bei Prenzlau","Q623861","","","","","Schönfeld bei Prenzlau","1.0","Direct override | 'Schönfeld bei Prenzlau' -> QID=Q623861 | [override -> QID=Q623861]","Uckermark","Q6109","","","","","Uckermark","1.0","Direct override | 'Uckermark' -> QID=Q6109 | [override -> QID=Q6109]","Brandenburg","Q1208","2945356","7000096","2048409","62504","Brandenburg","1.0","Exact match via rdfs:label [global index] | 'Brandenburg' -> 'Brandenburg'","Deutschland","Q183","2921044","7000084","2044274","51477","Deutschland","1.0","Exact match via rdfs:label [global index] | 'Deutschland' -> 'Deutschland'","SBK","Lesefunde","Q1144458","","","unbek.","Q59496158","0","303","Übernahme aus externer Datenbank","Strukturen des Landesdenkmalamts","die Koordinaten wurden beim BLDAM angefragt und übernommen","13.96","53.43","-4700","+/- 100 years","-4400","+/- 100 years","Q816829","low precision, as only stylistic dating","http://n2t.net/ark:/99152/p0j9r72g96p","exactMatch",""
"Denkmaldaten / BLDAM 2021","Q897952","63522","482","Wustermark 44","Wustermark","Q581938","6547603","1038031","","1240551","Wustermark","1.0","Exact match via rdfs:label [global index] | 'Wustermark' -> 'Wustermark'","Havelland","Q6139","","","","","Havelland","1.0","Direct override | 'Havelland' -> QID=Q6139 | [override -> QID=Q6139]","Brandenburg","Q1208","2945356","7000096","2048409","62504","Brandenburg","1.0","Exact match via rdfs:label [global index] | 'Brandenburg' -> 'Brandenburg'","Deutschland","Q183","2921044","7000084","2044274","51477","Deutschland","1.0","Exact match via rdfs:label [global index] | 'Deutschland' -> 'Deutschland'","SBK","Ausgrabung","Q959782","","","Siedlung","Q486972","0","304","Übernahme aus externer Datenbank","Strukturen des Landesdenkmalamts","die Koordinaten wurden beim BLDAM angefragt und übernommen","12.96","52.56","-4800","+/- 100 years","-4750","+/- 100 years","Q816829","low precision, as only stylistic dating","http://n2t.net/ark:/99152/p0wctqtnkjq","relatedMatch",""
"BLDAM / M. Ismail-Weber 2018","Q897952","51785","109","Eichhorst - 8","Eichhorst","Q1243275","","","","2720275","Eichhorst","1.0","Transitive P131+ exact match | 'Eichhorst' -> 'Eichhorst'","Barnim","Q6115","","","","","Barnim","1.0","Direct override | 'Barnim' -> QID=Q6115 | [override -> QID=Q6115]","Brandenburg","Q1208","2945356","7000096","2048409","62504","Brandenburg","1.0","Exact match via rdfs:label [global index] | 'Brandenburg' -> 'Brandenburg'","Deutschland","Q183","2921044","7000084","2044274","51477","Deutschland","1.0","Exact match via rdfs:label [global index] | 'Deutschland' -> 'Deutschland'","Mesolithikum","Einzelfund","Q1144458","","","unbek.","Q59496158","0","305","Übernahme aus externer Datenbank","Strukturen des Landesdenkmalamts","die Koordinaten wurden 2018 von Maha Ismail-Weber beim BLDAM angefragt und übernommen","13.65","52.91","-8000","+/- 100 years","-4000","+/- 100 years","Q816829","dating still very uncertain, for the whole group only few 14C dates available","http://n2t.net/ark:/99152/p0s2rwk5zjw","relatedMatch",""
"BLDAM / M. Ismail-Weber 2018","Q897952","2464","70","Brandenburg-Altstadt - 7","Brandenburg-Altstadt","Q3931","","","","","Brandenburg an der Havel","1.0","Direct override | 'Brandenburg-Altstadt' -> QID=Q3931 | [override -> QID=Q3931]","Brandenburg (Havel)","Q3931","","","","","Brandenburg an der Havel","1.0","Direct override | 'Brandenburg (Havel)' -> QID=Q3931 | [override -> QID=Q3931]","Brandenburg","Q1208","2945356","7000096","2048409","62504","Brandenburg","1.0","Exact match via rdfs:label [global index] | 'Brandenburg' -> 'Brandenburg'","Deutschland","Q183","2921044","7000084","2044274","51477","Deutschland","1.0","Exact match via rdfs:label [global index] | 'Deutschland' -> 'Deutschland'","Mesolithikum","Ausgrabung","Q959782","","","unbek.","Q59496158","0","306","Übernahme aus externer Datenbank","Strukturen des Landesdenkmalamts","die Koordinaten wurden 2018 von Maha Ismail-Weber beim BLDAM angefragt und übernommen","12.57","52.43","-8000","+/- 100 years","-4000","+/- 100 years","Q816829","dating still very uncertain, for the whole group only few 14C dates available","http://n2t.net/ark:/99152/p0s2rwk5zjw","relatedMatch",""
"BLDAM / M. Ismail-Weber 2018","Q897952","2564","72","Brandenburg-Neustadt - 87","Brandenburg-Neustadt","Q3931","","","","","Brandenburg an der Havel","1.0","Direct override | 'Brandenburg-Neustadt' -> QID=Q3931 | [override -> QID=Q3931]","Brandenburg (Havel)","Q3931","","","","","Brandenburg an der Havel","1.0","Direct override | 'Brandenburg (Havel)' -> QID=Q3931 | [override -> QID=Q3931]","Brandenburg","Q1208","2945356","7000096","2048409","62504","Brandenburg","1.0","Exact match via rdfs:label [global index] | 'Brandenburg' -> 'Brandenburg'","Deutschland","Q183","2921044","7000084","2044274","51477","Deutschland","1.0","Exact match via rdfs:label [global index] | 'Deutschland' -> 'Deutschland'","Mesolithikum","Einzelfund","Q1144458","","","unbek.","Q59496158","0","307","Übernahme aus externer Datenbank","Strukturen des Landesdenkmalamts","die Koordinaten wurden 2018 von Maha Ismail-Weber beim BLDAM angefragt und übernommen","12.54","52.4","-8000","+/- 100 years","-4000","+/- 100 years","Q816829","dating still very uncertain, for the whole group only few 14C dates available","http://n2t.net/ark:/99152/p0s2rwk5zjw","relatedMatch",""
"BLDAM / M. Ismail-Weber 2018","Q897952","39176","69","Brandenburg-Altstadt - 41","Brandenburg-Altstadt","Q3931","","","","","Brandenburg an der Havel","1.0","Direct override | 'Brandenburg-Altstadt' -> QID=Q3931 | [override -> QID=Q3931]","Brandenburg (Havel)","Q3931","","","","","Brandenburg an der Havel","1.0","Direct override | 'Brandenburg (Havel)' -> QID=Q3931 | [override -> QID=Q3931]","Brandenburg","Q1208","2945356","7000096","2048409","62504","Brandenburg","1.0","Exact match via rdfs:label [global index] | 'Brandenburg' -> 'Brandenburg'","Deutschland","Q183","2921044","7000084","2044274","51477","Deutschland","1.0","Exact match via rdfs:label [global index] | 'Deutschland' -> 'Deutschland'","Mesolithikum","Einzelfund","Q1144458","","","unbek.","Q59496158","0","308","Übernahme aus externer Datenbank","Strukturen des Landesdenkmalamts","die Koordinaten wurden 2018 von Maha Ismail-Weber beim BLDAM angefragt und übernommen","12.56","52.42","-8000","+/- 100 years","-4000","+/- 100 years","Q816829","dating still very uncertain, for the whole group only few 14C dates available","http://n2t.net/ark:/99152/p0s2rwk5zjw","relatedMatch",""
"BLDAM / M. Ismail-Weber 2018","Q897952","2533","71","Brandenburg-Neustadt - 56","Brandenburg-Neustadt","Q3931","","","","","Brandenburg an der Havel","1.0","Direct override | 'Brandenburg-Neustadt' -> QID=Q3931 | [override -> QID=Q3931]","Brandenburg (Havel)","Q3931","","","","","Brandenburg an der Havel","1.0","Direct override | 'Brandenburg (Havel)' -> QID=Q3931 | [override -> QID=Q3931]","Brandenburg","Q1208","2945356","7000096","2048409","62504","Brandenburg","1.0","Exact match via rdfs:label [global index] | 'Brandenburg' -> 'Brandenburg'","Deutschland","Q183","2921044","7000084","2044274","51477","Deutschland","1.0","Exact match via rdfs:label [global index] | 'Deutschland' -> 'Deutschland'","Mesolithikum","Einzelfund","Q1144458","","","unbek.","Q59496158","0","309","Übernahme aus externer Datenbank","Strukturen des Landesdenkmalamts","die Koordinaten wurden 2018 von Maha Ismail-Weber beim BLDAM angefragt und übernommen","12.56","52.41","-8000","+/- 100 years","-4000","+/- 100 years","Q816829","dating still very uncertain, for the whole group only few 14C dates available","http://n2t.net/ark:/99152/p0s2rwk5zjw","relatedMatch",""
"BLDAM / M. Ismail-Weber 2018","Q897952","9951","155","Gräbendorf - 7","Gräbendorf","Q669289","","","","5638986","Gräbendorf","1.0","Transitive P131+ exact match | 'Gräbendorf' -> 'Gräbendorf'","Dahme-Spreewald","Q6173","3249080","7076944","","62376","Dahme-Spreewald","1.0","Exact match via skos:altLabel [global index] | 'Dahme-Spreewald' -> 'Dahme-Spreewald'","Brandenburg","Q1208","2945356","7000096","2048409","62504","Brandenburg","1.0","Exact match via rdfs:label [global index] | 'Brandenburg' -> 'Brandenburg'","Deutschland","Q183","2921044","7000084","2044274","51477","Deutschland","1.0","Exact match via rdfs:label [global index] | 'Deutschland' -> 'Deutschland'","Mesolithikum","Einzelfund","Q1144458","","","unbek.","Q59496158","0","310","Übernahme aus externer Datenbank","Strukturen des Landesdenkmalamts","die Koordinaten wurden 2018 von Maha Ismail-Weber beim BLDAM angefragt und übernommen","13.76","52.22","-8000","+/- 100 years","-4000","+/- 100 years","Q816829","dating still very uncertain, for the whole group only few 14C dates available","http://n2t.net/ark:/99152/p0s2rwk5zjw","relatedMatch",""
"BLDAM / M. Ismail-Weber 2018","Q897952","9952","156","Gräbendorf - 8","Gräbendorf","Q669289","","","","5638986","Gräbendorf","1.0","Transitive P131+ exact match | 'Gräbendorf' -> 'Gräbendorf'","Dahme-Spreewald","Q6173","3249080","7076944","","62376","Dahme-Spreewald","1.0","Exact match via skos:altLabel [global index] | 'Dahme-Spreewald' -> 'Dahme-Spreewald'","Brandenburg","Q1208","2945356","7000096","2048409","62504","Brandenburg","1.0","Exact match via rdfs:label [global index] | 'Brandenburg' -> 'Brandenburg'","Deutschland","Q183","2921044","7000084","2044274","51477","Deutschland","1.0","Exact match via rdfs:label [global index] | 'Deutschland' -> 'Deutschland'","Mesolithikum","Einzelfund","Q1144458","","","unbek.","Q59496158","0","311","Übernahme aus externer Datenbank","Strukturen des Landesdenkmalamts","die Koordinaten wurden 2018 von Maha Ismail-Weber beim BLDAM angefragt und übernommen","13.71","52.24","-8000","+/- 100 years","-4000","+/- 100 years","Q816829","dating still very uncertain, for the whole group only few 14C dates available","http://n2t.net/ark:/99152/p0s2rwk5zjw","relatedMatch",""
"BLDAM / M. Ismail-Weber 2018","Q897952","10134","292","Mittenwalde - 11","Mittenwalde","Q574811","6550595","","","55771","Mittenwalde","1.0","Exact match via rdfs:label [global index] | 'Mittenwalde' -> 'Mittenwalde'","Dahme-Spreewald","Q6173","3249080","7076944","","62376","Dahme-Spreewald","1.0","Exact match via skos:altLabel [global index] | 'Dahme-Spreewald' -> 'Dahme-Spreewald'","Brandenburg","Q1208","2945356","7000096","2048409","62504","Brandenburg","1.0","Exact match via rdfs:label [global index] | 'Brandenburg' -> 'Brandenburg'","Deutschland","Q183","2921044","7000084","2044274","51477","Deutschland","1.0","Exact match via rdfs:label [global index] | 'Deutschland' -> 'Deutschland'","Mesolithikum","Einzelfund","Q1144458","","","unbek.","Q59496158","0","312","Übernahme aus externer Datenbank","Strukturen des Landesdenkmalamts","die Koordinaten wurden 2018 von Maha Ismail-Weber beim BLDAM angefragt und übernommen","13.53","52.26","-8000","+/- 100 years","-4000","+/- 100 years","Q816829","dating still very uncertain, for the whole group only few 14C dates available","http://n2t.net/ark:/99152/p0s2rwk5zjw","relatedMatch",""
"BLDAM / M. Ismail-Weber 2018","Q897952","10276","400","Schulzendorf - 4","Schulzendorf","Q581119","6547573","","","55774","Schulzendorf","1.0","Exact match via rdfs:label [global index] | 'Schulzendorf' -> 'Schulzendorf'","Dahme-Spreewald","Q6173","3249080","7076944","","62376","Dahme-Spreewald","1.0","Exact match via skos:altLabel [global index] | 'Dahme-Spreewald' -> 'Dahme-Spreewald'","Brandenburg","Q1208","2945356","7000096","2048409","62504","Brandenburg","1.0","Exact match via rdfs:label [global index] | 'Brandenburg' -> 'Brandenburg'","Deutschland","Q183","2921044","7000084","2044274","51477","Deutschland","1.0","Exact match via rdfs:label [global index] | 'Deutschland' -> 'Deutschland'","Mesolithikum","Einzelfund","Q1144458","","","unbek.","Q59496158","0","313","Übernahme aus externer Datenbank","Strukturen des Landesdenkmalamts","die Koordinaten wurden 2018 von Maha Ismail-Weber beim BLDAM angefragt und übernommen","13.59","52.37","-8000","+/- 100 years","-4000","+/- 100 years","Q816829","dating still very uncertain, for the whole group only few 14C dates available","http://n2t.net/ark:/99152/p0s2rwk5zjw","relatedMatch",""
"BLDAM / M. Ismail-Weber 2018","Q897952","11418","491","Zaue - 6","Zaue","Q42297036","2805163","","","","Zaue","1.0","Transitive P131+ exact match | 'Zaue' -> 'Zaue'","Dahme-Spreewald","Q6173","3249080","7076944","","62376","Dahme-Spreewald","1.0","Exact match via skos:altLabel [global index] | 'Dahme-Spreewald' -> 'Dahme-Spreewald'","Brandenburg","Q1208","2945356","7000096","2048409","62504","Brandenburg","1.0","Exact match via rdfs:label [global index] | 'Brandenburg' -> 'Brandenburg'","Deutschland","Q183","2921044","7000084","2044274","51477","Deutschland","1.0","Exact match via rdfs:label [global index] | 'Deutschland' -> 'Deutschland'","Mesolithikum","Einzelfund","Q1144458","","","unbek.","Q59496158","0","314","Übernahme aus externer Datenbank","Strukturen des Landesdenkmalamts","die Koordinaten wurden 2018 von Maha Ismail-Weber beim BLDAM angefragt und übernommen","14.19","52.04","-8000","+/- 100 years","-4000","+/- 100 years","Q816829","dating still very uncertain, for the whole group only few 14C dates available","http://n2t.net/ark:/99152/p0s2rwk5zjw","relatedMatch",""
"BLDAM / M. Ismail-Weber 2018","Q897952","11425","490","Zaue - 13","Zaue","Q42297036","2805163","","","","Zaue","1.0","Transitive P131+ exact match | 'Zaue' -> 'Zaue'","Dahme-Spreewald","Q6173","3249080","7076944","","62376","Dahme-Spreewald","1.0","Exact match via skos:altLabel [global index] | 'Dahme-Spreewald' -> 'Dahme-Spreewald'","Brandenburg","Q1208","2945356","7000096","2048409","62504","Brandenburg","1.0","Exact match via rdfs:label [global index] | 'Brandenburg' -> 'Brandenburg'","Deutschland","Q183","2921044","7000084","2044274","51477","Deutschland","1.0","Exact match via rdfs:label [global index] | 'Deutschland' -> 'Deutschland'","Mesolithikum","Einzelfund","Q1144458","","","unbek.","Q59496158","0","315","Übernahme aus externer Datenbank","Strukturen des Landesdenkmalamts","die Koordinaten wurden 2018 von Maha Ismail-Weber beim BLDAM angefragt und übernommen","14.19","52.05","-8000","+/- 100 years","-4000","+/- 100 years","Q816829","dating still very uncertain, for the whole group only few 14C dates available","http://n2t.net/ark:/99152/p0s2rwk5zjw","relatedMatch",""
"BLDAM / M. Ismail-Weber 2018","Q897952","11850","368","Reichwalde - 1","Reichwalde","Q160235","","","","","Reichwalde","1.0","Direct override | 'Reichwalde' -> QID=Q160235 | [override -> QID=Q160235]","Dahme-Spreewald","Q6173","3249080","7076944","","62376","Dahme-Spreewald","1.0","Exact match via skos:altLabel [global index] | 'Dahme-Spreewald' -> 'Dahme-Spreewald'","Brandenburg","Q1208","2945356","7000096","2048409","62504","Brandenburg","1.0","Exact match via rdfs:label [global index] | 'Brandenburg' -> 'Brandenburg'","Deutschland","Q183","2921044","7000084","2044274","51477","Deutschland","1.0","Exact match via rdfs:label [global index] | 'Deutschland' -> 'Deutschland'","Mesolithikum","Einzelfund","Q1144458","","","unbek.","Q59496158","0","316","Übernahme aus externer Datenbank","Strukturen des Landesdenkmalamts","die Koordinaten wurden 2018 von Maha Ismail-Weber beim BLDAM angefragt und übernommen","13.72","51.95","-8000","+/- 100 years","-4000","+/- 100 years","Q816829","dating still very uncertain, for the whole group only few 14C dates available","http://n2t.net/ark:/99152/p0s2rwk5zjw","relatedMatch",""
"BLDAM / M. Ismail-Weber 2018","Q897952","10146","293","Mittenwalde - 23","Mittenwalde","Q574811","6550595","","","55771","Mittenwalde","1.0","Exact match via rdfs:label [global index] | 'Mittenwalde' -> 'Mittenwalde'","Dahme-Spreewald","Q6173","3249080","7076944","","62376","Dahme-Spreewald","1.0","Exact match via skos:altLabel [global index] | 'Dahme-Spreewald' -> 'Dahme-Spreewald'","Brandenburg","Q1208","2945356","7000096","2048409","62504","Brandenburg","1.0","Exact match via rdfs:label [global index] | 'Brandenburg' -> 'Brandenburg'","Deutschland","Q183","2921044","7000084","2044274","51477","Deutschland","1.0","Exact match via rdfs:label [global index] | 'Deutschland' -> 'Deutschland'","Mesolithikum","Einzelfund","Q1144458","","","unbek.","Q59496158","0","317","Übernahme aus externer Datenbank","Strukturen des Landesdenkmalamts","die Koordinaten wurden 2018 von Maha Ismail-Weber beim BLDAM angefragt und übernommen","13.53","52.28","-8000","+/- 100 years","-4000","+/- 100 years","Q816829","dating still very uncertain, for the whole group only few 14C dates available","http://n2t.net/ark:/99152/p0s2rwk5zjw","relatedMatch",""
"BLDAM / M. Ismail-Weber 2018","Q897952","10383","458","Waltersdorf bei Kö.Wusterhausen - 14","Waltersdorf bei Kö.Wusterhausen","Q896028","","","","","Waltersdorf","1.0","Direct override | 'Waltersdorf bei Kö.Wusterhausen' -> QID=Q896028 | [override -> QID=Q896028]","Dahme-Spreewald","Q6173","3249080","7076944","","62376","Dahme-Spreewald","1.0","Exact match via skos:altLabel [global index] | 'Dahme-Spreewald' -> 'Dahme-Spreewald'","Brandenburg","Q1208","2945356","7000096","2048409","62504","Brandenburg","1.0","Exact match via rdfs:label [global index] | 'Brandenburg' -> 'Brandenburg'","Deutschland","Q183","2921044","7000084","2044274","51477","Deutschland","1.0","Exact match via rdfs:label [global index] | 'Deutschland' -> 'Deutschland'","Mesolithikum","Einzelfund","Q1144458","","","unbek.","Q59496158","0","318","Übernahme aus externer Datenbank","Strukturen des Landesdenkmalamts","die Koordinaten wurden 2018 von Maha Ismail-Weber beim BLDAM angefragt und übernommen","13.59","52.37","-8000","+/- 100 years","-4000","+/- 100 years","Q816829","dating still very uncertain, for the whole group only few 14C dates available","http://n2t.net/ark:/99152/p0s2rwk5zjw","relatedMatch",""
"BLDAM / M. Ismail-Weber 2018","Q897952","30636","97","Deutsch Wusterhausen - 15","Deutsch Wusterhausen","Q16013","","","","","Königs Wusterhausen","1.0","Direct override | 'Deutsch Wusterhausen' -> QID=Q16013 | [override -> QID=Q16013]","Dahme-Spreewald","Q6173","3249080","7076944","","62376","Dahme-Spreewald","1.0","Exact match via skos:altLabel [global index] | 'Dahme-Spreewald' -> 'Dahme-Spreewald'","Brandenburg","Q1208","2945356","7000096","2048409","62504","Brandenburg","1.0","Exact match via rdfs:label [global index] | 'Brandenburg' -> 'Brandenburg'","Deutschland","Q183","2921044","7000084","2044274","51477","Deutschland","1.0","Exact match via rdfs:label [global index] | 'Deutschland' -> 'Deutschland'","Mesolithikum","Einzelfund","Q1144458","","","unbek.","Q59496158","0","319","Übernahme aus externer Datenbank","Strukturen des Landesdenkmalamts","die Koordinaten wurden 2018 von Maha Ismail-Weber beim BLDAM angefragt und übernommen","13.61","52.29","-8000","+/- 100 years","-4000","+/- 100 years","Q816829","dating still very uncertain, for the whole group only few 14C dates available","http://n2t.net/ark:/99152/p0s2rwk5zjw","relatedMatch",""
"BLDAM / M. Ismail-Weber 2018","Q897952","37490","294","Mittenwalde - 58","Mittenwalde","Q574811","6550595","","","55771","Mittenwalde","1.0","Exact match via rdfs:label [global index] | 'Mittenwalde' -> 'Mittenwalde'","Dahme-Spreewald","Q6173","3249080","7076944","","62376","Dahme-Spreewald","1.0","Exact match via skos:altLabel [global index] | 'Dahme-Spreewald' -> 'Dahme-Spreewald'","Brandenburg","Q1208","2945356","7000096","2048409","62504","Brandenburg","1.0","Exact match via rdfs:label [global index] | 'Brandenburg' -> 'Brandenburg'","Deutschland","Q183","2921044","7000084","2044274","51477","Deutschland","1.0","Exact match via rdfs:label [global index] | 'Deutschland' -> 'Deutschland'","Mesolithikum","Einzelfund","Q1144458","","","unbek.","Q59496158","0","321","Übernahme aus externer Datenbank","Strukturen des Landesdenkmalamts","die Koordinaten wurden 2018 von Maha Ismail-Weber beim BLDAM angefragt und übernommen","13.55","52.27","-8000","+/- 100 years","-4000","+/- 100 years","Q816829","dating still very uncertain, for the whole group only few 14C dates available","http://n2t.net/ark:/99152/p0s2rwk5zjw","relatedMatch",""
"BLDAM / M. Ismail-Weber 2018","Q897952","11207","188","Hohenbrück - 2","Hohenbrück","Q1623655","","","","3548851","Hohenbrück","1.0","Transitive P131+ exact match | 'Hohenbrück' -> 'Hohenbrück'","Dahme-Spreewald","Q6173","3249080","7076944","","62376","Dahme-Spreewald","1.0","Exact match via skos:altLabel [global index] | 'Dahme-Spreewald' -> 'Dahme-Spreewald'","Brandenburg","Q1208","2945356","7000096","2048409","62504","Brandenburg","1.0","Exact match via rdfs:label [global index] | 'Brandenburg' -> 'Brandenburg'","Deutschland","Q183","2921044","7000084","2044274","51477","Deutschland","1.0","Exact match via rdfs:label [global index] | 'Deutschland' -> 'Deutschland'","Mesolithikum","Einzelfund","Q1144458","","","unbek.","Q59496158","0","322","Übernahme aus externer Datenbank","Strukturen des Landesdenkmalamts","die Koordinaten wurden 2018 von Maha Ismail-Weber beim BLDAM angefragt und übernommen","13.89","52.09","-8000","+/- 100 years","-4000","+/- 100 years","Q816829","dating still very uncertain, for the whole group only few 14C dates available","http://n2t.net/ark:/99152/p0s2rwk5zjw","relatedMatch",""
"BLDAM / M. Ismail-Weber 2018","Q897952","11226","240","Krausnick - 5","Krausnick","Q18628312","","","","3549561","Krausnick","1.0","Transitive P131+ exact match | 'Krausnick' -> 'Krausnick'","Dahme-Spreewald","Q6173","3249080","7076944","","62376","Dahme-Spreewald","1.0","Exact match via skos:altLabel [global index] | 'Dahme-Spreewald' -> 'Dahme-Spreewald'","Brandenburg","Q1208","2945356","7000096","2048409","62504","Brandenburg","1.0","Exact match via rdfs:label [global index] | 'Brandenburg' -> 'Brandenburg'","Deutschland","Q183","2921044","7000084","2044274","51477","Deutschland","1.0","Exact match via rdfs:label [global index] | 'Deutschland' -> 'Deutschland'","Mesolithikum","Einzelfund","Q1144458","","","unbek.","Q59496158","0","323","Übernahme aus externer Datenbank","Strukturen des Landesdenkmalamts","die Koordinaten wurden 2018 von Maha Ismail-Weber beim BLDAM angefragt und übernommen","13.85","52.03","-8000","+/- 100 years","-4000","+/- 100 years","Q816829","dating still very uncertain, for the whole group only few 14C dates available","http://n2t.net/ark:/99152/p0s2rwk5zjw","relatedMatch",""
"BLDAM / M. Ismail-Weber 2018","Q897952","9985","164","Groß Köris - 15","Groß Köris","Q548429","6547563","","","1389638","Groß Köris","1.0","Exact match via rdfs:label [global index] | 'Groß Köris' -> 'Groß Köris'","Dahme-Spreewald","Q6173","3249080","7076944","","62376","Dahme-Spreewald","1.0","Exact match via skos:altLabel [global index] | 'Dahme-Spreewald' -> 'Dahme-Spreewald'","Brandenburg","Q1208","2945356","7000096","2048409","62504","Brandenburg","1.0","Exact match via rdfs:label [global index] | 'Brandenburg' -> 'Brandenburg'","Deutschland","Q183","2921044","7000084","2044274","51477","Deutschland","1.0","Exact match via rdfs:label [global index] | 'Deutschland' -> 'Deutschland'","Mesolithikum","Einzelfund","Q1144458","","","unbek.","Q59496158","0","324","Übernahme aus externer Datenbank","Strukturen des Landesdenkmalamts","die Koordinaten wurden 2018 von Maha Ismail-Weber beim BLDAM angefragt und übernommen","13.63","52.17","-8000","+/- 100 years","-4000","+/- 100 years","Q816829","dating still very uncertain, for the whole group only few 14C dates available","http://n2t.net/ark:/99152/p0s2rwk5zjw","relatedMatch",""
"BLDAM / M. Ismail-Weber 2018","Q897952","10360","435","Töpchin - 14","Töpchin","Q1760458","","","","176419","Töpchin","1.0","Transitive P131+ exact match | 'Töpchin' -> 'Töpchin'","Dahme-Spreewald","Q6173","3249080","7076944","","62376","Dahme-Spreewald","1.0","Exact match via skos:altLabel [global index] | 'Dahme-Spreewald' -> 'Dahme-Spreewald'","Brandenburg","Q1208","2945356","7000096","2048409","62504","Brandenburg","1.0","Exact match via rdfs:label [global index] | 'Brandenburg' -> 'Brandenburg'","Deutschland","Q183","2921044","7000084","2044274","51477","Deutschland","1.0","Exact match via rdfs:label [global index] | 'Deutschland' -> 'Deutschland'","Mesolithikum","Einzelfund","Q1144458","","","unbek.","Q59496158","0","325","Übernahme aus externer Datenbank","Strukturen des Landesdenkmalamts","die Koordinaten wurden 2018 von Maha Ismail-Weber beim BLDAM angefragt und übernommen","13.58","52.16","-8000","+/- 100 years","-4000","+/- 100 years","Q816829","dating still very uncertain, for the whole group only few 14C dates available","http://n2t.net/ark:/99152/p0s2rwk5zjw","relatedMatch",""
"BLDAM / M. Ismail-Weber 2018","Q897952","10342","434","Teurow - 1","Teurow","Q56426202","","","","","Teurow","1.0","Transitive P131+ exact match | 'Teurow' -> 'Teurow'","Dahme-Spreewald","Q6173","3249080","7076944","","62376","Dahme-Spreewald","1.0","Exact match via skos:altLabel [global index] | 'Dahme-Spreewald' -> 'Dahme-Spreewald'","Brandenburg","Q1208","2945356","7000096","2048409","62504","Brandenburg","1.0","Exact match via rdfs:label [global index] | 'Brandenburg' -> 'Brandenburg'","Deutschland","Q183","2921044","7000084","2044274","51477","Deutschland","1.0","Exact match via rdfs:label [global index] | 'Deutschland' -> 'Deutschland'","Mesolithikum","Einzelfund","Q1144458","","","unbek.","Q59496158","0","326","Übernahme aus externer Datenbank","Strukturen des Landesdenkmalamts","die Koordinaten wurden 2018 von Maha Ismail-Weber beim BLDAM angefragt und übernommen","13.73","52.09","-8000","+/- 100 years","-4000","+/- 100 years","Q816829","dating still very uncertain, for the whole group only few 14C dates available","http://n2t.net/ark:/99152/p0s2rwk5zjw","relatedMatch",""
"BLDAM / M. Ismail-Weber 2018","Q897952","8443","392","Schmielsdorf - 1","Schmielsdorf","Q97991381","","","","","Schmielsdorf","1.0","Transitive P131+ exact match | 'Schmielsdorf' -> 'Schmielsdorf'","Elbe-Elster","Q6152","","","","","Elbe-Elster","1.0","Direct override | 'Elbe-Elster' -> QID=Q6152 | [override -> QID=Q6152]","Brandenburg","Q1208","2945356","7000096","2048409","62504","Brandenburg","1.0","Exact match via rdfs:label [global index] | 'Brandenburg' -> 'Brandenburg'","Deutschland","Q183","2921044","7000084","2044274","51477","Deutschland","1.0","Exact match via rdfs:label [global index] | 'Deutschland' -> 'Deutschland'","Mesolithikum","Einzelfund","Q1144458","","","unbek.","Q59496158","0","327","Übernahme aus externer Datenbank","Strukturen des Landesdenkmalamts","die Koordinaten wurden 2018 von Maha Ismail-Weber beim BLDAM angefragt und übernommen","13.22","51.83","-8000","+/- 100 years","-4000","+/- 100 years","Q816829","dating still very uncertain, for the whole group only few 14C dates available","http://n2t.net/ark:/99152/p0s2rwk5zjw","relatedMatch",""
"BLDAM / M. Ismail-Weber 2018","Q897952","11001","110","Elsterwerda - 28","Elsterwerda","Q584473","6550599","","","1303791","Elsterwerda","1.0","Exact match via rdfs:label [global index] | 'Elsterwerda' -> 'Elsterwerda'","Elbe-Elster","Q6152","","","","","Elbe-Elster","1.0","Direct override | 'Elbe-Elster' -> QID=Q6152 | [override -> QID=Q6152]","Brandenburg","Q1208","2945356","7000096","2048409","62504","Brandenburg","1.0","Exact match via rdfs:label [global index] | 'Brandenburg' -> 'Brandenburg'","Deutschland","Q183","2921044","7000084","2044274","51477","Deutschland","1.0","Exact match via rdfs:label [global index] | 'Deutschland' -> 'Deutschland'","Mesolithikum","Einzelfund","Q1144458","","","unbek.","Q59496158","0","328","Übernahme aus externer Datenbank","Strukturen des Landesdenkmalamts","die Koordinaten wurden 2018 von Maha Ismail-Weber beim BLDAM angefragt und übernommen","13.54","51.47","-8000","+/- 100 years","-4000","+/- 100 years","Q816829","dating still very uncertain, for the whole group only few 14C dates available","http://n2t.net/ark:/99152/p0s2rwk5zjw","relatedMatch",""
"BLDAM / M. Ismail-Weber 2018","Q897952","29813","84","Buchhain - 7","Buchhain","Q998407","","7207423","","","Buchhain","1.0","Transitive P131+ exact match | 'Buchhain' -> 'Buchhain'","Elbe-Elster","Q6152","","","","","Elbe-Elster","1.0","Direct override | 'Elbe-Elster' -> QID=Q6152 | [override -> QID=Q6152]","Brandenburg","Q1208","2945356","7000096","2048409","62504","Brandenburg","1.0","Exact match via rdfs:label [global index] | 'Brandenburg' -> 'Brandenburg'","Deutschland","Q183","2921044","7000084","2044274","51477","Deutschland","1.0","Exact match via rdfs:label [global index] | 'Deutschland' -> 'Deutschland'","Mesolithikum","Einzelfund","Q1144458","","","unbek.","Q59496158","0","329","Übernahme aus externer Datenbank","Strukturen des Landesdenkmalamts","die Koordinaten wurden 2018 von Maha Ismail-Weber beim BLDAM angefragt und übernommen","13.39","51.66","-8000","+/- 100 years","-4000","+/- 100 years","Q816829","dating still very uncertain, for the whole group only few 14C dates available","http://n2t.net/ark:/99152/p0s2rwk5zjw","relatedMatch",""
"BLDAM / M. Ismail-Weber 2018","Q897952","12579","183","Hertefeld - 1","Hertefeld","Q113182090","","","","","Hertefeld","1.0","Transitive P131+ exact match | 'Hertefeld' -> 'Hertefeld'","Havelland","Q6139","","","","","Havelland","1.0","Direct override | 'Havelland' -> QID=Q6139 | [override -> QID=Q6139]","Brandenburg","Q1208","2945356","7000096","2048409","62504","Brandenburg","1.0","Exact match via rdfs:label [global index] | 'Brandenburg' -> 'Brandenburg'","Deutschland","Q183","2921044","7000084","2044274","51477","Deutschland","1.0","Exact match via rdfs:label [global index] | 'Deutschland' -> 'Deutschland'","Mesolithikum","Einzelfund","Q1144458","","","unbek.","Q59496158","0","332","Übernahme aus externer Datenbank","Strukturen des Landesdenkmalamts","die Koordinaten wurden 2018 von Maha Ismail-Weber beim BLDAM angefragt und übernommen","12.87","52.65","-8000","+/- 100 years","-4000","+/- 100 years","Q816829","dating still very uncertain, for the whole group only few 14C dates available","http://n2t.net/ark:/99152/p0s2rwk5zjw","relatedMatch",""
"BLDAM / M. Ismail-Weber 2018","Q897952","12890","451","Vietznitz - 4","Vietznitz","Q2523873","","7092275","","","Vietznitz","1.0","Transitive P131+ exact match | 'Vietznitz' -> 'Vietznitz'","Havelland","Q6139","","","","","Havelland","1.0","Direct override | 'Havelland' -> QID=Q6139 | [override -> QID=Q6139]","Brandenburg","Q1208","2945356","7000096","2048409","62504","Brandenburg","1.0","Exact match via rdfs:label [global index] | 'Brandenburg' -> 'Brandenburg'","Deutschland","Q183","2921044","7000084","2044274","51477","Deutschland","1.0","Exact match via rdfs:label [global index] | 'Deutschland' -> 'Deutschland'","Mesolithikum","Einzelfund","Q1144458","","","unbek.","Q59496158","0","333","Übernahme aus externer Datenbank","Strukturen des Landesdenkmalamts","die Koordinaten wurden 2018 von Maha Ismail-Weber beim BLDAM angefragt und übernommen","12.66","52.74","-8000","+/- 100 years","-4000","+/- 100 years","Q816829","dating still very uncertain, for the whole group only few 14C dates available","http://n2t.net/ark:/99152/p0s2rwk5zjw","relatedMatch",""
"BLDAM / M. Ismail-Weber 2018","Q897952","12853","396","Schönwalde - 30","Schönwalde","Q581715","","","","","Schönwalde","1.0","Direct override | 'Schönwalde' -> QID=Q581715 | [override -> QID=Q581715]","Havelland","Q6139","","","","","Havelland","1.0","Direct override | 'Havelland' -> QID=Q6139 | [override -> QID=Q6139]","Brandenburg","Q1208","2945356","7000096","2048409","62504","Brandenburg","1.0","Exact match via rdfs:label [global index] | 'Brandenburg' -> 'Brandenburg'","Deutschland","Q183","2921044","7000084","2044274","51477","Deutschland","1.0","Exact match via rdfs:label [global index] | 'Deutschland' -> 'Deutschland'","Mesolithikum","Einzelfund","Q1144458","","","unbek.","Q59496158","0","334","Übernahme aus externer Datenbank","Strukturen des Landesdenkmalamts","die Koordinaten wurden 2018 von Maha Ismail-Weber beim BLDAM angefragt und übernommen","13.1","52.6","-8000","+/- 100 years","-4000","+/- 100 years","Q816829","dating still very uncertain, for the whole group only few 14C dates available","http://n2t.net/ark:/99152/p0s2rwk5zjw","relatedMatch",""
"BLDAM / M. Ismail-Weber 2018","Q897952","12920","455","Wagenitz - 6","Wagenitz","Q1989221","","","","","Wagenitz","1.0","Transitive P131+ exact match | 'Wagenitz' -> 'Wagenitz'","Havelland","Q6139","","","","","Havelland","1.0","Direct override | 'Havelland' -> QID=Q6139 | [override -> QID=Q6139]","Brandenburg","Q1208","2945356","7000096","2048409","62504","Brandenburg","1.0","Exact match via rdfs:label [global index] | 'Brandenburg' -> 'Brandenburg'","Deutschland","Q183","2921044","7000084","2044274","51477","Deutschland","1.0","Exact match via rdfs:label [global index] | 'Deutschland' -> 'Deutschland'","Mesolithikum","Einzelfund","Q1144458","","","unbek.","Q59496158","0","336","Übernahme aus externer Datenbank","Strukturen des Landesdenkmalamts","die Koordinaten wurden 2018 von Maha Ismail-Weber beim BLDAM angefragt und übernommen","12.64","52.65","-8000","+/- 100 years","-4000","+/- 100 years","Q816829","dating still very uncertain, for the whole group only few 14C dates available","http://n2t.net/ark:/99152/p0s2rwk5zjw","relatedMatch",""
"BLDAM / M. Ismail-Weber 2018","Q897952","19409","127","Friedrichsbruch - 3","Friedrichsbruch","Q88181595","","","","","Friedrichsbruch","1.0","Transitive P131+ exact match | 'Friedrichsbruch' -> 'Friedrichsbruch'","Havelland","Q6139","","","","","Havelland","1.0","Direct override | 'Havelland' -> QID=Q6139 | [override -> QID=Q6139]","Brandenburg","Q1208","2945356","7000096","2048409","62504","Brandenburg","1.0","Exact match via rdfs:label [global index] | 'Brandenburg' -> 'Brandenburg'","Deutschland","Q183","2921044","7000084","2044274","51477","Deutschland","1.0","Exact match via rdfs:label [global index] | 'Deutschland' -> 'Deutschland'","Mesolithikum","Einzelfund","Q1144458","","","unbek.","Q59496158","0","337","Übernahme aus externer Datenbank","Strukturen des Landesdenkmalamts","die Koordinaten wurden 2018 von Maha Ismail-Weber beim BLDAM angefragt und übernommen","12.39","52.8","-8000","+/- 100 years","-4000","+/- 100 years","Q816829","dating still very uncertain, for the whole group only few 14C dates available","http://n2t.net/ark:/99152/p0s2rwk5zjw","relatedMatch",""
"BLDAM / M. Ismail-Weber 2018","Q897952","19784","364","Rathenow - 20","Rathenow","Q525425","6550611","","","1271899","Rathenow","1.0","Exact match via rdfs:label [global index] | 'Rathenow' -> 'Rathenow'","Havelland","Q6139","","","","","Havelland","1.0","Direct override | 'Havelland' -> QID=Q6139 | [override -> QID=Q6139]","Brandenburg","Q1208","2945356","7000096","2048409","62504","Brandenburg","1.0","Exact match via rdfs:label [global index] | 'Brandenburg' -> 'Brandenburg'","Deutschland","Q183","2921044","7000084","2044274","51477","Deutschland","1.0","Exact match via rdfs:label [global index] | 'Deutschland' -> 'Deutschland'","Mesolithikum","Einzelfund","Q1144458","","","unbek.","Q59496158","0","338","Übernahme aus externer Datenbank","Strukturen des Landesdenkmalamts","die Koordinaten wurden 2018 von Maha Ismail-Weber beim BLDAM angefragt und übernommen","12.34","52.6","-8000","+/- 100 years","-4000","+/- 100 years","Q816829","dating still very uncertain, for the whole group only few 14C dates available","http://n2t.net/ark:/99152/p0s2rwk5zjw","relatedMatch",""
"BLDAM / M. Ismail-Weber 2018","Q897952","19863","365","Rathenow-Neue Schleuse - 9","Rathenow-Neue Schleuse","Q525425","","","","","Rathenow-Neue Schleuse","1.0","Direct override | 'Rathenow-Neue Schleuse' -> QID=Q525425 | [override -> QID=Q525425]","Havelland","Q6139","","","","","Havelland","1.0","Direct override | 'Havelland' -> QID=Q6139 | [override -> QID=Q6139]","Brandenburg","Q1208","2945356","7000096","2048409","62504","Brandenburg","1.0","Exact match via rdfs:label [global index] | 'Brandenburg' -> 'Brandenburg'","Deutschland","Q183","2921044","7000084","2044274","51477","Deutschland","1.0","Exact match via rdfs:label [global index] | 'Deutschland' -> 'Deutschland'","Mesolithikum","Einzelfund","Q1144458","","","unbek.","Q59496158","0","339","Übernahme aus externer Datenbank","Strukturen des Landesdenkmalamts","die Koordinaten wurden 2018 von Maha Ismail-Weber beim BLDAM angefragt und übernommen","12.31","52.61","-8000","+/- 100 years","-4000","+/- 100 years","Q816829","dating still very uncertain, for the whole group only few 14C dates available","http://n2t.net/ark:/99152/p0s2rwk5zjw","relatedMatch",""
"BLDAM / M. Ismail-Weber 2018","Q897952","20003","425","Strodehne - 1","Strodehne","Q51682527","","","","","Strodehne","1.0","Transitive P131+ exact match | 'Strodehne' -> 'Strodehne'","Havelland","Q6139","","","","","Havelland","1.0","Direct override | 'Havelland' -> QID=Q6139 | [override -> QID=Q6139]","Brandenburg","Q1208","2945356","7000096","2048409","62504","Brandenburg","1.0","Exact match via rdfs:label [global index] | 'Brandenburg' -> 'Brandenburg'","Deutschland","Q183","2921044","7000084","2044274","51477","Deutschland","1.0","Exact match via rdfs:label [global index] | 'Deutschland' -> 'Deutschland'","Mesolithikum","Einzelfund","Q1144458","","","unbek.","Q59496158","0","340","Übernahme aus externer Datenbank","Strukturen des Landesdenkmalamts","die Koordinaten wurden 2018 von Maha Ismail-Weber beim BLDAM angefragt und übernommen","12.23","52.74","-8000","+/- 100 years","-4000","+/- 100 years","Q816829","dating still very uncertain, for the whole group only few 14C dates available","http://n2t.net/ark:/99152/p0s2rwk5zjw","relatedMatch",""
"BLDAM / M. Ismail-Weber 2018","Q897952","12832","397","Schönwalde - 9","Schönwalde","Q581715","","","","","Schönwalde","1.0","Direct override | 'Schönwalde' -> QID=Q581715 | [override -> QID=Q581715]","Havelland","Q6139","","","","","Havelland","1.0","Direct override | 'Havelland' -> QID=Q6139 | [override -> QID=Q6139]","Brandenburg","Q1208","2945356","7000096","2048409","62504","Brandenburg","1.0","Exact match via rdfs:label [global index] | 'Brandenburg' -> 'Brandenburg'","Deutschland","Q183","2921044","7000084","2044274","51477","Deutschland","1.0","Exact match via rdfs:label [global index] | 'Deutschland' -> 'Deutschland'","Mesolithikum","Einzelfund","Q1144458","","","unbek.","Q59496158","0","341","Übernahme aus externer Datenbank","Strukturen des Landesdenkmalamts","die Koordinaten wurden 2018 von Maha Ismail-Weber beim BLDAM angefragt und übernommen","13.13","52.61","-8000","+/- 100 years","-4000","+/- 100 years","Q816829","dating still very uncertain, for the whole group only few 14C dates available","http://n2t.net/ark:/99152/p0s2rwk5zjw","relatedMatch",""
"BLDAM / M. Ismail-Weber 2018","Q897952","24720","85","Buckow - 4","Buckow","Q29019815","","","","","Buckow","1.0","Direct override | 'Buckow' -> QID=Q29019815 | [override -> QID=Q29019815]","Havelland","Q6139","","","","","Havelland","1.0","Direct override | 'Havelland' -> QID=Q6139 | [override -> QID=Q6139]","Brandenburg","Q1208","2945356","7000096","2048409","62504","Brandenburg","1.0","Exact match via rdfs:label [global index] | 'Brandenburg' -> 'Brandenburg'","Deutschland","Q183","2921044","7000084","2044274","51477","Deutschland","1.0","Exact match via rdfs:label [global index] | 'Deutschland' -> 'Deutschland'","Mesolithikum","Einzelfund","Q1144458","","","unbek.","Q59496158","0","342","Übernahme aus externer Datenbank","Strukturen des Landesdenkmalamts","die Koordinaten wurden 2018 von Maha Ismail-Weber beim BLDAM angefragt und übernommen","12.27","52.59","-8000","+/- 100 years","-4000","+/- 100 years","Q816829","dating still very uncertain, for the whole group only few 14C dates available","http://n2t.net/ark:/99152/p0s2rwk5zjw","relatedMatch",""
"BLDAM / M. Ismail-Weber 2018","Q897952","12929","459","Wansdorf - 7","Wansdorf","Q2548510","","","","","Wansdorf","1.0","Transitive P131+ exact match | 'Wansdorf' -> 'Wansdorf'","Havelland","Q6139","","","","","Havelland","1.0","Direct override | 'Havelland' -> QID=Q6139 | [override -> QID=Q6139]","Brandenburg","Q1208","2945356","7000096","2048409","62504","Brandenburg","1.0","Exact match via rdfs:label [global index] | 'Brandenburg' -> 'Brandenburg'","Deutschland","Q183","2921044","7000084","2044274","51477","Deutschland","1.0","Exact match via rdfs:label [global index] | 'Deutschland' -> 'Deutschland'","Mesolithikum","Einzelfund","Q1144458","","","unbek.","Q59496158","0","343","Übernahme aus externer Datenbank","Strukturen des Landesdenkmalamts","die Koordinaten wurden 2018 von Maha Ismail-Weber beim BLDAM angefragt und übernommen","13.07","52.63","-8000","+/- 100 years","-4000","+/- 100 years","Q816829","dating still very uncertain, for the whole group only few 14C dates available","http://n2t.net/ark:/99152/p0s2rwk5zjw","relatedMatch",""
"BLDAM / M. Ismail-Weber 2018","Q897952","20021","426","Strodehne - 19","Strodehne","Q51682527","","","","","Strodehne","1.0","Transitive P131+ exact match | 'Strodehne' -> 'Strodehne'","Havelland","Q6139","","","","","Havelland","1.0","Direct override | 'Havelland' -> QID=Q6139 | [override -> QID=Q6139]","Brandenburg","Q1208","2945356","7000096","2048409","62504","Brandenburg","1.0","Exact match via rdfs:label [global index] | 'Brandenburg' -> 'Brandenburg'","Deutschland","Q183","2921044","7000084","2044274","51477","Deutschland","1.0","Exact match via rdfs:label [global index] | 'Deutschland' -> 'Deutschland'","Mesolithikum","Einzelfund","Q1144458","","","unbek.","Q59496158","0","344","Übernahme aus externer Datenbank","Strukturen des Landesdenkmalamts","die Koordinaten wurden 2018 von Maha Ismail-Weber beim BLDAM angefragt und übernommen","12.24","52.74","-8000","+/- 100 years","-4000","+/- 100 years","Q816829","dating still very uncertain, for the whole group only few 14C dates available","http://n2t.net/ark:/99152/p0s2rwk5zjw","relatedMatch",""
"BLDAM / M. Ismail-Weber 2018","Q897952","19895","378","Rübehorst - 1","Rübehorst","Q110987406","","","","","Rübehorst","1.0","Transitive P131+ exact match | 'Rübehorst' -> 'Rübehorst'","Havelland","Q6139","","","","","Havelland","1.0","Direct override | 'Havelland' -> QID=Q6139 | [override -> QID=Q6139]","Brandenburg","Q1208","2945356","7000096","2048409","62504","Brandenburg","1.0","Exact match via rdfs:label [global index] | 'Brandenburg' -> 'Brandenburg'","Deutschland","Q183","2921044","7000084","2044274","51477","Deutschland","1.0","Exact match via rdfs:label [global index] | 'Deutschland' -> 'Deutschland'","Mesolithikum","Einzelfund","Q1144458","","","unbek.","Q59496158","0","345","Übernahme aus externer Datenbank","Strukturen des Landesdenkmalamts","die Koordinaten wurden 2018 von Maha Ismail-Weber beim BLDAM angefragt und übernommen","12.33","52.8","-8000","+/- 100 years","-4000","+/- 100 years","Q816829","dating still very uncertain, for the whole group only few 14C dates available","http://n2t.net/ark:/99152/p0s2rwk5zjw","relatedMatch",""
"BLDAM / M. Ismail-Weber 2018","Q897952","12897","450","Vietznitz - 11","Vietznitz","Q2523873","","7092275","","","Vietznitz","1.0","Transitive P131+ exact match | 'Vietznitz' -> 'Vietznitz'","Havelland","Q6139","","","","","Havelland","1.0","Direct override | 'Havelland' -> QID=Q6139 | [override -> QID=Q6139]","Brandenburg","Q1208","2945356","7000096","2048409","62504","Brandenburg","1.0","Exact match via rdfs:label [global index] | 'Brandenburg' -> 'Brandenburg'","Deutschland","Q183","2921044","7000084","2044274","51477","Deutschland","1.0","Exact match via rdfs:label [global index] | 'Deutschland' -> 'Deutschland'","Mesolithikum","Einzelfund","Q1144458","","","unbek.","Q59496158","0","346","Übernahme aus externer Datenbank","Strukturen des Landesdenkmalamts","die Koordinaten wurden 2018 von Maha Ismail-Weber beim BLDAM angefragt und übernommen","12.63","52.74","-8000","+/- 100 years","-4000","+/- 100 years","Q816829","dating still very uncertain, for the whole group only few 14C dates available","http://n2t.net/ark:/99152/p0s2rwk5zjw","relatedMatch",""
"BLDAM / M. Ismail-Weber 2018","Q897952","12954","481","Wustermark - 2","Wustermark","Q581938","6547603","1038031","","1240551","Wustermark","1.0","Exact match via rdfs:label [global index] | 'Wustermark' -> 'Wustermark'","Havelland","Q6139","","","","","Havelland","1.0","Direct override | 'Havelland' -> QID=Q6139 | [override -> QID=Q6139]","Brandenburg","Q1208","2945356","7000096","2048409","62504","Brandenburg","1.0","Exact match via rdfs:label [global index] | 'Brandenburg' -> 'Brandenburg'","Deutschland","Q183","2921044","7000084","2044274","51477","Deutschland","1.0","Exact match via rdfs:label [global index] | 'Deutschland' -> 'Deutschland'","Mesolithikum","Einzelfund","Q1144458","","","unbek.","Q59496158","0","347","Übernahme aus externer Datenbank","Strukturen des Landesdenkmalamts","die Koordinaten wurden 2018 von Maha Ismail-Weber beim BLDAM angefragt und übernommen","12.95","52.54","-8000","+/- 100 years","-4000","+/- 100 years","Q816829","dating still very uncertain, for the whole group only few 14C dates available","http://n2t.net/ark:/99152/p0s2rwk5zjw","relatedMatch",""
"BLDAM / M. Ismail-Weber 2018","Q897952","12585","194","Hoppenrade - 2","Hoppenrade","Q104757864","2899161","1036975","","","Hoppenrade","1.0","Transitive P131+ exact match | 'Hoppenrade' -> 'Hoppenrade'","Havelland","Q6139","","","","","Havelland","1.0","Direct override | 'Havelland' -> QID=Q6139 | [override -> QID=Q6139]","Brandenburg","Q1208","2945356","7000096","2048409","62504","Brandenburg","1.0","Exact match via rdfs:label [global index] | 'Brandenburg' -> 'Brandenburg'","Deutschland","Q183","2921044","7000084","2044274","51477","Deutschland","1.0","Exact match via rdfs:label [global index] | 'Deutschland' -> 'Deutschland'","Mesolithikum","Einzelfund","Q1144458","","","unbek.","Q59496158","0","348","Übernahme aus externer Datenbank","Strukturen des Landesdenkmalamts","die Koordinaten wurden 2018 von Maha Ismail-Weber beim BLDAM angefragt und übernommen","12.94","52.52","-8000","+/- 100 years","-4000","+/- 100 years","Q816829","dating still very uncertain, for the whole group only few 14C dates available","http://n2t.net/ark:/99152/p0s2rwk5zjw","relatedMatch",""
"BLDAM / M. Ismail-Weber 2018","Q897952","59396","369","Rhinow - 32","Rhinow","Q532037","6550612","","","1332714","Rhinow","1.0","Exact match via rdfs:label [global index] | 'Rhinow' -> 'Rhinow'","Havelland","Q6139","","","","","Havelland","1.0","Direct override | 'Havelland' -> QID=Q6139 | [override -> QID=Q6139]","Brandenburg","Q1208","2945356","7000096","2048409","62504","Brandenburg","1.0","Exact match via rdfs:label [global index] | 'Brandenburg' -> 'Brandenburg'","Deutschland","Q183","2921044","7000084","2044274","51477","Deutschland","1.0","Exact match via rdfs:label [global index] | 'Deutschland' -> 'Deutschland'","Mesolithikum","Einzelfund","Q1144458","","","unbek.","Q59496158","0","349","Übernahme aus externer Datenbank","Strukturen des Landesdenkmalamts","die Koordinaten wurden 2018 von Maha Ismail-Weber beim BLDAM angefragt und übernommen","12.36","52.77","-8000","+/- 100 years","-4000","+/- 100 years","Q816829","dating still very uncertain, for the whole group only few 14C dates available","http://n2t.net/ark:/99152/p0s2rwk5zjw","relatedMatch",""
"BLDAM / M. Ismail-Weber 2018","Q897952","21600","297","Münchehofe - 3","Münchehofe","Q2781495","","","","","Münchehofe","1.0","Transitive P131+ exact match | 'Münchehofe' -> 'Münchehofe'","Märkisch-Oderland","Q6181","3249083","7076941","","318248","Märkisch-Oderland","1.0","Exact match via skos:altLabel [global index] | 'Märkisch-Oderland' -> 'Märkisch-Oderland'","Brandenburg","Q1208","2945356","7000096","2048409","62504","Brandenburg","1.0","Exact match via rdfs:label [global index] | 'Brandenburg' -> 'Brandenburg'","Deutschland","Q183","2921044","7000084","2044274","51477","Deutschland","1.0","Exact match via rdfs:label [global index] | 'Deutschland' -> 'Deutschland'","Mesolithikum","Einzelfund","Q1144458","","","unbek.","Q59496158","0","350","Übernahme aus externer Datenbank","Strukturen des Landesdenkmalamts","die Koordinaten wurden 2018 von Maha Ismail-Weber beim BLDAM angefragt und übernommen","14.12","52.56","-8000","+/- 100 years","-4000","+/- 100 years","Q816829","dating still very uncertain, for the whole group only few 14C dates available","http://n2t.net/ark:/99152/p0s2rwk5zjw","relatedMatch",""
"BLDAM / M. Ismail-Weber 2018","Q897952","34683","126","Friedersdorf - 6","Friedersdorf","Q1457140","","","","","Friedersdorf","1.0","Transitive P131+ exact match | 'Friedersdorf' -> 'Friedersdorf'","Märkisch-Oderland","Q6181","3249083","7076941","","318248","Märkisch-Oderland","1.0","Exact match via skos:altLabel [global index] | 'Märkisch-Oderland' -> 'Märkisch-Oderland'","Brandenburg","Q1208","2945356","7000096","2048409","62504","Brandenburg","1.0","Exact match via rdfs:label [global index] | 'Brandenburg' -> 'Brandenburg'","Deutschland","Q183","2921044","7000084","2044274","51477","Deutschland","1.0","Exact match via rdfs:label [global index] | 'Deutschland' -> 'Deutschland'","Mesolithikum","Einzelfund","Q1144458","","","unbek.","Q59496158","0","351","Übernahme aus externer Datenbank","Strukturen des Landesdenkmalamts","die Koordinaten wurden 2018 von Maha Ismail-Weber beim BLDAM angefragt und übernommen","14.39","52.51","-8000","+/- 100 years","-4000","+/- 100 years","Q816829","dating still very uncertain, for the whole group only few 14C dates available","http://n2t.net/ark:/99152/p0s2rwk5zjw","relatedMatch",""
"BLDAM / M. Ismail-Weber 2018","Q897952","7659","244","Krewelin - 2","Krewelin","Q87325014","","","","","Krewelin","1.0","Transitive P131+ exact match | 'Krewelin' -> 'Krewelin'","Oberhavel","Q6119","3249084","7076940","","62488","Oberhavel","1.0","Exact match via skos:altLabel [global index] | 'Oberhavel' -> 'Oberhavel'","Brandenburg","Q1208","2945356","7000096","2048409","62504","Brandenburg","1.0","Exact match via rdfs:label [global index] | 'Brandenburg' -> 'Brandenburg'","Deutschland","Q183","2921044","7000084","2044274","51477","Deutschland","1.0","Exact match via rdfs:label [global index] | 'Deutschland' -> 'Deutschland'","Mesolithikum","Einzelfund","Q1144458","","","unbek.","Q59496158","0","352","Übernahme aus externer Datenbank","Strukturen des Landesdenkmalamts","die Koordinaten wurden 2018 von Maha Ismail-Weber beim BLDAM angefragt und übernommen","13.41","52.95","-8000","+/- 100 years","-4000","+/- 100 years","Q816829","dating still very uncertain, for the whole group only few 14C dates available","http://n2t.net/ark:/99152/p0s2rwk5zjw","relatedMatch",""
"BLDAM / M. Ismail-Weber 2018","Q897952","7547","21","Badingen - 4","Badingen","Q799036","","","","","Badingen","1.0","Transitive P131+ exact match | 'Badingen' -> 'Badingen'","Oberhavel","Q6119","3249084","7076940","","62488","Oberhavel","1.0","Exact match via skos:altLabel [global index] | 'Oberhavel' -> 'Oberhavel'","Brandenburg","Q1208","2945356","7000096","2048409","62504","Brandenburg","1.0","Exact match via rdfs:label [global index] | 'Brandenburg' -> 'Brandenburg'","Deutschland","Q183","2921044","7000084","2044274","51477","Deutschland","1.0","Exact match via rdfs:label [global index] | 'Deutschland' -> 'Deutschland'","Mesolithikum","Einzelfund","Q1144458","","","unbek.","Q59496158","0","353","Übernahme aus externer Datenbank","Strukturen des Landesdenkmalamts","die Koordinaten wurden 2018 von Maha Ismail-Weber beim BLDAM angefragt und übernommen","13.25","53.02","-8000","+/- 100 years","-4000","+/- 100 years","Q816829","dating still very uncertain, for the whole group only few 14C dates available","http://n2t.net/ark:/99152/p0s2rwk5zjw","relatedMatch",""
"BLDAM / M. Ismail-Weber 2018","Q897952","7770","497","Zehdenick - 3","Zehdenick","Q184481","6550625","1038049","","1316017","Zehdenick","1.0","Exact match via rdfs:label [global index] | 'Zehdenick' -> 'Zehdenick'","Oberhavel","Q6119","3249084","7076940","","62488","Oberhavel","1.0","Exact match via skos:altLabel [global index] | 'Oberhavel' -> 'Oberhavel'","Brandenburg","Q1208","2945356","7000096","2048409","62504","Brandenburg","1.0","Exact match via rdfs:label [global index] | 'Brandenburg' -> 'Brandenburg'","Deutschland","Q183","2921044","7000084","2044274","51477","Deutschland","1.0","Exact match via rdfs:label [global index] | 'Deutschland' -> 'Deutschland'","Mesolithikum","Einzelfund","Q1144458","","","unbek.","Q59496158","0","354","Übernahme aus externer Datenbank","Strukturen des Landesdenkmalamts","die Koordinaten wurden 2018 von Maha Ismail-Weber beim BLDAM angefragt und übernommen","13.32","52.95","-8000","+/- 100 years","-4000","+/- 100 years","Q816829","dating still very uncertain, for the whole group only few 14C dates available","http://n2t.net/ark:/99152/p0s2rwk5zjw","relatedMatch",""
"BLDAM / M. Ismail-Weber 2018","Q897952","14928","414","Sommerfeld - 7","Sommerfeld","Q14947358","2831399","","","4473474","Sommerfeld","1.0","Transitive P131+ exact match | 'Sommerfeld' -> 'Sommerfeld'","Oberhavel","Q6119","3249084","7076940","","62488","Oberhavel","1.0","Exact match via skos:altLabel [global index] | 'Oberhavel' -> 'Oberhavel'","Brandenburg","Q1208","2945356","7000096","2048409","62504","Brandenburg","1.0","Exact match via rdfs:label [global index] | 'Brandenburg' -> 'Brandenburg'","Deutschland","Q183","2921044","7000084","2044274","51477","Deutschland","1.0","Exact match via rdfs:label [global index] | 'Deutschland' -> 'Deutschland'","Mesolithikum","Einzelfund","Q1144458","","","unbek.","Q59496158","0","355","Übernahme aus externer Datenbank","Strukturen des Landesdenkmalamts","die Koordinaten wurden 2018 von Maha Ismail-Weber beim BLDAM angefragt und übernommen","13.05","52.79","-8000","+/- 100 years","-4000","+/- 100 years","Q816829","dating still very uncertain, for the whole group only few 14C dates available","http://n2t.net/ark:/99152/p0s2rwk5zjw","relatedMatch",""
"BLDAM / M. Ismail-Weber 2018","Q897952","14954","433","Teschendorf - 5","Teschendorf","Q21039506","","","","","Teschendorf","1.0","Transitive P131+ exact match | 'Teschendorf' -> 'Teschendorf'","Oberhavel","Q6119","3249084","7076940","","62488","Oberhavel","1.0","Exact match via skos:altLabel [global index] | 'Oberhavel' -> 'Oberhavel'","Brandenburg","Q1208","2945356","7000096","2048409","62504","Brandenburg","1.0","Exact match via rdfs:label [global index] | 'Brandenburg' -> 'Brandenburg'","Deutschland","Q183","2921044","7000084","2044274","51477","Deutschland","1.0","Exact match via rdfs:label [global index] | 'Deutschland' -> 'Deutschland'","Mesolithikum","Einzelfund","Q1144458","","","unbek.","Q59496158","0","356","Übernahme aus externer Datenbank","Strukturen des Landesdenkmalamts","die Koordinaten wurden 2018 von Maha Ismail-Weber beim BLDAM angefragt und übernommen","13.17","52.86","-8000","+/- 100 years","-4000","+/- 100 years","Q816829","dating still very uncertain, for the whole group only few 14C dates available","http://n2t.net/ark:/99152/p0s2rwk5zjw","relatedMatch",""
"BLDAM / M. Ismail-Weber 2018","Q897952","33359","498","Zehdenick - 33","Zehdenick","Q184481","6550625","1038049","","1316017","Zehdenick","1.0","Exact match via rdfs:label [global index] | 'Zehdenick' -> 'Zehdenick'","Oberhavel","Q6119","3249084","7076940","","62488","Oberhavel","1.0","Exact match via skos:altLabel [global index] | 'Oberhavel' -> 'Oberhavel'","Brandenburg","Q1208","2945356","7000096","2048409","62504","Brandenburg","1.0","Exact match via rdfs:label [global index] | 'Brandenburg' -> 'Brandenburg'","Deutschland","Q183","2921044","7000084","2044274","51477","Deutschland","1.0","Exact match via rdfs:label [global index] | 'Deutschland' -> 'Deutschland'","Mesolithikum","Einzelfund","Q1144458","","","unbek.","Q59496158","0","357","Übernahme aus externer Datenbank","Strukturen des Landesdenkmalamts","die Koordinaten wurden 2018 von Maha Ismail-Weber beim BLDAM angefragt und übernommen","13.36","53.02","-8000","+/- 100 years","-4000","+/- 100 years","Q816829","dating still very uncertain, for the whole group only few 14C dates available","http://n2t.net/ark:/99152/p0s2rwk5zjw","relatedMatch",""
"BLDAM / M. Ismail-Weber 2018","Q897952","14655","41","Birkenwerder - 14","Birkenwerder","Q587077","6547617","","","1310088","Birkenwerder","1.0","Exact match via rdfs:label [global index] | 'Birkenwerder' -> 'Birkenwerder'","Oberhavel","Q6119","3249084","7076940","","62488","Oberhavel","1.0","Exact match via skos:altLabel [global index] | 'Oberhavel' -> 'Oberhavel'","Brandenburg","Q1208","2945356","7000096","2048409","62504","Brandenburg","1.0","Exact match via rdfs:label [global index] | 'Brandenburg' -> 'Brandenburg'","Deutschland","Q183","2921044","7000084","2044274","51477","Deutschland","1.0","Exact match via rdfs:label [global index] | 'Deutschland' -> 'Deutschland'","Mesolithikum","Einzelfund","Q1144458","","","unbek.","Q59496158","0","358","Übernahme aus externer Datenbank","Strukturen des Landesdenkmalamts","die Koordinaten wurden 2018 von Maha Ismail-Weber beim BLDAM angefragt und übernommen","13.25","52.69","-8000","+/- 100 years","-4000","+/- 100 years","Q816829","dating still very uncertain, for the whole group only few 14C dates available","http://n2t.net/ark:/99152/p0s2rwk5zjw","relatedMatch",""
"BLDAM / M. Ismail-Weber 2018","Q897952","14648","42","Birkenwerder - 7","Birkenwerder","Q587077","6547617","","","1310088","Birkenwerder","1.0","Exact match via rdfs:label [global index] | 'Birkenwerder' -> 'Birkenwerder'","Oberhavel","Q6119","3249084","7076940","","62488","Oberhavel","1.0","Exact match via skos:altLabel [global index] | 'Oberhavel' -> 'Oberhavel'","Brandenburg","Q1208","2945356","7000096","2048409","62504","Brandenburg","1.0","Exact match via rdfs:label [global index] | 'Brandenburg' -> 'Brandenburg'","Deutschland","Q183","2921044","7000084","2044274","51477","Deutschland","1.0","Exact match via rdfs:label [global index] | 'Deutschland' -> 'Deutschland'","Mesolithikum","Einzelfund","Q1144458","","","unbek.","Q59496158","0","359","Übernahme aus externer Datenbank","Strukturen des Landesdenkmalamts","die Koordinaten wurden 2018 von Maha Ismail-Weber beim BLDAM angefragt und übernommen","13.27","52.69","-8000","+/- 100 years","-4000","+/- 100 years","Q816829","dating still very uncertain, for the whole group only few 14C dates available","http://n2t.net/ark:/99152/p0s2rwk5zjw","relatedMatch",""
"BLDAM / M. Ismail-Weber 2018","Q897952","7568","87","Burgwall - 1","Burgwall","Q1016140","","","","","Burgwall","1.0","Transitive P131+ exact match | 'Burgwall' -> 'Burgwall'","Oberhavel","Q6119","3249084","7076940","","62488","Oberhavel","1.0","Exact match via skos:altLabel [global index] | 'Oberhavel' -> 'Oberhavel'","Brandenburg","Q1208","2945356","7000096","2048409","62504","Brandenburg","1.0","Exact match via rdfs:label [global index] | 'Brandenburg' -> 'Brandenburg'","Deutschland","Q183","2921044","7000084","2044274","51477","Deutschland","1.0","Exact match via rdfs:label [global index] | 'Deutschland' -> 'Deutschland'","Mesolithikum","Einzelfund","Q1144458","","","unbek.","Q59496158","0","360","Übernahme aus externer Datenbank","Strukturen des Landesdenkmalamts","die Koordinaten wurden 2018 von Maha Ismail-Weber beim BLDAM angefragt und übernommen","13.31","53.05","-8000","+/- 100 years","-4000","+/- 100 years","Q816829","dating still very uncertain, for the whole group only few 14C dates available","http://n2t.net/ark:/99152/p0s2rwk5zjw","relatedMatch",""
"BLDAM / M. Ismail-Weber 2018","Q897952","28695","22","Badingen - 7","Badingen","Q799036","","","","","Badingen","1.0","Transitive P131+ exact match | 'Badingen' -> 'Badingen'","Oberhavel","Q6119","3249084","7076940","","62488","Oberhavel","1.0","Exact match via skos:altLabel [global index] | 'Oberhavel' -> 'Oberhavel'","Brandenburg","Q1208","2945356","7000096","2048409","62504","Brandenburg","1.0","Exact match via rdfs:label [global index] | 'Brandenburg' -> 'Brandenburg'","Deutschland","Q183","2921044","7000084","2044274","51477","Deutschland","1.0","Exact match via rdfs:label [global index] | 'Deutschland' -> 'Deutschland'","Mesolithikum","Einzelfund","Q1144458","","","unbek.","Q59496158","0","361","Übernahme aus externer Datenbank","Strukturen des Landesdenkmalamts","die Koordinaten wurden 2018 von Maha Ismail-Weber beim BLDAM angefragt und übernommen","13.25","53.01","-8000","+/- 100 years","-4000","+/- 100 years","Q816829","dating still very uncertain, for the whole group only few 14C dates available","http://n2t.net/ark:/99152/p0s2rwk5zjw","relatedMatch",""
"BLDAM / M. Ismail-Weber 2018","Q897952","14698","142","Germendorf - 3","Germendorf","Q1514257","2921042","","","","Germendorf","1.0","Transitive P131+ exact match | 'Germendorf' -> 'Germendorf'","Oberhavel","Q6119","3249084","7076940","","62488","Oberhavel","1.0","Exact match via skos:altLabel [global index] | 'Oberhavel' -> 'Oberhavel'","Brandenburg","Q1208","2945356","7000096","2048409","62504","Brandenburg","1.0","Exact match via rdfs:label [global index] | 'Brandenburg' -> 'Brandenburg'","Deutschland","Q183","2921044","7000084","2044274","51477","Deutschland","1.0","Exact match via rdfs:label [global index] | 'Deutschland' -> 'Deutschland'","Mesolithikum","Einzelfund","Q1144458","","","unbek.","Q59496158","0","362","Übernahme aus externer Datenbank","Strukturen des Landesdenkmalamts","die Koordinaten wurden 2018 von Maha Ismail-Weber beim BLDAM angefragt und übernommen","13.19","52.75","-8000","+/- 100 years","-4000","+/- 100 years","Q816829","dating still very uncertain, for the whole group only few 14C dates available","http://n2t.net/ark:/99152/p0s2rwk5zjw","relatedMatch",""
"BLDAM / M. Ismail-Weber 2018","Q897952","33363","208","Kappe - 8","Kappe","Q25158548","","","","","Kappe","1.0","Transitive P131+ exact match | 'Kappe' -> 'Kappe'","Oberhavel","Q6119","3249084","7076940","","62488","Oberhavel","1.0","Exact match via skos:altLabel [global index] | 'Oberhavel' -> 'Oberhavel'","Brandenburg","Q1208","2945356","7000096","2048409","62504","Brandenburg","1.0","Exact match via rdfs:label [global index] | 'Brandenburg' -> 'Brandenburg'","Deutschland","Q183","2921044","7000084","2044274","51477","Deutschland","1.0","Exact match via rdfs:label [global index] | 'Deutschland' -> 'Deutschland'","Mesolithikum","Einzelfund","Q1144458","","","unbek.","Q59496158","0","363","Übernahme aus externer Datenbank","Strukturen des Landesdenkmalamts","die Koordinaten wurden 2018 von Maha Ismail-Weber beim BLDAM angefragt und übernommen","13.42","52.95","-8000","+/- 100 years","-4000","+/- 100 years","Q816829","dating still very uncertain, for the whole group only few 14C dates available","http://n2t.net/ark:/99152/p0s2rwk5zjw","relatedMatch",""
"BLDAM / M. Ismail-Weber 2018","Q897952","7670","243","Krewelin - 13","Krewelin","Q87325014","","","","","Krewelin","1.0","Transitive P131+ exact match | 'Krewelin' -> 'Krewelin'","Oberhavel","Q6119","3249084","7076940","","62488","Oberhavel","1.0","Exact match via skos:altLabel [global index] | 'Oberhavel' -> 'Oberhavel'","Brandenburg","Q1208","2945356","7000096","2048409","62504","Brandenburg","1.0","Exact match via rdfs:label [global index] | 'Brandenburg' -> 'Brandenburg'","Deutschland","Q183","2921044","7000084","2044274","51477","Deutschland","1.0","Exact match via rdfs:label [global index] | 'Deutschland' -> 'Deutschland'","Mesolithikum","Einzelfund","Q1144458","","","unbek.","Q59496158","0","364","Übernahme aus externer Datenbank","Strukturen des Landesdenkmalamts","die Koordinaten wurden 2018 von Maha Ismail-Weber beim BLDAM angefragt und übernommen","13.38","52.94","-8000","+/- 100 years","-4000","+/- 100 years","Q816829","dating still very uncertain, for the whole group only few 14C dates available","http://n2t.net/ark:/99152/p0s2rwk5zjw","relatedMatch",""
"BLDAM / M. Ismail-Weber 2018","Q897952","57790","315","Oranienburg - 42","Oranienburg","Q14808","6550623","1037432","2282604","1310102","Oranienburg","1.0","Exact match via rdfs:label [global index] | 'Oranienburg' -> 'Oranienburg'","Oberhavel","Q6119","3249084","7076940","","62488","Oberhavel","1.0","Exact match via skos:altLabel [global index] | 'Oberhavel' -> 'Oberhavel'","Brandenburg","Q1208","2945356","7000096","2048409","62504","Brandenburg","1.0","Exact match via rdfs:label [global index] | 'Brandenburg' -> 'Brandenburg'","Deutschland","Q183","2921044","7000084","2044274","51477","Deutschland","1.0","Exact match via rdfs:label [global index] | 'Deutschland' -> 'Deutschland'","Mesolithikum","Einzelfund","Q1144458","","","unbek.","Q59496158","0","365","Übernahme aus externer Datenbank","Strukturen des Landesdenkmalamts","die Koordinaten wurden 2018 von Maha Ismail-Weber beim BLDAM angefragt und übernommen","13.25","52.75","-8000","+/- 100 years","-4000","+/- 100 years","Q816829","dating still very uncertain, for the whole group only few 14C dates available","http://n2t.net/ark:/99152/p0s2rwk5zjw","relatedMatch",""
"BLDAM / M. Ismail-Weber 2018","Q897952","38850","256","Leipe - 1","Leipe","Q144915","2879157","","","3928725","Leipe","1.0","Transitive P131+ exact match | 'Leipe' -> 'Leipe'","Oberspreewald-Lausitz","Q6156","3249085","7076939","","62571","Oberspreewald-Lausitz","1.0","Exact match via skos:altLabel [global index] | 'Oberspreewald-Lausitz' -> 'Oberspreewald-Lausitz'","Brandenburg","Q1208","2945356","7000096","2048409","62504","Brandenburg","1.0","Exact match via rdfs:label [global index] | 'Brandenburg' -> 'Brandenburg'","Deutschland","Q183","2921044","7000084","2044274","51477","Deutschland","1.0","Exact match via rdfs:label [global index] | 'Deutschland' -> 'Deutschland'","Mesolithikum","Einzelfund","Q1144458","","","unbek.","Q59496158","0","366","Übernahme aus externer Datenbank","Strukturen des Landesdenkmalamts","die Koordinaten wurden 2018 von Maha Ismail-Weber beim BLDAM angefragt und übernommen","14.04","51.86","-8000","+/- 100 years","-4000","+/- 100 years","Q816829","dating still very uncertain, for the whole group only few 14C dates available","http://n2t.net/ark:/99152/p0s2rwk5zjw","relatedMatch",""
"BLDAM / M. Ismail-Weber 2018","Q897952","3406","268","Lübbenau - 5","Lübbenau","Q147895","2875623","1037144","","1322898","Lübbenau","1.0","Exact match via skos:altLabel [global index] | 'Lübbenau' -> 'Lübbenau'","Oberspreewald-Lausitz","Q6156","3249085","7076939","","62571","Oberspreewald-Lausitz","1.0","Exact match via skos:altLabel [global index] | 'Oberspreewald-Lausitz' -> 'Oberspreewald-Lausitz'","Brandenburg","Q1208","2945356","7000096","2048409","62504","Brandenburg","1.0","Exact match via rdfs:label [global index] | 'Brandenburg' -> 'Brandenburg'","Deutschland","Q183","2921044","7000084","2044274","51477","Deutschland","1.0","Exact match via rdfs:label [global index] | 'Deutschland' -> 'Deutschland'","Mesolithikum","Einzelfund","Q1144458","","","unbek.","Q59496158","0","367","Übernahme aus externer Datenbank","Strukturen des Landesdenkmalamts","die Koordinaten wurden 2018 von Maha Ismail-Weber beim BLDAM angefragt und übernommen","13.97","51.87","-8000","+/- 100 years","-4000","+/- 100 years","Q816829","dating still very uncertain, for the whole group only few 14C dates available","http://n2t.net/ark:/99152/p0s2rwk5zjw","relatedMatch",""
"BLDAM / M. Ismail-Weber 2018","Q897952","1342","373","Rieplos - 3","Rieplos","Q2152289","","7113468","","85967","Rieplos","1.0","Transitive P131+ exact match | 'Rieplos' -> 'Rieplos'","Oder-Spree","Q6178","3249086","7076938","","62628","Oder-Spree","1.0","Exact match via skos:altLabel [global index] | 'Oder-Spree' -> 'Oder-Spree'","Brandenburg","Q1208","2945356","7000096","2048409","62504","Brandenburg","1.0","Exact match via rdfs:label [global index] | 'Brandenburg' -> 'Brandenburg'","Deutschland","Q183","2921044","7000084","2044274","51477","Deutschland","1.0","Exact match via rdfs:label [global index] | 'Deutschland' -> 'Deutschland'","Mesolithikum","Einzelfund","Q1144458","","","unbek.","Q59496158","0","368","Übernahme aus externer Datenbank","Strukturen des Landesdenkmalamts","die Koordinaten wurden 2018 von Maha Ismail-Weber beim BLDAM angefragt und übernommen","13.9","52.31","-8000","+/- 100 years","-4000","+/- 100 years","Q816829","dating still very uncertain, for the whole group only few 14C dates available","http://n2t.net/ark:/99152/p0s2rwk5zjw","relatedMatch",""
"BLDAM / M. Ismail-Weber 2018","Q897952","6606","131","Fürstenwalde - 5","Fürstenwalde","Q16064","6550634","1036677","","1384842","Fürstenwalde","1.0","Exact match via rdfs:label [global index] | 'Fürstenwalde' -> 'Fürstenwalde'","Oder-Spree","Q6178","3249086","7076938","","62628","Oder-Spree","1.0","Exact match via skos:altLabel [global index] | 'Oder-Spree' -> 'Oder-Spree'","Brandenburg","Q1208","2945356","7000096","2048409","62504","Brandenburg","1.0","Exact match via rdfs:label [global index] | 'Brandenburg' -> 'Brandenburg'","Deutschland","Q183","2921044","7000084","2044274","51477","Deutschland","1.0","Exact match via rdfs:label [global index] | 'Deutschland' -> 'Deutschland'","Mesolithikum","Einzelfund","Q1144458","","","unbek.","Q59496158","0","369","Übernahme aus externer Datenbank","Strukturen des Landesdenkmalamts","die Koordinaten wurden 2018 von Maha Ismail-Weber beim BLDAM angefragt und übernommen","14.05","52.36","-8000","+/- 100 years","-4000","+/- 100 years","Q816829","dating still very uncertain, for the whole group only few 14C dates available","http://n2t.net/ark:/99152/p0s2rwk5zjw","relatedMatch",""
"BLDAM / M. Ismail-Weber 2018","Q897952","6614","133","Fürstenwalde-Süd - 5","Fürstenwalde-Süd","Q16064","","","","","Fürstenwalde-Süd","1.0","Direct override | 'Fürstenwalde-Süd' -> QID=Q16064 | [override -> QID=Q16064]","Oder-Spree","Q6178","3249086","7076938","","62628","Oder-Spree","1.0","Exact match via skos:altLabel [global index] | 'Oder-Spree' -> 'Oder-Spree'","Brandenburg","Q1208","2945356","7000096","2048409","62504","Brandenburg","1.0","Exact match via rdfs:label [global index] | 'Brandenburg' -> 'Brandenburg'","Deutschland","Q183","2921044","7000084","2044274","51477","Deutschland","1.0","Exact match via rdfs:label [global index] | 'Deutschland' -> 'Deutschland'","Mesolithikum","Einzelfund","Q1144458","","","unbek.","Q59496158","0","370","Übernahme aus externer Datenbank","Strukturen des Landesdenkmalamts","die Koordinaten wurden 2018 von Maha Ismail-Weber beim BLDAM angefragt und übernommen","14.09","52.33","-8000","+/- 100 years","-4000","+/- 100 years","Q816829","dating still very uncertain, for the whole group only few 14C dates available","http://n2t.net/ark:/99152/p0s2rwk5zjw","relatedMatch",""
"BLDAM / M. Ismail-Weber 2018","Q897952","27512","431","Tempelberg - 17","Tempelberg","Q2402703","","","","3335432","Tempelberg","1.0","Transitive P131+ exact match | 'Tempelberg' -> 'Tempelberg'","Oder-Spree","Q6178","3249086","7076938","","62628","Oder-Spree","1.0","Exact match via skos:altLabel [global index] | 'Oder-Spree' -> 'Oder-Spree'","Brandenburg","Q1208","2945356","7000096","2048409","62504","Brandenburg","1.0","Exact match via rdfs:label [global index] | 'Brandenburg' -> 'Brandenburg'","Deutschland","Q183","2921044","7000084","2044274","51477","Deutschland","1.0","Exact match via rdfs:label [global index] | 'Deutschland' -> 'Deutschland'","Mesolithikum","Einzelfund","Q1144458","","","unbek.","Q59496158","0","371","Übernahme aus externer Datenbank","Strukturen des Landesdenkmalamts","die Koordinaten wurden 2018 von Maha Ismail-Weber beim BLDAM angefragt und übernommen","14.14","52.45","-8000","+/- 100 years","-4000","+/- 100 years","Q816829","dating still very uncertain, for the whole group only few 14C dates available","http://n2t.net/ark:/99152/p0s2rwk5zjw","relatedMatch",""
"BLDAM / M. Ismail-Weber 2018","Q897952","34518","404","Schwerin - 11","Schwerin","Q1615217","","","","84262","Schwerin","1.0","Transitive P131+ exact match | 'Schwerin' -> 'Schwerin'","Oder-Spree","Q6178","3249086","7076938","","62628","Oder-Spree","1.0","Exact match via skos:altLabel [global index] | 'Oder-Spree' -> 'Oder-Spree'","Brandenburg","Q1208","2945356","7000096","2048409","62504","Brandenburg","1.0","Exact match via rdfs:label [global index] | 'Brandenburg' -> 'Brandenburg'","Deutschland","Q183","2921044","7000084","2044274","51477","Deutschland","1.0","Exact match via rdfs:label [global index] | 'Deutschland' -> 'Deutschland'","Mesolithikum","Einzelfund","Q1144458","","","unbek.","Q59496158","0","372","Übernahme aus externer Datenbank","Strukturen des Landesdenkmalamts","die Koordinaten wurden 2018 von Maha Ismail-Weber beim BLDAM angefragt und übernommen","13.86","52.19","-8000","+/- 100 years","-4000","+/- 100 years","Q816829","dating still very uncertain, for the whole group only few 14C dates available","http://n2t.net/ark:/99152/p0s2rwk5zjw","relatedMatch",""
"BLDAM / M. Ismail-Weber 2018","Q897952","10442","477","Wusterhausen (Dosse) - 12","Wusterhausen (Dosse)","Q35639864","","","","","Wusterhausen (Dosse)","1.0","Direct override | 'Wusterhausen (Dosse)' -> QID=Q35639864 | [override -> QID=Q35639864]","Ostprignitz-Ruppin","Q6125","3249087","7076937","","62574","Ostprignitz-Ruppin","1.0","Exact match via skos:altLabel [global index] | 'Ostprignitz-Ruppin' -> 'Ostprignitz-Ruppin'","Brandenburg","Q1208","2945356","7000096","2048409","62504","Brandenburg","1.0","Exact match via rdfs:label [global index] | 'Brandenburg' -> 'Brandenburg'","Deutschland","Q183","2921044","7000084","2044274","51477","Deutschland","1.0","Exact match via rdfs:label [global index] | 'Deutschland' -> 'Deutschland'","Mesolithikum","Einzelfund","Q1144458","","","unbek.","Q59496158","0","373","Übernahme aus externer Datenbank","Strukturen des Landesdenkmalamts","die Koordinaten wurden 2018 von Maha Ismail-Weber beim BLDAM angefragt und übernommen","12.49","52.92","-8000","+/- 100 years","-4000","+/- 100 years","Q816829","dating still very uncertain, for the whole group only few 14C dates available","http://n2t.net/ark:/99152/p0s2rwk5zjw","relatedMatch",""
"BLDAM / M. Ismail-Weber 2018","Q897952","10636","238","Kötzlin - 9","Kötzlin","Q116995126","","","","","Kötzlin","1.0","Transitive P131+ exact match | 'Kötzlin' -> 'Kötzlin'","Ostprignitz-Ruppin","Q6125","3249087","7076937","","62574","Ostprignitz-Ruppin","1.0","Exact match via skos:altLabel [global index] | 'Ostprignitz-Ruppin' -> 'Ostprignitz-Ruppin'","Brandenburg","Q1208","2945356","7000096","2048409","62504","Brandenburg","1.0","Exact match via rdfs:label [global index] | 'Brandenburg' -> 'Brandenburg'","Deutschland","Q183","2921044","7000084","2044274","51477","Deutschland","1.0","Exact match via rdfs:label [global index] | 'Deutschland' -> 'Deutschland'","Mesolithikum","Einzelfund","Q1144458","","","unbek.","Q59496158","0","374","Übernahme aus externer Datenbank","Strukturen des Landesdenkmalamts","die Koordinaten wurden 2018 von Maha Ismail-Weber beim BLDAM angefragt und übernommen","12.22","52.91","-8000","+/- 100 years","-4000","+/- 100 years","Q816829","dating still very uncertain, for the whole group only few 14C dates available","http://n2t.net/ark:/99152/p0s2rwk5zjw","relatedMatch",""
"BLDAM / M. Ismail-Weber 2018","Q897952","10554","105","Dreetz - 14","Dreetz","Q621912","6547654","7099822","","1302387","Dreetz","1.0","Exact match via rdfs:label [global index] | 'Dreetz' -> 'Dreetz'","Ostprignitz-Ruppin","Q6125","3249087","7076937","","62574","Ostprignitz-Ruppin","1.0","Exact match via skos:altLabel [global index] | 'Ostprignitz-Ruppin' -> 'Ostprignitz-Ruppin'","Brandenburg","Q1208","2945356","7000096","2048409","62504","Brandenburg","1.0","Exact match via rdfs:label [global index] | 'Brandenburg' -> 'Brandenburg'","Deutschland","Q183","2921044","7000084","2044274","51477","Deutschland","1.0","Exact match via rdfs:label [global index] | 'Deutschland' -> 'Deutschland'","Mesolithikum","Einzelfund","Q1144458","","","unbek.","Q59496158","0","375","Übernahme aus externer Datenbank","Strukturen des Landesdenkmalamts","die Koordinaten wurden 2018 von Maha Ismail-Weber beim BLDAM angefragt und übernommen","12.43","52.78","-8000","+/- 100 years","-4000","+/- 100 years","Q816829","dating still very uncertain, for the whole group only few 14C dates available","http://n2t.net/ark:/99152/p0s2rwk5zjw","relatedMatch",""
"BLDAM / M. Ismail-Weber 2018","Q897952","10687","253","Kyritz - 36","Kyritz","Q505160","6551109","","","1302369","Kyritz","1.0","Exact match via rdfs:label [global index] | 'Kyritz' -> 'Kyritz'","Ostprignitz-Ruppin","Q6125","3249087","7076937","","62574","Ostprignitz-Ruppin","1.0","Exact match via skos:altLabel [global index] | 'Ostprignitz-Ruppin' -> 'Ostprignitz-Ruppin'","Brandenburg","Q1208","2945356","7000096","2048409","62504","Brandenburg","1.0","Exact match via rdfs:label [global index] | 'Brandenburg' -> 'Brandenburg'","Deutschland","Q183","2921044","7000084","2044274","51477","Deutschland","1.0","Exact match via rdfs:label [global index] | 'Deutschland' -> 'Deutschland'","Mesolithikum","Einzelfund","Q1144458","","","unbek.","Q59496158","0","376","Übernahme aus externer Datenbank","Strukturen des Landesdenkmalamts","die Koordinaten wurden 2018 von Maha Ismail-Weber beim BLDAM angefragt und übernommen","12.41","52.98","-8000","+/- 100 years","-4000","+/- 100 years","Q816829","dating still very uncertain, for the whole group only few 14C dates available","http://n2t.net/ark:/99152/p0s2rwk5zjw","relatedMatch",""
"BLDAM / M. Ismail-Weber 2018","Q897952","10715","263","Lohm - 12","Lohm","Q88216510","","","","","Lohm","1.0","Direct override | 'Lohm' -> QID=Q88216510 | [override -> QID=Q88216510]","Ostprignitz-Ruppin","Q6125","3249087","7076937","","62574","Ostprignitz-Ruppin","1.0","Exact match via skos:altLabel [global index] | 'Ostprignitz-Ruppin' -> 'Ostprignitz-Ruppin'","Brandenburg","Q1208","2945356","7000096","2048409","62504","Brandenburg","1.0","Exact match via rdfs:label [global index] | 'Brandenburg' -> 'Brandenburg'","Deutschland","Q183","2921044","7000084","2044274","51477","Deutschland","1.0","Exact match via rdfs:label [global index] | 'Deutschland' -> 'Deutschland'","Mesolithikum","Einzelfund","Q1144458","","","unbek.","Q59496158","0","377","Übernahme aus externer Datenbank","Strukturen des Landesdenkmalamts","die Koordinaten wurden 2018 von Maha Ismail-Weber beim BLDAM angefragt und übernommen","12.31","52.87","-8000","+/- 100 years","-4000","+/- 100 years","Q816829","dating still very uncertain, for the whole group only few 14C dates available","http://n2t.net/ark:/99152/p0s2rwk5zjw","relatedMatch",""
"BLDAM / M. Ismail-Weber 2018","Q897952","10781","374","Roddahn - 8","Roddahn","Q1701133","2846141","7113876","","8081972","Roddahn","1.0","Transitive P131+ exact match | 'Roddahn' -> 'Roddahn'","Ostprignitz-Ruppin","Q6125","3249087","7076937","","62574","Ostprignitz-Ruppin","1.0","Exact match via skos:altLabel [global index] | 'Ostprignitz-Ruppin' -> 'Ostprignitz-Ruppin'","Brandenburg","Q1208","2945356","7000096","2048409","62504","Brandenburg","1.0","Exact match via rdfs:label [global index] | 'Brandenburg' -> 'Brandenburg'","Deutschland","Q183","2921044","7000084","2044274","51477","Deutschland","1.0","Exact match via rdfs:label [global index] | 'Deutschland' -> 'Deutschland'","Mesolithikum","Einzelfund","Q1144458","","","unbek.","Q59496158","0","378","Übernahme aus externer Datenbank","Strukturen des Landesdenkmalamts","die Koordinaten wurden 2018 von Maha Ismail-Weber beim BLDAM angefragt und übernommen","12.29","52.83","-8000","+/- 100 years","-4000","+/- 100 years","Q816829","dating still very uncertain, for the whole group only few 14C dates available","http://n2t.net/ark:/99152/p0s2rwk5zjw","relatedMatch",""
"BLDAM / M. Ismail-Weber 2018","Q897952","10888","478","Wusterhausen (Dosse) - 34","Wusterhausen (Dosse)","Q35639864","","","","","Wusterhausen (Dosse)","1.0","Direct override | 'Wusterhausen (Dosse)' -> QID=Q35639864 | [override -> QID=Q35639864]","Ostprignitz-Ruppin","Q6125","3249087","7076937","","62574","Ostprignitz-Ruppin","1.0","Exact match via skos:altLabel [global index] | 'Ostprignitz-Ruppin' -> 'Ostprignitz-Ruppin'","Brandenburg","Q1208","2945356","7000096","2048409","62504","Brandenburg","1.0","Exact match via rdfs:label [global index] | 'Brandenburg' -> 'Brandenburg'","Deutschland","Q183","2921044","7000084","2044274","51477","Deutschland","1.0","Exact match via rdfs:label [global index] | 'Deutschland' -> 'Deutschland'","Mesolithikum","Einzelfund","Q1144458","","","unbek.","Q59496158","0","379","Übernahme aus externer Datenbank","Strukturen des Landesdenkmalamts","die Koordinaten wurden 2018 von Maha Ismail-Weber beim BLDAM angefragt und übernommen","12.46","52.89","-8000","+/- 100 years","-4000","+/- 100 years","Q816829","dating still very uncertain, for the whole group only few 14C dates available","http://n2t.net/ark:/99152/p0s2rwk5zjw","relatedMatch",""
"BLDAM / M. Ismail-Weber 2018","Q897952","10870","479","Wusterhausen (Dosse) - 16","Wusterhausen (Dosse)","Q35639864","","","","","Wusterhausen (Dosse)","1.0","Direct override | 'Wusterhausen (Dosse)' -> QID=Q35639864 | [override -> QID=Q35639864]","Ostprignitz-Ruppin","Q6125","3249087","7076937","","62574","Ostprignitz-Ruppin","1.0","Exact match via skos:altLabel [global index] | 'Ostprignitz-Ruppin' -> 'Ostprignitz-Ruppin'","Brandenburg","Q1208","2945356","7000096","2048409","62504","Brandenburg","1.0","Exact match via rdfs:label [global index] | 'Brandenburg' -> 'Brandenburg'","Deutschland","Q183","2921044","7000084","2044274","51477","Deutschland","1.0","Exact match via rdfs:label [global index] | 'Deutschland' -> 'Deutschland'","Mesolithikum","Einzelfund","Q1144458","","","unbek.","Q59496158","0","380","Übernahme aus externer Datenbank","Strukturen des Landesdenkmalamts","die Koordinaten wurden 2018 von Maha Ismail-Weber beim BLDAM angefragt und übernommen","12.48","52.91","-8000","+/- 100 years","-4000","+/- 100 years","Q816829","dating still very uncertain, for the whole group only few 14C dates available","http://n2t.net/ark:/99152/p0s2rwk5zjw","relatedMatch",""
"BLDAM / M. Ismail-Weber 2018","Q897952","13047","4","Alt Ruppin - 10","Alt Ruppin","Q433253","2956883","1036348","","4482510","Alt Ruppin","1.0","Transitive P131+ exact match | 'Alt Ruppin' -> 'Alt Ruppin'","Ostprignitz-Ruppin","Q6125","3249087","7076937","","62574","Ostprignitz-Ruppin","1.0","Exact match via skos:altLabel [global index] | 'Ostprignitz-Ruppin' -> 'Ostprignitz-Ruppin'","Brandenburg","Q1208","2945356","7000096","2048409","62504","Brandenburg","1.0","Exact match via rdfs:label [global index] | 'Brandenburg' -> 'Brandenburg'","Deutschland","Q183","2921044","7000084","2044274","51477","Deutschland","1.0","Exact match via rdfs:label [global index] | 'Deutschland' -> 'Deutschland'","Mesolithikum","Einzelfund","Q1144458","","","unbek.","Q59496158","0","381","Übernahme aus externer Datenbank","Strukturen des Landesdenkmalamts","die Koordinaten wurden 2018 von Maha Ismail-Weber beim BLDAM angefragt und übernommen","12.82","53.02","-8000","+/- 100 years","-4000","+/- 100 years","Q816829","dating still very uncertain, for the whole group only few 14C dates available","http://n2t.net/ark:/99152/p0s2rwk5zjw","relatedMatch",""
"BLDAM / M. Ismail-Weber 2018","Q897952","13155","184","Herzberg - 4","Herzberg","Q529841","6551176","","","1302375","Herzberg","1.0","Exact match via rdfs:label [global index] | 'Herzberg' -> 'Herzberg'","Ostprignitz-Ruppin","Q6125","3249087","7076937","","62574","Ostprignitz-Ruppin","1.0","Exact match via skos:altLabel [global index] | 'Ostprignitz-Ruppin' -> 'Ostprignitz-Ruppin'","Brandenburg","Q1208","2945356","7000096","2048409","62504","Brandenburg","1.0","Exact match via rdfs:label [global index] | 'Brandenburg' -> 'Brandenburg'","Deutschland","Q183","2921044","7000084","2044274","51477","Deutschland","1.0","Exact match via rdfs:label [global index] | 'Deutschland' -> 'Deutschland'","Mesolithikum","Einzelfund","Q1144458","","","unbek.","Q59496158","0","382","Übernahme aus externer Datenbank","Strukturen des Landesdenkmalamts","die Koordinaten wurden 2018 von Maha Ismail-Weber beim BLDAM angefragt und übernommen","12.96","52.92","-8000","+/- 100 years","-4000","+/- 100 years","Q816829","dating still very uncertain, for the whole group only few 14C dates available","http://n2t.net/ark:/99152/p0s2rwk5zjw","relatedMatch",""
"BLDAM / M. Ismail-Weber 2018","Q897952","13236","254","Langen - 1","Langen","Q916311","","","","","Langen","1.0","Transitive P131+ exact match | 'Langen' -> 'Langen'","Ostprignitz-Ruppin","Q6125","3249087","7076937","","62574","Ostprignitz-Ruppin","1.0","Exact match via skos:altLabel [global index] | 'Ostprignitz-Ruppin' -> 'Ostprignitz-Ruppin'","Brandenburg","Q1208","2945356","7000096","2048409","62504","Brandenburg","1.0","Exact match via rdfs:label [global index] | 'Brandenburg' -> 'Brandenburg'","Deutschland","Q183","2921044","7000084","2044274","51477","Deutschland","1.0","Exact match via rdfs:label [global index] | 'Deutschland' -> 'Deutschland'","Mesolithikum","Einzelfund","Q1144458","","","unbek.","Q59496158","0","383","Übernahme aus externer Datenbank","Strukturen des Landesdenkmalamts","die Koordinaten wurden 2018 von Maha Ismail-Weber beim BLDAM angefragt und übernommen","12.8","52.83","-8000","+/- 100 years","-4000","+/- 100 years","Q816829","dating still very uncertain, for the whole group only few 14C dates available","http://n2t.net/ark:/99152/p0s2rwk5zjw","relatedMatch",""
"BLDAM / M. Ismail-Weber 2018","Q897952","13284","269","Lüchfeld - 2","Lüchfeld","Q109815104","","","","","Lüchfeld","1.0","Transitive P131+ exact match | 'Lüchfeld' -> 'Lüchfeld'","Ostprignitz-Ruppin","Q6125","3249087","7076937","","62574","Ostprignitz-Ruppin","1.0","Exact match via skos:altLabel [global index] | 'Ostprignitz-Ruppin' -> 'Ostprignitz-Ruppin'","Brandenburg","Q1208","2945356","7000096","2048409","62504","Brandenburg","1.0","Exact match via rdfs:label [global index] | 'Brandenburg' -> 'Brandenburg'","Deutschland","Q183","2921044","7000084","2044274","51477","Deutschland","1.0","Exact match via rdfs:label [global index] | 'Deutschland' -> 'Deutschland'","Mesolithikum","Einzelfund","Q1144458","","","unbek.","Q59496158","0","384","Übernahme aus externer Datenbank","Strukturen des Landesdenkmalamts","die Koordinaten wurden 2018 von Maha Ismail-Weber beim BLDAM angefragt und übernommen","12.68","52.87","-8000","+/- 100 years","-4000","+/- 100 years","Q816829","dating still very uncertain, for the whole group only few 14C dates available","http://n2t.net/ark:/99152/p0s2rwk5zjw","relatedMatch",""
"BLDAM / M. Ismail-Weber 2018","Q897952","13450","466","Wildberg - 3","Wildberg","Q94645248","2809010","","","","Wildberg","1.0","Exact match via rdfs:label [global index] | 'Wildberg' -> 'Wildberg'","Ostprignitz-Ruppin","Q6125","3249087","7076937","","62574","Ostprignitz-Ruppin","1.0","Exact match via skos:altLabel [global index] | 'Ostprignitz-Ruppin' -> 'Ostprignitz-Ruppin'","Brandenburg","Q1208","2945356","7000096","2048409","62504","Brandenburg","1.0","Exact match via rdfs:label [global index] | 'Brandenburg' -> 'Brandenburg'","Deutschland","Q183","2921044","7000084","2044274","51477","Deutschland","1.0","Exact match via rdfs:label [global index] | 'Deutschland' -> 'Deutschland'","Mesolithikum","Einzelfund","Q1144458","","","unbek.","Q59496158","0","385","Übernahme aus externer Datenbank","Strukturen des Landesdenkmalamts","die Koordinaten wurden 2018 von Maha Ismail-Weber beim BLDAM angefragt und übernommen","12.63","52.87","-8000","+/- 100 years","-4000","+/- 100 years","Q816829","dating still very uncertain, for the whole group only few 14C dates available","http://n2t.net/ark:/99152/p0s2rwk5zjw","relatedMatch",""
"BLDAM / M. Ismail-Weber 2018","Q897952","13457","465","Wildberg - 10","Wildberg","Q94645248","2809010","","","","Wildberg","1.0","Exact match via rdfs:label [global index] | 'Wildberg' -> 'Wildberg'","Ostprignitz-Ruppin","Q6125","3249087","7076937","","62574","Ostprignitz-Ruppin","1.0","Exact match via skos:altLabel [global index] | 'Ostprignitz-Ruppin' -> 'Ostprignitz-Ruppin'","Brandenburg","Q1208","2945356","7000096","2048409","62504","Brandenburg","1.0","Exact match via rdfs:label [global index] | 'Brandenburg' -> 'Brandenburg'","Deutschland","Q183","2921044","7000084","2044274","51477","Deutschland","1.0","Exact match via rdfs:label [global index] | 'Deutschland' -> 'Deutschland'","Mesolithikum","Einzelfund","Q1144458","","","unbek.","Q59496158","0","386","Übernahme aus externer Datenbank","Strukturen des Landesdenkmalamts","die Koordinaten wurden 2018 von Maha Ismail-Weber beim BLDAM angefragt und übernommen","12.63","52.86","-8000","+/- 100 years","-4000","+/- 100 years","Q816829","dating still very uncertain, for the whole group only few 14C dates available","http://n2t.net/ark:/99152/p0s2rwk5zjw","relatedMatch",""
"BLDAM / M. Ismail-Weber 2018","Q897952","13499","492","Zechliner Hütte - 2","Zechliner Hütte","Q184162","","","","","Zechliner Hütte","1.0","Direct override | 'Zechliner Hütte' -> QID=Q184162 | [override -> QID=Q184162]","Ostprignitz-Ruppin","Q6125","3249087","7076937","","62574","Ostprignitz-Ruppin","1.0","Exact match via skos:altLabel [global index] | 'Ostprignitz-Ruppin' -> 'Ostprignitz-Ruppin'","Brandenburg","Q1208","2945356","7000096","2048409","62504","Brandenburg","1.0","Exact match via rdfs:label [global index] | 'Brandenburg' -> 'Brandenburg'","Deutschland","Q183","2921044","7000084","2044274","51477","Deutschland","1.0","Exact match via rdfs:label [global index] | 'Deutschland' -> 'Deutschland'","Mesolithikum","Einzelfund","Q1144458","","","unbek.","Q59496158","0","387","Übernahme aus externer Datenbank","Strukturen des Landesdenkmalamts","die Koordinaten wurden 2018 von Maha Ismail-Weber beim BLDAM angefragt und übernommen","12.86","53.17","-8000","+/- 100 years","-4000","+/- 100 years","Q816829","dating still very uncertain, for the whole group only few 14C dates available","http://n2t.net/ark:/99152/p0s2rwk5zjw","relatedMatch",""
"BLDAM / M. Ismail-Weber 2018","Q897952","13030","13","Altfriesack - 2","Altfriesack","Q2595469","","","","4480066","Wustrau-Altfriesack","0.9","Transitive P131+ normalised match | 'Altfriesack' -> 'Wustrau-Altfriesack'","Ostprignitz-Ruppin","Q6125","3249087","7076937","","62574","Ostprignitz-Ruppin","1.0","Exact match via skos:altLabel [global index] | 'Ostprignitz-Ruppin' -> 'Ostprignitz-Ruppin'","Brandenburg","Q1208","2945356","7000096","2048409","62504","Brandenburg","1.0","Exact match via rdfs:label [global index] | 'Brandenburg' -> 'Brandenburg'","Deutschland","Q183","2921044","7000084","2044274","51477","Deutschland","1.0","Exact match via rdfs:label [global index] | 'Deutschland' -> 'Deutschland'","Mesolithikum","Einzelfund","Q1144458","","","unbek.","Q59496158","0","388","Übernahme aus externer Datenbank","Strukturen des Landesdenkmalamts","die Koordinaten wurden 2018 von Maha Ismail-Weber beim BLDAM angefragt und übernommen","12.89","52.84","-8000","+/- 100 years","-4000","+/- 100 years","Q816829","dating still very uncertain, for the whole group only few 14C dates available","http://n2t.net/ark:/99152/p0s2rwk5zjw","relatedMatch",""
"BLDAM / M. Ismail-Weber 2018","Q897952","53123","476","Wulkow bei Alt Ruppin - 3","Wulkow bei Alt Ruppin","Q1295001","","","","","Wulkow bei Alt Ruppin","1.0","Direct override | 'Wulkow bei Alt Ruppin' -> QID=Q1295001 | [override -> QID=Q1295001]","Ostprignitz-Ruppin","Q6125","3249087","7076937","","62574","Ostprignitz-Ruppin","1.0","Exact match via skos:altLabel [global index] | 'Ostprignitz-Ruppin' -> 'Ostprignitz-Ruppin'","Brandenburg","Q1208","2945356","7000096","2048409","62504","Brandenburg","1.0","Exact match via rdfs:label [global index] | 'Brandenburg' -> 'Brandenburg'","Deutschland","Q183","2921044","7000084","2044274","51477","Deutschland","1.0","Exact match via rdfs:label [global index] | 'Deutschland' -> 'Deutschland'","Mesolithikum","Einzelfund","Q1144458","","","unbek.","Q59496158","0","389","Übernahme aus externer Datenbank","Strukturen des Landesdenkmalamts","die Koordinaten wurden 2018 von Maha Ismail-Weber beim BLDAM angefragt und übernommen","12.95","52.93","-8000","+/- 100 years","-4000","+/- 100 years","Q816829","dating still very uncertain, for the whole group only few 14C dates available","http://n2t.net/ark:/99152/p0s2rwk5zjw","relatedMatch",""
"BLDAM / M. Ismail-Weber 2018","Q897952","53129","5","Alt Ruppin - 23","Alt Ruppin","Q433253","2956883","1036348","","4482510","Alt Ruppin","1.0","Transitive P131+ exact match | 'Alt Ruppin' -> 'Alt Ruppin'","Ostprignitz-Ruppin","Q6125","3249087","7076937","","62574","Ostprignitz-Ruppin","1.0","Exact match via skos:altLabel [global index] | 'Ostprignitz-Ruppin' -> 'Ostprignitz-Ruppin'","Brandenburg","Q1208","2945356","7000096","2048409","62504","Brandenburg","1.0","Exact match via rdfs:label [global index] | 'Brandenburg' -> 'Brandenburg'","Deutschland","Q183","2921044","7000084","2044274","51477","Deutschland","1.0","Exact match via rdfs:label [global index] | 'Deutschland' -> 'Deutschland'","Mesolithikum","Einzelfund","Q1144458","","","unbek.","Q59496158","0","390","Übernahme aus externer Datenbank","Strukturen des Landesdenkmalamts","die Koordinaten wurden 2018 von Maha Ismail-Weber beim BLDAM angefragt und übernommen","12.93","52.98","-8000","+/- 100 years","-4000","+/- 100 years","Q816829","dating still very uncertain, for the whole group only few 14C dates available","http://n2t.net/ark:/99152/p0s2rwk5zjw","relatedMatch",""
"BLDAM / M. Ismail-Weber 2018","Q897952","53132","6","Alt Ruppin - 24","Alt Ruppin","Q433253","2956883","1036348","","4482510","Alt Ruppin","1.0","Transitive P131+ exact match | 'Alt Ruppin' -> 'Alt Ruppin'","Ostprignitz-Ruppin","Q6125","3249087","7076937","","62574","Ostprignitz-Ruppin","1.0","Exact match via skos:altLabel [global index] | 'Ostprignitz-Ruppin' -> 'Ostprignitz-Ruppin'","Brandenburg","Q1208","2945356","7000096","2048409","62504","Brandenburg","1.0","Exact match via rdfs:label [global index] | 'Brandenburg' -> 'Brandenburg'","Deutschland","Q183","2921044","7000084","2044274","51477","Deutschland","1.0","Exact match via rdfs:label [global index] | 'Deutschland' -> 'Deutschland'","Mesolithikum","Einzelfund","Q1144458","","","unbek.","Q59496158","0","391","Übernahme aus externer Datenbank","Strukturen des Landesdenkmalamts","die Koordinaten wurden 2018 von Maha Ismail-Weber beim BLDAM angefragt und übernommen","12.83","52.96","-8000","+/- 100 years","-4000","+/- 100 years","Q816829","dating still very uncertain, for the whole group only few 14C dates available","http://n2t.net/ark:/99152/p0s2rwk5zjw","relatedMatch",""
"BLDAM / M. Ismail-Weber 2018","Q897952","53133","7","Alt Ruppin - 25","Alt Ruppin","Q433253","2956883","1036348","","4482510","Alt Ruppin","1.0","Transitive P131+ exact match | 'Alt Ruppin' -> 'Alt Ruppin'","Ostprignitz-Ruppin","Q6125","3249087","7076937","","62574","Ostprignitz-Ruppin","1.0","Exact match via skos:altLabel [global index] | 'Ostprignitz-Ruppin' -> 'Ostprignitz-Ruppin'","Brandenburg","Q1208","2945356","7000096","2048409","62504","Brandenburg","1.0","Exact match via rdfs:label [global index] | 'Brandenburg' -> 'Brandenburg'","Deutschland","Q183","2921044","7000084","2044274","51477","Deutschland","1.0","Exact match via rdfs:label [global index] | 'Deutschland' -> 'Deutschland'","Mesolithikum","Einzelfund","Q1144458","","","unbek.","Q59496158","0","392","Übernahme aus externer Datenbank","Strukturen des Landesdenkmalamts","die Koordinaten wurden 2018 von Maha Ismail-Weber beim BLDAM angefragt und übernommen","12.81","53.02","-8000","+/- 100 years","-4000","+/- 100 years","Q816829","dating still very uncertain, for the whole group only few 14C dates available","http://n2t.net/ark:/99152/p0s2rwk5zjw","relatedMatch",""
"BLDAM / M. Ismail-Weber 2018","Q897952","13125","231","Königshorst - 4","Königshorst","Q1796386","","","","","Königshorst","1.0","Transitive P131+ exact match | 'Königshorst' -> 'Königshorst'","Ostprignitz-Ruppin","Q6125","3249087","7076937","","62574","Ostprignitz-Ruppin","1.0","Exact match via skos:altLabel [global index] | 'Ostprignitz-Ruppin' -> 'Ostprignitz-Ruppin'","Brandenburg","Q1208","2945356","7000096","2048409","62504","Brandenburg","1.0","Exact match via rdfs:label [global index] | 'Brandenburg' -> 'Brandenburg'","Deutschland","Q183","2921044","7000084","2044274","51477","Deutschland","1.0","Exact match via rdfs:label [global index] | 'Deutschland' -> 'Deutschland'","Mesolithikum","Einzelfund","Q1144458","","","unbek.","Q59496158","0","393","Übernahme aus externer Datenbank","Strukturen des Landesdenkmalamts","die Koordinaten wurden 2018 von Maha Ismail-Weber beim BLDAM angefragt und übernommen","12.73","52.72","-8000","+/- 100 years","-4000","+/- 100 years","Q816829","dating still very uncertain, for the whole group only few 14C dates available","http://n2t.net/ark:/99152/p0s2rwk5zjw","relatedMatch",""
"BLDAM / M. Ismail-Weber 2018","Q897952","10871","480","Wusterhausen (Dosse) - 17","Wusterhausen (Dosse)","Q35639864","","","","","Wusterhausen (Dosse)","1.0","Direct override | 'Wusterhausen (Dosse)' -> QID=Q35639864 | [override -> QID=Q35639864]","Ostprignitz-Ruppin","Q6125","3249087","7076937","","62574","Ostprignitz-Ruppin","1.0","Exact match via skos:altLabel [global index] | 'Ostprignitz-Ruppin' -> 'Ostprignitz-Ruppin'","Brandenburg","Q1208","2945356","7000096","2048409","62504","Brandenburg","1.0","Exact match via rdfs:label [global index] | 'Brandenburg' -> 'Brandenburg'","Deutschland","Q183","2921044","7000084","2044274","51477","Deutschland","1.0","Exact match via rdfs:label [global index] | 'Deutschland' -> 'Deutschland'","Mesolithikum","Einzelfund","Q1144458","","","unbek.","Q59496158","0","394","Übernahme aus externer Datenbank","Strukturen des Landesdenkmalamts","die Koordinaten wurden 2018 von Maha Ismail-Weber beim BLDAM angefragt und übernommen","12.48","52.91","-8000","+/- 100 years","-4000","+/- 100 years","Q816829","dating still very uncertain, for the whole group only few 14C dates available","http://n2t.net/ark:/99152/p0s2rwk5zjw","relatedMatch",""
"BLDAM / M. Ismail-Weber 2018","Q897952","13504","493","Zechliner Hütte - 7","Zechliner Hütte","Q184162","","","","","Zechliner Hütte","1.0","Direct override | 'Zechliner Hütte' -> QID=Q184162 | [override -> QID=Q184162]","Ostprignitz-Ruppin","Q6125","3249087","7076937","","62574","Ostprignitz-Ruppin","1.0","Exact match via skos:altLabel [global index] | 'Ostprignitz-Ruppin' -> 'Ostprignitz-Ruppin'","Brandenburg","Q1208","2945356","7000096","2048409","62504","Brandenburg","1.0","Exact match via rdfs:label [global index] | 'Brandenburg' -> 'Brandenburg'","Deutschland","Q183","2921044","7000084","2044274","51477","Deutschland","1.0","Exact match via rdfs:label [global index] | 'Deutschland' -> 'Deutschland'","Mesolithikum","Einzelfund","Q1144458","","","unbek.","Q59496158","0","395","Übernahme aus externer Datenbank","Strukturen des Landesdenkmalamts","die Koordinaten wurden 2018 von Maha Ismail-Weber beim BLDAM angefragt und übernommen","12.85","53.17","-8000","+/- 100 years","-4000","+/- 100 years","Q816829","dating still very uncertain, for the whole group only few 14C dates available","http://n2t.net/ark:/99152/p0s2rwk5zjw","relatedMatch",""
"BLDAM / M. Ismail-Weber 2018","Q897952","10713","262","Lohm - 10","Lohm","Q88216510","","","","","Lohm","1.0","Direct override | 'Lohm' -> QID=Q88216510 | [override -> QID=Q88216510]","Ostprignitz-Ruppin","Q6125","3249087","7076937","","62574","Ostprignitz-Ruppin","1.0","Exact match via skos:altLabel [global index] | 'Ostprignitz-Ruppin' -> 'Ostprignitz-Ruppin'","Brandenburg","Q1208","2945356","7000096","2048409","62504","Brandenburg","1.0","Exact match via rdfs:label [global index] | 'Brandenburg' -> 'Brandenburg'","Deutschland","Q183","2921044","7000084","2044274","51477","Deutschland","1.0","Exact match via rdfs:label [global index] | 'Deutschland' -> 'Deutschland'","Mesolithikum","Einzelfund","Q1144458","","","unbek.","Q59496158","0","396","Übernahme aus externer Datenbank","Strukturen des Landesdenkmalamts","die Koordinaten wurden 2018 von Maha Ismail-Weber beim BLDAM angefragt und übernommen","12.3","52.84","-8000","+/- 100 years","-4000","+/- 100 years","Q816829","dating still very uncertain, for the whole group only few 14C dates available","http://n2t.net/ark:/99152/p0s2rwk5zjw","relatedMatch",""
"BLDAM / M. Ismail-Weber 2018","Q897952","13124","230","Königshorst - 3","Königshorst","Q1796386","","","","","Königshorst","1.0","Transitive P131+ exact match | 'Königshorst' -> 'Königshorst'","Ostprignitz-Ruppin","Q6125","3249087","7076937","","62574","Ostprignitz-Ruppin","1.0","Exact match via skos:altLabel [global index] | 'Ostprignitz-Ruppin' -> 'Ostprignitz-Ruppin'","Brandenburg","Q1208","2945356","7000096","2048409","62504","Brandenburg","1.0","Exact match via rdfs:label [global index] | 'Brandenburg' -> 'Brandenburg'","Deutschland","Q183","2921044","7000084","2044274","51477","Deutschland","1.0","Exact match via rdfs:label [global index] | 'Deutschland' -> 'Deutschland'","Mesolithikum","Einzelfund","Q1144458","","","unbek.","Q59496158","0","397","Übernahme aus externer Datenbank","Strukturen des Landesdenkmalamts","die Koordinaten wurden 2018 von Maha Ismail-Weber beim BLDAM angefragt und übernommen","12.74","52.72","-8000","+/- 100 years","-4000","+/- 100 years","Q816829","dating still very uncertain, for the whole group only few 14C dates available","http://n2t.net/ark:/99152/p0s2rwk5zjw","relatedMatch",""
"BLDAM / M. Ismail-Weber 2018","Q897952","13126","232","Königshorst - 5","Königshorst","Q1796386","","","","","Königshorst","1.0","Transitive P131+ exact match | 'Königshorst' -> 'Königshorst'","Ostprignitz-Ruppin","Q6125","3249087","7076937","","62574","Ostprignitz-Ruppin","1.0","Exact match via skos:altLabel [global index] | 'Ostprignitz-Ruppin' -> 'Ostprignitz-Ruppin'","Brandenburg","Q1208","2945356","7000096","2048409","62504","Brandenburg","1.0","Exact match via rdfs:label [global index] | 'Brandenburg' -> 'Brandenburg'","Deutschland","Q183","2921044","7000084","2044274","51477","Deutschland","1.0","Exact match via rdfs:label [global index] | 'Deutschland' -> 'Deutschland'","Mesolithikum","Einzelfund","Q1144458","","","unbek.","Q59496158","0","398","Übernahme aus externer Datenbank","Strukturen des Landesdenkmalamts","die Koordinaten wurden 2018 von Maha Ismail-Weber beim BLDAM angefragt und übernommen","12.75","52.71","-8000","+/- 100 years","-4000","+/- 100 years","Q816829","dating still very uncertain, for the whole group only few 14C dates available","http://n2t.net/ark:/99152/p0s2rwk5zjw","relatedMatch",""
"BLDAM / M. Ismail-Weber 2018","Q897952","16054","335","Potsdam - 13","Potsdam","Q32233930","2852458","","","","Potsdam","1.0","Exact match via rdfs:label [global index] | 'Potsdam' -> 'Potsdam'","Potsdam","Q1711","7602560","7004463","","62369","Potsdam","1.0","Exact match via rdfs:label [global index] | 'Potsdam' -> 'Potsdam'","Brandenburg","Q1208","2945356","7000096","2048409","62504","Brandenburg","1.0","Exact match via rdfs:label [global index] | 'Brandenburg' -> 'Brandenburg'","Deutschland","Q183","2921044","7000084","2044274","51477","Deutschland","1.0","Exact match via rdfs:label [global index] | 'Deutschland' -> 'Deutschland'","Mesolithikum","Einzelfund","Q1144458","","","unbek.","Q59496158","0","399","Übernahme aus externer Datenbank","Strukturen des Landesdenkmalamts","die Koordinaten wurden 2018 von Maha Ismail-Weber beim BLDAM angefragt und übernommen","13.08","52.38","-8000","+/- 100 years","-4000","+/- 100 years","Q816829","dating still very uncertain, for the whole group only few 14C dates available","http://n2t.net/ark:/99152/p0s2rwk5zjw","relatedMatch",""
"BLDAM / M. Ismail-Weber 2018","Q897952","16062","336","Potsdam - 21","Potsdam","Q32233930","2852458","","","","Potsdam","1.0","Exact match via rdfs:label [global index] | 'Potsdam' -> 'Potsdam'","Potsdam","Q1711","7602560","7004463","","62369","Potsdam","1.0","Exact match via rdfs:label [global index] | 'Potsdam' -> 'Potsdam'","Brandenburg","Q1208","2945356","7000096","2048409","62504","Brandenburg","1.0","Exact match via rdfs:label [global index] | 'Brandenburg' -> 'Brandenburg'","Deutschland","Q183","2921044","7000084","2044274","51477","Deutschland","1.0","Exact match via rdfs:label [global index] | 'Deutschland' -> 'Deutschland'","Mesolithikum","Einzelfund","Q1144458","","","unbek.","Q59496158","0","400","Übernahme aus externer Datenbank","Strukturen des Landesdenkmalamts","die Koordinaten wurden 2018 von Maha Ismail-Weber beim BLDAM angefragt und übernommen","13.09","52.38","-8000","+/- 100 years","-4000","+/- 100 years","Q816829","dating still very uncertain, for the whole group only few 14C dates available","http://n2t.net/ark:/99152/p0s2rwk5zjw","relatedMatch",""
"BLDAM / M. Ismail-Weber 2018","Q897952","16005","62","Bornim - 9","Bornim","Q893995","","","","","Bornim","1.0","Direct override | 'Bornim' -> QID=Q893995 | [override -> QID=Q893995]","Potsdam","Q1711","7602560","7004463","","62369","Potsdam","1.0","Exact match via rdfs:label [global index] | 'Potsdam' -> 'Potsdam'","Brandenburg","Q1208","2945356","7000096","2048409","62504","Brandenburg","1.0","Exact match via rdfs:label [global index] | 'Brandenburg' -> 'Brandenburg'","Deutschland","Q183","2921044","7000084","2044274","51477","Deutschland","1.0","Exact match via rdfs:label [global index] | 'Deutschland' -> 'Deutschland'","Mesolithikum","Einzelfund","Q1144458","","","unbek.","Q59496158","0","401","Übernahme aus externer Datenbank","Strukturen des Landesdenkmalamts","die Koordinaten wurden 2018 von Maha Ismail-Weber beim BLDAM angefragt und übernommen","12.98","52.45","-8000","+/- 100 years","-4000","+/- 100 years","Q816829","dating still very uncertain, for the whole group only few 14C dates available","http://n2t.net/ark:/99152/p0s2rwk5zjw","relatedMatch",""
"BLDAM / M. Ismail-Weber 2018","Q897952","16072","337","Potsdam - 31","Potsdam","Q32233930","2852458","","","","Potsdam","1.0","Exact match via rdfs:label [global index] | 'Potsdam' -> 'Potsdam'","Potsdam","Q1711","7602560","7004463","","62369","Potsdam","1.0","Exact match via rdfs:label [global index] | 'Potsdam' -> 'Potsdam'","Brandenburg","Q1208","2945356","7000096","2048409","62504","Brandenburg","1.0","Exact match via rdfs:label [global index] | 'Brandenburg' -> 'Brandenburg'","Deutschland","Q183","2921044","7000084","2044274","51477","Deutschland","1.0","Exact match via rdfs:label [global index] | 'Deutschland' -> 'Deutschland'","Mesolithikum","Einzelfund","Q1144458","","","unbek.","Q59496158","0","402","Übernahme aus externer Datenbank","Strukturen des Landesdenkmalamts","die Koordinaten wurden 2018 von Maha Ismail-Weber beim BLDAM angefragt und übernommen","13.05","52.39","-8000","+/- 100 years","-4000","+/- 100 years","Q816829","dating still very uncertain, for the whole group only few 14C dates available","http://n2t.net/ark:/99152/p0s2rwk5zjw","relatedMatch",""
"BLDAM / M. Ismail-Weber 2018","Q897952","16098","338","Potsdam - 57","Potsdam","Q32233930","2852458","","","","Potsdam","1.0","Exact match via rdfs:label [global index] | 'Potsdam' -> 'Potsdam'","Potsdam","Q1711","7602560","7004463","","62369","Potsdam","1.0","Exact match via rdfs:label [global index] | 'Potsdam' -> 'Potsdam'","Brandenburg","Q1208","2945356","7000096","2048409","62504","Brandenburg","1.0","Exact match via rdfs:label [global index] | 'Brandenburg' -> 'Brandenburg'","Deutschland","Q183","2921044","7000084","2044274","51477","Deutschland","1.0","Exact match via rdfs:label [global index] | 'Deutschland' -> 'Deutschland'","Mesolithikum","Einzelfund","Q1144458","","","unbek.","Q59496158","0","403","Übernahme aus externer Datenbank","Strukturen des Landesdenkmalamts","die Koordinaten wurden 2018 von Maha Ismail-Weber beim BLDAM angefragt und übernommen","13.07","52.42","-8000","+/- 100 years","-4000","+/- 100 years","Q816829","dating still very uncertain, for the whole group only few 14C dates available","http://n2t.net/ark:/99152/p0s2rwk5zjw","relatedMatch",""
"BLDAM / M. Ismail-Weber 2018","Q897952","2077","112","Emstal - 4","Emstal","Q15110344","","","","","Emstal","1.0","Direct override | 'Emstal' -> QID=Q15110344 | [override -> QID=Q15110344]","Potsdam-Mittelmark","Q6142","2852456","7120830","","62353","Potsdam-Mittelmark","1.0","Exact match via skos:altLabel [global index] | 'Potsdam-Mittelmark' -> 'Potsdam-Mittelmark'","Brandenburg","Q1208","2945356","7000096","2048409","62504","Brandenburg","1.0","Exact match via rdfs:label [global index] | 'Brandenburg' -> 'Brandenburg'","Deutschland","Q183","2921044","7000084","2044274","51477","Deutschland","1.0","Exact match via rdfs:label [global index] | 'Deutschland' -> 'Deutschland'","Mesolithikum","Einzelfund","Q1144458","","","unbek.","Q59496158","0","404","Übernahme aus externer Datenbank","Strukturen des Landesdenkmalamts","die Koordinaten wurden 2018 von Maha Ismail-Weber beim BLDAM angefragt und übernommen","12.78","52.31","-8000","+/- 100 years","-4000","+/- 100 years","Q816829","dating still very uncertain, for the whole group only few 14C dates available","http://n2t.net/ark:/99152/p0s2rwk5zjw","relatedMatch",""
"BLDAM / M. Ismail-Weber 2018","Q897952","2161","191","Hohenferchesar - 8","Hohenferchesar","Q15115053","","","","6700888","Hohenferchesar","1.0","Transitive P131+ exact match | 'Hohenferchesar' -> 'Hohenferchesar'","Potsdam-Mittelmark","Q6142","2852456","7120830","","62353","Potsdam-Mittelmark","1.0","Exact match via skos:altLabel [global index] | 'Potsdam-Mittelmark' -> 'Potsdam-Mittelmark'","Brandenburg","Q1208","2945356","7000096","2048409","62504","Brandenburg","1.0","Exact match via rdfs:label [global index] | 'Brandenburg' -> 'Brandenburg'","Deutschland","Q183","2921044","7000084","2044274","51477","Deutschland","1.0","Exact match via rdfs:label [global index] | 'Deutschland' -> 'Deutschland'","Mesolithikum","Einzelfund","Q1144458","","","unbek.","Q59496158","0","405","Übernahme aus externer Datenbank","Strukturen des Landesdenkmalamts","die Koordinaten wurden 2018 von Maha Ismail-Weber beim BLDAM angefragt und übernommen","12.49","52.51","-8000","+/- 100 years","-4000","+/- 100 years","Q816829","dating still very uncertain, for the whole group only few 14C dates available","http://n2t.net/ark:/99152/p0s2rwk5zjw","relatedMatch",""
"BLDAM / M. Ismail-Weber 2018","Q897952","15206","10","Alt Töplitz - 2","Alt Töplitz","Q15106405","2956795","","","","Alt Töplitz","1.0","Transitive P131+ exact match | 'Alt Töplitz' -> 'Alt Töplitz'","Potsdam-Mittelmark","Q6142","2852456","7120830","","62353","Potsdam-Mittelmark","1.0","Exact match via skos:altLabel [global index] | 'Potsdam-Mittelmark' -> 'Potsdam-Mittelmark'","Brandenburg","Q1208","2945356","7000096","2048409","62504","Brandenburg","1.0","Exact match via rdfs:label [global index] | 'Brandenburg' -> 'Brandenburg'","Deutschland","Q183","2921044","7000084","2044274","51477","Deutschland","1.0","Exact match via rdfs:label [global index] | 'Deutschland' -> 'Deutschland'","Mesolithikum","Einzelfund","Q1144458","","","unbek.","Q59496158","0","406","Übernahme aus externer Datenbank","Strukturen des Landesdenkmalamts","die Koordinaten wurden 2018 von Maha Ismail-Weber beim BLDAM angefragt und übernommen","12.92","52.42","-8000","+/- 100 years","-4000","+/- 100 years","Q816829","dating still very uncertain, for the whole group only few 14C dates available","http://n2t.net/ark:/99152/p0s2rwk5zjw","relatedMatch",""
"BLDAM / M. Ismail-Weber 2018","Q897952","15211","12","Alt Töplitz - 7","Alt Töplitz","Q15106405","2956795","","","","Alt Töplitz","1.0","Transitive P131+ exact match | 'Alt Töplitz' -> 'Alt Töplitz'","Potsdam-Mittelmark","Q6142","2852456","7120830","","62353","Potsdam-Mittelmark","1.0","Exact match via skos:altLabel [global index] | 'Potsdam-Mittelmark' -> 'Potsdam-Mittelmark'","Brandenburg","Q1208","2945356","7000096","2048409","62504","Brandenburg","1.0","Exact match via rdfs:label [global index] | 'Brandenburg' -> 'Brandenburg'","Deutschland","Q183","2921044","7000084","2044274","51477","Deutschland","1.0","Exact match via rdfs:label [global index] | 'Deutschland' -> 'Deutschland'","Mesolithikum","Einzelfund","Q1144458","","","unbek.","Q59496158","0","407","Übernahme aus externer Datenbank","Strukturen des Landesdenkmalamts","die Koordinaten wurden 2018 von Maha Ismail-Weber beim BLDAM angefragt und übernommen","12.91","52.44","-8000","+/- 100 years","-4000","+/- 100 years","Q816829","dating still very uncertain, for the whole group only few 14C dates available","http://n2t.net/ark:/99152/p0s2rwk5zjw","relatedMatch",""
"BLDAM / M. Ismail-Weber 2018","Q897952","15225","11","Alt Töplitz - 21","Alt Töplitz","Q15106405","2956795","","","","Alt Töplitz","1.0","Transitive P131+ exact match | 'Alt Töplitz' -> 'Alt Töplitz'","Potsdam-Mittelmark","Q6142","2852456","7120830","","62353","Potsdam-Mittelmark","1.0","Exact match via skos:altLabel [global index] | 'Potsdam-Mittelmark' -> 'Potsdam-Mittelmark'","Brandenburg","Q1208","2945356","7000096","2048409","62504","Brandenburg","1.0","Exact match via rdfs:label [global index] | 'Brandenburg' -> 'Brandenburg'","Deutschland","Q183","2921044","7000084","2044274","51477","Deutschland","1.0","Exact match via rdfs:label [global index] | 'Deutschland' -> 'Deutschland'","Mesolithikum","Einzelfund","Q1144458","","","unbek.","Q59496158","0","408","Übernahme aus externer Datenbank","Strukturen des Landesdenkmalamts","die Koordinaten wurden 2018 von Maha Ismail-Weber beim BLDAM angefragt und übernommen","12.93","52.42","-8000","+/- 100 years","-4000","+/- 100 years","Q816829","dating still very uncertain, for the whole group only few 14C dates available","http://n2t.net/ark:/99152/p0s2rwk5zjw","relatedMatch",""
"BLDAM / M. Ismail-Weber 2018","Q897952","15275","30","Bergholz-Rehbrücke - 8","Bergholz-Rehbrücke","Q819776","","1036444","","422527","Bergholz-Rehbrücke","1.0","Transitive P131+ exact match | 'Bergholz-Rehbrücke' -> 'Bergholz-Rehbrücke'","Potsdam-Mittelmark","Q6142","2852456","7120830","","62353","Potsdam-Mittelmark","1.0","Exact match via skos:altLabel [global index] | 'Potsdam-Mittelmark' -> 'Potsdam-Mittelmark'","Brandenburg","Q1208","2945356","7000096","2048409","62504","Brandenburg","1.0","Exact match via rdfs:label [global index] | 'Brandenburg' -> 'Brandenburg'","Deutschland","Q183","2921044","7000084","2044274","51477","Deutschland","1.0","Exact match via rdfs:label [global index] | 'Deutschland' -> 'Deutschland'","Mesolithikum","Einzelfund","Q1144458","","","unbek.","Q59496158","0","409","Übernahme aus externer Datenbank","Strukturen des Landesdenkmalamts","die Koordinaten wurden 2018 von Maha Ismail-Weber beim BLDAM angefragt und übernommen","13.09","52.35","-8000","+/- 100 years","-4000","+/- 100 years","Q816829","dating still very uncertain, for the whole group only few 14C dates available","http://n2t.net/ark:/99152/p0s2rwk5zjw","relatedMatch",""
"BLDAM / M. Ismail-Weber 2018","Q897952","15284","29","Bergholz-Rehbrücke - 17","Bergholz-Rehbrücke","Q819776","","1036444","","422527","Bergholz-Rehbrücke","1.0","Transitive P131+ exact match | 'Bergholz-Rehbrücke' -> 'Bergholz-Rehbrücke'","Potsdam-Mittelmark","Q6142","2852456","7120830","","62353","Potsdam-Mittelmark","1.0","Exact match via skos:altLabel [global index] | 'Potsdam-Mittelmark' -> 'Potsdam-Mittelmark'","Brandenburg","Q1208","2945356","7000096","2048409","62504","Brandenburg","1.0","Exact match via rdfs:label [global index] | 'Brandenburg' -> 'Brandenburg'","Deutschland","Q183","2921044","7000084","2044274","51477","Deutschland","1.0","Exact match via rdfs:label [global index] | 'Deutschland' -> 'Deutschland'","Mesolithikum","Einzelfund","Q1144458","","","unbek.","Q59496158","0","410","Übernahme aus externer Datenbank","Strukturen des Landesdenkmalamts","die Koordinaten wurden 2018 von Maha Ismail-Weber beim BLDAM angefragt und übernommen","13.07","52.35","-8000","+/- 100 years","-4000","+/- 100 years","Q816829","dating still very uncertain, for the whole group only few 14C dates available","http://n2t.net/ark:/99152/p0s2rwk5zjw","relatedMatch",""
"BLDAM / M. Ismail-Weber 2018","Q897952","15410","140","Geltow - 1","Geltow","Q1499843","","","","","Geltow","1.0","Direct override | 'Geltow' -> QID=Q1499843 | [override -> QID=Q1499843]","Potsdam-Mittelmark","Q6142","2852456","7120830","","62353","Potsdam-Mittelmark","1.0","Exact match via skos:altLabel [global index] | 'Potsdam-Mittelmark' -> 'Potsdam-Mittelmark'","Brandenburg","Q1208","2945356","7000096","2048409","62504","Brandenburg","1.0","Exact match via rdfs:label [global index] | 'Brandenburg' -> 'Brandenburg'","Deutschland","Q183","2921044","7000084","2044274","51477","Deutschland","1.0","Exact match via rdfs:label [global index] | 'Deutschland' -> 'Deutschland'","Mesolithikum","Einzelfund","Q1144458","","","unbek.","Q59496158","0","411","Übernahme aus externer Datenbank","Strukturen des Landesdenkmalamts","die Koordinaten wurden 2018 von Maha Ismail-Weber beim BLDAM angefragt und übernommen","12.96","52.36","-8000","+/- 100 years","-4000","+/- 100 years","Q816829","dating still very uncertain, for the whole group only few 14C dates available","http://n2t.net/ark:/99152/p0s2rwk5zjw","relatedMatch",""
"BLDAM / M. Ismail-Weber 2018","Q897952","15417","141","Geltow - 9","Geltow","Q1499843","","","","","Geltow","1.0","Direct override | 'Geltow' -> QID=Q1499843 | [override -> QID=Q1499843]","Potsdam-Mittelmark","Q6142","2852456","7120830","","62353","Potsdam-Mittelmark","1.0","Exact match via skos:altLabel [global index] | 'Potsdam-Mittelmark' -> 'Potsdam-Mittelmark'","Brandenburg","Q1208","2945356","7000096","2048409","62504","Brandenburg","1.0","Exact match via rdfs:label [global index] | 'Brandenburg' -> 'Brandenburg'","Deutschland","Q183","2921044","7000084","2044274","51477","Deutschland","1.0","Exact match via rdfs:label [global index] | 'Deutschland' -> 'Deutschland'","Mesolithikum","Einzelfund","Q1144458","","","unbek.","Q59496158","0","412","Übernahme aus externer Datenbank","Strukturen des Landesdenkmalamts","die Koordinaten wurden 2018 von Maha Ismail-Weber beim BLDAM angefragt und übernommen","12.98","52.37","-8000","+/- 100 years","-4000","+/- 100 years","Q816829","dating still very uncertain, for the whole group only few 14C dates available","http://n2t.net/ark:/99152/p0s2rwk5zjw","relatedMatch",""
"BLDAM / M. Ismail-Weber 2018","Q897952","15571","239","Krampnitz - 3","Krampnitz","Q88458729","","","","","Krampnitz","1.0","Direct override | 'Krampnitz' -> QID=Q88458729 | [override -> QID=Q88458729]","Potsdam-Mittelmark","Q6142","2852456","7120830","","62353","Potsdam-Mittelmark","1.0","Exact match via skos:altLabel [global index] | 'Potsdam-Mittelmark' -> 'Potsdam-Mittelmark'","Brandenburg","Q1208","2945356","7000096","2048409","62504","Brandenburg","1.0","Exact match via rdfs:label [global index] | 'Brandenburg' -> 'Brandenburg'","Deutschland","Q183","2921044","7000084","2044274","51477","Deutschland","1.0","Exact match via rdfs:label [global index] | 'Deutschland' -> 'Deutschland'","Mesolithikum","Einzelfund","Q1144458","","","unbek.","Q59496158","0","413","Übernahme aus externer Datenbank","Strukturen des Landesdenkmalamts","die Koordinaten wurden 2018 von Maha Ismail-Weber beim BLDAM angefragt und übernommen","13.05","52.46","-8000","+/- 100 years","-4000","+/- 100 years","Q816829","dating still very uncertain, for the whole group only few 14C dates available","http://n2t.net/ark:/99152/p0s2rwk5zjw","relatedMatch",""
"BLDAM / M. Ismail-Weber 2018","Q897952","15736","333","Plötzin - 3","Plötzin","Q2099924","","","","1032707","Plötzin","1.0","Transitive P131+ exact match | 'Plötzin' -> 'Plötzin'","Potsdam-Mittelmark","Q6142","2852456","7120830","","62353","Potsdam-Mittelmark","1.0","Exact match via skos:altLabel [global index] | 'Potsdam-Mittelmark' -> 'Potsdam-Mittelmark'","Brandenburg","Q1208","2945356","7000096","2048409","62504","Brandenburg","1.0","Exact match via rdfs:label [global index] | 'Brandenburg' -> 'Brandenburg'","Deutschland","Q183","2921044","7000084","2044274","51477","Deutschland","1.0","Exact match via rdfs:label [global index] | 'Deutschland' -> 'Deutschland'","Mesolithikum","Einzelfund","Q1144458","","","unbek.","Q59496158","0","414","Übernahme aus externer Datenbank","Strukturen des Landesdenkmalamts","die Koordinaten wurden 2018 von Maha Ismail-Weber beim BLDAM angefragt und übernommen","12.84","52.39","-8000","+/- 100 years","-4000","+/- 100 years","Q816829","dating still very uncertain, for the whole group only few 14C dates available","http://n2t.net/ark:/99152/p0s2rwk5zjw","relatedMatch",""
"BLDAM / M. Ismail-Weber 2018","Q897952","15789","382","Satzkorn - 2","Satzkorn","Q131931","","","","","Satzkorn","1.0","Direct override | 'Satzkorn' -> QID=Q131931 | [override -> QID=Q131931]","Potsdam-Mittelmark","Q6142","2852456","7120830","","62353","Potsdam-Mittelmark","1.0","Exact match via skos:altLabel [global index] | 'Potsdam-Mittelmark' -> 'Potsdam-Mittelmark'","Brandenburg","Q1208","2945356","7000096","2048409","62504","Brandenburg","1.0","Exact match via rdfs:label [global index] | 'Brandenburg' -> 'Brandenburg'","Deutschland","Q183","2921044","7000084","2044274","51477","Deutschland","1.0","Exact match via rdfs:label [global index] | 'Deutschland' -> 'Deutschland'","Mesolithikum","Einzelfund","Q1144458","","","unbek.","Q59496158","0","415","Übernahme aus externer Datenbank","Strukturen des Landesdenkmalamts","die Koordinaten wurden 2018 von Maha Ismail-Weber beim BLDAM angefragt und übernommen","13","52.47","-8000","+/- 100 years","-4000","+/- 100 years","Q816829","dating still very uncertain, for the whole group only few 14C dates available","http://n2t.net/ark:/99152/p0s2rwk5zjw","relatedMatch",""
"BLDAM / M. Ismail-Weber 2018","Q897952","24693","151","Gollwitz - 1","Gollwitz","Q17321986","","7186064","","","Gollwitz","1.0","Transitive P131+ exact match | 'Gollwitz' -> 'Gollwitz'","Potsdam-Mittelmark","Q6142","2852456","7120830","","62353","Potsdam-Mittelmark","1.0","Exact match via skos:altLabel [global index] | 'Potsdam-Mittelmark' -> 'Potsdam-Mittelmark'","Brandenburg","Q1208","2945356","7000096","2048409","62504","Brandenburg","1.0","Exact match via rdfs:label [global index] | 'Brandenburg' -> 'Brandenburg'","Deutschland","Q183","2921044","7000084","2044274","51477","Deutschland","1.0","Exact match via rdfs:label [global index] | 'Deutschland' -> 'Deutschland'","Mesolithikum","Einzelfund","Q1144458","","","unbek.","Q59496158","0","416","Übernahme aus externer Datenbank","Strukturen des Landesdenkmalamts","die Koordinaten wurden 2018 von Maha Ismail-Weber beim BLDAM angefragt und übernommen","12.63","52.42","-8000","+/- 100 years","-4000","+/- 100 years","Q816829","dating still very uncertain, for the whole group only few 14C dates available","http://n2t.net/ark:/99152/p0s2rwk5zjw","relatedMatch",""
"BLDAM / M. Ismail-Weber 2018","Q897952","15694","325","Philippsthal - 3","Philippsthal","Q1382796","","","","422504","Philippsthal","1.0","Transitive P131+ exact match | 'Philippsthal' -> 'Philippsthal'","Potsdam-Mittelmark","Q6142","2852456","7120830","","62353","Potsdam-Mittelmark","1.0","Exact match via skos:altLabel [global index] | 'Potsdam-Mittelmark' -> 'Potsdam-Mittelmark'","Brandenburg","Q1208","2945356","7000096","2048409","62504","Brandenburg","1.0","Exact match via rdfs:label [global index] | 'Brandenburg' -> 'Brandenburg'","Deutschland","Q183","2921044","7000084","2044274","51477","Deutschland","1.0","Exact match via rdfs:label [global index] | 'Deutschland' -> 'Deutschland'","Mesolithikum","Einzelfund","Q1144458","","","unbek.","Q59496158","0","417","Übernahme aus externer Datenbank","Strukturen des Landesdenkmalamts","die Koordinaten wurden 2018 von Maha Ismail-Weber beim BLDAM angefragt und übernommen","13.14","52.35","-8000","+/- 100 years","-4000","+/- 100 years","Q816829","dating still very uncertain, for the whole group only few 14C dates available","http://n2t.net/ark:/99152/p0s2rwk5zjw","relatedMatch",""
"BLDAM / M. Ismail-Weber 2018","Q897952","25452","274","Marquardt - 14","Marquardt","Q896887","","","","","Marquardt","1.0","Direct override | 'Marquardt' -> QID=Q896887 | [override -> QID=Q896887]","Potsdam-Mittelmark","Q6142","2852456","7120830","","62353","Potsdam-Mittelmark","1.0","Exact match via skos:altLabel [global index] | 'Potsdam-Mittelmark' -> 'Potsdam-Mittelmark'","Brandenburg","Q1208","2945356","7000096","2048409","62504","Brandenburg","1.0","Exact match via rdfs:label [global index] | 'Brandenburg' -> 'Brandenburg'","Deutschland","Q183","2921044","7000084","2044274","51477","Deutschland","1.0","Exact match via rdfs:label [global index] | 'Deutschland' -> 'Deutschland'","Mesolithikum","Einzelfund","Q1144458","","","unbek.","Q59496158","0","418","Übernahme aus externer Datenbank","Strukturen des Landesdenkmalamts","die Koordinaten wurden 2018 von Maha Ismail-Weber beim BLDAM angefragt und übernommen","12.96","52.46","-8000","+/- 100 years","-4000","+/- 100 years","Q816829","dating still very uncertain, for the whole group only few 14C dates available","http://n2t.net/ark:/99152/p0s2rwk5zjw","relatedMatch",""
"BLDAM / M. Ismail-Weber 2018","Q897952","27715","117","Ferch - 11","Ferch","Q507824","","","","374692","Ferch","1.0","Transitive P131+ exact match | 'Ferch' -> 'Ferch'","Potsdam-Mittelmark","Q6142","2852456","7120830","","62353","Potsdam-Mittelmark","1.0","Exact match via skos:altLabel [global index] | 'Potsdam-Mittelmark' -> 'Potsdam-Mittelmark'","Brandenburg","Q1208","2945356","7000096","2048409","62504","Brandenburg","1.0","Exact match via rdfs:label [global index] | 'Brandenburg' -> 'Brandenburg'","Deutschland","Q183","2921044","7000084","2044274","51477","Deutschland","1.0","Exact match via rdfs:label [global index] | 'Deutschland' -> 'Deutschland'","Mesolithikum","Einzelfund","Q1144458","","","unbek.","Q59496158","0","419","Übernahme aus externer Datenbank","Strukturen des Landesdenkmalamts","die Koordinaten wurden 2018 von Maha Ismail-Weber beim BLDAM angefragt und übernommen","12.93","52.33","-8000","+/- 100 years","-4000","+/- 100 years","Q816829","dating still very uncertain, for the whole group only few 14C dates available","http://n2t.net/ark:/99152/p0s2rwk5zjw","relatedMatch",""
"BLDAM / M. Ismail-Weber 2018","Q897952","28709","440","Treuenbrietzen - 65","Treuenbrietzen","Q625078","6550644","1037861","","369857","Treuenbrietzen","1.0","Exact match via rdfs:label [global index] | 'Treuenbrietzen' -> 'Treuenbrietzen'","Potsdam-Mittelmark","Q6142","2852456","7120830","","62353","Potsdam-Mittelmark","1.0","Exact match via skos:altLabel [global index] | 'Potsdam-Mittelmark' -> 'Potsdam-Mittelmark'","Brandenburg","Q1208","2945356","7000096","2048409","62504","Brandenburg","1.0","Exact match via rdfs:label [global index] | 'Brandenburg' -> 'Brandenburg'","Deutschland","Q183","2921044","7000084","2044274","51477","Deutschland","1.0","Exact match via rdfs:label [global index] | 'Deutschland' -> 'Deutschland'","Mesolithikum","Einzelfund","Q1144458","","","unbek.","Q59496158","0","421","Übernahme aus externer Datenbank","Strukturen des Landesdenkmalamts","die Koordinaten wurden 2018 von Maha Ismail-Weber beim BLDAM angefragt und übernommen","12.87","52.07","-8000","+/- 100 years","-4000","+/- 100 years","Q816829","dating still very uncertain, for the whole group only few 14C dates available","http://n2t.net/ark:/99152/p0s2rwk5zjw","relatedMatch",""
"BLDAM / M. Ismail-Weber 2018","Q897952","28710","441","Treuenbrietzen - 66","Treuenbrietzen","Q625078","6550644","1037861","","369857","Treuenbrietzen","1.0","Exact match via rdfs:label [global index] | 'Treuenbrietzen' -> 'Treuenbrietzen'","Potsdam-Mittelmark","Q6142","2852456","7120830","","62353","Potsdam-Mittelmark","1.0","Exact match via skos:altLabel [global index] | 'Potsdam-Mittelmark' -> 'Potsdam-Mittelmark'","Brandenburg","Q1208","2945356","7000096","2048409","62504","Brandenburg","1.0","Exact match via rdfs:label [global index] | 'Brandenburg' -> 'Brandenburg'","Deutschland","Q183","2921044","7000084","2044274","51477","Deutschland","1.0","Exact match via rdfs:label [global index] | 'Deutschland' -> 'Deutschland'","Mesolithikum","Einzelfund","Q1144458","","","unbek.","Q59496158","0","422","Übernahme aus externer Datenbank","Strukturen des Landesdenkmalamts","die Koordinaten wurden 2018 von Maha Ismail-Weber beim BLDAM angefragt und übernommen","12.88","52.12","-8000","+/- 100 years","-4000","+/- 100 years","Q816829","dating still very uncertain, for the whole group only few 14C dates available","http://n2t.net/ark:/99152/p0s2rwk5zjw","relatedMatch",""
"BLDAM / M. Ismail-Weber 2018","Q897952","45969","467","Wildenbruch - 16","Wildenbruch","Q1522443","2808963","1037991","","365645","Wildenbruch","1.0","Transitive P131+ exact match | 'Wildenbruch' -> 'Wildenbruch'","Potsdam-Mittelmark","Q6142","2852456","7120830","","62353","Potsdam-Mittelmark","1.0","Exact match via skos:altLabel [global index] | 'Potsdam-Mittelmark' -> 'Potsdam-Mittelmark'","Brandenburg","Q1208","2945356","7000096","2048409","62504","Brandenburg","1.0","Exact match via rdfs:label [global index] | 'Brandenburg' -> 'Brandenburg'","Deutschland","Q183","2921044","7000084","2044274","51477","Deutschland","1.0","Exact match via rdfs:label [global index] | 'Deutschland' -> 'Deutschland'","Mesolithikum","Einzelfund","Q1144458","","","unbek.","Q59496158","0","423","Übernahme aus externer Datenbank","Strukturen des Landesdenkmalamts","die Koordinaten wurden 2018 von Maha Ismail-Weber beim BLDAM angefragt und übernommen","13.06","52.3","-8000","+/- 100 years","-4000","+/- 100 years","Q816829","dating still very uncertain, for the whole group only few 14C dates available","http://n2t.net/ark:/99152/p0s2rwk5zjw","relatedMatch",""
"BLDAM / M. Ismail-Weber 2018","Q897952","15214","8","Alt Töplitz - 10","Alt Töplitz","Q15106405","2956795","","","","Alt Töplitz","1.0","Transitive P131+ exact match | 'Alt Töplitz' -> 'Alt Töplitz'","Potsdam-Mittelmark","Q6142","2852456","7120830","","62353","Potsdam-Mittelmark","1.0","Exact match via skos:altLabel [global index] | 'Potsdam-Mittelmark' -> 'Potsdam-Mittelmark'","Brandenburg","Q1208","2945356","7000096","2048409","62504","Brandenburg","1.0","Exact match via rdfs:label [global index] | 'Brandenburg' -> 'Brandenburg'","Deutschland","Q183","2921044","7000084","2044274","51477","Deutschland","1.0","Exact match via rdfs:label [global index] | 'Deutschland' -> 'Deutschland'","Mesolithikum","Einzelfund","Q1144458","","","unbek.","Q59496158","0","424","Übernahme aus externer Datenbank","Strukturen des Landesdenkmalamts","die Koordinaten wurden 2018 von Maha Ismail-Weber beim BLDAM angefragt und übernommen","12.91","52.43","-8000","+/- 100 years","-4000","+/- 100 years","Q816829","dating still very uncertain, for the whole group only few 14C dates available","http://n2t.net/ark:/99152/p0s2rwk5zjw","relatedMatch",""
"BLDAM / M. Ismail-Weber 2018","Q897952","15218","9","Alt Töplitz - 14","Alt Töplitz","Q15106405","2956795","","","","Alt Töplitz","1.0","Transitive P131+ exact match | 'Alt Töplitz' -> 'Alt Töplitz'","Potsdam-Mittelmark","Q6142","2852456","7120830","","62353","Potsdam-Mittelmark","1.0","Exact match via skos:altLabel [global index] | 'Potsdam-Mittelmark' -> 'Potsdam-Mittelmark'","Brandenburg","Q1208","2945356","7000096","2048409","62504","Brandenburg","1.0","Exact match via rdfs:label [global index] | 'Brandenburg' -> 'Brandenburg'","Deutschland","Q183","2921044","7000084","2044274","51477","Deutschland","1.0","Exact match via rdfs:label [global index] | 'Deutschland' -> 'Deutschland'","Mesolithikum","Einzelfund","Q1144458","","","unbek.","Q59496158","0","425","Übernahme aus externer Datenbank","Strukturen des Landesdenkmalamts","die Koordinaten wurden 2018 von Maha Ismail-Weber beim BLDAM angefragt und übernommen","12.92","52.42","-8000","+/- 100 years","-4000","+/- 100 years","Q816829","dating still very uncertain, for the whole group only few 14C dates available","http://n2t.net/ark:/99152/p0s2rwk5zjw","relatedMatch",""
"BLDAM / M. Ismail-Weber 2018","Q897952","15538","219","Kleinmachnow - 3","Kleinmachnow","Q104192","6547672","","","447955","Kleinmachnow","1.0","Exact match via rdfs:label [global index] | 'Kleinmachnow' -> 'Kleinmachnow'","Potsdam-Mittelmark","Q6142","2852456","7120830","","62353","Potsdam-Mittelmark","1.0","Exact match via skos:altLabel [global index] | 'Potsdam-Mittelmark' -> 'Potsdam-Mittelmark'","Brandenburg","Q1208","2945356","7000096","2048409","62504","Brandenburg","1.0","Exact match via rdfs:label [global index] | 'Brandenburg' -> 'Brandenburg'","Deutschland","Q183","2921044","7000084","2044274","51477","Deutschland","1.0","Exact match via rdfs:label [global index] | 'Deutschland' -> 'Deutschland'","Mesolithikum","Einzelfund","Q1144458","","","unbek.","Q59496158","0","426","Übernahme aus externer Datenbank","Strukturen des Landesdenkmalamts","die Koordinaten wurden 2018 von Maha Ismail-Weber beim BLDAM angefragt und übernommen","13.21","52.4","-8000","+/- 100 years","-4000","+/- 100 years","Q816829","dating still very uncertain, for the whole group only few 14C dates available","http://n2t.net/ark:/99152/p0s2rwk5zjw","relatedMatch",""
"BLDAM / M. Ismail-Weber 2018","Q897952","15240","27","Beelitz - 13","Beelitz","Q544439","6550638","7213753","","531653","Beelitz","1.0","Exact match via rdfs:label [global index] | 'Beelitz' -> 'Beelitz'","Potsdam-Mittelmark","Q6142","2852456","7120830","","62353","Potsdam-Mittelmark","1.0","Exact match via skos:altLabel [global index] | 'Potsdam-Mittelmark' -> 'Potsdam-Mittelmark'","Brandenburg","Q1208","2945356","7000096","2048409","62504","Brandenburg","1.0","Exact match via rdfs:label [global index] | 'Brandenburg' -> 'Brandenburg'","Deutschland","Q183","2921044","7000084","2044274","51477","Deutschland","1.0","Exact match via rdfs:label [global index] | 'Deutschland' -> 'Deutschland'","Mesolithikum","Einzelfund","Q1144458","","","unbek.","Q59496158","0","427","Übernahme aus externer Datenbank","Strukturen des Landesdenkmalamts","die Koordinaten wurden 2018 von Maha Ismail-Weber beim BLDAM angefragt und übernommen","12.97","52.23","-8000","+/- 100 years","-4000","+/- 100 years","Q816829","dating still very uncertain, for the whole group only few 14C dates available","http://n2t.net/ark:/99152/p0s2rwk5zjw","relatedMatch",""
"BLDAM / M. Ismail-Weber 2018","Q897952","15126","304","Neuhausen - 1","Neuhausen","Q101555304","","","","","Neuhausen","1.0","Transitive P131+ exact match | 'Neuhausen' -> 'Neuhausen'","Prignitz","Q6132","","","","","Prignitz","1.0","Direct override | 'Prignitz' -> QID=Q6132 | [override -> QID=Q6132]","Brandenburg","Q1208","2945356","7000096","2048409","62504","Brandenburg","1.0","Exact match via rdfs:label [global index] | 'Brandenburg' -> 'Brandenburg'","Deutschland","Q183","2921044","7000084","2044274","51477","Deutschland","1.0","Exact match via rdfs:label [global index] | 'Deutschland' -> 'Deutschland'","Mesolithikum","Einzelfund","Q1144458","","","unbek.","Q59496158","0","428","Übernahme aus externer Datenbank","Strukturen des Landesdenkmalamts","die Koordinaten wurden 2018 von Maha Ismail-Weber beim BLDAM angefragt und übernommen","11.85","53.23","-8000","+/- 100 years","-4000","+/- 100 years","Q816829","dating still very uncertain, for the whole group only few 14C dates available","http://n2t.net/ark:/99152/p0s2rwk5zjw","relatedMatch",""
"BLDAM / M. Ismail-Weber 2018","Q897952","15141","331","Pirow - 4","Pirow","Q628458","6547698","","","1289817","Pirow","1.0","Exact match via rdfs:label [global index] | 'Pirow' -> 'Pirow'","Prignitz","Q6132","","","","","Prignitz","1.0","Direct override | 'Prignitz' -> QID=Q6132 | [override -> QID=Q6132]","Brandenburg","Q1208","2945356","7000096","2048409","62504","Brandenburg","1.0","Exact match via rdfs:label [global index] | 'Brandenburg' -> 'Brandenburg'","Deutschland","Q183","2921044","7000084","2044274","51477","Deutschland","1.0","Exact match via rdfs:label [global index] | 'Deutschland' -> 'Deutschland'","Mesolithikum","Einzelfund","Q1144458","","","unbek.","Q59496158","0","429","Übernahme aus externer Datenbank","Strukturen des Landesdenkmalamts","die Koordinaten wurden 2018 von Maha Ismail-Weber beim BLDAM angefragt und übernommen","11.89","53.21","-8000","+/- 100 years","-4000","+/- 100 years","Q816829","dating still very uncertain, for the whole group only few 14C dates available","http://n2t.net/ark:/99152/p0s2rwk5zjw","relatedMatch",""
"BLDAM / M. Ismail-Weber 2018","Q897952","19062","355","Putlitz - 6","Putlitz","Q565732","6550652","","","1289785","Putlitz","1.0","Exact match via rdfs:label [global index] | 'Putlitz' -> 'Putlitz'","Prignitz","Q6132","","","","","Prignitz","1.0","Direct override | 'Prignitz' -> QID=Q6132 | [override -> QID=Q6132]","Brandenburg","Q1208","2945356","7000096","2048409","62504","Brandenburg","1.0","Exact match via rdfs:label [global index] | 'Brandenburg' -> 'Brandenburg'","Deutschland","Q183","2921044","7000084","2044274","51477","Deutschland","1.0","Exact match via rdfs:label [global index] | 'Deutschland' -> 'Deutschland'","Mesolithikum","Einzelfund","Q1144458","","","unbek.","Q59496158","0","430","Übernahme aus externer Datenbank","Strukturen des Landesdenkmalamts","die Koordinaten wurden 2018 von Maha Ismail-Weber beim BLDAM angefragt und übernommen","12.03","53.24","-8000","+/- 100 years","-4000","+/- 100 years","Q816829","dating still very uncertain, for the whole group only few 14C dates available","http://n2t.net/ark:/99152/p0s2rwk5zjw","relatedMatch",""
"BLDAM / M. Ismail-Weber 2018","Q897952","15102","220","Kleinow - 3","Kleinow","Q101436943","2888406","","","","Kleinow","1.0","Transitive P131+ exact match | 'Kleinow' -> 'Kleinow'","Prignitz","Q6132","","","","","Prignitz","1.0","Direct override | 'Prignitz' -> QID=Q6132 | [override -> QID=Q6132]","Brandenburg","Q1208","2945356","7000096","2048409","62504","Brandenburg","1.0","Exact match via rdfs:label [global index] | 'Brandenburg' -> 'Brandenburg'","Deutschland","Q183","2921044","7000084","2044274","51477","Deutschland","1.0","Exact match via rdfs:label [global index] | 'Deutschland' -> 'Deutschland'","Mesolithikum","Einzelfund","Q1144458","","","unbek.","Q59496158","0","431","Übernahme aus externer Datenbank","Strukturen des Landesdenkmalamts","die Koordinaten wurden 2018 von Maha Ismail-Weber beim BLDAM angefragt und übernommen","11.97","53.05","-8000","+/- 100 years","-4000","+/- 100 years","Q816829","dating still very uncertain, for the whole group only few 14C dates available","http://n2t.net/ark:/99152/p0s2rwk5zjw","relatedMatch",""
"BLDAM / M. Ismail-Weber 2018","Q897952","19101","380","Sadenbeck - 6","Sadenbeck","Q56197823","","","","","Sadenbeck","1.0","Transitive P131+ exact match | 'Sadenbeck' -> 'Sadenbeck'","Prignitz","Q6132","","","","","Prignitz","1.0","Direct override | 'Prignitz' -> QID=Q6132 | [override -> QID=Q6132]","Brandenburg","Q1208","2945356","7000096","2048409","62504","Brandenburg","1.0","Exact match via rdfs:label [global index] | 'Brandenburg' -> 'Brandenburg'","Deutschland","Q183","2921044","7000084","2044274","51477","Deutschland","1.0","Exact match via rdfs:label [global index] | 'Deutschland' -> 'Deutschland'","Mesolithikum","Einzelfund","Q1144458","","","unbek.","Q59496158","0","432","Übernahme aus externer Datenbank","Strukturen des Landesdenkmalamts","die Koordinaten wurden 2018 von Maha Ismail-Weber beim BLDAM angefragt und übernommen","12.25","53.2","-8000","+/- 100 years","-4000","+/- 100 years","Q816829","dating still very uncertain, for the whole group only few 14C dates available","http://n2t.net/ark:/99152/p0s2rwk5zjw","relatedMatch",""
"BLDAM / M. Ismail-Weber 2018","Q897952","31427","19","Babekuhl - 5","Babekuhl","Q22691266","","","","","Babekuhl","1.0","Transitive P131+ exact match | 'Babekuhl' -> 'Babekuhl'","Prignitz","Q6132","","","","","Prignitz","1.0","Direct override | 'Prignitz' -> QID=Q6132 | [override -> QID=Q6132]","Brandenburg","Q1208","2945356","7000096","2048409","62504","Brandenburg","1.0","Exact match via rdfs:label [global index] | 'Brandenburg' -> 'Brandenburg'","Deutschland","Q183","2921044","7000084","2044274","51477","Deutschland","1.0","Exact match via rdfs:label [global index] | 'Deutschland' -> 'Deutschland'","Mesolithikum","Einzelfund","Q1144458","","","unbek.","Q59496158","0","433","Übernahme aus externer Datenbank","Strukturen des Landesdenkmalamts","die Koordinaten wurden 2018 von Maha Ismail-Weber beim BLDAM angefragt und übernommen","11.62","53.07","-8000","+/- 100 years","-4000","+/- 100 years","Q816829","dating still very uncertain, for the whole group only few 14C dates available","http://n2t.net/ark:/99152/p0s2rwk5zjw","relatedMatch",""
"BLDAM / M. Ismail-Weber 2018","Q897952","32942","259","Lenzen - 33","Lenzen","Q625768","6550648","","","1289788","Lenzen","1.0","Exact match via rdfs:label [global index] | 'Lenzen' -> 'Lenzen'","Prignitz","Q6132","","","","","Prignitz","1.0","Direct override | 'Prignitz' -> QID=Q6132 | [override -> QID=Q6132]","Brandenburg","Q1208","2945356","7000096","2048409","62504","Brandenburg","1.0","Exact match via rdfs:label [global index] | 'Brandenburg' -> 'Brandenburg'","Deutschland","Q183","2921044","7000084","2044274","51477","Deutschland","1.0","Exact match via rdfs:label [global index] | 'Deutschland' -> 'Deutschland'","Mesolithikum","Einzelfund","Q1144458","","","unbek.","Q59496158","0","434","Übernahme aus externer Datenbank","Strukturen des Landesdenkmalamts","die Koordinaten wurden 2018 von Maha Ismail-Weber beim BLDAM angefragt und übernommen","11.5","53.1","-8000","+/- 100 years","-4000","+/- 100 years","Q816829","dating still very uncertain, for the whole group only few 14C dates available","http://n2t.net/ark:/99152/p0s2rwk5zjw","relatedMatch",""
"BLDAM / M. Ismail-Weber 2018","Q897952","36334","408","Semlin - 15","Semlin","Q627161","","","","","Semlin","1.0","Direct override | 'Semlin' -> QID=Q627161 | [override -> QID=Q627161]","Prignitz","Q6132","","","","","Prignitz","1.0","Direct override | 'Prignitz' -> QID=Q6132 | [override -> QID=Q6132]","Brandenburg","Q1208","2945356","7000096","2048409","62504","Brandenburg","1.0","Exact match via rdfs:label [global index] | 'Brandenburg' -> 'Brandenburg'","Deutschland","Q183","2921044","7000084","2044274","51477","Deutschland","1.0","Exact match via rdfs:label [global index] | 'Deutschland' -> 'Deutschland'","Mesolithikum","Einzelfund","Q1144458","","","unbek.","Q59496158","0","435","Übernahme aus externer Datenbank","Strukturen des Landesdenkmalamts","die Koordinaten wurden 2018 von Maha Ismail-Weber beim BLDAM angefragt und übernommen","11.75","53.14","-8000","+/- 100 years","-4000","+/- 100 years","Q816829","dating still very uncertain, for the whole group only few 14C dates available","http://n2t.net/ark:/99152/p0s2rwk5zjw","relatedMatch",""
"BLDAM / M. Ismail-Weber 2018","Q897952","39788","323","Perleberg - 16","Perleberg","Q498540","6550650","1037479","","1289805","Perleberg","1.0","Exact match via rdfs:label [global index] | 'Perleberg' -> 'Perleberg'","Prignitz","Q6132","","","","","Prignitz","1.0","Direct override | 'Prignitz' -> QID=Q6132 | [override -> QID=Q6132]","Brandenburg","Q1208","2945356","7000096","2048409","62504","Brandenburg","1.0","Exact match via rdfs:label [global index] | 'Brandenburg' -> 'Brandenburg'","Deutschland","Q183","2921044","7000084","2044274","51477","Deutschland","1.0","Exact match via rdfs:label [global index] | 'Deutschland' -> 'Deutschland'","Mesolithikum","Einzelfund","Q1144458","","","unbek.","Q59496158","0","436","Übernahme aus externer Datenbank","Strukturen des Landesdenkmalamts","die Koordinaten wurden 2018 von Maha Ismail-Weber beim BLDAM angefragt und übernommen","11.82","53.03","-8000","+/- 100 years","-4000","+/- 100 years","Q816829","dating still very uncertain, for the whole group only few 14C dates available","http://n2t.net/ark:/99152/p0s2rwk5zjw","relatedMatch",""
"BLDAM / M. Ismail-Weber 2018","Q897952","44222","348","Premslin - 33","Premslin","Q101522422","2852228","","","","Premslin","1.0","Transitive P131+ exact match | 'Premslin' -> 'Premslin'","Prignitz","Q6132","","","","","Prignitz","1.0","Direct override | 'Prignitz' -> QID=Q6132 | [override -> QID=Q6132]","Brandenburg","Q1208","2945356","7000096","2048409","62504","Brandenburg","1.0","Exact match via rdfs:label [global index] | 'Brandenburg' -> 'Brandenburg'","Deutschland","Q183","2921044","7000084","2044274","51477","Deutschland","1.0","Exact match via rdfs:label [global index] | 'Deutschland' -> 'Deutschland'","Mesolithikum","Einzelfund","Q1144458","","","unbek.","Q59496158","0","437","Übernahme aus externer Datenbank","Strukturen des Landesdenkmalamts","die Koordinaten wurden 2018 von Maha Ismail-Weber beim BLDAM angefragt und übernommen","11.77","53.13","-8000","+/- 100 years","-4000","+/- 100 years","Q816829","dating still very uncertain, for the whole group only few 14C dates available","http://n2t.net/ark:/99152/p0s2rwk5zjw","relatedMatch",""
"BLDAM / M. Ismail-Weber 2018","Q897952","44538","165","Groß Linde - 47","Groß Linde","Q1547935","","","","","Groß Linde","1.0","Transitive P131+ exact match | 'Groß Linde' -> 'Groß Linde'","Prignitz","Q6132","","","","","Prignitz","1.0","Direct override | 'Prignitz' -> QID=Q6132 | [override -> QID=Q6132]","Brandenburg","Q1208","2945356","7000096","2048409","62504","Brandenburg","1.0","Exact match via rdfs:label [global index] | 'Brandenburg' -> 'Brandenburg'","Deutschland","Q183","2921044","7000084","2044274","51477","Deutschland","1.0","Exact match via rdfs:label [global index] | 'Deutschland' -> 'Deutschland'","Mesolithikum","Einzelfund","Q1144458","","","unbek.","Q59496158","0","438","Übernahme aus externer Datenbank","Strukturen des Landesdenkmalamts","die Koordinaten wurden 2018 von Maha Ismail-Weber beim BLDAM angefragt und übernommen","11.92","53.12","-8000","+/- 100 years","-4000","+/- 100 years","Q816829","dating still very uncertain, for the whole group only few 14C dates available","http://n2t.net/ark:/99152/p0s2rwk5zjw","relatedMatch",""
"BLDAM / M. Ismail-Weber 2018","Q897952","44780","430","Tacken - 12","Tacken","Q23787861","","","","","Tacken","1.0","Transitive P131+ exact match | 'Tacken' -> 'Tacken'","Prignitz","Q6132","","","","","Prignitz","1.0","Direct override | 'Prignitz' -> QID=Q6132 | [override -> QID=Q6132]","Brandenburg","Q1208","2945356","7000096","2048409","62504","Brandenburg","1.0","Exact match via rdfs:label [global index] | 'Brandenburg' -> 'Brandenburg'","Deutschland","Q183","2921044","7000084","2044274","51477","Deutschland","1.0","Exact match via rdfs:label [global index] | 'Deutschland' -> 'Deutschland'","Mesolithikum","Einzelfund","Q1144458","","","unbek.","Q59496158","0","439","Übernahme aus externer Datenbank","Strukturen des Landesdenkmalamts","die Koordinaten wurden 2018 von Maha Ismail-Weber beim BLDAM angefragt und übernommen","12.01","53.18","-8000","+/- 100 years","-4000","+/- 100 years","Q816829","dating still very uncertain, for the whole group only few 14C dates available","http://n2t.net/ark:/99152/p0s2rwk5zjw","relatedMatch",""
"BLDAM / M. Ismail-Weber 2018","Q897952","45346","187","Hinzdorf - 2","Hinzdorf","Q20828694","","","","","Hinzdorf","1.0","Transitive P131+ exact match | 'Hinzdorf' -> 'Hinzdorf'","Prignitz","Q6132","","","","","Prignitz","1.0","Direct override | 'Prignitz' -> QID=Q6132 | [override -> QID=Q6132]","Brandenburg","Q1208","2945356","7000096","2048409","62504","Brandenburg","1.0","Exact match via rdfs:label [global index] | 'Brandenburg' -> 'Brandenburg'","Deutschland","Q183","2921044","7000084","2044274","51477","Deutschland","1.0","Exact match via rdfs:label [global index] | 'Deutschland' -> 'Deutschland'","Mesolithikum","Einzelfund","Q1144458","","","unbek.","Q59496158","0","440","Übernahme aus externer Datenbank","Strukturen des Landesdenkmalamts","die Koordinaten wurden 2018 von Maha Ismail-Weber beim BLDAM angefragt und übernommen","11.83","52.97","-8000","+/- 100 years","-4000","+/- 100 years","Q816829","dating still very uncertain, for the whole group only few 14C dates available","http://n2t.net/ark:/99152/p0s2rwk5zjw","relatedMatch",""
"BLDAM / M. Ismail-Weber 2018","Q897952","51082","215","Kleeste - 1","Kleeste","Q636945","","","","","Kleeste","1.0","Direct override | 'Kleeste' -> QID=Q636945 | [override -> QID=Q636945]","Prignitz","Q6132","","","","","Prignitz","1.0","Direct override | 'Prignitz' -> QID=Q6132 | [override -> QID=Q6132]","Brandenburg","Q1208","2945356","7000096","2048409","62504","Brandenburg","1.0","Exact match via rdfs:label [global index] | 'Brandenburg' -> 'Brandenburg'","Deutschland","Q183","2921044","7000084","2044274","51477","Deutschland","1.0","Exact match via rdfs:label [global index] | 'Deutschland' -> 'Deutschland'","Mesolithikum","Einzelfund","Q1144458","","","unbek.","Q59496158","0","441","Übernahme aus externer Datenbank","Strukturen des Landesdenkmalamts","die Koordinaten wurden 2018 von Maha Ismail-Weber beim BLDAM angefragt und übernommen","11.83","53.24","-8000","+/- 100 years","-4000","+/- 100 years","Q816829","dating still very uncertain, for the whole group only few 14C dates available","http://n2t.net/ark:/99152/p0s2rwk5zjw","relatedMatch",""
"BLDAM / M. Ismail-Weber 2018","Q897952","32169","484","Wustrow - 4","Wustrow","Q22694685","","","","","Wustrow","1.0","Transitive P131+ exact match | 'Wustrow' -> 'Wustrow'","Prignitz","Q6132","","","","","Prignitz","1.0","Direct override | 'Prignitz' -> QID=Q6132 | [override -> QID=Q6132]","Brandenburg","Q1208","2945356","7000096","2048409","62504","Brandenburg","1.0","Exact match via rdfs:label [global index] | 'Brandenburg' -> 'Brandenburg'","Deutschland","Q183","2921044","7000084","2044274","51477","Deutschland","1.0","Exact match via rdfs:label [global index] | 'Deutschland' -> 'Deutschland'","Mesolithikum","Einzelfund","Q1144458","","","unbek.","Q59496158","0","442","Übernahme aus externer Datenbank","Strukturen des Landesdenkmalamts","die Koordinaten wurden 2018 von Maha Ismail-Weber beim BLDAM angefragt und übernommen","11.56","53.07","-8000","+/- 100 years","-4000","+/- 100 years","Q816829","dating still very uncertain, for the whole group only few 14C dates available","http://n2t.net/ark:/99152/p0s2rwk5zjw","relatedMatch",""
"BLDAM / M. Ismail-Weber 2018","Q897952","30858","361","Raakow - 2","Raakow","Q26271484","2851286","","","","Raakow","1.0","Transitive P131+ exact match | 'Raakow' -> 'Raakow'","Spree-Neiße","Q6165","3249089","7076935","","62683","Spree-Neiße","1.0","Exact match via skos:altLabel [global index] | 'Spree-Neiße' -> 'Spree-Neiße'","Brandenburg","Q1208","2945356","7000096","2048409","62504","Brandenburg","1.0","Exact match via rdfs:label [global index] | 'Brandenburg' -> 'Brandenburg'","Deutschland","Q183","2921044","7000084","2044274","51477","Deutschland","1.0","Exact match via rdfs:label [global index] | 'Deutschland' -> 'Deutschland'","Mesolithikum","Einzelfund","Q1144458","","","unbek.","Q59496158","0","443","Übernahme aus externer Datenbank","Strukturen des Landesdenkmalamts","die Koordinaten wurden 2018 von Maha Ismail-Weber beim BLDAM angefragt und übernommen","14.23","51.64","-8000","+/- 100 years","-4000","+/- 100 years","Q816829","dating still very uncertain, for the whole group only few 14C dates available","http://n2t.net/ark:/99152/p0s2rwk5zjw","relatedMatch",""
"BLDAM / M. Ismail-Weber 2018","Q897952","12051","53","Blankensee - 4","Blankensee","Q881612","","","","","Blankensee","1.0","Direct override | 'Blankensee' -> QID=Q881612 | [override -> QID=Q881612]","Teltow-Fläming","Q6146","","","","","Landkreis Teltow-Fläming","1.0","Direct override | 'Teltow-Fläming' -> QID=Q6146 | [override -> QID=Q6146]","Brandenburg","Q1208","2945356","7000096","2048409","62504","Brandenburg","1.0","Exact match via rdfs:label [global index] | 'Brandenburg' -> 'Brandenburg'","Deutschland","Q183","2921044","7000084","2044274","51477","Deutschland","1.0","Exact match via rdfs:label [global index] | 'Deutschland' -> 'Deutschland'","Mesolithikum","Einzelfund","Q1144458","","","unbek.","Q59496158","0","444","Übernahme aus externer Datenbank","Strukturen des Landesdenkmalamts","die Koordinaten wurden 2018 von Maha Ismail-Weber beim BLDAM angefragt und übernommen","13.14","52.24","-8000","+/- 100 years","-4000","+/- 100 years","Q816829","dating still very uncertain, for the whole group only few 14C dates available","http://n2t.net/ark:/99152/p0s2rwk5zjw","relatedMatch",""
"BLDAM / M. Ismail-Weber 2018","Q897952","23940","1","Ahrensdorf bei Ludwigsfelde - 10","Ahrensdorf bei Ludwigsfelde","Q327744","","","","","Ahrensdorf bei Ludwigsfelde","1.0","Direct override | 'Ahrensdorf bei Ludwigsfelde' -> QID=Q327744 | [override -> QID=Q327744]","Teltow-Fläming","Q6146","","","","","Landkreis Teltow-Fläming","1.0","Direct override | 'Teltow-Fläming' -> QID=Q6146 | [override -> QID=Q6146]","Brandenburg","Q1208","2945356","7000096","2048409","62504","Brandenburg","1.0","Exact match via rdfs:label [global index] | 'Brandenburg' -> 'Brandenburg'","Deutschland","Q183","2921044","7000084","2044274","51477","Deutschland","1.0","Exact match via rdfs:label [global index] | 'Deutschland' -> 'Deutschland'","Mesolithikum","Einzelfund","Q1144458","","","unbek.","Q59496158","0","445","Übernahme aus externer Datenbank","Strukturen des Landesdenkmalamts","die Koordinaten wurden 2018 von Maha Ismail-Weber beim BLDAM angefragt und übernommen","13.2","52.31","-8000","+/- 100 years","-4000","+/- 100 years","Q816829","dating still very uncertain, for the whole group only few 14C dates available","http://n2t.net/ark:/99152/p0s2rwk5zjw","relatedMatch",""
"BLDAM / M. Ismail-Weber 2018","Q897952","23970","49","Blankenfelde - 9","Blankenfelde","Q3640862","2948065","","","","Blankenfelde","1.0","Transitive P131+ exact match | 'Blankenfelde' -> 'Blankenfelde'","Teltow-Fläming","Q6146","","","","","Landkreis Teltow-Fläming","1.0","Direct override | 'Teltow-Fläming' -> QID=Q6146 | [override -> QID=Q6146]","Brandenburg","Q1208","2945356","7000096","2048409","62504","Brandenburg","1.0","Exact match via rdfs:label [global index] | 'Brandenburg' -> 'Brandenburg'","Deutschland","Q183","2921044","7000084","2044274","51477","Deutschland","1.0","Exact match via rdfs:label [global index] | 'Deutschland' -> 'Deutschland'","Mesolithikum","Einzelfund","Q1144458","","","unbek.","Q59496158","0","446","Übernahme aus externer Datenbank","Strukturen des Landesdenkmalamts","die Koordinaten wurden 2018 von Maha Ismail-Weber beim BLDAM angefragt und übernommen","13.38","52.32","-8000","+/- 100 years","-4000","+/- 100 years","Q816829","dating still very uncertain, for the whole group only few 14C dates available","http://n2t.net/ark:/99152/p0s2rwk5zjw","relatedMatch",""
"BLDAM / M. Ismail-Weber 2018","Q897952","24143","160","Gröben - 4","Gröben","Q884062","2917229","1036813","","","Gröben","1.0","Transitive P131+ exact match | 'Gröben' -> 'Gröben'","Teltow-Fläming","Q6146","","","","","Landkreis Teltow-Fläming","1.0","Direct override | 'Teltow-Fläming' -> QID=Q6146 | [override -> QID=Q6146]","Brandenburg","Q1208","2945356","7000096","2048409","62504","Brandenburg","1.0","Exact match via rdfs:label [global index] | 'Brandenburg' -> 'Brandenburg'","Deutschland","Q183","2921044","7000084","2044274","51477","Deutschland","1.0","Exact match via rdfs:label [global index] | 'Deutschland' -> 'Deutschland'","Mesolithikum","Einzelfund","Q1144458","","","unbek.","Q59496158","0","447","Übernahme aus externer Datenbank","Strukturen des Landesdenkmalamts","die Koordinaten wurden 2018 von Maha Ismail-Weber beim BLDAM angefragt und übernommen","13.16","52.28","-8000","+/- 100 years","-4000","+/- 100 years","Q816829","dating still very uncertain, for the whole group only few 14C dates available","http://n2t.net/ark:/99152/p0s2rwk5zjw","relatedMatch",""
"BLDAM / M. Ismail-Weber 2018","Q897952","24152","159","Gröben - 13","Gröben","Q884062","2917229","1036813","","","Gröben","1.0","Transitive P131+ exact match | 'Gröben' -> 'Gröben'","Teltow-Fläming","Q6146","","","","","Landkreis Teltow-Fläming","1.0","Direct override | 'Teltow-Fläming' -> QID=Q6146 | [override -> QID=Q6146]","Brandenburg","Q1208","2945356","7000096","2048409","62504","Brandenburg","1.0","Exact match via rdfs:label [global index] | 'Brandenburg' -> 'Brandenburg'","Deutschland","Q183","2921044","7000084","2044274","51477","Deutschland","1.0","Exact match via rdfs:label [global index] | 'Deutschland' -> 'Deutschland'","Mesolithikum","Einzelfund","Q1144458","","","unbek.","Q59496158","0","448","Übernahme aus externer Datenbank","Strukturen des Landesdenkmalamts","die Koordinaten wurden 2018 von Maha Ismail-Weber beim BLDAM angefragt und übernommen","13.16","52.3","-8000","+/- 100 years","-4000","+/- 100 years","Q816829","dating still very uncertain, for the whole group only few 14C dates available","http://n2t.net/ark:/99152/p0s2rwk5zjw","relatedMatch",""
"BLDAM / M. Ismail-Weber 2018","Q897952","24360","252","Kummersdorf - 1","Kummersdorf","Q1718490","","","","","Kummersdorf","1.0","Direct override | 'Kummersdorf' -> QID=Q1718490 | [override -> QID=Q1718490]","Teltow-Fläming","Q6146","","","","","Landkreis Teltow-Fläming","1.0","Direct override | 'Teltow-Fläming' -> QID=Q6146 | [override -> QID=Q6146]","Brandenburg","Q1208","2945356","7000096","2048409","62504","Brandenburg","1.0","Exact match via rdfs:label [global index] | 'Brandenburg' -> 'Brandenburg'","Deutschland","Q183","2921044","7000084","2044274","51477","Deutschland","1.0","Exact match via rdfs:label [global index] | 'Deutschland' -> 'Deutschland'","Mesolithikum","Einzelfund","Q1144458","","","unbek.","Q59496158","0","449","Übernahme aus externer Datenbank","Strukturen des Landesdenkmalamts","die Koordinaten wurden 2018 von Maha Ismail-Weber beim BLDAM angefragt und übernommen","13.34","52.16","-8000","+/- 100 years","-4000","+/- 100 years","Q816829","dating still very uncertain, for the whole group only few 14C dates available","http://n2t.net/ark:/99152/p0s2rwk5zjw","relatedMatch",""
"BLDAM / M. Ismail-Weber 2018","Q897952","24420","277","Mellensee - 7","Mellensee","Q1919518","2872068","","","8795848","Mellensee","1.0","Exact match via rdfs:label [global index] | 'Mellensee' -> 'Mellensee'","Teltow-Fläming","Q6146","","","","","Landkreis Teltow-Fläming","1.0","Direct override | 'Teltow-Fläming' -> QID=Q6146 | [override -> QID=Q6146]","Brandenburg","Q1208","2945356","7000096","2048409","62504","Brandenburg","1.0","Exact match via rdfs:label [global index] | 'Brandenburg' -> 'Brandenburg'","Deutschland","Q183","2921044","7000084","2044274","51477","Deutschland","1.0","Exact match via rdfs:label [global index] | 'Deutschland' -> 'Deutschland'","Mesolithikum","Einzelfund","Q1144458","","","unbek.","Q59496158","0","450","Übernahme aus externer Datenbank","Strukturen des Landesdenkmalamts","die Koordinaten wurden 2018 von Maha Ismail-Weber beim BLDAM angefragt und übernommen","13.44","52.18","-8000","+/- 100 years","-4000","+/- 100 years","Q816829","dating still very uncertain, for the whole group only few 14C dates available","http://n2t.net/ark:/99152/p0s2rwk5zjw","relatedMatch",""
"BLDAM / M. Ismail-Weber 2018","Q897952","24540","416","Sperenberg - 1","Sperenberg","Q882100","2830622","","","","Sperenberg","1.0","Transitive P131+ exact match | 'Sperenberg' -> 'Sperenberg'","Teltow-Fläming","Q6146","","","","","Landkreis Teltow-Fläming","1.0","Direct override | 'Teltow-Fläming' -> QID=Q6146 | [override -> QID=Q6146]","Brandenburg","Q1208","2945356","7000096","2048409","62504","Brandenburg","1.0","Exact match via rdfs:label [global index] | 'Brandenburg' -> 'Brandenburg'","Deutschland","Q183","2921044","7000084","2044274","51477","Deutschland","1.0","Exact match via rdfs:label [global index] | 'Deutschland' -> 'Deutschland'","Mesolithikum","Einzelfund","Q1144458","","","unbek.","Q59496158","0","453","Übernahme aus externer Datenbank","Strukturen des Landesdenkmalamts","die Koordinaten wurden 2018 von Maha Ismail-Weber beim BLDAM angefragt und übernommen","13.39","52.14","-8000","+/- 100 years","-4000","+/- 100 years","Q816829","dating still very uncertain, for the whole group only few 14C dates available","http://n2t.net/ark:/99152/p0s2rwk5zjw","relatedMatch",""
"BLDAM / M. Ismail-Weber 2018","Q897952","24625","500","Zesch - 2","Zesch","Q196797","","","","","Zesch","1.0","Direct override | 'Zesch' -> QID=Q196797 | [override -> QID=Q196797]","Teltow-Fläming","Q6146","","","","","Landkreis Teltow-Fläming","1.0","Direct override | 'Teltow-Fläming' -> QID=Q6146 | [override -> QID=Q6146]","Brandenburg","Q1208","2945356","7000096","2048409","62504","Brandenburg","1.0","Exact match via rdfs:label [global index] | 'Brandenburg' -> 'Brandenburg'","Deutschland","Q183","2921044","7000084","2044274","51477","Deutschland","1.0","Exact match via rdfs:label [global index] | 'Deutschland' -> 'Deutschland'","Mesolithikum","Einzelfund","Q1144458","","","unbek.","Q59496158","0","454","Übernahme aus externer Datenbank","Strukturen des Landesdenkmalamts","die Koordinaten wurden 2018 von Maha Ismail-Weber beim BLDAM angefragt und übernommen","13.52","52.11","-8000","+/- 100 years","-4000","+/- 100 years","Q816829","dating still very uncertain, for the whole group only few 14C dates available","http://n2t.net/ark:/99152/p0s2rwk5zjw","relatedMatch",""
"BLDAM / M. Ismail-Weber 2018","Q897952","24643","506","Zossen - 10","Zossen","Q226884","6550665","1038075","","176781","Zossen","1.0","Exact match via rdfs:label [global index] | 'Zossen' -> 'Zossen'","Teltow-Fläming","Q6146","","","","","Landkreis Teltow-Fläming","1.0","Direct override | 'Teltow-Fläming' -> QID=Q6146 | [override -> QID=Q6146]","Brandenburg","Q1208","2945356","7000096","2048409","62504","Brandenburg","1.0","Exact match via rdfs:label [global index] | 'Brandenburg' -> 'Brandenburg'","Deutschland","Q183","2921044","7000084","2044274","51477","Deutschland","1.0","Exact match via rdfs:label [global index] | 'Deutschland' -> 'Deutschland'","Mesolithikum","Einzelfund","Q1144458","","","unbek.","Q59496158","0","455","Übernahme aus externer Datenbank","Strukturen des Landesdenkmalamts","die Koordinaten wurden 2018 von Maha Ismail-Weber beim BLDAM angefragt und übernommen","13.47","52.22","-8000","+/- 100 years","-4000","+/- 100 years","Q816829","dating still very uncertain, for the whole group only few 14C dates available","http://n2t.net/ark:/99152/p0s2rwk5zjw","relatedMatch",""
"BLDAM / M. Ismail-Weber 2018","Q897952","30513","437","Trebbin - 14","Trebbin","Q570114","6550664","1037855","","422433","Trebbin","1.0","Exact match via rdfs:label [global index] | 'Trebbin' -> 'Trebbin'","Teltow-Fläming","Q6146","","","","","Landkreis Teltow-Fläming","1.0","Direct override | 'Teltow-Fläming' -> QID=Q6146 | [override -> QID=Q6146]","Brandenburg","Q1208","2945356","7000096","2048409","62504","Brandenburg","1.0","Exact match via rdfs:label [global index] | 'Brandenburg' -> 'Brandenburg'","Deutschland","Q183","2921044","7000084","2044274","51477","Deutschland","1.0","Exact match via rdfs:label [global index] | 'Deutschland' -> 'Deutschland'","Mesolithikum","Einzelfund","Q1144458","","","unbek.","Q59496158","0","456","Übernahme aus externer Datenbank","Strukturen des Landesdenkmalamts","die Koordinaten wurden 2018 von Maha Ismail-Weber beim BLDAM angefragt und übernommen","13.22","52.22","-8000","+/- 100 years","-4000","+/- 100 years","Q816829","dating still very uncertain, for the whole group only few 14C dates available","http://n2t.net/ark:/99152/p0s2rwk5zjw","relatedMatch",""
"BLDAM / M. Ismail-Weber 2018","Q897952","49357","50","Blankensee - 14","Blankensee","Q881612","","","","","Blankensee","1.0","Direct override | 'Blankensee' -> QID=Q881612 | [override -> QID=Q881612]","Teltow-Fläming","Q6146","","","","","Landkreis Teltow-Fläming","1.0","Direct override | 'Teltow-Fläming' -> QID=Q6146 | [override -> QID=Q6146]","Brandenburg","Q1208","2945356","7000096","2048409","62504","Brandenburg","1.0","Exact match via rdfs:label [global index] | 'Brandenburg' -> 'Brandenburg'","Deutschland","Q183","2921044","7000084","2044274","51477","Deutschland","1.0","Exact match via rdfs:label [global index] | 'Deutschland' -> 'Deutschland'","Mesolithikum","Einzelfund","Q1144458","","","unbek.","Q59496158","0","459","Übernahme aus externer Datenbank","Strukturen des Landesdenkmalamts","die Koordinaten wurden 2018 von Maha Ismail-Weber beim BLDAM angefragt und übernommen","13.13","52.24","-8000","+/- 100 years","-4000","+/- 100 years","Q816829","dating still very uncertain, for the whole group only few 14C dates available","http://n2t.net/ark:/99152/p0s2rwk5zjw","relatedMatch",""
"BLDAM / M. Ismail-Weber 2018","Q897952","49359","51","Blankensee - 15","Blankensee","Q881612","","","","","Blankensee","1.0","Direct override | 'Blankensee' -> QID=Q881612 | [override -> QID=Q881612]","Teltow-Fläming","Q6146","","","","","Landkreis Teltow-Fläming","1.0","Direct override | 'Teltow-Fläming' -> QID=Q6146 | [override -> QID=Q6146]","Brandenburg","Q1208","2945356","7000096","2048409","62504","Brandenburg","1.0","Exact match via rdfs:label [global index] | 'Brandenburg' -> 'Brandenburg'","Deutschland","Q183","2921044","7000084","2044274","51477","Deutschland","1.0","Exact match via rdfs:label [global index] | 'Deutschland' -> 'Deutschland'","Mesolithikum","Einzelfund","Q1144458","","","unbek.","Q59496158","0","460","Übernahme aus externer Datenbank","Strukturen des Landesdenkmalamts","die Koordinaten wurden 2018 von Maha Ismail-Weber beim BLDAM angefragt und übernommen","13.14","52.23","-8000","+/- 100 years","-4000","+/- 100 years","Q816829","dating still very uncertain, for the whole group only few 14C dates available","http://n2t.net/ark:/99152/p0s2rwk5zjw","relatedMatch",""
"BLDAM / M. Ismail-Weber 2018","Q897952","49360","52","Blankensee - 16","Blankensee","Q881612","","","","","Blankensee","1.0","Direct override | 'Blankensee' -> QID=Q881612 | [override -> QID=Q881612]","Teltow-Fläming","Q6146","","","","","Landkreis Teltow-Fläming","1.0","Direct override | 'Teltow-Fläming' -> QID=Q6146 | [override -> QID=Q6146]","Brandenburg","Q1208","2945356","7000096","2048409","62504","Brandenburg","1.0","Exact match via rdfs:label [global index] | 'Brandenburg' -> 'Brandenburg'","Deutschland","Q183","2921044","7000084","2044274","51477","Deutschland","1.0","Exact match via rdfs:label [global index] | 'Deutschland' -> 'Deutschland'","Mesolithikum","Einzelfund","Q1144458","","","unbek.","Q59496158","0","461","Übernahme aus externer Datenbank","Strukturen des Landesdenkmalamts","die Koordinaten wurden 2018 von Maha Ismail-Weber beim BLDAM angefragt und übernommen","13.14","52.24","-8000","+/- 100 years","-4000","+/- 100 years","Q816829","dating still very uncertain, for the whole group only few 14C dates available","http://n2t.net/ark:/99152/p0s2rwk5zjw","relatedMatch",""
"BLDAM / M. Ismail-Weber 2018","Q897952","24339","216","Klein Kienitz - 9","Klein Kienitz","Q1553107","","","","","Klein Kienitz","1.0","Transitive P131+ exact match | 'Klein Kienitz' -> 'Klein Kienitz'","Teltow-Fläming","Q6146","","","","","Landkreis Teltow-Fläming","1.0","Direct override | 'Teltow-Fläming' -> QID=Q6146 | [override -> QID=Q6146]","Brandenburg","Q1208","2945356","7000096","2048409","62504","Brandenburg","1.0","Exact match via rdfs:label [global index] | 'Brandenburg' -> 'Brandenburg'","Deutschland","Q183","2921044","7000084","2044274","51477","Deutschland","1.0","Exact match via rdfs:label [global index] | 'Deutschland' -> 'Deutschland'","Mesolithikum","Einzelfund","Q1144458","","","unbek.","Q59496158","0","462","Übernahme aus externer Datenbank","Strukturen des Landesdenkmalamts","die Koordinaten wurden 2018 von Maha Ismail-Weber beim BLDAM angefragt und übernommen","13.47","52.31","-8000","+/- 100 years","-4000","+/- 100 years","Q816829","dating still very uncertain, for the whole group only few 14C dates available","http://n2t.net/ark:/99152/p0s2rwk5zjw","relatedMatch",""
"BLDAM / M. Ismail-Weber 2018","Q897952","54635","221","Kliestow - 20","Kliestow","Q1774345","","","","3877259","Kliestow","1.0","Transitive P131+ exact match | 'Kliestow' -> 'Kliestow'","Teltow-Fläming","Q6146","","","","","Landkreis Teltow-Fläming","1.0","Direct override | 'Teltow-Fläming' -> QID=Q6146 | [override -> QID=Q6146]","Brandenburg","Q1208","2945356","7000096","2048409","62504","Brandenburg","1.0","Exact match via rdfs:label [global index] | 'Brandenburg' -> 'Brandenburg'","Deutschland","Q183","2921044","7000084","2044274","51477","Deutschland","1.0","Exact match via rdfs:label [global index] | 'Deutschland' -> 'Deutschland'","Mesolithikum","Einzelfund","Q1144458","","","unbek.","Q59496158","0","463","Übernahme aus externer Datenbank","Strukturen des Landesdenkmalamts","die Koordinaten wurden 2018 von Maha Ismail-Weber beim BLDAM angefragt und übernommen","13.2","52.19","-8000","+/- 100 years","-4000","+/- 100 years","Q816829","dating still very uncertain, for the whole group only few 14C dates available","http://n2t.net/ark:/99152/p0s2rwk5zjw","relatedMatch",""
"BLDAM / M. Ismail-Weber 2018","Q897952","101","17","Angermünde - 79","Angermünde","Q490066","6550666","1036350","","1334084","Angermünde","1.0","Exact match via rdfs:label [global index] | 'Angermünde' -> 'Angermünde'","Uckermark","Q6109","","","","","Uckermark","1.0","Direct override | 'Uckermark' -> QID=Q6109 | [override -> QID=Q6109]","Brandenburg","Q1208","2945356","7000096","2048409","62504","Brandenburg","1.0","Exact match via rdfs:label [global index] | 'Brandenburg' -> 'Brandenburg'","Deutschland","Q183","2921044","7000084","2044274","51477","Deutschland","1.0","Exact match via rdfs:label [global index] | 'Deutschland' -> 'Deutschland'","Mesolithikum","Einzelfund","Q1144458","","","unbek.","Q59496158","0","464","Übernahme aus externer Datenbank","Strukturen des Landesdenkmalamts","die Koordinaten wurden 2018 von Maha Ismail-Weber beim BLDAM angefragt und übernommen","14.01","53.02","-8000","+/- 100 years","-4000","+/- 100 years","Q816829","dating still very uncertain, for the whole group only few 14C dates available","http://n2t.net/ark:/99152/p0s2rwk5zjw","relatedMatch",""
"BLDAM / M. Ismail-Weber 2018","Q897952","315","99","Dobberzin - 20","Dobberzin","Q1233133","","","","","Dobberzin","1.0","Transitive P131+ exact match | 'Dobberzin' -> 'Dobberzin'","Uckermark","Q6109","","","","","Uckermark","1.0","Direct override | 'Uckermark' -> QID=Q6109 | [override -> QID=Q6109]","Brandenburg","Q1208","2945356","7000096","2048409","62504","Brandenburg","1.0","Exact match via rdfs:label [global index] | 'Brandenburg' -> 'Brandenburg'","Deutschland","Q183","2921044","7000084","2044274","51477","Deutschland","1.0","Exact match via rdfs:label [global index] | 'Deutschland' -> 'Deutschland'","Mesolithikum","Einzelfund","Q1144458","","","unbek.","Q59496158","0","465","Übernahme aus externer Datenbank","Strukturen des Landesdenkmalamts","die Koordinaten wurden 2018 von Maha Ismail-Weber beim BLDAM angefragt und übernommen","14.05","53.02","-8000","+/- 100 years","-4000","+/- 100 years","Q816829","dating still very uncertain, for the whole group only few 14C dates available","http://n2t.net/ark:/99152/p0s2rwk5zjw","relatedMatch",""
"BLDAM / M. Ismail-Weber 2018","Q897952","354","115","Felchow - 12","Felchow","Q66363229","","","","","Felchow","1.0","Transitive P131+ exact match | 'Felchow' -> 'Felchow'","Uckermark","Q6109","","","","","Uckermark","1.0","Direct override | 'Uckermark' -> QID=Q6109 | [override -> QID=Q6109]","Brandenburg","Q1208","2945356","7000096","2048409","62504","Brandenburg","1.0","Exact match via rdfs:label [global index] | 'Brandenburg' -> 'Brandenburg'","Deutschland","Q183","2921044","7000084","2044274","51477","Deutschland","1.0","Exact match via rdfs:label [global index] | 'Deutschland' -> 'Deutschland'","Mesolithikum","Einzelfund","Q1144458","","","unbek.","Q59496158","0","466","Übernahme aus externer Datenbank","Strukturen des Landesdenkmalamts","die Koordinaten wurden 2018 von Maha Ismail-Weber beim BLDAM angefragt und übernommen","14.13","53.02","-8000","+/- 100 years","-4000","+/- 100 years","Q816829","dating still very uncertain, for the whole group only few 14C dates available","http://n2t.net/ark:/99152/p0s2rwk5zjw","relatedMatch",""
"BLDAM / M. Ismail-Weber 2018","Q897952","355","116","Felchow - 13","Felchow","Q66363229","","","","","Felchow","1.0","Transitive P131+ exact match | 'Felchow' -> 'Felchow'","Uckermark","Q6109","","","","","Uckermark","1.0","Direct override | 'Uckermark' -> QID=Q6109 | [override -> QID=Q6109]","Brandenburg","Q1208","2945356","7000096","2048409","62504","Brandenburg","1.0","Exact match via rdfs:label [global index] | 'Brandenburg' -> 'Brandenburg'","Deutschland","Q183","2921044","7000084","2044274","51477","Deutschland","1.0","Exact match via rdfs:label [global index] | 'Deutschland' -> 'Deutschland'","Mesolithikum","Einzelfund","Q1144458","","","unbek.","Q59496158","0","467","Übernahme aus externer Datenbank","Strukturen des Landesdenkmalamts","die Koordinaten wurden 2018 von Maha Ismail-Weber beim BLDAM angefragt und übernommen","14.12","53.04","-8000","+/- 100 years","-4000","+/- 100 years","Q816829","dating still very uncertain, for the whole group only few 14C dates available","http://n2t.net/ark:/99152/p0s2rwk5zjw","relatedMatch",""
"BLDAM / M. Ismail-Weber 2018","Q897952","46","16","Angermünde - 24","Angermünde","Q490066","6550666","1036350","","1334084","Angermünde","1.0","Exact match via rdfs:label [global index] | 'Angermünde' -> 'Angermünde'","Uckermark","Q6109","","","","","Uckermark","1.0","Direct override | 'Uckermark' -> QID=Q6109 | [override -> QID=Q6109]","Brandenburg","Q1208","2945356","7000096","2048409","62504","Brandenburg","1.0","Exact match via rdfs:label [global index] | 'Brandenburg' -> 'Brandenburg'","Deutschland","Q183","2921044","7000084","2044274","51477","Deutschland","1.0","Exact match via rdfs:label [global index] | 'Deutschland' -> 'Deutschland'","Mesolithikum","Einzelfund","Q1144458","","","unbek.","Q59496158","0","468","Übernahme aus externer Datenbank","Strukturen des Landesdenkmalamts","die Koordinaten wurden 2018 von Maha Ismail-Weber beim BLDAM angefragt und übernommen","13.97","53.03","-8000","+/- 100 years","-4000","+/- 100 years","Q816829","dating still very uncertain, for the whole group only few 14C dates available","http://n2t.net/ark:/99152/p0s2rwk5zjw","relatedMatch",""
"BLDAM / M. Ismail-Weber 2018","Q897952","450","139","Gellmersdorf - 8","Gellmersdorf","Q87413285","2921484","","","","Gellmersdorf","1.0","Transitive P131+ exact match | 'Gellmersdorf' -> 'Gellmersdorf'","Uckermark","Q6109","","","","","Uckermark","1.0","Direct override | 'Uckermark' -> QID=Q6109 | [override -> QID=Q6109]","Brandenburg","Q1208","2945356","7000096","2048409","62504","Brandenburg","1.0","Exact match via rdfs:label [global index] | 'Brandenburg' -> 'Brandenburg'","Deutschland","Q183","2921044","7000084","2044274","51477","Deutschland","1.0","Exact match via rdfs:label [global index] | 'Deutschland' -> 'Deutschland'","Mesolithikum","Einzelfund","Q1144458","","","unbek.","Q59496158","0","469","Übernahme aus externer Datenbank","Strukturen des Landesdenkmalamts","die Koordinaten wurden 2018 von Maha Ismail-Weber beim BLDAM angefragt und übernommen","14.06","52.96","-8000","+/- 100 years","-4000","+/- 100 years","Q816829","dating still very uncertain, for the whole group only few 14C dates available","http://n2t.net/ark:/99152/p0s2rwk5zjw","relatedMatch",""
"BLDAM / M. Ismail-Weber 2018","Q897952","159","32","Berkholz zu Berkholz-Meyenburg - 9","Berkholz zu Berkholz-Meyenburg","Q621916","","","","","Berkholz zu Berkholz-Meyenburg","1.0","Direct override | 'Berkholz zu Berkholz-Meyenburg' -> QID=Q621916 | [override -> QID=Q621916]","Uckermark","Q6109","","","","","Uckermark","1.0","Direct override | 'Uckermark' -> QID=Q6109 | [override -> QID=Q6109]","Brandenburg","Q1208","2945356","7000096","2048409","62504","Brandenburg","1.0","Exact match via rdfs:label [global index] | 'Brandenburg' -> 'Brandenburg'","Deutschland","Q183","2921044","7000084","2044274","51477","Deutschland","1.0","Exact match via rdfs:label [global index] | 'Deutschland' -> 'Deutschland'","Mesolithikum","Einzelfund","Q1144458","","","unbek.","Q59496158","0","470","Übernahme aus externer Datenbank","Strukturen des Landesdenkmalamts","die Koordinaten wurden 2018 von Maha Ismail-Weber beim BLDAM angefragt und übernommen","14.18","53.06","-8000","+/- 100 years","-4000","+/- 100 years","Q816829","dating still very uncertain, for the whole group only few 14C dates available","http://n2t.net/ark:/99152/p0s2rwk5zjw","relatedMatch",""
"BLDAM / M. Ismail-Weber 2018","Q897952","379","119","Flemsdorf - 19","Flemsdorf","Q66363175","","","","","Flemsdorf","1.0","Transitive P131+ exact match | 'Flemsdorf' -> 'Flemsdorf'","Uckermark","Q6109","","","","","Uckermark","1.0","Direct override | 'Uckermark' -> QID=Q6109 | [override -> QID=Q6109]","Brandenburg","Q1208","2945356","7000096","2048409","62504","Brandenburg","1.0","Exact match via rdfs:label [global index] | 'Brandenburg' -> 'Brandenburg'","Deutschland","Q183","2921044","7000084","2044274","51477","Deutschland","1.0","Exact match via rdfs:label [global index] | 'Deutschland' -> 'Deutschland'","Mesolithikum","Einzelfund","Q1144458","","","unbek.","Q59496158","0","471","Übernahme aus externer Datenbank","Strukturen des Landesdenkmalamts","die Koordinaten wurden 2018 von Maha Ismail-Weber beim BLDAM angefragt und übernommen","14.17","53.04","-8000","+/- 100 years","-4000","+/- 100 years","Q816829","dating still very uncertain, for the whole group only few 14C dates available","http://n2t.net/ark:/99152/p0s2rwk5zjw","relatedMatch",""
"BLDAM / M. Ismail-Weber 2018","Q897952","465","153","Görlsdorf - 4","Görlsdorf","Q87411342","2918978","","","","Görlsdorf","1.0","Transitive P131+ exact match | 'Görlsdorf' -> 'Görlsdorf'","Uckermark","Q6109","","","","","Uckermark","1.0","Direct override | 'Uckermark' -> QID=Q6109 | [override -> QID=Q6109]","Brandenburg","Q1208","2945356","7000096","2048409","62504","Brandenburg","1.0","Exact match via rdfs:label [global index] | 'Brandenburg' -> 'Brandenburg'","Deutschland","Q183","2921044","7000084","2044274","51477","Deutschland","1.0","Exact match via rdfs:label [global index] | 'Deutschland' -> 'Deutschland'","Mesolithikum","Einzelfund","Q1144458","","","unbek.","Q59496158","0","472","Übernahme aus externer Datenbank","Strukturen des Landesdenkmalamts","die Koordinaten wurden 2018 von Maha Ismail-Weber beim BLDAM angefragt und übernommen","13.94","53.04","-8000","+/- 100 years","-4000","+/- 100 years","Q816829","dating still very uncertain, for the whole group only few 14C dates available","http://n2t.net/ark:/99152/p0s2rwk5zjw","relatedMatch",""
"BLDAM / M. Ismail-Weber 2018","Q897952","532","174","Günterberg - 13","Günterberg","Q87433829","2913612","","","","Günterberg","1.0","Transitive P131+ exact match | 'Günterberg' -> 'Günterberg'","Uckermark","Q6109","","","","","Uckermark","1.0","Direct override | 'Uckermark' -> QID=Q6109 | [override -> QID=Q6109]","Brandenburg","Q1208","2945356","7000096","2048409","62504","Brandenburg","1.0","Exact match via rdfs:label [global index] | 'Brandenburg' -> 'Brandenburg'","Deutschland","Q183","2921044","7000084","2044274","51477","Deutschland","1.0","Exact match via rdfs:label [global index] | 'Deutschland' -> 'Deutschland'","Mesolithikum","Einzelfund","Q1144458","","","unbek.","Q59496158","0","473","Übernahme aus externer Datenbank","Strukturen des Landesdenkmalamts","die Koordinaten wurden 2018 von Maha Ismail-Weber beim BLDAM angefragt und übernommen","13.98","53.11","-8000","+/- 100 years","-4000","+/- 100 years","Q816829","dating still very uncertain, for the whole group only few 14C dates available","http://n2t.net/ark:/99152/p0s2rwk5zjw","relatedMatch",""
"BLDAM / M. Ismail-Weber 2018","Q897952","566","193","Hohenlandin - 10","Hohenlandin","Q92039304","2901644","","","","Hohenlandin","1.0","Transitive P131+ exact match | 'Hohenlandin' -> 'Hohenlandin'","Uckermark","Q6109","","","","","Uckermark","1.0","Direct override | 'Uckermark' -> QID=Q6109 | [override -> QID=Q6109]","Brandenburg","Q1208","2945356","7000096","2048409","62504","Brandenburg","1.0","Exact match via rdfs:label [global index] | 'Brandenburg' -> 'Brandenburg'","Deutschland","Q183","2921044","7000084","2044274","51477","Deutschland","1.0","Exact match via rdfs:label [global index] | 'Deutschland' -> 'Deutschland'","Mesolithikum","Einzelfund","Q1144458","","","unbek.","Q59496158","0","474","Übernahme aus externer Datenbank","Strukturen des Landesdenkmalamts","die Koordinaten wurden 2018 von Maha Ismail-Weber beim BLDAM angefragt und übernommen","14.12","53.1","-8000","+/- 100 years","-4000","+/- 100 years","Q816829","dating still very uncertain, for the whole group only few 14C dates available","http://n2t.net/ark:/99152/p0s2rwk5zjw","relatedMatch",""
"BLDAM / M. Ismail-Weber 2018","Q897952","695","308","Niederlandin - 15","Niederlandin","Q92038664","2863187","","","","Niederlandin","1.0","Transitive P131+ exact match | 'Niederlandin' -> 'Niederlandin'","Uckermark","Q6109","","","","","Uckermark","1.0","Direct override | 'Uckermark' -> QID=Q6109 | [override -> QID=Q6109]","Brandenburg","Q1208","2945356","7000096","2048409","62504","Brandenburg","1.0","Exact match via rdfs:label [global index] | 'Brandenburg' -> 'Brandenburg'","Deutschland","Q183","2921044","7000084","2044274","51477","Deutschland","1.0","Exact match via rdfs:label [global index] | 'Deutschland' -> 'Deutschland'","Mesolithikum","Einzelfund","Q1144458","","","unbek.","Q59496158","0","475","Übernahme aus externer Datenbank","Strukturen des Landesdenkmalamts","die Koordinaten wurden 2018 von Maha Ismail-Weber beim BLDAM angefragt und übernommen","14.14","53.08","-8000","+/- 100 years","-4000","+/- 100 years","Q816829","dating still very uncertain, for the whole group only few 14C dates available","http://n2t.net/ark:/99152/p0s2rwk5zjw","relatedMatch",""
"BLDAM / M. Ismail-Weber 2018","Q897952","769","389","Schmargendorf - 3","Schmargendorf","Q585981","2838010","","","","Schmargendorf","1.0","Transitive P131+ exact match | 'Schmargendorf' -> 'Schmargendorf'","Uckermark","Q6109","","","","","Uckermark","1.0","Direct override | 'Uckermark' -> QID=Q6109 | [override -> QID=Q6109]","Brandenburg","Q1208","2945356","7000096","2048409","62504","Brandenburg","1.0","Exact match via rdfs:label [global index] | 'Brandenburg' -> 'Brandenburg'","Deutschland","Q183","2921044","7000084","2044274","51477","Deutschland","1.0","Exact match via rdfs:label [global index] | 'Deutschland' -> 'Deutschland'","Mesolithikum","Einzelfund","Q1144458","","","unbek.","Q59496158","0","476","Übernahme aus externer Datenbank","Strukturen des Landesdenkmalamts","die Koordinaten wurden 2018 von Maha Ismail-Weber beim BLDAM angefragt und übernommen","13.98","52.98","-8000","+/- 100 years","-4000","+/- 100 years","Q816829","dating still very uncertain, for the whole group only few 14C dates available","http://n2t.net/ark:/99152/p0s2rwk5zjw","relatedMatch",""
"BLDAM / M. Ismail-Weber 2018","Q897952","818","394","Schönermark - 22","Schönermark","Q61686732","","","","","Schönermark","1.0","Transitive P131+ exact match | 'Schönermark' -> 'Schönermark'","Uckermark","Q6109","","","","","Uckermark","1.0","Direct override | 'Uckermark' -> QID=Q6109 | [override -> QID=Q6109]","Brandenburg","Q1208","2945356","7000096","2048409","62504","Brandenburg","1.0","Exact match via rdfs:label [global index] | 'Brandenburg' -> 'Brandenburg'","Deutschland","Q183","2921044","7000084","2044274","51477","Deutschland","1.0","Exact match via rdfs:label [global index] | 'Deutschland' -> 'Deutschland'","Mesolithikum","Einzelfund","Q1144458","","","unbek.","Q59496158","0","477","Übernahme aus externer Datenbank","Strukturen des Landesdenkmalamts","die Koordinaten wurden 2018 von Maha Ismail-Weber beim BLDAM angefragt und übernommen","14.08","53.11","-8000","+/- 100 years","-4000","+/- 100 years","Q816829","dating still very uncertain, for the whole group only few 14C dates available","http://n2t.net/ark:/99152/p0s2rwk5zjw","relatedMatch",""
"BLDAM / M. Ismail-Weber 2018","Q897952","854","419","Staffelde - 4","Staffelde","Q9341289","","","","","Staffelde","1.0","Transitive P131+ exact match | 'Staffelde' -> 'Staffelde'","Uckermark","Q6109","","","","","Uckermark","1.0","Direct override | 'Uckermark' -> QID=Q6109 | [override -> QID=Q6109]","Brandenburg","Q1208","2945356","7000096","2048409","62504","Brandenburg","1.0","Exact match via rdfs:label [global index] | 'Brandenburg' -> 'Brandenburg'","Deutschland","Q183","2921044","7000084","2044274","51477","Deutschland","1.0","Exact match via rdfs:label [global index] | 'Deutschland' -> 'Deutschland'","Mesolithikum","Einzelfund","Q1144458","","","unbek.","Q59496158","0","478","Übernahme aus externer Datenbank","Strukturen des Landesdenkmalamts","die Koordinaten wurden 2018 von Maha Ismail-Weber beim BLDAM angefragt und übernommen","14.44","53.27","-8000","+/- 100 years","-4000","+/- 100 years","Q816829","dating still very uncertain, for the whole group only few 14C dates available","http://n2t.net/ark:/99152/p0s2rwk5zjw","relatedMatch",""
"BLDAM / M. Ismail-Weber 2018","Q897952","936","460","Wartin - 11","Wartin","Q2550009","2813895","","","","Wartin","1.0","Transitive P131+ exact match | 'Wartin' -> 'Wartin'","Uckermark","Q6109","","","","","Uckermark","1.0","Direct override | 'Uckermark' -> QID=Q6109 | [override -> QID=Q6109]","Brandenburg","Q1208","2945356","7000096","2048409","62504","Brandenburg","1.0","Exact match via rdfs:label [global index] | 'Brandenburg' -> 'Brandenburg'","Deutschland","Q183","2921044","7000084","2044274","51477","Deutschland","1.0","Exact match via rdfs:label [global index] | 'Deutschland' -> 'Deutschland'","Mesolithikum","Einzelfund","Q1144458","","","unbek.","Q59496158","0","479","Übernahme aus externer Datenbank","Strukturen des Landesdenkmalamts","die Koordinaten wurden 2018 von Maha Ismail-Weber beim BLDAM angefragt und übernommen","14.14","53.24","-8000","+/- 100 years","-4000","+/- 100 years","Q816829","dating still very uncertain, for the whole group only few 14C dates available","http://n2t.net/ark:/99152/p0s2rwk5zjw","relatedMatch",""
"BLDAM / M. Ismail-Weber 2018","Q897952","16815","134","Fürstenwerder - 14","Fürstenwerder","Q1483538","","","","","Fürstenwerder","1.0","Transitive P131+ exact match | 'Fürstenwerder' -> 'Fürstenwerder'","Uckermark","Q6109","","","","","Uckermark","1.0","Direct override | 'Uckermark' -> QID=Q6109 | [override -> QID=Q6109]","Brandenburg","Q1208","2945356","7000096","2048409","62504","Brandenburg","1.0","Exact match via rdfs:label [global index] | 'Brandenburg' -> 'Brandenburg'","Deutschland","Q183","2921044","7000084","2044274","51477","Deutschland","1.0","Exact match via rdfs:label [global index] | 'Deutschland' -> 'Deutschland'","Mesolithikum","Einzelfund","Q1144458","","","unbek.","Q59496158","0","480","Übernahme aus externer Datenbank","Strukturen des Landesdenkmalamts","die Koordinaten wurden 2018 von Maha Ismail-Weber beim BLDAM angefragt und übernommen","13.6","53.4","-8000","+/- 100 years","-4000","+/- 100 years","Q816829","dating still very uncertain, for the whole group only few 14C dates available","http://n2t.net/ark:/99152/p0s2rwk5zjw","relatedMatch",""
"BLDAM / M. Ismail-Weber 2018","Q897952","16890","150","Gollmitz - 6","Gollmitz","Q87722176","","","","","Gollmitz","1.0","Transitive P131+ exact match | 'Gollmitz' -> 'Gollmitz'","Uckermark","Q6109","","","","","Uckermark","1.0","Direct override | 'Uckermark' -> QID=Q6109 | [override -> QID=Q6109]","Brandenburg","Q1208","2945356","7000096","2048409","62504","Brandenburg","1.0","Exact match via rdfs:label [global index] | 'Brandenburg' -> 'Brandenburg'","Deutschland","Q183","2921044","7000084","2044274","51477","Deutschland","1.0","Exact match via rdfs:label [global index] | 'Deutschland' -> 'Deutschland'","Mesolithikum","Einzelfund","Q1144458","","","unbek.","Q59496158","0","481","Übernahme aus externer Datenbank","Strukturen des Landesdenkmalamts","die Koordinaten wurden 2018 von Maha Ismail-Weber beim BLDAM angefragt und übernommen","13.71","53.29","-8000","+/- 100 years","-4000","+/- 100 years","Q816829","dating still very uncertain, for the whole group only few 14C dates available","http://n2t.net/ark:/99152/p0s2rwk5zjw","relatedMatch",""
"BLDAM / M. Ismail-Weber 2018","Q897952","17848","385","Schenkenberg - 19","Schenkenberg","Q429574","6547747","","","1334083","Schenkenberg","1.0","Exact match via rdfs:label [global index] | 'Schenkenberg' -> 'Schenkenberg'","Uckermark","Q6109","","","","","Uckermark","1.0","Direct override | 'Uckermark' -> QID=Q6109 | [override -> QID=Q6109]","Brandenburg","Q1208","2945356","7000096","2048409","62504","Brandenburg","1.0","Exact match via rdfs:label [global index] | 'Brandenburg' -> 'Brandenburg'","Deutschland","Q183","2921044","7000084","2044274","51477","Deutschland","1.0","Exact match via rdfs:label [global index] | 'Deutschland' -> 'Deutschland'","Mesolithikum","Einzelfund","Q1144458","","","unbek.","Q59496158","0","482","Übernahme aus externer Datenbank","Strukturen des Landesdenkmalamts","die Koordinaten wurden 2018 von Maha Ismail-Weber beim BLDAM angefragt und übernommen","13.94","53.35","-8000","+/- 100 years","-4000","+/- 100 years","Q816829","dating still very uncertain, for the whole group only few 14C dates available","http://n2t.net/ark:/99152/p0s2rwk5zjw","relatedMatch",""
"BLDAM / M. Ismail-Weber 2018","Q897952","18312","135","Fürstenwerder - 88","Fürstenwerder","Q1483538","","","","","Fürstenwerder","1.0","Transitive P131+ exact match | 'Fürstenwerder' -> 'Fürstenwerder'","Uckermark","Q6109","","","","","Uckermark","1.0","Direct override | 'Uckermark' -> QID=Q6109 | [override -> QID=Q6109]","Brandenburg","Q1208","2945356","7000096","2048409","62504","Brandenburg","1.0","Exact match via rdfs:label [global index] | 'Brandenburg' -> 'Brandenburg'","Deutschland","Q183","2921044","7000084","2044274","51477","Deutschland","1.0","Exact match via rdfs:label [global index] | 'Deutschland' -> 'Deutschland'","Mesolithikum","Einzelfund","Q1144458","","","unbek.","Q59496158","0","483","Übernahme aus externer Datenbank","Strukturen des Landesdenkmalamts","die Koordinaten wurden 2018 von Maha Ismail-Weber beim BLDAM angefragt und übernommen","13.62","53.39","-8000","+/- 100 years","-4000","+/- 100 years","Q816829","dating still very uncertain, for the whole group only few 14C dates available","http://n2t.net/ark:/99152/p0s2rwk5zjw","relatedMatch",""
"BLDAM / M. Ismail-Weber 2018","Q897952","18431","474","Wollschow - 35","Wollschow","Q105597560","","","","1977450","Wollschow","1.0","Transitive P131+ exact match | 'Wollschow' -> 'Wollschow'","Uckermark","Q6109","","","","","Uckermark","1.0","Direct override | 'Uckermark' -> QID=Q6109 | [override -> QID=Q6109]","Brandenburg","Q1208","2945356","7000096","2048409","62504","Brandenburg","1.0","Exact match via rdfs:label [global index] | 'Brandenburg' -> 'Brandenburg'","Deutschland","Q183","2921044","7000084","2044274","51477","Deutschland","1.0","Exact match via rdfs:label [global index] | 'Deutschland' -> 'Deutschland'","Mesolithikum","Einzelfund","Q1144458","","","unbek.","Q59496158","0","484","Übernahme aus externer Datenbank","Strukturen des Landesdenkmalamts","die Koordinaten wurden 2018 von Maha Ismail-Weber beim BLDAM angefragt und übernommen","14.24","53.39","-8000","+/- 100 years","-4000","+/- 100 years","Q816829","dating still very uncertain, for the whole group only few 14C dates available","http://n2t.net/ark:/99152/p0s2rwk5zjw","relatedMatch",""
"BLDAM / M. Ismail-Weber 2018","Q897952","20933","402","Schwedt - 4","Schwedt","Q16008","6559248","","","1334108","Schwedt","1.0","Exact match via skos:altLabel [global index] | 'Schwedt' -> 'Schwedt'","Uckermark","Q6109","","","","","Uckermark","1.0","Direct override | 'Uckermark' -> QID=Q6109 | [override -> QID=Q6109]","Brandenburg","Q1208","2945356","7000096","2048409","62504","Brandenburg","1.0","Exact match via rdfs:label [global index] | 'Brandenburg' -> 'Brandenburg'","Deutschland","Q183","2921044","7000084","2044274","51477","Deutschland","1.0","Exact match via rdfs:label [global index] | 'Deutschland' -> 'Deutschland'","Mesolithikum","Einzelfund","Q1144458","","","unbek.","Q59496158","0","485","Übernahme aus externer Datenbank","Strukturen des Landesdenkmalamts","die Koordinaten wurden 2018 von Maha Ismail-Weber beim BLDAM angefragt und übernommen","14.28","53.08","-8000","+/- 100 years","-4000","+/- 100 years","Q816829","dating still very uncertain, for the whole group only few 14C dates available","http://n2t.net/ark:/99152/p0s2rwk5zjw","relatedMatch",""
"BLDAM / M. Ismail-Weber 2018","Q897952","22277","223","Knehden - 8","Knehden","Q519157","","","","","Knehden","1.0","Direct override | 'Knehden' -> QID=Q519157 | [override -> QID=Q519157]","Uckermark","Q6109","","","","","Uckermark","1.0","Direct override | 'Uckermark' -> QID=Q6109 | [override -> QID=Q6109]","Brandenburg","Q1208","2945356","7000096","2048409","62504","Brandenburg","1.0","Exact match via rdfs:label [global index] | 'Brandenburg' -> 'Brandenburg'","Deutschland","Q183","2921044","7000084","2044274","51477","Deutschland","1.0","Exact match via rdfs:label [global index] | 'Deutschland' -> 'Deutschland'","Mesolithikum","Einzelfund","Q1144458","","","unbek.","Q59496158","0","486","Übernahme aus externer Datenbank","Strukturen des Landesdenkmalamts","die Koordinaten wurden 2018 von Maha Ismail-Weber beim BLDAM angefragt und übernommen","13.53","53.14","-8000","+/- 100 years","-4000","+/- 100 years","Q816829","dating still very uncertain, for the whole group only few 14C dates available","http://n2t.net/ark:/99152/p0s2rwk5zjw","relatedMatch",""
"BLDAM / M. Ismail-Weber 2018","Q897952","22298","242","Kreuzkrug - 12","Kreuzkrug","Q51248699","","","","","Kreuzkrug","1.0","Transitive P131+ exact match | 'Kreuzkrug' -> 'Kreuzkrug'","Uckermark","Q6109","","","","","Uckermark","1.0","Direct override | 'Uckermark' -> QID=Q6109 | [override -> QID=Q6109]","Brandenburg","Q1208","2945356","7000096","2048409","62504","Brandenburg","1.0","Exact match via rdfs:label [global index] | 'Brandenburg' -> 'Brandenburg'","Deutschland","Q183","2921044","7000084","2044274","51477","Deutschland","1.0","Exact match via rdfs:label [global index] | 'Deutschland' -> 'Deutschland'","Mesolithikum","Einzelfund","Q1144458","","","unbek.","Q59496158","0","487","Übernahme aus externer Datenbank","Strukturen des Landesdenkmalamts","die Koordinaten wurden 2018 von Maha Ismail-Weber beim BLDAM angefragt und übernommen","13.6","53.15","-8000","+/- 100 years","-4000","+/- 100 years","Q816829","dating still very uncertain, for the whole group only few 14C dates available","http://n2t.net/ark:/99152/p0s2rwk5zjw","relatedMatch",""
"BLDAM / M. Ismail-Weber 2018","Q897952","22403","324","Petersdorf - 9","Petersdorf","Q623967","","","","","Petersdorf","1.0","Direct override | 'Petersdorf' -> QID=Q623967 | [override -> QID=Q623967]","Uckermark","Q6109","","","","","Uckermark","1.0","Direct override | 'Uckermark' -> QID=Q6109 | [override -> QID=Q6109]","Brandenburg","Q1208","2945356","7000096","2048409","62504","Brandenburg","1.0","Exact match via rdfs:label [global index] | 'Brandenburg' -> 'Brandenburg'","Deutschland","Q183","2921044","7000084","2044274","51477","Deutschland","1.0","Exact match via rdfs:label [global index] | 'Deutschland' -> 'Deutschland'","Mesolithikum","Einzelfund","Q1144458","","","unbek.","Q59496158","0","488","Übernahme aus externer Datenbank","Strukturen des Landesdenkmalamts","die Koordinaten wurden 2018 von Maha Ismail-Weber beim BLDAM angefragt und übernommen","13.62","53.07","-8000","+/- 100 years","-4000","+/- 100 years","Q816829","dating still very uncertain, for the whole group only few 14C dates available","http://n2t.net/ark:/99152/p0s2rwk5zjw","relatedMatch",""
"BLDAM / M. Ismail-Weber 2018","Q897952","22702","432","Templin - 89","Templin","Q519157","6550671","1037826","","1334098","Templin","1.0","Exact match via rdfs:label [global index] | 'Templin' -> 'Templin'","Uckermark","Q6109","","","","","Uckermark","1.0","Direct override | 'Uckermark' -> QID=Q6109 | [override -> QID=Q6109]","Brandenburg","Q1208","2945356","7000096","2048409","62504","Brandenburg","1.0","Exact match via rdfs:label [global index] | 'Brandenburg' -> 'Brandenburg'","Deutschland","Q183","2921044","7000084","2044274","51477","Deutschland","1.0","Exact match via rdfs:label [global index] | 'Deutschland' -> 'Deutschland'","Mesolithikum","Einzelfund","Q1144458","","","unbek.","Q59496158","0","489","Übernahme aus externer Datenbank","Strukturen des Landesdenkmalamts","die Koordinaten wurden 2018 von Maha Ismail-Weber beim BLDAM angefragt und übernommen","13.54","53.09","-8000","+/- 100 years","-4000","+/- 100 years","Q816829","dating still very uncertain, for the whole group only few 14C dates available","http://n2t.net/ark:/99152/p0s2rwk5zjw","relatedMatch",""
"BLDAM / M. Ismail-Weber 2018","Q897952","20935","403","Schwedt - 6","Schwedt","Q16008","6559248","","","1334108","Schwedt","1.0","Exact match via skos:altLabel [global index] | 'Schwedt' -> 'Schwedt'","Uckermark","Q6109","","","","","Uckermark","1.0","Direct override | 'Uckermark' -> QID=Q6109 | [override -> QID=Q6109]","Brandenburg","Q1208","2945356","7000096","2048409","62504","Brandenburg","1.0","Exact match via rdfs:label [global index] | 'Brandenburg' -> 'Brandenburg'","Deutschland","Q183","2921044","7000084","2044274","51477","Deutschland","1.0","Exact match via rdfs:label [global index] | 'Deutschland' -> 'Deutschland'","Mesolithikum","Einzelfund","Q1144458","","","unbek.","Q59496158","0","490","Übernahme aus externer Datenbank","Strukturen des Landesdenkmalamts","die Koordinaten wurden 2018 von Maha Ismail-Weber beim BLDAM angefragt und übernommen","14.28","53.05","-8000","+/- 100 years","-4000","+/- 100 years","Q816829","dating still very uncertain, for the whole group only few 14C dates available","http://n2t.net/ark:/99152/p0s2rwk5zjw","relatedMatch",""
"BLDAM / M. Ismail-Weber 2018","Q897952","22318","271","Lychen - 10","Lychen","Q635901","6550669","","","1334117","Lychen","1.0","Exact match via rdfs:label [global index] | 'Lychen' -> 'Lychen'","Uckermark","Q6109","","","","","Uckermark","1.0","Direct override | 'Uckermark' -> QID=Q6109 | [override -> QID=Q6109]","Brandenburg","Q1208","2945356","7000096","2048409","62504","Brandenburg","1.0","Exact match via rdfs:label [global index] | 'Brandenburg' -> 'Brandenburg'","Deutschland","Q183","2921044","7000084","2044274","51477","Deutschland","1.0","Exact match via rdfs:label [global index] | 'Deutschland' -> 'Deutschland'","Mesolithikum","Einzelfund","Q1144458","","","unbek.","Q59496158","0","491","Übernahme aus externer Datenbank","Strukturen des Landesdenkmalamts","die Koordinaten wurden 2018 von Maha Ismail-Weber beim BLDAM angefragt und übernommen","13.3","53.22","-8000","+/- 100 years","-4000","+/- 100 years","Q816829","dating still very uncertain, for the whole group only few 14C dates available","http://n2t.net/ark:/99152/p0s2rwk5zjw","relatedMatch",""
"BLDAM / M. Ismail-Weber 2018","Q897952","305","100","Dobberzin - 9","Dobberzin","Q1233133","","","","","Dobberzin","1.0","Transitive P131+ exact match | 'Dobberzin' -> 'Dobberzin'","Uckermark","Q6109","","","","","Uckermark","1.0","Direct override | 'Uckermark' -> QID=Q6109 | [override -> QID=Q6109]","Brandenburg","Q1208","2945356","7000096","2048409","62504","Brandenburg","1.0","Exact match via rdfs:label [global index] | 'Brandenburg' -> 'Brandenburg'","Deutschland","Q183","2921044","7000084","2044274","51477","Deutschland","1.0","Exact match via rdfs:label [global index] | 'Deutschland' -> 'Deutschland'","Mesolithikum","Einzelfund","Q1144458","","","unbek.","Q59496158","0","492","Übernahme aus externer Datenbank","Strukturen des Landesdenkmalamts","die Koordinaten wurden 2018 von Maha Ismail-Weber beim BLDAM angefragt und übernommen","14.05","53.02","-8000","+/- 100 years","-4000","+/- 100 years","Q816829","dating still very uncertain, for the whole group only few 14C dates available","http://n2t.net/ark:/99152/p0s2rwk5zjw","relatedMatch",""
"BLDAM / M. Ismail-Weber 2018","Q897952","163","31","Berkholz zu Berkholz-Meyenburg - 13","Berkholz zu Berkholz-Meyenburg","Q621916","","","","","Berkholz zu Berkholz-Meyenburg","1.0","Direct override | 'Berkholz zu Berkholz-Meyenburg' -> QID=Q621916 | [override -> QID=Q621916]","Uckermark","Q6109","","","","","Uckermark","1.0","Direct override | 'Uckermark' -> QID=Q6109 | [override -> QID=Q6109]","Brandenburg","Q1208","2945356","7000096","2048409","62504","Brandenburg","1.0","Exact match via rdfs:label [global index] | 'Brandenburg' -> 'Brandenburg'","Deutschland","Q183","2921044","7000084","2044274","51477","Deutschland","1.0","Exact match via rdfs:label [global index] | 'Deutschland' -> 'Deutschland'","Mesolithikum","Einzelfund","Q1144458","","","unbek.","Q59496158","0","493","Übernahme aus externer Datenbank","Strukturen des Landesdenkmalamts","die Koordinaten wurden 2018 von Maha Ismail-Weber beim BLDAM angefragt und übernommen","14.22","53.05","-8000","+/- 100 years","-4000","+/- 100 years","Q816829","dating still very uncertain, for the whole group only few 14C dates available","http://n2t.net/ark:/99152/p0s2rwk5zjw","relatedMatch",""
"BLDAM / M. Ismail-Weber 2018","Q897952","41777","501","Zichow - 1","Zichow","Q198395","6547755","7074547","","1334116","Zichow","1.0","Exact match via rdfs:label [global index] | 'Zichow' -> 'Zichow'","Uckermark","Q6109","","","","","Uckermark","1.0","Direct override | 'Uckermark' -> QID=Q6109 | [override -> QID=Q6109]","Brandenburg","Q1208","2945356","7000096","2048409","62504","Brandenburg","1.0","Exact match via rdfs:label [global index] | 'Brandenburg' -> 'Brandenburg'","Deutschland","Q183","2921044","7000084","2044274","51477","Deutschland","1.0","Exact match via rdfs:label [global index] | 'Deutschland' -> 'Deutschland'","Mesolithikum","Einzelfund","Q1144458","","","unbek.","Q59496158","0","494","Übernahme aus externer Datenbank","Strukturen des Landesdenkmalamts","die Koordinaten wurden 2018 von Maha Ismail-Weber beim BLDAM angefragt und übernommen","14.04","53.19","-8000","+/- 100 years","-4000","+/- 100 years","Q816829","dating still very uncertain, for the whole group only few 14C dates available","http://n2t.net/ark:/99152/p0s2rwk5zjw","relatedMatch",""
"BLDAM / M. Ismail-Weber 2018","Q897952","37659","185","Herzfelde - 32","Herzfelde","Q1615128","","","","8026838","Herzfelde","1.0","Transitive P131+ exact match | 'Herzfelde' -> 'Herzfelde'","Uckermark","Q6109","","","","","Uckermark","1.0","Direct override | 'Uckermark' -> QID=Q6109 | [override -> QID=Q6109]","Brandenburg","Q1208","2945356","7000096","2048409","62504","Brandenburg","1.0","Exact match via rdfs:label [global index] | 'Brandenburg' -> 'Brandenburg'","Deutschland","Q183","2921044","7000084","2044274","51477","Deutschland","1.0","Exact match via rdfs:label [global index] | 'Deutschland' -> 'Deutschland'","Mesolithikum","Einzelfund","Q1144458","","","unbek.","Q59496158","0","495","Übernahme aus externer Datenbank","Strukturen des Landesdenkmalamts","die Koordinaten wurden 2018 von Maha Ismail-Weber beim BLDAM angefragt und übernommen","13.63","53.19","-8000","+/- 100 years","-4000","+/- 100 years","Q816829","dating still very uncertain, for the whole group only few 14C dates available","http://n2t.net/ark:/99152/p0s2rwk5zjw","relatedMatch",""
"BLDAM / M. Ismail-Weber 2018","Q897952","37902","91","Carmzow - 77","Carmzow","Q622491","","","","","Carmzow","1.0","Direct override | 'Carmzow' -> QID=Q622491 | [override -> QID=Q622491]","Uckermark","Q6109","","","","","Uckermark","1.0","Direct override | 'Uckermark' -> QID=Q6109 | [override -> QID=Q6109]","Brandenburg","Q1208","2945356","7000096","2048409","62504","Brandenburg","1.0","Exact match via rdfs:label [global index] | 'Brandenburg' -> 'Brandenburg'","Deutschland","Q183","2921044","7000084","2044274","51477","Deutschland","1.0","Exact match via rdfs:label [global index] | 'Deutschland' -> 'Deutschland'","Mesolithikum","Einzelfund","Q1144458","","","unbek.","Q59496158","0","496","Übernahme aus externer Datenbank","Strukturen des Landesdenkmalamts","die Koordinaten wurden 2018 von Maha Ismail-Weber beim BLDAM angefragt und übernommen","14.09","53.38","-8000","+/- 100 years","-4000","+/- 100 years","Q816829","dating still very uncertain, for the whole group only few 14C dates available","http://n2t.net/ark:/99152/p0s2rwk5zjw","relatedMatch",""
"BLDAM / M. Ismail-Weber 2018","Q897952","16214","24","Bandelow - 18","Bandelow","Q106473106","2952963","","","","Bandelow","1.0","Transitive P131+ exact match | 'Bandelow' -> 'Bandelow'","Uckermark","Q6109","","","","","Uckermark","1.0","Direct override | 'Uckermark' -> QID=Q6109 | [override -> QID=Q6109]","Brandenburg","Q1208","2945356","7000096","2048409","62504","Brandenburg","1.0","Exact match via rdfs:label [global index] | 'Brandenburg' -> 'Brandenburg'","Deutschland","Q183","2921044","7000084","2044274","51477","Deutschland","1.0","Exact match via rdfs:label [global index] | 'Deutschland' -> 'Deutschland'","Mesolithikum","Einzelfund","Q1144458","","","unbek.","Q59496158","0","497","Übernahme aus externer Datenbank","Strukturen des Landesdenkmalamts","die Koordinaten wurden 2018 von Maha Ismail-Weber beim BLDAM angefragt und übernommen","13.88","53.41","-8000","+/- 100 years","-4000","+/- 100 years","Q816829","dating still very uncertain, for the whole group only few 14C dates available","http://n2t.net/ark:/99152/p0s2rwk5zjw","relatedMatch",""
"BLDAM / M. Ismail-Weber 2018","Q897952","17034","169","Grünberg - 7","Grünberg","Q106526549","","","","11004806","Grünberg","1.0","Transitive P131+ exact match | 'Grünberg' -> 'Grünberg'","Uckermark","Q6109","","","","","Uckermark","1.0","Direct override | 'Uckermark' -> QID=Q6109 | [override -> QID=Q6109]","Brandenburg","Q1208","2945356","7000096","2048409","62504","Brandenburg","1.0","Exact match via rdfs:label [global index] | 'Brandenburg' -> 'Brandenburg'","Deutschland","Q183","2921044","7000084","2044274","51477","Deutschland","1.0","Exact match via rdfs:label [global index] | 'Deutschland' -> 'Deutschland'","Mesolithikum","Einzelfund","Q1144458","","","unbek.","Q59496158","0","498","Übernahme aus externer Datenbank","Strukturen des Landesdenkmalamts","die Koordinaten wurden 2018 von Maha Ismail-Weber beim BLDAM angefragt und übernommen","14.12","53.36","-8000","+/- 100 years","-4000","+/- 100 years","Q816829","dating still very uncertain, for the whole group only few 14C dates available","http://n2t.net/ark:/99152/p0s2rwk5zjw","relatedMatch",""
"BLDAM / M. Ismail-Weber 2018","Q897952","17652","349","Prenzlau - 101","Prenzlau","Q537214","6550670","1037511","","1334102","Prenzlau","1.0","Exact match via rdfs:label [global index] | 'Prenzlau' -> 'Prenzlau'","Uckermark","Q6109","","","","","Uckermark","1.0","Direct override | 'Uckermark' -> QID=Q6109 | [override -> QID=Q6109]","Brandenburg","Q1208","2945356","7000096","2048409","62504","Brandenburg","1.0","Exact match via rdfs:label [global index] | 'Brandenburg' -> 'Brandenburg'","Deutschland","Q183","2921044","7000084","2044274","51477","Deutschland","1.0","Exact match via rdfs:label [global index] | 'Deutschland' -> 'Deutschland'","Mesolithikum","Einzelfund","Q1144458","","","unbek.","Q59496158","0","499","Übernahme aus externer Datenbank","Strukturen des Landesdenkmalamts","die Koordinaten wurden 2018 von Maha Ismail-Weber beim BLDAM angefragt und übernommen","13.82","53.3","-8000","+/- 100 years","-4000","+/- 100 years","Q816829","dating still very uncertain, for the whole group only few 14C dates available","http://n2t.net/ark:/99152/p0s2rwk5zjw","relatedMatch",""
"BLDAM / M. Ismail-Weber 2018","Q897952","53490","162","Groß Dölln - 5","Groß Dölln","Q1547891","","","","","Groß Dölln","1.0","Transitive P131+ exact match | 'Groß Dölln' -> 'Groß Dölln'","Uckermark","Q6109","","","","","Uckermark","1.0","Direct override | 'Uckermark' -> QID=Q6109 | [override -> QID=Q6109]","Brandenburg","Q1208","2945356","7000096","2048409","62504","Brandenburg","1.0","Exact match via rdfs:label [global index] | 'Brandenburg' -> 'Brandenburg'","Deutschland","Q183","2921044","7000084","2044274","51477","Deutschland","1.0","Exact match via rdfs:label [global index] | 'Deutschland' -> 'Deutschland'","Mesolithikum","Einzelfund","Q1144458","","","unbek.","Q59496158","0","500","Übernahme aus externer Datenbank","Strukturen des Landesdenkmalamts","die Koordinaten wurden 2018 von Maha Ismail-Weber beim BLDAM angefragt und übernommen","13.53","52.99","-8000","+/- 100 years","-4000","+/- 100 years","Q816829","dating still very uncertain, for the whole group only few 14C dates available","http://n2t.net/ark:/99152/p0s2rwk5zjw","relatedMatch",""
"BLDAM / M. Ismail-Weber 2018","Q897952","57537","94","Crussow - 7","Crussow","Q1142097","","","","","Crussow","1.0","Transitive P131+ exact match | 'Crussow' -> 'Crussow'","Uckermark","Q6109","","","","","Uckermark","1.0","Direct override | 'Uckermark' -> QID=Q6109 | [override -> QID=Q6109]","Brandenburg","Q1208","2945356","7000096","2048409","62504","Brandenburg","1.0","Exact match via rdfs:label [global index] | 'Brandenburg' -> 'Brandenburg'","Deutschland","Q183","2921044","7000084","2044274","51477","Deutschland","1.0","Exact match via rdfs:label [global index] | 'Deutschland' -> 'Deutschland'","Mesolithikum","Einzelfund","Q1144458","","","unbek.","Q59496158","0","501","Übernahme aus externer Datenbank","Strukturen des Landesdenkmalamts","die Koordinaten wurden 2018 von Maha Ismail-Weber beim BLDAM angefragt und übernommen","14.08","53","-8000","+/- 100 years","-4000","+/- 100 years","Q816829","dating still very uncertain, for the whole group only few 14C dates available","http://n2t.net/ark:/99152/p0s2rwk5zjw","relatedMatch",""
"BLDAM / M. Ismail-Weber 2018","Q897952","18490","503","Zollchow - 20","Zollchow","Q61745376","","","","","Zollchow","1.0","Direct override | 'Zollchow' -> QID=Q61745376 | [override -> QID=Q61745376]","Uckermark","Q6109","","","","","Uckermark","1.0","Direct override | 'Uckermark' -> QID=Q6109 | [override -> QID=Q6109]","Brandenburg","Q1208","2945356","7000096","2048409","62504","Brandenburg","1.0","Exact match via rdfs:label [global index] | 'Brandenburg' -> 'Brandenburg'","Deutschland","Q183","2921044","7000084","2044274","51477","Deutschland","1.0","Exact match via rdfs:label [global index] | 'Deutschland' -> 'Deutschland'","Mesolithikum","Einzelfund","Q1144458","","","unbek.","Q59496158","0","502","Übernahme aus externer Datenbank","Strukturen des Landesdenkmalamts","die Koordinaten wurden 2018 von Maha Ismail-Weber beim BLDAM angefragt und übernommen","13.84","53.25","-8000","+/- 100 years","-4000","+/- 100 years","Q816829","dating still very uncertain, for the whole group only few 14C dates available","http://n2t.net/ark:/99152/p0s2rwk5zjw","relatedMatch",""
"BLDAM / M. Ismail-Weber 2018","Q897952","58713","170","Grünow bei Prenzlau - 56","Grünow bei Prenzlau","Q624125","","","","","Grünow bei Prenzlau","1.0","Direct override | 'Grünow bei Prenzlau' -> QID=Q624125 | [override -> QID=Q624125]","Uckermark","Q6109","","","","","Uckermark","1.0","Direct override | 'Uckermark' -> QID=Q6109 | [override -> QID=Q6109]","Brandenburg","Q1208","2945356","7000096","2048409","62504","Brandenburg","1.0","Exact match via rdfs:label [global index] | 'Brandenburg' -> 'Brandenburg'","Deutschland","Q183","2921044","7000084","2044274","51477","Deutschland","1.0","Exact match via rdfs:label [global index] | 'Deutschland' -> 'Deutschland'","Mesolithikum","Einzelfund","Q1144458","","","unbek.","Q59496158","0","503","Übernahme aus externer Datenbank","Strukturen des Landesdenkmalamts","die Koordinaten wurden 2018 von Maha Ismail-Weber beim BLDAM angefragt und übernommen","13.93","53.31","-8000","+/- 100 years","-4000","+/- 100 years","Q816829","dating still very uncertain, for the whole group only few 14C dates available","http://n2t.net/ark:/99152/p0s2rwk5zjw","relatedMatch",""
"BLDAM 2024","Q897952","","212","Kienberg 1","Kienberg","Q96198777","","","","","Kienberg","1.0","Transitive P131+ exact match | 'Kienberg' -> 'Kienberg'","Havelland","Q6139","","","","","Havelland","1.0","Direct override | 'Havelland' -> QID=Q6139 | [override -> QID=Q6139]","Brandenburg","Q1208","2945356","7000096","2048409","62504","Brandenburg","1.0","Exact match via rdfs:label [global index] | 'Brandenburg' -> 'Brandenburg'","Deutschland","Q183","2921044","7000084","2044274","51477","Deutschland","1.0","Exact match via rdfs:label [global index] | 'Deutschland' -> 'Deutschland'","FBG","Ausgrabung","Q959782","","","Siedlung","Q486972","0","504","Übernahme aus externer Datenbank","Strukturen des Landesdenkmalamts","die Koordinaten wurden beim BLDAM angefragt und übernommen","12.9","52.66","-4550","+/- 100 years","-3900","+/- 100 years","Q816829","dating still very uncertain, for the whole group only few 14C dates available","","",""
"BLDAM 2024","Q897952","","475","Woltersdorf 3","Woltersdorf","Q139380043","","","","","Woltersdorf","1.0","Direct override | 'Woltersdorf' -> QID=Q139380043 | [override -> QID=Q139380043]","Potsdam-Mittelmark","Q6142","2852456","7120830","","62353","Potsdam-Mittelmark","1.0","Exact match via skos:altLabel [global index] | 'Potsdam-Mittelmark' -> 'Potsdam-Mittelmark'","Brandenburg","Q1208","2945356","7000096","2048409","62504","Brandenburg","1.0","Exact match via rdfs:label [global index] | 'Brandenburg' -> 'Brandenburg'","Deutschland","Q183","2921044","7000084","2044274","51477","Deutschland","1.0","Exact match via rdfs:label [global index] | 'Deutschland' -> 'Deutschland'","FBG","Lesefunde","Q1144458","","","unbek.","Q59496158","0","505","Übernahme aus externer Datenbank","Strukturen des Landesdenkmalamts","die Koordinaten wurden beim BLDAM angefragt und übernommen","12.38","52.39","-4550","+/- 100 years","-3900","+/- 100 years","Q816829","dating still very uncertain, for the whole group only few 14C dates available","","",""
"BLDAM 2024","Q897952","","415","Speichrow 10","Speichrow","Q19309298","","","","","Speichrow","1.0","Transitive P131+ exact match | 'Speichrow' -> 'Speichrow'","Dahme-Spreewald","Q6173","3249080","7076944","","62376","Dahme-Spreewald","1.0","Exact match via skos:altLabel [global index] | 'Dahme-Spreewald' -> 'Dahme-Spreewald'","Brandenburg","Q1208","2945356","7000096","2048409","62504","Brandenburg","1.0","Exact match via rdfs:label [global index] | 'Brandenburg' -> 'Brandenburg'","Deutschland","Q183","2921044","7000084","2044274","51477","Deutschland","1.0","Exact match via rdfs:label [global index] | 'Deutschland' -> 'Deutschland'","FBG","Lesefunde","Q1144458","","","unbek.","Q59496158","0","506","Übernahme aus externer Datenbank","Strukturen des Landesdenkmalamts","die Koordinaten wurden beim BLDAM angefragt und übernommen","14.19","52.04","-4550","+/- 100 years","-3900","+/- 100 years","Q816829","dating still very uncertain, for the whole group only few 14C dates available","","",""
"BLDAM 2024","Q897952","","255","Leibsch 10","Leibsch","Q181223","2879323","","","3549562","Leibsch","1.0","Transitive P131+ exact match | 'Leibsch' -> 'Leibsch'","Dahme-Spreewald","Q6173","3249080","7076944","","62376","Dahme-Spreewald","1.0","Exact match via skos:altLabel [global index] | 'Dahme-Spreewald' -> 'Dahme-Spreewald'","Brandenburg","Q1208","2945356","7000096","2048409","62504","Brandenburg","1.0","Exact match via rdfs:label [global index] | 'Brandenburg' -> 'Brandenburg'","Deutschland","Q183","2921044","7000084","2044274","51477","Deutschland","1.0","Exact match via rdfs:label [global index] | 'Deutschland' -> 'Deutschland'","FBG","Lesefunde","Q1144458","","","unbek.","Q59496158","0","507","Übernahme aus externer Datenbank","Strukturen des Landesdenkmalamts","die Koordinaten wurden beim BLDAM angefragt und übernommen","13.86","52.09","-4550","+/- 100 years","-3900","+/- 100 years","Q816829","dating still very uncertain, for the whole group only few 14C dates available","","",""
"BLDAM 2024","Q897952","","128","Friesack 13","Friesack","Q585632","6550607","","","1342247","Friesack","1.0","Exact match via rdfs:label [global index] | 'Friesack' -> 'Friesack'","Havelland","Q6139","","","","","Havelland","1.0","Direct override | 'Havelland' -> QID=Q6139 | [override -> QID=Q6139]","Brandenburg","Q1208","2945356","7000096","2048409","62504","Brandenburg","1.0","Exact match via rdfs:label [global index] | 'Brandenburg' -> 'Brandenburg'","Deutschland","Q183","2921044","7000084","2044274","51477","Deutschland","1.0","Exact match via rdfs:label [global index] | 'Deutschland' -> 'Deutschland'","FBG","Ausgrabung","Q959782","","","Siedlung","Q486972","0","508","Übernahme aus externer Datenbank","Strukturen des Landesdenkmalamts","die Koordinaten wurden beim BLDAM angefragt und übernommen","12.6","52.75","-4550","+/- 100 years","-3900","+/- 100 years","Q816829","dating still very uncertain, for the whole group only few 14C dates available","","",""
"BLDAM 2024","Q897952","","130","Friesack 59","Friesack","Q585632","6550607","","","1342247","Friesack","1.0","Exact match via rdfs:label [global index] | 'Friesack' -> 'Friesack'","Havelland","Q6139","","","","","Havelland","1.0","Direct override | 'Havelland' -> QID=Q6139 | [override -> QID=Q6139]","Brandenburg","Q1208","2945356","7000096","2048409","62504","Brandenburg","1.0","Exact match via rdfs:label [global index] | 'Brandenburg' -> 'Brandenburg'","Deutschland","Q183","2921044","7000084","2044274","51477","Deutschland","1.0","Exact match via rdfs:label [global index] | 'Deutschland' -> 'Deutschland'","FBG","Ausgrabung","Q959782","","","Siedlung","Q486972","0","510","Übernahme aus externer Datenbank","Strukturen des Landesdenkmalamts","die Koordinaten wurden beim BLDAM angefragt und übernommen","12.52","52.75","-4550","+/- 100 years","-3900","+/- 100 years","Q816829","dating still very uncertain, for the whole group only few 14C dates available","","",""
"Czerniak 1980","Q139304624","47","196","Inowroclaw - Mątwy 5/3","Gmina Inowrocław","Q618429","7531879","","","2635288","Gmina Inowrocław","1.0","Exact match via rdfs:label [global index] | 'Gmina Inowrocław' -> 'Gmina Inowrocław'","pow. Inowrocławski","Q773314","7530910","","","1286782","powiat inowrocławski","1.0","Exact match via rdfs:label [global index] | 'Powiat Inowrocławski' -> 'powiat inowrocławski'","Woj. Kujawsko-Pomorskie","Q54153","3337500","","","223407","kujawsko-pomorskie","1.0","Exact match via skos:altLabel [global index] | 'Kujawsko-Pomorskie' -> 'kujawsko-pomorskie' | [normalised: stripped -> 'Kujawsko-Pomorskie']","Polen","Q36","798544","7006366","2054097","49715","Polen","1.0","Exact match via rdfs:label [global index] | 'Polen' -> 'Polen'","SBK","Ausgrabung","Q959782","Czerniak 1980","Q139304624","Siedlung","Q486972","1500","511","Georeferenzierung einer gedruckten Karte","Printpublikation","georeferenziert wurde gedrucktes Kartenmaterial von  Czerniak 1980","18.26","52.74","-4800","+/- 100 years","-4350","+/- 100 years","Q816829","low precision, as only stylistic dating","http://n2t.net/ark:/99152/p0wctqtnkjq","relatedMatch",""
"Czerniak 1980","Q139304624","68","228","Konary 20","Gmina Dąbrowa Biskupia","Q618405","7532003","","","2635362","Gmina Dąbrowa Biskupia","1.0","Exact match via rdfs:label [global index] | 'Gmina Dąbrowa Biskupia' -> 'Gmina Dąbrowa Biskupia'","pow. Inowrocławski","Q773314","7530910","","","1286782","powiat inowrocławski","1.0","Exact match via rdfs:label [global index] | 'Powiat Inowrocławski' -> 'powiat inowrocławski'","Woj. Kujawsko-Pomorskie","Q54153","3337500","","","223407","kujawsko-pomorskie","1.0","Exact match via skos:altLabel [global index] | 'Kujawsko-Pomorskie' -> 'kujawsko-pomorskie' | [normalised: stripped -> 'Kujawsko-Pomorskie']","Polen","Q36","798544","7006366","2054097","49715","Polen","1.0","Exact match via rdfs:label [global index] | 'Polen' -> 'Polen'","SBK","Ausgrabung","Q959782","Czerniak 1980","Q139304624","Siedlung","Q486972","1000","512","Georeferenzierung einer gedruckten Karte","Printpublikation","georeferenziert wurde gedrucktes Kartenmaterial von  Czerniak 1980","18.49","52.73","-4800","+/- 100 years","-4350","+/- 100 years","Q816829","low precision, as only stylistic dating","http://n2t.net/ark:/99152/p0wctqtnkjq","relatedMatch",""
"Czerniak 1980","Q139304624","76","246","Krusza Zamkowa 3","Gmina Inwowrocław","Q618429","7531879","","","2635288","Gmina Inowrocław","0.9697","Fuzzy match (score=0.97) via rdfs:label [global index] | 'Gmina Inwowrocław' -> 'Gmina Inowrocław'","pow. Inowrocławski","Q773314","7530910","","","1286782","powiat inowrocławski","1.0","Exact match via rdfs:label [global index] | 'Powiat Inowrocławski' -> 'powiat inowrocławski'","Woj. Kujawsko-Pomorskie","Q54153","3337500","","","223407","kujawsko-pomorskie","1.0","Exact match via skos:altLabel [global index] | 'Kujawsko-Pomorskie' -> 'kujawsko-pomorskie' | [normalised: stripped -> 'Kujawsko-Pomorskie']","Polen","Q36","798544","7006366","2054097","49715","Polen","1.0","Exact match via rdfs:label [global index] | 'Polen' -> 'Polen'","BKK","Ausgrabung","Q959782","Czerniak 1980","Q139304624","Siedlung","Q486972","1000","525","Georeferenzierung einer gedruckten Karte","Printpublikation","georeferenziert wurde gedrucktes Kartenmaterial von  Czerniak 1980","18.23","52.74","-4350","+/- 50 years","-3900","+/- 100 years","","low precision, as only stylistic dating","http://n2t.net/ark:/99152/p0j9r7233z7","exactMatch",""
"Czerniak 1980","Q139304624","69","234","Koscielec Kuj 16","Gmina Pakość","Q2149918","7533279","","","2635295","Gmina Pakość","1.0","Exact match via rdfs:label [global index] | 'Gmina Pakość' -> 'Gmina Pakość'","pow. Inowrocławski","Q773314","7530910","","","1286782","powiat inowrocławski","1.0","Exact match via rdfs:label [global index] | 'Powiat Inowrocławski' -> 'powiat inowrocławski'","Woj. Kujawsko-Pomorskie","Q54153","3337500","","","223407","kujawsko-pomorskie","1.0","Exact match via skos:altLabel [global index] | 'Kujawsko-Pomorskie' -> 'kujawsko-pomorskie' | [normalised: stripped -> 'Kujawsko-Pomorskie']","Polen","Q36","798544","7006366","2054097","49715","Polen","1.0","Exact match via rdfs:label [global index] | 'Polen' -> 'Polen'","BKK","Ausgrabung","Q959782","Czerniak 1980","Q139304624","Siedlung","Q486972","1000","513","Georeferenzierung einer gedruckten Karte","Printpublikation","georeferenziert wurde gedrucktes Kartenmaterial von  Czerniak 1980","18.16","52.77","-4350","+/- 50 years","-3900","+/- 100 years","","low precision, as only stylistic dating","http://n2t.net/ark:/99152/p0j9r7233z7","exactMatch",""
"Czerniak 1980","Q139304624","104","363","Radziejów 12","Gmina Kruszwica","Q7764069","7533344","","","2635353","Gmina Kruszwica","1.0","Exact match via rdfs:label [global index] | 'Gmina Kruszwica' -> 'Gmina Kruszwica'","pow. Inowrocławski","Q773314","7530910","","","1286782","powiat inowrocławski","1.0","Exact match via rdfs:label [global index] | 'Powiat Inowrocławski' -> 'powiat inowrocławski'","Woj. Kujawsko-Pomorskie","Q54153","3337500","","","223407","kujawsko-pomorskie","1.0","Exact match via skos:altLabel [global index] | 'Kujawsko-Pomorskie' -> 'kujawsko-pomorskie' | [normalised: stripped -> 'Kujawsko-Pomorskie']","Polen","Q36","798544","7006366","2054097","49715","Polen","1.0","Exact match via rdfs:label [global index] | 'Polen' -> 'Polen'","SBK","Ausgrabung","Q959782","Czerniak 1980","Q139304624","Siedlung","Q486972","2000","514","Georeferenzierung einer gedruckten Karte","Printpublikation","georeferenziert wurde gedrucktes Kartenmaterial von  Czerniak 1980","18.54","52.61","-4800","+/- 100 years","-4350","+/- 100 years","Q816829","low precision, as only stylistic dating","http://n2t.net/ark:/99152/p0wctqtnkjq","relatedMatch",""
"Czerniak 1980","Q139304624","3","43","Biskupin 10/I","Gmina Gąsawa","Q1941675","7532127","","","1392168","Gmina Gąsawa","1.0","Exact match via rdfs:label [global index] | 'Gmina Gąsawa' -> 'Gmina Gąsawa'","pow. Żniński","Q577199","7530922","","","1286781","powiat żniński","1.0","Exact match via rdfs:label [global index] | 'Powiat Żniński' -> 'powiat żniński'","Woj. Kujawsko-Pomorskie","Q54153","3337500","","","223407","kujawsko-pomorskie","1.0","Exact match via skos:altLabel [global index] | 'Kujawsko-Pomorskie' -> 'kujawsko-pomorskie' | [normalised: stripped -> 'Kujawsko-Pomorskie']","Polen","Q36","798544","7006366","2054097","49715","Polen","1.0","Exact match via rdfs:label [global index] | 'Polen' -> 'Polen'","SBK","Ausgrabung","Q959782","Czerniak 1980","Q139304624","Siedlung","Q486972","1500","515","Georeferenzierung einer gedruckten Karte","Printpublikation","georeferenziert wurde gedrucktes Kartenmaterial von  Czerniak 1980","17.72","52.79","-4800","+/- 100 years","-4350","+/- 100 years","Q816829","low precision, as only stylistic dating","http://n2t.net/ark:/99152/p0wctqtnkjq","relatedMatch",""
"Czerniak 1980","Q139304624","11","74","Broniewice 1","Gmina Mogilno","Q2182076","7533235","","","2635528","Gmina Mogilno","1.0","Exact match via rdfs:label [global index] | 'Gmina Mogilno' -> 'Gmina Mogilno'","pow. Mogileński","Q604053","7530912","","","1385334","Powiat Mogileński","1.0","Exact match via rdfs:label [global index] | 'Powiat Mogileński' -> 'Powiat Mogileński'","Woj. Kujawsko-Pomorskie","Q54153","3337500","","","223407","kujawsko-pomorskie","1.0","Exact match via skos:altLabel [global index] | 'Kujawsko-Pomorskie' -> 'kujawsko-pomorskie' | [normalised: stripped -> 'Kujawsko-Pomorskie']","Polen","Q36","798544","7006366","2054097","49715","Polen","1.0","Exact match via rdfs:label [global index] | 'Polen' -> 'Polen'","SBK","Ausgrabung","Q959782","Smoczyńska 1952","Q139304630","Siedlung","Q486972","1500","516","Georeferenzierung einer gedruckten Karte","Printpublikation","georeferenziert wurde gedrucktes Kartenmaterial von  Czerniak 1980","18.08","52.73","-4800","+/- 100 years","-4350","+/- 100 years","Q816829","low precision, as only stylistic dating","http://n2t.net/ark:/99152/p0wctqtnkjq","relatedMatch",""
"Czerniak 1980","Q139304624","54","200","Jankowo 4","Gmina Pakość","Q2149918","7533279","","","2635295","Gmina Pakość","1.0","Exact match via rdfs:label [global index] | 'Gmina Pakość' -> 'Gmina Pakość'","pow. Inowrocławski","Q773314","7530910","","","1286782","powiat inowrocławski","1.0","Exact match via rdfs:label [global index] | 'Powiat Inowrocławski' -> 'powiat inowrocławski'","Woj. Kujawsko-Pomorskie","Q54153","3337500","","","223407","kujawsko-pomorskie","1.0","Exact match via skos:altLabel [global index] | 'Kujawsko-Pomorskie' -> 'kujawsko-pomorskie' | [normalised: stripped -> 'Kujawsko-Pomorskie']","Polen","Q36","798544","7006366","2054097","49715","Polen","1.0","Exact match via rdfs:label [global index] | 'Polen' -> 'Polen'","SBK","Ausgrabung","Q959782","Czerniak 1980","Q139304624","Siedlung","Q486972","1500","517","Georeferenzierung einer gedruckten Karte","Printpublikation","georeferenziert wurde gedrucktes Kartenmaterial von  Czerniak 1980","18.08","52.79","-4800","+/- 100 years","-4350","+/- 100 years","Q816829","low precision, as only stylistic dating","http://n2t.net/ark:/99152/p0wctqtnkjq","relatedMatch",""
"Czerniak 1980","Q139304624","54","200","Jankowo 4","Gmina Pakość","Q2149918","7533279","","","2635295","Gmina Pakość","1.0","Exact match via rdfs:label [global index] | 'Gmina Pakość' -> 'Gmina Pakość'","pow. Inowrocławski","Q773314","7530910","","","1286782","powiat inowrocławski","1.0","Exact match via rdfs:label [global index] | 'Powiat Inowrocławski' -> 'powiat inowrocławski'","Woj. Kujawsko-Pomorskie","Q54153","3337500","","","223407","kujawsko-pomorskie","1.0","Exact match via skos:altLabel [global index] | 'Kujawsko-Pomorskie' -> 'kujawsko-pomorskie' | [normalised: stripped -> 'Kujawsko-Pomorskie']","Polen","Q36","798544","7006366","2054097","49715","Polen","1.0","Exact match via rdfs:label [global index] | 'Polen' -> 'Polen'","SBK","Ausgrabung","Q959782","Czerniak 1980","Q139304624","Siedlung","Q486972","1500","541","Georeferenzierung einer gedruckten Karte","Printpublikation","georeferenziert wurde gedrucktes Kartenmaterial von  Czerniak 1980","18.08","52.79","-4800","+/- 100 years","-4350","+/- 100 years","Q816829","low precision, as only stylistic dating","http://n2t.net/ark:/99152/p0wctqtnkjq","relatedMatch",""
"Czerniak 1980","Q139304624","73","241","Krążkowo 5","Gmina Zlotniki Kuj.","Q618437","","","","","Gmina Złotniki Kujawskie","1.0","Direct override | 'Gmina Zlotniki Kuj.' -> QID=Q618437 | [override -> QID=Q618437]","pow. Inowrocławski","Q773314","7530910","","","1286782","powiat inowrocławski","1.0","Exact match via rdfs:label [global index] | 'Powiat Inowrocławski' -> 'powiat inowrocławski'","Woj. Kujawsko-Pomorskie","Q54153","3337500","","","223407","kujawsko-pomorskie","1.0","Exact match via skos:altLabel [global index] | 'Kujawsko-Pomorskie' -> 'kujawsko-pomorskie' | [normalised: stripped -> 'Kujawsko-Pomorskie']","Polen","Q36","798544","7006366","2054097","49715","Polen","1.0","Exact match via rdfs:label [global index] | 'Polen' -> 'Polen'","SBK","","","Czerniak 1980","Q139304624","unbek.","Q59496158","1500","518","Georeferenzierung einer gedruckten Karte","Printpublikation","georeferenziert wurde gedrucktes Kartenmaterial von  Czerniak 1980","18.07","52.95","-4800","+/- 100 years","-4350","+/- 100 years","Q816829","low precision, as only stylistic dating","http://n2t.net/ark:/99152/p0wctqtnkjq","relatedMatch",""
"Czerniak 1980","Q139304624","5","44","Biskupin 18/I","Gmina Gąsawa","Q1941675","7532127","","","1392168","Gmina Gąsawa","1.0","Exact match via rdfs:label [global index] | 'Gmina Gąsawa' -> 'Gmina Gąsawa'","pow. Żniński","Q577199","7530922","","","1286781","powiat żniński","1.0","Exact match via rdfs:label [global index] | 'Powiat Żniński' -> 'powiat żniński'","Woj. Kujawsko-Pomorskie","Q54153","3337500","","","223407","kujawsko-pomorskie","1.0","Exact match via skos:altLabel [global index] | 'Kujawsko-Pomorskie' -> 'kujawsko-pomorskie' | [normalised: stripped -> 'Kujawsko-Pomorskie']","Polen","Q36","798544","7006366","2054097","49715","Polen","1.0","Exact match via rdfs:label [global index] | 'Polen' -> 'Polen'","BKK","Ausgrabung","Q959782","Czerniak 1980","Q139304624","unbek.","Q59496158","2000","519","Georeferenzierung einer gedruckten Karte","Printpublikation","georeferenziert wurde gedrucktes Kartenmaterial von  Czerniak 1980","17.75","52.78","-4350","+/- 50 years","-3900","+/- 100 years","","low precision, as only stylistic dating","http://n2t.net/ark:/99152/p0j9r7233z7","exactMatch",""
"Czerniak 1980","Q139304624","5","45","Biskupin 18/IV","Gmina Gąsawa","Q1941675","7532127","","","1392168","Gmina Gąsawa","1.0","Exact match via rdfs:label [global index] | 'Gmina Gąsawa' -> 'Gmina Gąsawa'","pow. Żniński","Q577199","7530922","","","1286781","powiat żniński","1.0","Exact match via rdfs:label [global index] | 'Powiat Żniński' -> 'powiat żniński'","Woj. Kujawsko-Pomorskie","Q54153","3337500","","","223407","kujawsko-pomorskie","1.0","Exact match via skos:altLabel [global index] | 'Kujawsko-Pomorskie' -> 'kujawsko-pomorskie' | [normalised: stripped -> 'Kujawsko-Pomorskie']","Polen","Q36","798544","7006366","2054097","49715","Polen","1.0","Exact match via rdfs:label [global index] | 'Polen' -> 'Polen'","SBK","Ausgrabung","Q959782","Czerniak 1980","Q139304624","unbek.","Q59496158","2000","520","Georeferenzierung einer gedruckten Karte","Printpublikation","georeferenziert wurde gedrucktes Kartenmaterial von  Czerniak 1980","17.75","52.78","-4800","+/- 100 years","-4350","+/- 100 years","Q816829","low precision, as only stylistic dating","http://n2t.net/ark:/99152/p0wctqtnkjq","relatedMatch",""
"Czerniak 1980","Q139304624","105","376","Rojewo 6","Gmina Złotniki Kuj.","Q618437","","","","","Gmina Złotniki Kuj.","1.0","Direct override | 'Gmina Złotniki Kuj.' -> QID=Q618437 | [override -> QID=Q618437]","pow. Inowrocławski","Q773314","7530910","","","1286782","powiat inowrocławski","1.0","Exact match via rdfs:label [global index] | 'Powiat Inowrocławski' -> 'powiat inowrocławski'","Woj. Kujawsko-Pomorskie","Q54153","3337500","","","223407","kujawsko-pomorskie","1.0","Exact match via skos:altLabel [global index] | 'Kujawsko-Pomorskie' -> 'kujawsko-pomorskie' | [normalised: stripped -> 'Kujawsko-Pomorskie']","Polen","Q36","798544","7006366","2054097","49715","Polen","1.0","Exact match via rdfs:label [global index] | 'Polen' -> 'Polen'","SBK","","","Smoczyńska 1952","Q139304630","unbek.","Q59496158","1000","521","Georeferenzierung einer gedruckten Karte","Printpublikation","georeferenziert wurde gedrucktes Kartenmaterial von  Czerniak 1980","18.27","52.91","-4800","+/- 100 years","-4350","+/- 100 years","Q816829","low precision, as only stylistic dating","http://n2t.net/ark:/99152/p0wctqtnkjq","relatedMatch",""
"Czerniak 1980","Q139304624","115","417","Srebrenogóra","Gmina Żnin","Q2204247","7533226","","","1359774","Gmina Żnin","1.0","Exact match via rdfs:label [global index] | 'Gmina Żnin' -> 'Gmina Żnin'","pow. Żniński","Q577199","7530922","","","1286781","powiat żniński","1.0","Exact match via rdfs:label [global index] | 'Powiat Żniński' -> 'powiat żniński'","Woj. Kujawsko-Pomorskie","Q54153","3337500","","","223407","kujawsko-pomorskie","1.0","Exact match via skos:altLabel [global index] | 'Kujawsko-Pomorskie' -> 'kujawsko-pomorskie' | [normalised: stripped -> 'Kujawsko-Pomorskie']","Polen","Q36","798544","7006366","2054097","49715","Polen","1.0","Exact match via rdfs:label [global index] | 'Polen' -> 'Polen'","SBK","","","Czerniak 1980","Q139304624","unbek.","Q59496158","1000","522","Georeferenzierung einer gedruckten Karte","Printpublikation","georeferenziert wurde gedrucktes Kartenmaterial von  Czerniak 1980","17.51","52.89","-4800","+/- 100 years","-4350","+/- 100 years","Q816829","low precision, as only stylistic dating","http://n2t.net/ark:/99152/p0wctqtnkjq","relatedMatch",""
"Czerniak 1980","Q139304624","120","429","Szelwjewo 1","Gmina Gąsawa","Q1941675","7532127","","","1392168","Gmina Gąsawa","1.0","Exact match via rdfs:label [global index] | 'Gmina Gąsawa' -> 'Gmina Gąsawa'","pow. Żniński","Q577199","7530922","","","1286781","powiat żniński","1.0","Exact match via rdfs:label [global index] | 'Powiat Żniński' -> 'powiat żniński'","Woj. Kujawsko-Pomorskie","Q54153","3337500","","","223407","kujawsko-pomorskie","1.0","Exact match via skos:altLabel [global index] | 'Kujawsko-Pomorskie' -> 'kujawsko-pomorskie' | [normalised: stripped -> 'Kujawsko-Pomorskie']","Polen","Q36","798544","7006366","2054097","49715","Polen","1.0","Exact match via rdfs:label [global index] | 'Polen' -> 'Polen'","SBK","","","Czerniak 1980","Q139304624","unbek.","Q59496158","1000","523","Georeferenzierung einer gedruckten Karte","Printpublikation","georeferenziert wurde gedrucktes Kartenmaterial von  Czerniak 1980","17.75","52.74","-4800","+/- 100 years","-4350","+/- 100 years","Q816829","low precision, as only stylistic dating","http://n2t.net/ark:/99152/p0wctqtnkjq","relatedMatch",""
"Czerniak 1980","Q139304624","26","92","Chwałowo 1","Gmina Mogilno","Q2182076","7533235","","","2635528","Gmina Mogilno","1.0","Exact match via rdfs:label [global index] | 'Gmina Mogilno' -> 'Gmina Mogilno'","pow. Mogileński","Q604053","7530912","","","1385334","Powiat Mogileński","1.0","Exact match via rdfs:label [global index] | 'Powiat Mogileński' -> 'Powiat Mogileński'","Woj. Kujawsko-Pomorskie","Q54153","3337500","","","223407","kujawsko-pomorskie","1.0","Exact match via skos:altLabel [global index] | 'Kujawsko-Pomorskie' -> 'kujawsko-pomorskie' | [normalised: stripped -> 'Kujawsko-Pomorskie']","Polen","Q36","798544","7006366","2054097","49715","Polen","1.0","Exact match via rdfs:label [global index] | 'Polen' -> 'Polen'","SBK","","","Czerniak 1980","Q139304624","unbek.","Q59496158","1500","540","Georeferenzierung einer gedruckten Karte","Printpublikation","georeferenziert wurde gedrucktes Kartenmaterial von  Czerniak 1980","17.9","52.7","-4800","+/- 100 years","-4350","+/- 100 years","Q816829","low precision, as only stylistic dating","http://n2t.net/ark:/99152/p0wctqtnkjq","relatedMatch",""
"Czerniak 1980","Q139304624","137","496","Żegotki 2","Gmina Strzelno","Q2347468","7533548","","","2635538","Gmina Strzelno","1.0","Exact match via rdfs:label [global index] | 'Gmina Strzelno' -> 'Gmina Strzelno'","pow. Mogileński","Q604053","7530912","","","1385334","Powiat Mogileński","1.0","Exact match via rdfs:label [global index] | 'Powiat Mogileński' -> 'Powiat Mogileński'","Woj. Kujawsko-Pomorskie","Q54153","3337500","","","223407","kujawsko-pomorskie","1.0","Exact match via skos:altLabel [global index] | 'Kujawsko-Pomorskie' -> 'kujawsko-pomorskie' | [normalised: stripped -> 'Kujawsko-Pomorskie']","Polen","Q36","798544","7006366","2054097","49715","Polen","1.0","Exact match via rdfs:label [global index] | 'Polen' -> 'Polen'","BKK","","","Czerniak 1980","Q139304624","unbek.","Q59496158","1500","524","Georeferenzierung einer gedruckten Karte","Printpublikation","georeferenziert wurde gedrucktes Kartenmaterial von  Czerniak 1980","18.22","52.68","-4350","+/- 50 years","-3900","+/- 100 years","","low precision, as only stylistic dating","http://n2t.net/ark:/99152/p0j9r7233z7","exactMatch",""
"Czerniak 1980","Q139304624","99","334","Polanowice 3","Gmina Pakość","Q2149918","7533279","","","2635295","Gmina Pakość","1.0","Exact match via rdfs:label [global index] | 'Gmina Pakość' -> 'Gmina Pakość'","pow. Inowrocławski","Q773314","7530910","","","1286782","powiat inowrocławski","1.0","Exact match via rdfs:label [global index] | 'Powiat Inowrocławski' -> 'powiat inowrocławski'","Woj. Kujawsko-Pomorskie","Q54153","3337500","","","223407","kujawsko-pomorskie","1.0","Exact match via skos:altLabel [global index] | 'Kujawsko-Pomorskie' -> 'kujawsko-pomorskie' | [normalised: stripped -> 'Kujawsko-Pomorskie']","Polen","Q36","798544","7006366","2054097","49715","Polen","1.0","Exact match via rdfs:label [global index] | 'Polen' -> 'Polen'","BKK","","","Czerniak 1980","Q139304624","unbek.","Q59496158","1500","529","Georeferenzierung einer gedruckten Karte","Printpublikation","georeferenziert wurde gedrucktes Kartenmaterial von  Czerniak 1980","18.28","52.64","-4350","+/- 50 years","-3900","+/- 100 years","","low precision, as only stylistic dating","http://n2t.net/ark:/99152/p0j9r7233z7","exactMatch",""
"Czerniak 1980","Q139304624","10","68","Bożejewice 25","Gmin Strzelno","Q2347468","7533548","","","2635538","Gmina Strzelno","1.0","Exact match via rdfs:label [global index] | 'Gmina Strzelno' -> 'Gmina Strzelno'","pow. Mogileński","Q604053","7530912","","","1385334","Powiat Mogileński","1.0","Exact match via rdfs:label [global index] | 'Powiat Mogileński' -> 'Powiat Mogileński'","Woj. Kujawsko-Pomorskie","Q54153","3337500","","","223407","kujawsko-pomorskie","1.0","Exact match via skos:altLabel [global index] | 'Kujawsko-Pomorskie' -> 'kujawsko-pomorskie' | [normalised: stripped -> 'Kujawsko-Pomorskie']","Polen","Q36","798544","7006366","2054097","49715","Polen","1.0","Exact match via rdfs:label [global index] | 'Polen' -> 'Polen'","SBK","","","Czerniak 1980","Q139304624","unbek.","Q59496158","1500","530","Georeferenzierung einer gedruckten Karte","Printpublikation","georeferenziert wurde gedrucktes Kartenmaterial von  Czerniak 1980","18.25","52.69","-4800","+/- 100 years","-4350","+/- 100 years","Q816829","low precision, as only stylistic dating","http://n2t.net/ark:/99152/p0wctqtnkjq","relatedMatch",""
"Czerniak 1980","Q139304624","85","265","Łojewo 1A","Gmina Inowrocław","Q618429","7531879","","","2635288","Gmina Inowrocław","1.0","Exact match via rdfs:label [global index] | 'Gmina Inowrocław' -> 'Gmina Inowrocław'","pow. Inowrocławski","Q773314","7530910","","","1286782","powiat inowrocławski","1.0","Exact match via rdfs:label [global index] | 'Powiat Inowrocławski' -> 'powiat inowrocławski'","Woj. Kujawsko-Pomorskie","Q54153","3337500","","","223407","kujawsko-pomorskie","1.0","Exact match via skos:altLabel [global index] | 'Kujawsko-Pomorskie' -> 'kujawsko-pomorskie' | [normalised: stripped -> 'Kujawsko-Pomorskie']","Polen","Q36","798544","7006366","2054097","49715","Polen","1.0","Exact match via rdfs:label [global index] | 'Polen' -> 'Polen'","BKK","","","Czerniak 1980","Q139304624","unbek.","Q59496158","1000","531","Georeferenzierung einer gedruckten Karte","Printpublikation","georeferenziert wurde gedrucktes Kartenmaterial von  Czerniak 1980","18.31","52.74","-4350","+/- 50 years","-3900","+/- 100 years","","low precision, as only stylistic dating","http://n2t.net/ark:/99152/p0j9r7233z7","exactMatch",""
"Czerniak 1980","Q139304624","84","264","Łojewo 1","Gmina Inowrocław","Q618429","7531879","","","2635288","Gmina Inowrocław","1.0","Exact match via rdfs:label [global index] | 'Gmina Inowrocław' -> 'Gmina Inowrocław'","pow. Inowrocławski","Q773314","7530910","","","1286782","powiat inowrocławski","1.0","Exact match via rdfs:label [global index] | 'Powiat Inowrocławski' -> 'powiat inowrocławski'","Woj. Kujawsko-Pomorskie","Q54153","3337500","","","223407","kujawsko-pomorskie","1.0","Exact match via skos:altLabel [global index] | 'Kujawsko-Pomorskie' -> 'kujawsko-pomorskie' | [normalised: stripped -> 'Kujawsko-Pomorskie']","Polen","Q36","798544","7006366","2054097","49715","Polen","1.0","Exact match via rdfs:label [global index] | 'Polen' -> 'Polen'","BKK","","","Czerniak 1980","Q139304624","unbek.","Q59496158","1500","532","Georeferenzierung einer gedruckten Karte","Printpublikation","georeferenziert wurde gedrucktes Kartenmaterial von  Czerniak 1980","18.31","52.74","-4350","+/- 50 years","-3900","+/- 100 years","","low precision, as only stylistic dating","http://n2t.net/ark:/99152/p0j9r7233z7","exactMatch",""
"Czerniak 1980","Q139304624","86","264","Łojewo 1","Gmina Inowrocław","Q618429","7531879","","","2635288","Gmina Inowrocław","1.0","Exact match via rdfs:label [global index] | 'Gmina Inowrocław' -> 'Gmina Inowrocław'","pow. Inowrocławski","Q773314","7530910","","","1286782","powiat inowrocławski","1.0","Exact match via rdfs:label [global index] | 'Powiat Inowrocławski' -> 'powiat inowrocławski'","Woj. Kujawsko-Pomorskie","Q54153","3337500","","","223407","kujawsko-pomorskie","1.0","Exact match via skos:altLabel [global index] | 'Kujawsko-Pomorskie' -> 'kujawsko-pomorskie' | [normalised: stripped -> 'Kujawsko-Pomorskie']","Polen","Q36","798544","7006366","2054097","49715","Polen","1.0","Exact match via rdfs:label [global index] | 'Polen' -> 'Polen'","SBK","","","Czerniak 1980","Q139304624","unbek.","Q59496158","1500","533","Georeferenzierung einer gedruckten Karte","Printpublikation","georeferenziert wurde gedrucktes Kartenmaterial von  Czerniak 1980","18.3","52.74","-4800","+/- 100 years","-4350","+/- 100 years","Q816829","low precision, as only stylistic dating","http://n2t.net/ark:/99152/p0wctqtnkjq","relatedMatch",""
"Czerniak 1980","Q139304624","82","247","Krusza Zamkowa 30","Gmina Inowrocław","Q618429","7531879","","","2635288","Gmina Inowrocław","1.0","Exact match via rdfs:label [global index] | 'Gmina Inowrocław' -> 'Gmina Inowrocław'","pow. Inowrocławski","Q773314","7530910","","","1286782","powiat inowrocławski","1.0","Exact match via rdfs:label [global index] | 'Powiat Inowrocławski' -> 'powiat inowrocławski'","Woj. Kujawsko-Pomorskie","Q54153","3337500","","","223407","kujawsko-pomorskie","1.0","Exact match via skos:altLabel [global index] | 'Kujawsko-Pomorskie' -> 'kujawsko-pomorskie' | [normalised: stripped -> 'Kujawsko-Pomorskie']","Polen","Q36","798544","7006366","2054097","49715","Polen","1.0","Exact match via rdfs:label [global index] | 'Polen' -> 'Polen'","BKK","","","Czerniak 1980","Q139304624","unbek.","Q59496158","1500","526","Georeferenzierung einer gedruckten Karte","Printpublikation","georeferenziert wurde gedrucktes Kartenmaterial von  Czerniak 1980","18.25","52.74","-4350","+/- 50 years","-3900","+/- 100 years","","low precision, as only stylistic dating","http://n2t.net/ark:/99152/p0j9r7233z7","exactMatch",""
"Czerniak 1980","Q139304624","35","103","Dobre 6","Gmina Dobre","Q2051728","7531908","","","2994052","Gmina Dobre","1.0","Exact match via rdfs:label [global index] | 'Gmina Dobre' -> 'Gmina Dobre'","pow. Miński","Q947536","","","","","Powiat Miński","1.0","Direct override | 'pow. Miński' -> QID=Q947536 | [override -> QID=Q947536]","Woj. Kujawsko-Pomorskie","Q54153","3337500","","","223407","kujawsko-pomorskie","1.0","Exact match via skos:altLabel [global index] | 'Kujawsko-Pomorskie' -> 'kujawsko-pomorskie' | [normalised: stripped -> 'Kujawsko-Pomorskie']","Polen","Q36","798544","7006366","2054097","49715","Polen","1.0","Exact match via rdfs:label [global index] | 'Polen' -> 'Polen'","BKK","","","Czerniak 1980","Q139304624","unbek.","Q59496158","1500","527","Georeferenzierung einer gedruckten Karte","Printpublikation","georeferenziert wurde gedrucktes Kartenmaterial von  Czerniak 1980","18.56","52.68","-4350","+/- 50 years","-3900","+/- 100 years","","low precision, as only stylistic dating","http://n2t.net/ark:/99152/p0j9r7233z7","exactMatch",""
"Czerniak 1980","Q139304624","34","102","Dobre 4","Gmina Dobre","Q2051728","7531908","","","2994052","Gmina Dobre","1.0","Exact match via rdfs:label [global index] | 'Gmina Dobre' -> 'Gmina Dobre'","pow. Miński","Q947536","","","","","Powiat Miński","1.0","Direct override | 'pow. Miński' -> QID=Q947536 | [override -> QID=Q947536]","Woj. Kujawsko-Pomorskie","Q54153","3337500","","","223407","kujawsko-pomorskie","1.0","Exact match via skos:altLabel [global index] | 'Kujawsko-Pomorskie' -> 'kujawsko-pomorskie' | [normalised: stripped -> 'Kujawsko-Pomorskie']","Polen","Q36","798544","7006366","2054097","49715","Polen","1.0","Exact match via rdfs:label [global index] | 'Polen' -> 'Polen'","SBK","","","Czerniak 1980","Q139304624","unbek.","Q59496158","1500","528","Georeferenzierung einer gedruckten Karte","Printpublikation","georeferenziert wurde gedrucktes Kartenmaterial von  Czerniak 1980","18.57","52.69","-4800","+/- 100 years","-4350","+/- 100 years","Q816829","low precision, as only stylistic dating","http://n2t.net/ark:/99152/p0wctqtnkjq","relatedMatch",""
"Czerniak 1980","Q139304624","112","410","Sipiory","Gmina Kcynia","Q2461196","7533422","","","2634358","gmina Kcynia","1.0","Exact match via skos:altLabel [global index] | 'Gmina Kcynia' -> 'gmina Kcynia'","pow. Nakielski","Q583446","7530913","","","1286542","powiat nakielski","1.0","Exact match via rdfs:label [global index] | 'Powiat Nakielski' -> 'powiat nakielski'","Woj. Kujawsko-Pomorskie","Q54153","3337500","","","223407","kujawsko-pomorskie","1.0","Exact match via skos:altLabel [global index] | 'Kujawsko-Pomorskie' -> 'kujawsko-pomorskie' | [normalised: stripped -> 'Kujawsko-Pomorskie']","Polen","Q36","798544","7006366","2054097","49715","Polen","1.0","Exact match via rdfs:label [global index] | 'Polen' -> 'Polen'","BKK","","","Smoczyńska 1952","Q139304630","unbek.","Q59496158","1000","537","Georeferenzierung einer gedruckten Karte","Printpublikation","georeferenziert wurde gedrucktes Kartenmaterial von  Czerniak 1980","17.51","53.07","-4350","+/- 50 years","-3900","+/- 100 years","","low precision, as only stylistic dating","http://n2t.net/ark:/99152/p0j9r7233z7","exactMatch",""
"Czerniak 1980","Q139304624","108","381","Sarnowo 1","Gmina Lubraniec","Q2605893","7533332","","","2635755","Gmina Lubraniec","1.0","Exact match via rdfs:label [global index] | 'Gmina Lubraniec' -> 'Gmina Lubraniec'","pow. Włocławski","Q774833","7530921","","","2616205","powiat włocławski","1.0","Exact match via rdfs:label [global index] | 'Powiat Włocławski' -> 'powiat włocławski'","Woj. Kujawsko-Pomorskie","Q54153","3337500","","","223407","kujawsko-pomorskie","1.0","Exact match via skos:altLabel [global index] | 'Kujawsko-Pomorskie' -> 'kujawsko-pomorskie' | [normalised: stripped -> 'Kujawsko-Pomorskie']","Polen","Q36","798544","7006366","2054097","49715","Polen","1.0","Exact match via rdfs:label [global index] | 'Polen' -> 'Polen'","SBK?","","","Czerniak 1980","Q139304624","unbek.","Q59496158","2000","536","Georeferenzierung einer gedruckten Karte","Printpublikation","georeferenziert wurde gedrucktes Kartenmaterial von  Czerniak 1980","18.76","52.47","-4800","+/- 100 years","-4350","+/- 100 years","Q816829","low precision, as only stylistic dating","http://n2t.net/ark:/99152/p0wctqtnkjq","relatedMatch",""
"Czerniak 1980","Q139304624","134","464","Wietrzychowice 1","Gmina Izbica Kuj.","Q2461294","","","","","Gmina Izbica Kuj.","1.0","Direct override | 'Gmina Izbica Kuj.' -> QID=Q2461294 | [override -> QID=Q2461294]","pow. Włocławski","Q774833","7530921","","","2616205","powiat włocławski","1.0","Exact match via rdfs:label [global index] | 'Powiat Włocławski' -> 'powiat włocławski'","Woj. Kujawsko-Pomorskie","Q54153","3337500","","","223407","kujawsko-pomorskie","1.0","Exact match via skos:altLabel [global index] | 'Kujawsko-Pomorskie' -> 'kujawsko-pomorskie' | [normalised: stripped -> 'Kujawsko-Pomorskie']","Polen","Q36","798544","7006366","2054097","49715","Polen","1.0","Exact match via rdfs:label [global index] | 'Polen' -> 'Polen'","SBK?","","","Czerniak 1980","Q139304624","unbek.","Q59496158","1500","534","Georeferenzierung einer gedruckten Karte","Printpublikation","georeferenziert wurde gedrucktes Kartenmaterial von  Czerniak 1980","18.87","52.41","-4800","+/- 100 years","-4350","+/- 100 years","Q816829","low precision, as only stylistic dating","http://n2t.net/ark:/99152/p0wctqtnkjq","relatedMatch",""
"Czerniak 1980","Q139304624","22","88","Byczyna","Gmina Dobre","Q2051728","7531908","","","2994052","Gmina Dobre","1.0","Exact match via rdfs:label [global index] | 'Gmina Dobre' -> 'Gmina Dobre'","pow. Miński","Q947536","","","","","Powiat Miński","1.0","Direct override | 'pow. Miński' -> QID=Q947536 | [override -> QID=Q947536]","Woj. Kujawsko-Pomorskie","Q54153","3337500","","","223407","kujawsko-pomorskie","1.0","Exact match via skos:altLabel [global index] | 'Kujawsko-Pomorskie' -> 'kujawsko-pomorskie' | [normalised: stripped -> 'Kujawsko-Pomorskie']","Polen","Q36","798544","7006366","2054097","49715","Polen","1.0","Exact match via rdfs:label [global index] | 'Polen' -> 'Polen'","SBK","","","Czerniak 1980","Q139304624","unbek.","Q59496158","1500","535","Georeferenzierung einer gedruckten Karte","Printpublikation","georeferenziert wurde gedrucktes Kartenmaterial von  Czerniak 1980","18.62","52.67","-4800","+/- 100 years","-4350","+/- 100 years","Q816829","low precision, as only stylistic dating","http://n2t.net/ark:/99152/p0wctqtnkjq","relatedMatch",""
"Czerniak 1980","Q139304624","27","93","Ciechocinek - Wolica","Gmina Ciechocinek","Q985659","","","","","Gmina Ciechocinek","1.0","Direct override | 'Gmina Ciechocinek' -> QID=Q985659 | [override -> QID=Q985659]","pow. Aleksandrowski","Q750491","7530904","","","2615964","powiat aleksandrowski","1.0","Exact match via rdfs:label [global index] | 'Powiat Aleksandrowski' -> 'powiat aleksandrowski'","Woj. Kujawsko-Pomorskie","Q54153","3337500","","","223407","kujawsko-pomorskie","1.0","Exact match via skos:altLabel [global index] | 'Kujawsko-Pomorskie' -> 'kujawsko-pomorskie' | [normalised: stripped -> 'Kujawsko-Pomorskie']","Polen","Q36","798544","7006366","2054097","49715","Polen","1.0","Exact match via rdfs:label [global index] | 'Polen' -> 'Polen'","SBK","","","Czerniak 1980","Q139304624","unbek.","Q59496158","1000","538","Georeferenzierung einer gedruckten Karte","Printpublikation","georeferenziert wurde gedrucktes Kartenmaterial von  Czerniak 1980","18.79","52.89","-4800","+/- 100 years","-4350","+/- 100 years","Q816829","low precision, as only stylistic dating","http://n2t.net/ark:/99152/p0wctqtnkjq","relatedMatch",""
"Czerniak 1980L","Q139304624","2","23","Bakowo 3","Gmina Dąbrowa Biskupia","Q618405","7532003","","","2635362","Gmina Dąbrowa Biskupia","1.0","Exact match via rdfs:label [global index] | 'Gmina Dąbrowa Biskupia' -> 'Gmina Dąbrowa Biskupia'","pow. Inowrocławski","Q773314","7530910","","","1286782","powiat inowrocławski","1.0","Exact match via rdfs:label [global index] | 'Powiat Inowrocławski' -> 'powiat inowrocławski'","Woj. Kujawsko-Pomorskie","Q54153","3337500","","","223407","kujawsko-pomorskie","1.0","Exact match via skos:altLabel [global index] | 'Kujawsko-Pomorskie' -> 'kujawsko-pomorskie' | [normalised: stripped -> 'Kujawsko-Pomorskie']","Polen","Q36","798544","7006366","2054097","49715","Polen","1.0","Exact match via rdfs:label [global index] | 'Polen' -> 'Polen'","BKK","","","Czerniak 1980","Q139304624","unbek.","Q59496158","1500","539","Georeferenzierung einer gedruckten Karte","Printpublikation","georeferenziert wurde gedrucktes Kartenmaterial von  Czerniak 1980","18.49","52.76","-4350","+/- 50 years","-3900","+/- 100 years","","low precision, as only stylistic dating","http://n2t.net/ark:/99152/p0j9r7233z7","exactMatch",""
"Czerniak 1980","Q139304624","97","326","Piaski 4","Gmina Kruszwica","Q7764069","7533344","","","2635353","Gmina Kruszwica","1.0","Exact match via rdfs:label [global index] | 'Gmina Kruszwica' -> 'Gmina Kruszwica'","pow. Inowrocławski","Q773314","7530910","","","1286782","powiat inowrocławski","1.0","Exact match via rdfs:label [global index] | 'Powiat Inowrocławski' -> 'powiat inowrocławski'","Woj. Kujawsko-Pomorskie","Q54153","3337500","","","223407","kujawsko-pomorskie","1.0","Exact match via skos:altLabel [global index] | 'Kujawsko-Pomorskie' -> 'kujawsko-pomorskie' | [normalised: stripped -> 'Kujawsko-Pomorskie']","Polen","Q36","798544","7006366","2054097","49715","Polen","1.0","Exact match via rdfs:label [global index] | 'Polen' -> 'Polen'","SBK","","","Smoczyńska 1952","Q139304630","unbek.","Q59496158","1500","550","Georeferenzierung einer gedruckten Karte","Printpublikation","georeferenziert wurde gedrucktes Kartenmaterial von  Czerniak 1980","18.44","52.68","-4800","+/- 100 years","-4350","+/- 100 years","Q816829","low precision, as only stylistic dating","http://n2t.net/ark:/99152/p0wctqtnkjq","relatedMatch",""
"Czerniak 1980","Q139304624","60","199","Jankowo 11","Gmina Pakość","Q2149918","7533279","","","2635295","Gmina Pakość","1.0","Exact match via rdfs:label [global index] | 'Gmina Pakość' -> 'Gmina Pakość'","pow. Inowrocławski","Q773314","7530910","","","1286782","powiat inowrocławski","1.0","Exact match via rdfs:label [global index] | 'Powiat Inowrocławski' -> 'powiat inowrocławski'","Woj. Kujawsko-Pomorskie","Q54153","3337500","","","223407","kujawsko-pomorskie","1.0","Exact match via skos:altLabel [global index] | 'Kujawsko-Pomorskie' -> 'kujawsko-pomorskie' | [normalised: stripped -> 'Kujawsko-Pomorskie']","Polen","Q36","798544","7006366","2054097","49715","Polen","1.0","Exact match via rdfs:label [global index] | 'Polen' -> 'Polen'","BKK","","","Czerniak 1980","Q139304624","unbek.","Q59496158","1000","543","Georeferenzierung einer gedruckten Karte","Printpublikation","georeferenziert wurde gedrucktes Kartenmaterial von  Czerniak 1980","18.07","52.77","-4350","+/- 50 years","-3900","+/- 100 years","","low precision, as only stylistic dating","http://n2t.net/ark:/99152/p0j9r7233z7","exactMatch",""
"Czerniak 1980","Q139304624","52","198","Janikowo 6","Gmina Janikowo","Q428194","7533087","","","2635336","Gmina Janikowo","1.0","Exact match via rdfs:label [global index] | 'Gmina Janikowo' -> 'Gmina Janikowo'","pow. Inowrocławski","Q773314","7530910","","","1286782","powiat inowrocławski","1.0","Exact match via rdfs:label [global index] | 'Powiat Inowrocławski' -> 'powiat inowrocławski'","Woj. Kujawsko-Pomorskie","Q54153","3337500","","","223407","kujawsko-pomorskie","1.0","Exact match via skos:altLabel [global index] | 'Kujawsko-Pomorskie' -> 'kujawsko-pomorskie' | [normalised: stripped -> 'Kujawsko-Pomorskie']","Polen","Q36","798544","7006366","2054097","49715","Polen","1.0","Exact match via rdfs:label [global index] | 'Polen' -> 'Polen'","BKK","","","Czerniak 1980","Q139304624","unbek.","Q59496158","1000","544","Georeferenzierung einer gedruckten Karte","Printpublikation","georeferenziert wurde gedrucktes Kartenmaterial von  Czerniak 1980","18.11","52.75","-4350","+/- 50 years","-3900","+/- 100 years","","low precision, as only stylistic dating","http://n2t.net/ark:/99152/p0j9r7233z7","exactMatch",""
"Czerniak 1980","Q139304624","88","321","Ostrowo 3","Gmina Pakość","Q2149918","7533279","","","2635295","Gmina Pakość","1.0","Exact match via rdfs:label [global index] | 'Gmina Pakość' -> 'Gmina Pakość'","pow. Inowrocławski","Q773314","7530910","","","1286782","powiat inowrocławski","1.0","Exact match via rdfs:label [global index] | 'Powiat Inowrocławski' -> 'powiat inowrocławski'","Woj. Kujawsko-Pomorskie","Q54153","3337500","","","223407","kujawsko-pomorskie","1.0","Exact match via skos:altLabel [global index] | 'Kujawsko-Pomorskie' -> 'kujawsko-pomorskie' | [normalised: stripped -> 'Kujawsko-Pomorskie']","Polen","Q36","798544","7006366","2054097","49715","Polen","1.0","Exact match via rdfs:label [global index] | 'Polen' -> 'Polen'","BKK","","","Czerniak 1980","Q139304624","unbek.","Q59496158","1000","546","Georeferenzierung einer gedruckten Karte","Printpublikation","georeferenziert wurde gedrucktes Kartenmaterial von  Czerniak 1980","18.1","52.77","-4350","+/- 50 years","-3900","+/- 100 years","","low precision, as only stylistic dating","http://n2t.net/ark:/99152/p0j9r7233z7","exactMatch",""
"Czerniak 1980","Q139304624","124","443","Tuczno","Gmina Złotniki Kuj.","Q618437","","","","","Gmina Złotniki Kuj.","1.0","Direct override | 'Gmina Złotniki Kuj.' -> QID=Q618437 | [override -> QID=Q618437]","pow. Inowrocławski","Q773314","7530910","","","1286782","powiat inowrocławski","1.0","Exact match via rdfs:label [global index] | 'Powiat Inowrocławski' -> 'powiat inowrocławski'","Woj. Kujawsko-Pomorskie","Q54153","3337500","","","223407","kujawsko-pomorskie","1.0","Exact match via skos:altLabel [global index] | 'Kujawsko-Pomorskie' -> 'kujawsko-pomorskie' | [normalised: stripped -> 'Kujawsko-Pomorskie']","Polen","Q36","798544","7006366","2054097","49715","Polen","1.0","Exact match via rdfs:label [global index] | 'Polen' -> 'Polen'","BKK","","","Czerniak 1980","Q139304624","unbek.","Q59496158","1000","547","Georeferenzierung einer gedruckten Karte","Printpublikation","georeferenziert wurde gedrucktes Kartenmaterial von  Czerniak 1980","18.14","52.86","-4350","+/- 50 years","-3900","+/- 100 years","","low precision, as only stylistic dating","http://n2t.net/ark:/99152/p0j9r7233z7","exactMatch",""
"Czerniak 1980","Q139304624","136","502","Złotowo 6","Gmina Kruszwica","Q7764069","7533344","","","2635353","Gmina Kruszwica","1.0","Exact match via rdfs:label [global index] | 'Gmina Kruszwica' -> 'Gmina Kruszwica'","pow. Inowrocławski","Q773314","7530910","","","1286782","powiat inowrocławski","1.0","Exact match via rdfs:label [global index] | 'Powiat Inowrocławski' -> 'powiat inowrocławski'","Woj. Kujawsko-Pomorskie","Q54153","3337500","","","223407","kujawsko-pomorskie","1.0","Exact match via skos:altLabel [global index] | 'Kujawsko-Pomorskie' -> 'kujawsko-pomorskie' | [normalised: stripped -> 'Kujawsko-Pomorskie']","Polen","Q36","798544","7006366","2054097","49715","Polen","1.0","Exact match via rdfs:label [global index] | 'Polen' -> 'Polen'","BKK","","","Czerniak 1980","Q139304624","unbek.","Q59496158","1500","542","Georeferenzierung einer gedruckten Karte","Printpublikation","georeferenziert wurde gedrucktes Kartenmaterial von  Czerniak 1980","18.03","52.87","-4350","+/- 50 years","-3900","+/- 100 years","","low precision, as only stylistic dating","http://n2t.net/ark:/99152/p0j9r7233z7","exactMatch",""
"Pyzel 2019","Q139460445","","270","Ludwinowo 7","Gmina Wocławek","Q749271","7532846","","","2635731","Gmina Włocławek","0.9655","Fuzzy match (score=0.97) via rdfs:label [global index] | 'Gmina Wocławek' -> 'Gmina Włocławek'","pow. Włocławski","Q774833","7530921","","","2616205","powiat włocławski","1.0","Exact match via rdfs:label [global index] | 'Powiat Włocławski' -> 'powiat włocławski'","Woj. Kujawsko-Pomorskie","Q54153","3337500","","","223407","kujawsko-pomorskie","1.0","Exact match via skos:altLabel [global index] | 'Kujawsko-Pomorskie' -> 'kujawsko-pomorskie' | [normalised: stripped -> 'Kujawsko-Pomorskie']","Polen","Q36","798544","7006366","2054097","49715","Polen","1.0","Exact match via rdfs:label [global index] | 'Polen' -> 'Polen'","SBK","Ausgrabung","Q959782","Pyzel 2019","Q139460445","Siedlung","Q486972","50","548","Georeferenzierung einer gedruckten Karte","Printpublikation","georeferenziert wurde gedrucktes Kartenmaterial von Pyzel 2019","19.01","52.57","-4800","+/- 100 years","-4350","+/- 100 years","Q816829","low precision, as only stylistic dating","http://n2t.net/ark:/99152/p0wctqtnkjq","relatedMatch",""
"Pyzel 2019","Q139460445","","270","Ludwinowo 7","Gmina Wocławek","Q749271","7532846","","","2635731","Gmina Włocławek","0.9655","Fuzzy match (score=0.97) via rdfs:label [global index] | 'Gmina Wocławek' -> 'Gmina Włocławek'","pow. Włocławski","Q774833","7530921","","","2616205","powiat włocławski","1.0","Exact match via rdfs:label [global index] | 'Powiat Włocławski' -> 'powiat włocławski'","Woj. Kujawsko-Pomorskie","Q54153","3337500","","","223407","kujawsko-pomorskie","1.0","Exact match via skos:altLabel [global index] | 'Kujawsko-Pomorskie' -> 'kujawsko-pomorskie' | [normalised: stripped -> 'Kujawsko-Pomorskie']","Polen","Q36","798544","7006366","2054097","49715","Polen","1.0","Exact match via rdfs:label [global index] | 'Polen' -> 'Polen'","BKK","Ausgrabung","Q959782","Pyzel 2019","Q139460445","Siedlung","Q486972","50","549","Georeferenzierung einer gedruckten Karte","Printpublikation","georeferenziert wurde gedrucktes Kartenmaterial von Pyzel 2019","19.01","52.57","-4350","+/- 50 years","-3900","+/- 100 years","","low precision, as only stylistic dating","http://n2t.net/ark:/99152/p0j9r7233z7","exactMatch",""
"Wetzel 1988","Q139304620","","445","Uhyst 13","Boxberg/O.L.","Q544833","7602579","","","1310637","Boxberg/O.L.","1.0","Exact match via rdfs:label [global index] | 'Boxberg/O.L.' -> 'Boxberg/O.L.'","Görlitz","Q6317","","","","","Landkreis Görlitz","1.0","Direct override | 'Görlitz' -> QID=Q6317 | [override -> QID=Q6317]","Sachsen","Q1202","2842566","7003685","2315107","62467","Sachsen","1.0","Exact match via rdfs:label [global index] | 'Sachsen' -> 'Sachsen'","Deutschland","Q183","2921044","7000084","2044274","51477","Deutschland","1.0","Exact match via rdfs:label [global index] | 'Deutschland' -> 'Deutschland'","Guhrau","Lesefunde","","Wetzel 1988","Q139304620","unbek.","Q59496158","200","551","Georeferenzierung einer gedruckten Karte","Printpublikation","georeferenziert wurde gedrucktes Kartenmaterial von Wetzel 1988","14.53","51.37","-4685","+/- 100 years","-4505","+/- 100 years","Q173412","medium certainty, only one 14C date, cultural attribution unclear","","",""
"Wetzel 1988","Q139304620","","447","Uhyst 20","Boxberg/O.L.","Q544833","7602579","","","1310637","Boxberg/O.L.","1.0","Exact match via rdfs:label [global index] | 'Boxberg/O.L.' -> 'Boxberg/O.L.'","Görlitz","Q6317","","","","","Landkreis Görlitz","1.0","Direct override | 'Görlitz' -> QID=Q6317 | [override -> QID=Q6317]","Sachsen","Q1202","2842566","7003685","2315107","62467","Sachsen","1.0","Exact match via rdfs:label [global index] | 'Sachsen' -> 'Sachsen'","Deutschland","Q183","2921044","7000084","2044274","51477","Deutschland","1.0","Exact match via rdfs:label [global index] | 'Deutschland' -> 'Deutschland'","SRK?","","","Wetzel 1988","Q139304620","Grab?","Q173387","200","552","Georeferenzierung einer gedruckten Karte","Printpublikation","georeferenziert wurde gedrucktes Kartenmaterial von Wetzel 1988","14.53","51.38","-4800","+/- 100 years","-4750","+/- 100 years","Q816829","low precision, as only stylistic dating","http://n2t.net/ark:/99152/p0j9r72g96p","exactMatch",""
"Dziewanowski 2023","Q139460420","1","290","Mierzyn 6","Gmina Dobra","Q557090","7532918","","","342936","Gmina Dobra","1.0","Exact match via rdfs:label [global index] | 'Gmina Dobra' -> 'Gmina Dobra'","pow. Policki","Q558696","7530844","","","343814","powiat policki","1.0","Exact match via rdfs:label [global index] | 'Powiat Policki' -> 'powiat policki'","Woj. Zachodniopomorskie","Q54188","3337499","","","104401","zachodniopomorskie","1.0","Exact match via skos:altLabel [global index] | 'Zachodniopomorskie' -> 'zachodniopomorskie' | [normalised: stripped -> 'Zachodniopomorskie']","Polen","Q36","798544","7006366","2054097","49715","Polen","1.0","Exact match via rdfs:label [global index] | 'Polen' -> 'Polen'","SBK","Einzelfund","Q1144458","Dziewanowski 2015","Q139304639","Grab?","Q173387","800","562","Georeferenzierung einer gedruckten Karte","Printpublikation","georeferenziert wurde gedrucktes Kartenmaterial von  Dziewanowski 2023","14.46","53.44","-4800","+/- 100 years","-4350","+/- 100 years","Q816829","low precision, as only stylistic dating","http://n2t.net/ark:/99152/p0wctqtnkjq","relatedMatch",""
"Dziewanowski 2023","Q139460420","2","353","Przylep 5","Gmina Kołbaskowo","Q557824","7532384","","","343261","Gmina Kołbaskowo","1.0","Exact match via rdfs:label [global index] | 'Gmina Kołbaskowo' -> 'Gmina Kołbaskowo'","pow. Policki","Q558696","7530844","","","343814","powiat policki","1.0","Exact match via rdfs:label [global index] | 'Powiat Policki' -> 'powiat policki'","Woj. Zachodniopomorskie","Q54188","3337499","","","104401","zachodniopomorskie","1.0","Exact match via skos:altLabel [global index] | 'Zachodniopomorskie' -> 'zachodniopomorskie' | [normalised: stripped -> 'Zachodniopomorskie']","Polen","Q36","798544","7006366","2054097","49715","Polen","1.0","Exact match via rdfs:label [global index] | 'Polen' -> 'Polen'","SRK","Ausgrabung","Q959782","Dziewanowski 2015","Q139304639","Siedlung","Q486972","800","561","Georeferenzierung einer gedruckten Karte","Printpublikation","georeferenziert wurde gedrucktes Kartenmaterial von  Dziewanowski 2023","14.46","53.41","-4800","+/- 100 years","-4350","+/- 100 years","Q816829","low precision, as only stylistic dating","http://n2t.net/ark:/99152/p0wctqtnkjq","relatedMatch",""
"Dziewanowski 2023","Q139460420","4","461","Warzymice 2","Gmina Kołbaskowo","Q557824","7532384","","","343261","Gmina Kołbaskowo","1.0","Exact match via rdfs:label [global index] | 'Gmina Kołbaskowo' -> 'Gmina Kołbaskowo'","pow. Policki","Q558696","7530844","","","343814","powiat policki","1.0","Exact match via rdfs:label [global index] | 'Powiat Policki' -> 'powiat policki'","Woj. Zachodniopomorskie","Q54188","3337499","","","104401","zachodniopomorskie","1.0","Exact match via skos:altLabel [global index] | 'Zachodniopomorskie' -> 'zachodniopomorskie' | [normalised: stripped -> 'Zachodniopomorskie']","Polen","Q36","798544","7006366","2054097","49715","Polen","1.0","Exact match via rdfs:label [global index] | 'Polen' -> 'Polen'","Rössener Kultur","Ausgrabung","Q959782","Dziewanowski 2015","Q139304639","Siedlung","Q486972","800","560","Georeferenzierung einer gedruckten Karte","Printpublikation","georeferenziert wurde gedrucktes Kartenmaterial von  Dziewanowski 2023","14.46","53.38","-4700","+/- 100 years","-4400","+/- 100 years","Q816829","low precision, as only stylistic dating","http://n2t.net/ark:/99152/p066jt92nth","closeMatch",""
"Dziewanowski 2023","Q139460420","5","449","Ustowo/Kamieniec","Gmina Kołbaskowo","Q557824","7532384","","","343261","Gmina Kołbaskowo","1.0","Exact match via rdfs:label [global index] | 'Gmina Kołbaskowo' -> 'Gmina Kołbaskowo'","pow. Policki","Q558696","7530844","","","343814","powiat policki","1.0","Exact match via rdfs:label [global index] | 'Powiat Policki' -> 'powiat policki'","Woj. Zachodniopomorskie","Q54188","3337499","","","104401","zachodniopomorskie","1.0","Exact match via skos:altLabel [global index] | 'Zachodniopomorskie' -> 'zachodniopomorskie' | [normalised: stripped -> 'Zachodniopomorskie']","Polen","Q36","798544","7006366","2054097","49715","Polen","1.0","Exact match via rdfs:label [global index] | 'Polen' -> 'Polen'","Rössener Kultur","Einzelfund","Q1144458","Dziewanowski 2015","Q139304639","unbek.","Q59496158","800","559","Georeferenzierung einer gedruckten Karte","Printpublikation","georeferenziert wurde gedrucktes Kartenmaterial von  Dziewanowski 2023","14.49","53.35","-4700","+/- 100 years","-4400","+/- 100 years","Q816829","low precision, as only stylistic dating","http://n2t.net/ark:/99152/p066jt92nth","closeMatch",""
"Dziewanowski 2023","Q139460420","6","291","Mierzyn 9","Gmina Dobra","Q557090","7532918","","","342936","Gmina Dobra","1.0","Exact match via rdfs:label [global index] | 'Gmina Dobra' -> 'Gmina Dobra'","pow. Policki","Q558696","7530844","","","343814","powiat policki","1.0","Exact match via rdfs:label [global index] | 'Powiat Policki' -> 'powiat policki'","Woj. Zachodniopomorskie","Q54188","3337499","","","104401","zachodniopomorskie","1.0","Exact match via skos:altLabel [global index] | 'Zachodniopomorskie' -> 'zachodniopomorskie' | [normalised: stripped -> 'Zachodniopomorskie']","Polen","Q36","798544","7006366","2054097","49715","Polen","1.0","Exact match via rdfs:label [global index] | 'Polen' -> 'Polen'","Rössener Kultur","Ausgrabung","Q959782","Dziewanowski 2015","Q139304639","Siedlung","Q486972","800","558","Georeferenzierung einer gedruckten Karte","Printpublikation","georeferenziert wurde gedrucktes Kartenmaterial von  Dziewanowski 2023","14.44","53.43","-4700","+/- 100 years","-4400","+/- 100 years","Q816829","low precision, as only stylistic dating","http://n2t.net/ark:/99152/p066jt92nth","closeMatch",""
"Dziewanowski 2023","Q139460420","7","289","Mierzyn 5 (36)","Gmina Dobra","Q557090","7532918","","","342936","Gmina Dobra","1.0","Exact match via rdfs:label [global index] | 'Gmina Dobra' -> 'Gmina Dobra'","pow. Policki","Q558696","7530844","","","343814","powiat policki","1.0","Exact match via rdfs:label [global index] | 'Powiat Policki' -> 'powiat policki'","Woj. Zachodniopomorskie","Q54188","3337499","","","104401","zachodniopomorskie","1.0","Exact match via skos:altLabel [global index] | 'Zachodniopomorskie' -> 'zachodniopomorskie' | [normalised: stripped -> 'Zachodniopomorskie']","Polen","Q36","798544","7006366","2054097","49715","Polen","1.0","Exact match via rdfs:label [global index] | 'Polen' -> 'Polen'","Rössener Kultur","Ausgrabung","Q959782","Dziewanowski 2015","Q139304639","Siedlung","Q486972","800","557","Georeferenzierung einer gedruckten Karte","Printpublikation","georeferenziert wurde gedrucktes Kartenmaterial von  Dziewanowski 2023","14.46","53.42","-4700","+/- 100 years","-4400","+/- 100 years","Q816829","low precision, as only stylistic dating","http://n2t.net/ark:/99152/p066jt92nth","closeMatch",""
"Dziewanowski 2023","Q139460420","8","424","Stobno 13","Gmina Kołbaskowo","Q557824","7532384","","","343261","Gmina Kołbaskowo","1.0","Exact match via rdfs:label [global index] | 'Gmina Kołbaskowo' -> 'Gmina Kołbaskowo'","pow. Policki","Q558696","7530844","","","343814","powiat policki","1.0","Exact match via rdfs:label [global index] | 'Powiat Policki' -> 'powiat policki'","Woj. Zachodniopomorskie","Q54188","3337499","","","104401","zachodniopomorskie","1.0","Exact match via skos:altLabel [global index] | 'Zachodniopomorskie' -> 'zachodniopomorskie' | [normalised: stripped -> 'Zachodniopomorskie']","Polen","Q36","798544","7006366","2054097","49715","Polen","1.0","Exact match via rdfs:label [global index] | 'Polen' -> 'Polen'","Rössener Kultur","Ausgrabung","Q959782","Dziewanowski 2015","Q139304639","Siedlung","Q486972","800","556","Georeferenzierung einer gedruckten Karte","Printpublikation","georeferenziert wurde gedrucktes Kartenmaterial von  Dziewanowski 2023","14.44","53.42","-4700","+/- 100 years","-4400","+/- 100 years","Q816829","low precision, as only stylistic dating","http://n2t.net/ark:/99152/p066jt92nth","closeMatch",""
"Dziewanowski 2023","Q139460420","9","409","Siadło Dolne 7","Gmina Kołbaskowo","Q557824","7532384","","","343261","Gmina Kołbaskowo","1.0","Exact match via rdfs:label [global index] | 'Gmina Kołbaskowo' -> 'Gmina Kołbaskowo'","pow. Policki","Q558696","7530844","","","343814","powiat policki","1.0","Exact match via rdfs:label [global index] | 'Powiat Policki' -> 'powiat policki'","Woj. Zachodniopomorskie","Q54188","3337499","","","104401","zachodniopomorskie","1.0","Exact match via skos:altLabel [global index] | 'Zachodniopomorskie' -> 'zachodniopomorskie' | [normalised: stripped -> 'Zachodniopomorskie']","Polen","Q36","798544","7006366","2054097","49715","Polen","1.0","Exact match via rdfs:label [global index] | 'Polen' -> 'Polen'","Rössener Kultur","","","Dziewanowski 2015","Q139304639","unbek.","Q59496158","800","555","Georeferenzierung einer gedruckten Karte","Printpublikation","georeferenziert wurde gedrucktes Kartenmaterial von  Dziewanowski 2023","14.49","53.38","-4700","+/- 100 years","-4400","+/- 100 years","Q816829","low precision, as only stylistic dating","http://n2t.net/ark:/99152/p066jt92nth","closeMatch",""
"Dziewanowski 2023","Q139460420","10","448","Ustowo 24","Gmina Kołbaskowo","Q557824","7532384","","","343261","Gmina Kołbaskowo","1.0","Exact match via rdfs:label [global index] | 'Gmina Kołbaskowo' -> 'Gmina Kołbaskowo'","pow. Policki","Q558696","7530844","","","343814","powiat policki","1.0","Exact match via rdfs:label [global index] | 'Powiat Policki' -> 'powiat policki'","Woj. Zachodniopomorskie","Q54188","3337499","","","104401","zachodniopomorskie","1.0","Exact match via skos:altLabel [global index] | 'Zachodniopomorskie' -> 'zachodniopomorskie' | [normalised: stripped -> 'Zachodniopomorskie']","Polen","Q36","798544","7006366","2054097","49715","Polen","1.0","Exact match via rdfs:label [global index] | 'Polen' -> 'Polen'","Rössener Kultur","","","Dziewanowski 2019","Q139304679","unbek.","Q59496158","800","554","Georeferenzierung einer gedruckten Karte","Printpublikation","georeferenziert wurde gedrucktes Kartenmaterial von  Dziewanowski 2023","14.52","53.39","-4700","+/- 100 years","-4400","+/- 100 years","Q816829","low precision, as only stylistic dating","http://n2t.net/ark:/99152/p066jt92nth","closeMatch",""
"Dziewanowski 2023","Q139460420","7","289","Mierzyn 5 (36)","Gmina Dobra","Q557090","7532918","","","342936","Gmina Dobra","1.0","Exact match via rdfs:label [global index] | 'Gmina Dobra' -> 'Gmina Dobra'","pow. Policki","Q558696","7530844","","","343814","powiat policki","1.0","Exact match via rdfs:label [global index] | 'Powiat Policki' -> 'powiat policki'","Woj. Zachodniopomorskie","Q54188","3337499","","","104401","zachodniopomorskie","1.0","Exact match via skos:altLabel [global index] | 'Zachodniopomorskie' -> 'zachodniopomorskie' | [normalised: stripped -> 'Zachodniopomorskie']","Polen","Q36","798544","7006366","2054097","49715","Polen","1.0","Exact match via rdfs:label [global index] | 'Polen' -> 'Polen'","SBK","Ausgrabung","Q959782","Dziewanowski 2015","Q139304639","Siedlung","Q486972","800","553","Georeferenzierung einer gedruckten Karte","Printpublikation","georeferenziert wurde gedrucktes Kartenmaterial von  Dziewanowski 2023","14.46","53.42","-4800","+/- 100 years","-4350","+/- 100 years","Q816829","low precision, as only stylistic dating","http://n2t.net/ark:/99152/p0wctqtnkjq","relatedMatch",""
"Denkmaldaten / BLDAM 2021","Q897952","11326","303","Neuendorf am See 6","Neuendorf am See","Q1979994","","","","3549564","Neuendorf am See","1.0","Transitive P131+ exact match | 'Neuendorf am See' -> 'Neuendorf am See'","Dahme-Spreewald","Q6173","3249080","7076944","","62376","Dahme-Spreewald","1.0","Exact match via skos:altLabel [global index] | 'Dahme-Spreewald' -> 'Dahme-Spreewald'","Brandenburg","Q1208","2945356","7000096","2048409","62504","Brandenburg","1.0","Exact match via rdfs:label [global index] | 'Brandenburg' -> 'Brandenburg'","Deutschland","Q183","2921044","7000084","2044274","51477","Deutschland","1.0","Exact match via rdfs:label [global index] | 'Deutschland' -> 'Deutschland'","FBG","Lesefunde","Q1144458","Wetzel/Beran 2023","Q139304633","unbek.","Q59496158","0","563","Übernahme aus externer Datenbank","Strukturen des Landesdenkmalamts","die Koordinaten wurden beim BLDAM angefragt und übernommen","13.89","52.1","-4550","+/- 100 years","-3900","+/- 100 years","Q816829","dating still very uncertain, for the whole group only few 14C dates available","","",""
"Denkmaldaten / BLDAM 2024","Q897952","","132","Fürstenwalde 41","Fürstenwalde","Q16064","6550634","1036677","","1384842","Fürstenwalde","1.0","Exact match via rdfs:label [global index] | 'Fürstenwalde' -> 'Fürstenwalde'","Oder-Spree","Q6178","3249086","7076938","","62628","Oder-Spree","1.0","Exact match via skos:altLabel [global index] | 'Oder-Spree' -> 'Oder-Spree'","Brandenburg","Q1208","2945356","7000096","2048409","62504","Brandenburg","1.0","Exact match via rdfs:label [global index] | 'Brandenburg' -> 'Brandenburg'","Deutschland","Q183","2921044","7000084","2044274","51477","Deutschland","1.0","Exact match via rdfs:label [global index] | 'Deutschland' -> 'Deutschland'","FBG","Lesefunde","","Wetzel/Beran 2023","Q139304633","unbek.","Q59496158","0","564","Übernahme aus externer Datenbank","Strukturen des Landesdenkmalamts","die Koordinaten wurden beim BLDAM angefragt und übernommen","13.94","52.39","-4550","+/- 100 years","-3900","+/- 100 years","Q816829","dating still very uncertain, for the whole group only few 14C dates available","","",""
"Denkmaldaten / BLDAM 2021","Q897952","","370","Rhinow 30","Rhinow","Q532037","6550612","","","1332714","Rhinow","1.0","Exact match via rdfs:label [global index] | 'Rhinow' -> 'Rhinow'","Havelland","Q6139","","","","","Havelland","1.0","Direct override | 'Havelland' -> QID=Q6139 | [override -> QID=Q6139]","Brandenburg","Q1208","2945356","7000096","2048409","62504","Brandenburg","1.0","Exact match via rdfs:label [global index] | 'Brandenburg' -> 'Brandenburg'","Deutschland","Q183","2921044","7000084","2044274","51477","Deutschland","1.0","Exact match via rdfs:label [global index] | 'Deutschland' -> 'Deutschland'","FBG","Lesefunde","","Wetzel/Beran 2023","Q139304633","unbek.","Q59496158","0","565","Übernahme aus externer Datenbank","Strukturen des Landesdenkmalamts","die Koordinaten wurden beim BLDAM angefragt und übernommen","12.35","52.76","-4550","+/- 100 years","-3900","+/- 100 years","Q816829","dating still very uncertain, for the whole group only few 14C dates available","","",""
"BLDAM / M. Ismail-Weber 2018","Q897952","11207","189","Hohenbrück 2","Hohenbrück","Q1623655","","","","3548851","Hohenbrück","1.0","Transitive P131+ exact match | 'Hohenbrück' -> 'Hohenbrück'","Dahme-Spreewald","Q6173","3249080","7076944","","62376","Dahme-Spreewald","1.0","Exact match via skos:altLabel [global index] | 'Dahme-Spreewald' -> 'Dahme-Spreewald'","Brandenburg","Q1208","2945356","7000096","2048409","62504","Brandenburg","1.0","Exact match via rdfs:label [global index] | 'Brandenburg' -> 'Brandenburg'","","Q183","2921044","7000084","2044274","51477","Deutschland","1.0","Exact match via rdfs:label [global index] | 'Deutschland' -> 'Deutschland'","Guhrau","Lesefunde","Q1144458","Wetzel 2013","Q139304611","unbek.","Q59496158","0","571","Übernahme aus externer Datenbank","Strukturen des Landesdenkmalamts","die Koordinaten wurden 2018 von Maha Ismail-Weber beim BLDAM angefragt und übernommen","13.89","52.09","-4600","+/- 200 years","-4000","+/- 300 years","Q816829","very uncertain, no dated features","","",""
"BLDAM / M. Ismail-Weber 2018","Q897952","49204","302","Neuendorf am See 13","Neuendorf am See","Q1979994","","","","3549564","Neuendorf am See","1.0","Transitive P131+ exact match | 'Neuendorf am See' -> 'Neuendorf am See'","Dahme-Spreewald","Q6173","3249080","7076944","","62376","Dahme-Spreewald","1.0","Exact match via skos:altLabel [global index] | 'Dahme-Spreewald' -> 'Dahme-Spreewald'","Brandenburg","Q1208","2945356","7000096","2048409","62504","Brandenburg","1.0","Exact match via rdfs:label [global index] | 'Brandenburg' -> 'Brandenburg'","Deutschland","Q183","2921044","7000084","2044274","51477","Deutschland","1.0","Exact match via rdfs:label [global index] | 'Deutschland' -> 'Deutschland'","Guhrau","Lesefunde","Q1144458","Wetzel 2013","Q139304611","unbek.","Q59496158","0","574","Übernahme aus externer Datenbank","Strukturen des Landesdenkmalamts","die Koordinaten wurden 2018 von Maha Ismail-Weber beim BLDAM angefragt und übernommen","13.88","52.1","-4600","+/- 200 years","-4000","+/- 300 years","Q816829","very uncertain, no dated features","","",""
"BLDAM / M. Ismail-Weber 2018","Q897952","29060","180","Heinersbrück 31","Heinersbrück","Q574750","6547710","","","1322805","Heinersbrück","1.0","Exact match via rdfs:label [global index] | 'Heinersbrück' -> 'Heinersbrück'","Spree-Neiße","Q6165","3249089","7076935","","62683","Spree-Neiße","1.0","Exact match via skos:altLabel [global index] | 'Spree-Neiße' -> 'Spree-Neiße'","Brandenburg","Q1208","2945356","7000096","2048409","62504","Brandenburg","1.0","Exact match via rdfs:label [global index] | 'Brandenburg' -> 'Brandenburg'","","Q183","2921044","7000084","2044274","51477","Deutschland","1.0","Exact match via rdfs:label [global index] | 'Deutschland' -> 'Deutschland'","Guhrau","Lesefunde","","Wetzel 2013","Q139304611","unbek.","Q59496158","0","575","Übernahme aus externer Datenbank","Strukturen des Landesdenkmalamts","die Koordinaten wurden 2018 von Maha Ismail-Weber beim BLDAM angefragt und übernommen","14.54","51.81","-4600","+/- 200 years","-4000","+/- 300 years","Q816829","very uncertain, no dated features","","",""
"BLDAM / M. Ismail-Weber 2018","Q897952","16057","339","Potsdam 16","Potsdam","Q32233930","2852458","","","","Potsdam","1.0","Exact match via rdfs:label [global index] | 'Potsdam' -> 'Potsdam'","Potsdam","Q1711","7602560","7004463","","62369","Potsdam","1.0","Exact match via rdfs:label [global index] | 'Potsdam' -> 'Potsdam'","Brandenburg","Q1208","2945356","7000096","2048409","62504","Brandenburg","1.0","Exact match via rdfs:label [global index] | 'Brandenburg' -> 'Brandenburg'","","Q183","2921044","7000084","2044274","51477","Deutschland","1.0","Exact match via rdfs:label [global index] | 'Deutschland' -> 'Deutschland'","Guhrau","Lesefunde","Q1144458","Beran 2012 b","Q139304609","unbek.","Q59496158","0","579","Übernahme aus externer Datenbank","Strukturen des Landesdenkmalamts","die Koordinaten wurden 2018 von Maha Ismail-Weber beim BLDAM angefragt und übernommen","13.07","52.4","-4600","+/- 200 years","-4000","+/- 300 years","Q816829","very uncertain, no dated features","","",""
"BLDAM / M. Ismail-Weber 2018","Q897952","40884","344","Potsdam 82","Potsdam","Q32233930","2852458","","","","Potsdam","1.0","Exact match via rdfs:label [global index] | 'Potsdam' -> 'Potsdam'","Potsdam","Q1711","7602560","7004463","","62369","Potsdam","1.0","Exact match via rdfs:label [global index] | 'Potsdam' -> 'Potsdam'","Brandenburg","Q1208","2945356","7000096","2048409","62504","Brandenburg","1.0","Exact match via rdfs:label [global index] | 'Brandenburg' -> 'Brandenburg'","","Q183","2921044","7000084","2044274","51477","Deutschland","1.0","Exact match via rdfs:label [global index] | 'Deutschland' -> 'Deutschland'","Guhrau","Lesefunde","Q1144458","Beran 2011 a","Q139304621","unbek.","Q59496158","0","580","Übernahme aus externer Datenbank","Strukturen des Landesdenkmalamts","die Koordinaten wurden 2018 von Maha Ismail-Weber beim BLDAM angefragt und übernommen","13.07","52.4","-4600","+/- 200 years","-4000","+/- 300 years","Q816829","very uncertain, no dated features","","",""
"BLDAM / M. Ismail-Weber 2018","Q897952","27469","439","Trebus 1","Trebus","Q14912355","","","","","Trebus","1.0","Transitive P131+ exact match | 'Trebus' -> 'Trebus'","Oder-Spree","Q6178","3249086","7076938","","62628","Oder-Spree","1.0","Exact match via skos:altLabel [global index] | 'Oder-Spree' -> 'Oder-Spree'","Brandenburg","Q1208","2945356","7000096","2048409","62504","Brandenburg","1.0","Exact match via rdfs:label [global index] | 'Brandenburg' -> 'Brandenburg'","","Q183","2921044","7000084","2044274","51477","Deutschland","1.0","Exact match via rdfs:label [global index] | 'Deutschland' -> 'Deutschland'","Guhrau","","","Kirsch 1993","Q139304618","unbek.","Q59496158","0","581","Übernahme aus externer Datenbank","Strukturen des Landesdenkmalamts","die Koordinaten wurden 2018 von Maha Ismail-Weber beim BLDAM angefragt und übernommen","14.05","52.41","-4600","+/- 200 years","-4000","+/- 300 years","Q816829","very uncertain, no dated features","","",""
"BLDAM / M. Ismail-Weber 2018","Q897952","19567","213","Kietz 3b","Kietz","Q532037","","","","","Kietz","1.0","Direct override | 'Kietz' -> QID=Q532037 | [override -> QID=Q532037]","Havelland","Q6139","","","","","Havelland","1.0","Direct override | 'Havelland' -> QID=Q6139 | [override -> QID=Q6139]","Brandenburg","Q1208","2945356","7000096","2048409","62504","Brandenburg","1.0","Exact match via rdfs:label [global index] | 'Brandenburg' -> 'Brandenburg'","","Q183","2921044","7000084","2044274","51477","Deutschland","1.0","Exact match via rdfs:label [global index] | 'Deutschland' -> 'Deutschland'","Guhrau","Lesefunde","Q1144458","Wetzel 2013","Q139304611","unbek.","Q59496158","0","582","Übernahme aus externer Datenbank","Strukturen des Landesdenkmalamts","die Koordinaten wurden 2018 von Maha Ismail-Weber beim BLDAM angefragt und übernommen","12.32","52.76","-4600","+/- 200 years","-4000","+/- 300 years","Q816829","very uncertain, no dated features","","",""
"BLDAM / M. Ismail-Weber 2018","Q897952","9580","54","Bochow  8","Bochow","Q889041","","","","4471830","Bochow","1.0","Transitive P131+ exact match | 'Bochow' -> 'Bochow'","Teltow-Fläming","Q6146","","","","","Landkreis Teltow-Fläming","1.0","Direct override | 'Teltow-Fläming' -> QID=Q6146 | [override -> QID=Q6146]","Brandenburg","Q1208","2945356","7000096","2048409","62504","Brandenburg","1.0","Exact match via rdfs:label [global index] | 'Brandenburg' -> 'Brandenburg'","","Q183","2921044","7000084","2044274","51477","Deutschland","1.0","Exact match via rdfs:label [global index] | 'Deutschland' -> 'Deutschland'","Guhrau","Lesefunde","Q1144458","Eberhardt 2007","Q139304612","unbek.","Q59496158","0","584","Übernahme aus externer Datenbank","Strukturen des Landesdenkmalamts","die Koordinaten wurden 2018 von Maha Ismail-Weber beim BLDAM angefragt und übernommen","13.06","51.96","-4600","+/- 200 years","-4000","+/- 300 years","Q816829","very uncertain, no dated features","","",""
"BLDAM / M. Ismail-Weber 2018","Q897952","17189","222","Klinkow 26","Klinkow","Q1416179","","","","","Klinkow","1.0","Transitive P131+ exact match | 'Klinkow' -> 'Klinkow'","Uckermark","Q6109","","","","","Uckermark","1.0","Direct override | 'Uckermark' -> QID=Q6109 | [override -> QID=Q6109]","Brandenburg","Q1208","2945356","7000096","2048409","62504","Brandenburg","1.0","Exact match via rdfs:label [global index] | 'Brandenburg' -> 'Brandenburg'","","Q183","2921044","7000084","2044274","51477","Deutschland","1.0","Exact match via rdfs:label [global index] | 'Deutschland' -> 'Deutschland'","Guhrau","Lesefunde","Q1144458","Wetzel 2013","Q139304611","unbek.","Q59496158","0","585","Übernahme aus externer Datenbank","Strukturen des Landesdenkmalamts","die Koordinaten wurden 2018 von Maha Ismail-Weber beim BLDAM angefragt und übernommen","13.83","53.32","-4600","+/- 200 years","-4000","+/- 300 years","Q816829","very uncertain, no dated features","","",""
"BLDAM / M. Ismail-Weber 2018","Q897952","18010","401","Schwaneberg 27","Schwaneberg","Q62448579","","","","","Schwaneberg","1.0","Direct override | 'Schwaneberg' -> QID=Q62448579 | [override -> QID=Q62448579]","Uckermark","Q6109","","","","","Uckermark","1.0","Direct override | 'Uckermark' -> QID=Q6109 | [override -> QID=Q6109]","Brandenburg","Q1208","2945356","7000096","2048409","62504","Brandenburg","1.0","Exact match via rdfs:label [global index] | 'Brandenburg' -> 'Brandenburg'","Deutschland","Q183","2921044","7000084","2044274","51477","Deutschland","1.0","Exact match via rdfs:label [global index] | 'Deutschland' -> 'Deutschland'","Guhrau","Lesefunde","Q1144458","Raddatz 1958","Q139570571","unbek.","Q59496158","0","586","Übernahme aus externer Datenbank","Strukturen des Landesdenkmalamts","die Koordinaten wurden 2018 von Maha Ismail-Weber beim BLDAM angefragt und übernommen","14.12","53.33","-4600","+/- 200 years","-4000","+/- 300 years","Q816829","very uncertain, no dated features","","",""
"BLDAM / M. Ismail-Weber 2018","Q897952","16318","39","Bietikow 15","Bietikow","Q105946872","","","","","Bietikow","1.0","Transitive P131+ exact match | 'Bietikow' -> 'Bietikow'","Uckermark","Q6109","","","","","Uckermark","1.0","Direct override | 'Uckermark' -> QID=Q6109 | [override -> QID=Q6109]","Brandenburg","Q1208","2945356","7000096","2048409","62504","Brandenburg","1.0","Exact match via rdfs:label [global index] | 'Brandenburg' -> 'Brandenburg'","","Q183","2921044","7000084","2044274","51477","Deutschland","1.0","Exact match via rdfs:label [global index] | 'Deutschland' -> 'Deutschland'","Guhrau","Lesefunde","Q1144458","Schoknecht 1986","Q139304650","unbek.","Q59496158","0","587","Übernahme aus externer Datenbank","Strukturen des Landesdenkmalamts","die Koordinaten wurden 2018 von Maha Ismail-Weber beim BLDAM angefragt und übernommen","13.96","53.28","-4600","+/- 200 years","-4000","+/- 300 years","Q816829","very uncertain, no dated features","","",""
"BLDAM / M. Ismail-Weber 2018","Q897952","31934","345","Potzlow 36","Potzlow","Q2106643","","","","","Potzlow","1.0","Transitive P131+ exact match | 'Potzlow' -> 'Potzlow'","Uckermark","Q6109","","","","","Uckermark","1.0","Direct override | 'Uckermark' -> QID=Q6109 | [override -> QID=Q6109]","Brandenburg","Q1208","2945356","7000096","2048409","62504","Brandenburg","1.0","Exact match via rdfs:label [global index] | 'Brandenburg' -> 'Brandenburg'","","Q183","2921044","7000084","2044274","51477","Deutschland","1.0","Exact match via rdfs:label [global index] | 'Deutschland' -> 'Deutschland'","Guhrau","Lesefunde","Q1144458","Wetzel 2013","Q139304611","unbek.","Q59496158","0","588","Übernahme aus externer Datenbank","Strukturen des Landesdenkmalamts","die Koordinaten wurden 2018 von Maha Ismail-Weber beim BLDAM angefragt und übernommen","13.83","53.22","-4600","+/- 200 years","-4000","+/- 300 years","Q816829","very uncertain, no dated features","","",""
"BLDAM / M. Ismail-Weber 2018","Q897952","19894","370","Rhinow 30","Rhinow","Q532037","6550612","","","1332714","Rhinow","1.0","Exact match via rdfs:label [global index] | 'Rhinow' -> 'Rhinow'","Havelland","Q6139","","","","","Havelland","1.0","Direct override | 'Havelland' -> QID=Q6139 | [override -> QID=Q6139]","Brandenburg","Q1208","2945356","7000096","2048409","62504","Brandenburg","1.0","Exact match via rdfs:label [global index] | 'Brandenburg' -> 'Brandenburg'","","Q183","2921044","7000084","2044274","51477","Deutschland","1.0","Exact match via rdfs:label [global index] | 'Deutschland' -> 'Deutschland'","Guhrau","Lesefunde","Q1144458","Wetzel/Beran 2023","Q139304633","unbek.","Q59496158","0","589","Übernahme aus externer Datenbank","Strukturen des Landesdenkmalamts","die Koordinaten wurden 2018 von Maha Ismail-Weber beim BLDAM angefragt und übernommen","12.35","52.76","-4600","+/- 200 years","-4000","+/- 300 years","Q816829","very uncertain, no dated features","","",""
"BLDAM / M. Ismail-Weber 2018","Q897952","25385","195","Hoppenrade 6","Hoppenrade","Q104757864","2899161","1036975","","","Hoppenrade","1.0","Transitive P131+ exact match | 'Hoppenrade' -> 'Hoppenrade'","Havelland","Q6139","","","","","Havelland","1.0","Direct override | 'Havelland' -> QID=Q6139 | [override -> QID=Q6139]","Brandenburg","Q1208","2945356","7000096","2048409","62504","Brandenburg","1.0","Exact match via rdfs:label [global index] | 'Brandenburg' -> 'Brandenburg'","","Q183","2921044","7000084","2044274","51477","Deutschland","1.0","Exact match via rdfs:label [global index] | 'Deutschland' -> 'Deutschland'","Guhrau","Lesefunde","Q1144458","Umbreit 1937","Q139304632","unbek.","Q59496158","0","590","Übernahme aus externer Datenbank","Strukturen des Landesdenkmalamts","die Koordinaten wurden 2018 von Maha Ismail-Weber beim BLDAM angefragt und übernommen","12.92","52.54","-4600","+/- 200 years","-4000","+/- 300 years","Q816829","very uncertain, no dated features","","",""
