{
 "type": "FeatureCollection",
 "copyright": "The data included in this document is from www.openstreetmap.org. The data is made available under ODbL.",
 "note": "Overpass export, tags reduced, rings simplified (Douglas-Peucker, tolerance 0.002 deg) and rounded to 5 decimals.",
 "features": [
  {
   "type": "Feature",
   "properties": {
    "@id": "relation/62504",
    "admin_level": "4",
    "boundary": "administrative",
    "name": "Brandenburg",
    "name:de": "Brandenburg",
    "name:en": "Brandenburg",
    "name:pl": "Brandeburgia",
    "population": "2522000",
    "ref": "BB",
    "ref:nuts": "DE4;DE40",
    "type": "boundary",
    "wikidata": "Q1208",
    "wikipedia": "de:Brandenburg"
   },
   "geometry": {
    "type": "Polygon",
    "coordinates": [
     [
      [
       13.14109,
       51.57123
      ],
      [
       13.14671,
       51.56365
      ],
      [
       13.15846,
       51.56424
      ],
      [
       13.16029,
       51.55888
      ],
      [
       13.18563,
       51.5581
      ],
      [
       13.19074,
       51.53881
      ],
      [
       13.20084,
       51.52574
      ],
      [
       13.20804,
       51.52427
      ],
      [
       13.20705,
       51.50485
      ],
      [
       13.20205,
       51.50407
      ],
      [
       13.20399,
       51.49869
      ],
      [
       13.19662,
       51.49395
      ],
      [
       13.20155,
       51.49184
      ],
      [
       13.19212,
       51.48807
      ],
      [
       13.18226,
       51.49193
      ],
      [
       13.18715,
       51.48602
      ],
      [
       13.18274,
       51.47152
      ],
      [
       13.20279,
       51.45907
      ],
      [
       13.20356,
       51.45207
      ],
      [
       13.19267,
       51.44157
      ],
      [
       13.19232,
       51.43704
      ],
      [
       13.18495,
       51.43799
      ],
      [
       13.17505,
       51.43273
      ],
      [
       13.17403,
       51.42828
      ],
      [
       13.1845,
       51.42351
      ],
      [
       13.18893,
       51.42616
      ],
      [
       13.1871,
       51.43202
      ],
      [
       13.1922,
       51.43617
      ],
      [
       13.20043,
       51.43285
      ],
      [
       13.20391,
       51.42701
      ],
      [
       13.20205,
       51.41653
      ],
      [
       13.21634,
       51.39535
      ],
      [
       13.25087,
       51.39382
      ],
      [
       13.26028,
       51.39003
      ],
      [
       13.26377,
       51.38475
      ],
      [
       13.2687,
       51.38452
      ],
      [
       13.27032,
       51.39063
      ],
      [
       13.26389,
       51.39094
      ],
      [
       13.26371,
       51.39459
      ],
      [
       13.25909,
       51.39518
      ],
      [
       13.2602,
       51.40145
      ],
      [
       13.28649,
       51.39925
      ],
      [
       13.28562,
       51.41077
      ],
      [
       13.30928,
       51.41754
      ],
      [
       13.31136,
       51.42237
      ],
      [
       13.32866,
       51.4265
      ],
      [
       13.32079,
       51.43739
      ],
      [
       13.33334,
       51.4374
      ],
      [
       13.33799,
       51.42912
      ],
      [
       13.35787,
       51.43394
      ],
      [
       13.37866,
       51.42526
      ],
      [
       13.38274,
       51.42725
      ],
      [
       13.37402,
       51.43823
      ],
      [
       13.38174,
       51.43649
      ],
      [
       13.38742,
       51.44172
      ],
      [
       13.38796,
       51.44794
      ],
      [
       13.40108,
       51.45429
      ],
      [
       13.40938,
       51.44975
      ],
      [
       13.40553,
       51.44618
      ],
      [
       13.41208,
       51.43944
      ],
      [
       13.42007,
       51.43873
      ],
      [
       13.42268,
       51.43377
      ],
      [
       13.42881,
       51.43168
      ],
      [
       13.43011,
       51.42832
      ],
      [
       13.42197,
       51.42162
      ],
      [
       13.42867,
       51.42165
      ],
      [
       13.43375,
       51.42775
      ],
      [
       13.4456,
       51.42601
      ],
      [
       13.44357,
       51.42873
      ],
      [
       13.44565,
       51.43093
      ],
      [
       13.45047,
       51.42241
      ],
      [
       13.46326,
       51.42228
      ],
      [
       13.46482,
       51.42727
      ],
      [
       13.47599,
       51.41841
      ],
      [
       13.4657,
       51.42167
      ],
      [
       13.46328,
       51.41206
      ],
      [
       13.49224,
       51.40762
      ],
      [
       13.49597,
       51.40292
      ],
      [
       13.52067,
       51.40375
      ],
      [
       13.52331,
       51.38093
      ],
      [
       13.53805,
       51.38082
      ],
      [
       13.54253,
       51.36942
      ],
      [
       13.54593,
       51.36923
      ],
      [
       13.55096,
       51.37935
      ],
      [
       13.57022,
       51.38574
      ],
      [
       13.58992,
       51.38433
      ],
      [
       13.58808,
       51.38177
      ],
      [
       13.59119,
       51.37495
      ],
      [
       13.59534,
       51.37456
      ],
      [
       13.59393,
       51.3693
      ],
      [
       13.59869,
       51.36875
      ],
      [
       13.61716,
       51.37091
      ],
      [
       13.66187,
       51.369
      ],
      [
       13.66943,
       51.37572
      ],
      [
       13.68288,
       51.36773
      ],
      [
       13.69117,
       51.37418
      ],
      [
       13.71329,
       51.36346
      ],
      [
       13.72698,
       51.36479
      ],
      [
       13.739,
       51.3612
      ],
      [
       13.751,
       51.36538
      ],
      [
       13.75559,
       51.3717
      ],
      [
       13.76772,
       51.3717
      ],
      [
       13.76768,
       51.36769
      ],
      [
       13.76174,
       51.3645
      ],
      [
       13.7634,
       51.35901
      ],
      [
       13.76548,
       51.36271
      ],
      [
       13.77608,
       51.36069
      ],
      [
       13.78061,
       51.36889
      ],
      [
       13.78577,
       51.37042
      ],
      [
       13.80874,
       51.37282
      ],
      [
       13.81975,
       51.36947
      ],
      [
       13.83584,
       51.37683
      ],
      [
       13.83452,
       51.38343
      ],
      [
       13.86333,
       51.38179
      ],
      [
       13.86507,
       51.37815
      ],
      [
       13.88004,
       51.37434
      ],
      [
       13.89074,
       51.37765
      ],
      [
       13.8996,
       51.37631
      ],
      [
       13.90976,
       51.3785
      ],
      [
       13.90834,
       51.38307
      ],
      [
       13.93948,
       51.38916
      ],
      [
       13.95411,
       51.39712
      ],
      [
       13.97252,
       51.39346
      ],
      [
       13.97038,
       51.37578
      ],
      [
       13.99977,
       51.37263
      ],
      [
       13.99628,
       51.38337
      ],
      [
       14.00803,
       51.39157
      ],
      [
       14.00374,
       51.39571
      ],
      [
       14.01352,
       51.39816
      ],
      [
       14.02812,
       51.39623
      ],
      [
       14.02606,
       51.40185
      ],
      [
       14.01689,
       51.40187
      ],
      [
       14.01594,
       51.40532
      ],
      [
       14.04477,
       51.41875
      ],
      [
       14.04347,
       51.42457
      ],
      [
       14.0383,
       51.42842
      ],
      [
       14.04599,
       51.42967
      ],
      [
       14.03714,
       51.43462
      ],
      [
       14.04377,
       51.43968
      ],
      [
       14.06259,
       51.44551
      ],
      [
       14.05255,
       51.4516
      ],
      [
       14.05541,
       51.46072
      ],
      [
       14.03578,
       51.47165
      ],
      [
       14.03376,
       51.47618
      ],
      [
       14.03875,
       51.48009
      ],
      [
       14.07229,
       51.47233
      ],
      [
       14.08774,
       51.47754
      ],
      [
       14.08912,
       51.47934
      ],
      [
       14.07373,
       51.49228
      ],
      [
       14.09628,
       51.498
      ],
      [
       14.09545,
       51.50241
      ],
      [
       14.10096,
       51.51435
      ],
      [
       14.10899,
       51.52213
      ],
      [
       14.14249,
       51.5226
      ],
      [
       14.12981,
       51.53353
      ],
      [
       14.13696,
       51.54308
      ],
      [
       14.17525,
       51.53909
      ],
      [
       14.2134,
       51.53962
      ],
      [
       14.22918,
       51.53282
      ],
      [
       14.24437,
       51.53213
      ],
      [
       14.24238,
       51.52882
      ],
      [
       14.24721,
       51.52776
      ],
      [
       14.25371,
       51.53193
      ],
      [
       14.27389,
       51.53215
      ],
      [
       14.3233,
       51.51913
      ],
      [
       14.3272,
       51.50737
      ],
      [
       14.33236,
       51.50504
      ],
      [
       14.34197,
       51.51052
      ],
      [
       14.34039,
       51.52098
      ],
      [
       14.35721,
       51.52197
      ],
      [
       14.37584,
       51.53324
      ],
      [
       14.38577,
       51.53388
      ],
      [
       14.38657,
       51.54174
      ],
      [
       14.39883,
       51.54196
      ],
      [
       14.40984,
       51.5374
      ],
      [
       14.44131,
       51.54463
      ],
      [
       14.44715,
       51.54233
      ],
      [
       14.44689,
       51.55289
      ],
      [
       14.45414,
       51.5564
      ],
      [
       14.49975,
       51.55921
      ],
      [
       14.51639,
       51.55416
      ],
      [
       14.52514,
       51.55859
      ],
      [
       14.54486,
       51.56168
      ],
      [
       14.54767,
       51.56374
      ],
      [
       14.54428,
       51.57366
      ],
      [
       14.55955,
       51.57303
      ],
      [
       14.56765,
       51.58103
      ],
      [
       14.58065,
       51.58065
      ],
      [
       14.58326,
       51.57445
      ],
      [
       14.59767,
       51.5724
      ],
      [
       14.60613,
       51.55747
      ],
      [
       14.60362,
       51.55511
      ],
      [
       14.60964,
       51.55011
      ],
      [
       14.66439,
       51.55474
      ],
      [
       14.67414,
       51.55103
      ],
      [
       14.69112,
       51.5623
      ],
      [
       14.69646,
       51.57519
      ],
      [
       14.69293,
       51.57631
      ],
      [
       14.7071,
       51.57673
      ],
      [
       14.69668,
       51.59676
      ],
      [
       14.71072,
       51.59599
      ],
      [
       14.72988,
       51.58166
      ],
      [
       14.76512,
       51.60747
      ],
      [
       14.76329,
       51.61925
      ],
      [
       14.75334,
       51.62787
      ],
      [
       14.75614,
       51.63256
      ],
      [
       14.75593,
       51.64554
      ],
      [
       14.75099,
       51.65261
      ],
      [
       14.75775,
       51.66135
      ],
      [
       14.74717,
       51.67595
      ],
      [
       14.73725,
       51.67901
      ],
      [
       14.73844,
       51.68673
      ],
      [
       14.72835,
       51.68873
      ],
      [
       14.69155,
       51.70801
      ],
      [
       14.6772,
       51.7231
      ],
      [
       14.66817,
       51.72586
      ],
      [
       14.65633,
       51.74076
      ],
      [
       14.66007,
       51.74844
      ],
      [
       14.65735,
       51.75333
      ],
      [
       14.66409,
       51.75713
      ],
      [
       14.65057,
       51.76167
      ],
      [
       14.65471,
       51.7676
      ],
      [
       14.65386,
       51.78369
      ],
      [
       14.64547,
       51.79553
      ],
      [
       14.63631,
       51.79747
      ],
      [
       14.63213,
       51.80157
      ],
      [
       14.60719,
       51.80379
      ],
      [
       14.59691,
       51.81753
      ],
      [
       14.59018,
       51.82117
      ],
      [
       14.58982,
       51.8271
      ],
      [
       14.59318,
       51.83006
      ],
      [
       14.5904,
       51.83846
      ],
      [
       14.59627,
       51.84221
      ],
      [
       14.60447,
       51.83987
      ],
      [
       14.60499,
       51.8481
      ],
      [
       14.61248,
       51.8455
      ],
      [
       14.60715,
       51.85204
      ],
      [
       14.6111,
       51.85713
      ],
      [
       14.62438,
       51.85819
      ],
      [
       14.63497,
       51.86554
      ],
      [
       14.64388,
       51.8672
      ],
      [
       14.64641,
       51.87198
      ],
      [
       14.65215,
       51.87379
      ],
      [
       14.65483,
       51.8838
      ],
      [
       14.6628,
       51.89023
      ],
      [
       14.6749,
       51.88977
      ],
      [
       14.67461,
       51.89447
      ],
      [
       14.69418,
       51.9019
      ],
      [
       14.69102,
       51.90777
      ],
      [
       14.69877,
       51.91327
      ],
      [
       14.70552,
       51.92366
      ],
      [
       14.70339,
       51.93089
      ],
      [
       14.71937,
       51.94193
      ],
      [
       14.72129,
       51.95132
      ],
      [
       14.70723,
       51.96572
      ],
      [
       14.70485,
       51.97601
      ],
      [
       14.70708,
       51.97961
      ],
      [
       14.71625,
       51.98256
      ],
      [
       14.72166,
       51.99447
      ],
      [
       14.71403,
       52.00368
      ],
      [
       14.72522,
       52.00821
      ],
      [
       14.72658,
       52.01373
      ],
      [
       14.74151,
       52.02356
      ],
      [
       14.74022,
       52.02876
      ],
      [
       14.74842,
       52.03193
      ],
      [
       14.74986,
       52.04303
      ],
      [
       14.74587,
       52.04654
      ],
      [
       14.74545,
       52.05433
      ],
      [
       14.7567,
       52.06016
      ],
      [
       14.75909,
       52.06538
      ],
      [
       14.74118,
       52.08519
      ],
      [
       14.72089,
       52.09463
      ],
      [
       14.70026,
       52.09811
      ],
      [
       14.68181,
       52.11564
      ],
      [
       14.68411,
       52.12564
      ],
      [
       14.68002,
       52.14338
      ],
      [
       14.70557,
       52.16891
      ],
      [
       14.70286,
       52.1785
      ],
      [
       14.68581,
       52.19391
      ],
      [
       14.70839,
       52.21167
      ],
      [
       14.71555,
       52.23613
      ],
      [
       14.70518,
       52.24295
      ],
      [
       14.69881,
       52.25235
      ],
      [
       14.68947,
       52.25676
      ],
      [
       14.59868,
       52.27233
      ],
      [
       14.59191,
       52.27537
      ],
      [
       14.58646,
       52.28431
      ],
      [
       14.57529,
       52.28905
      ],
      [
       14.5745,
       52.29522
      ],
      [
       14.58344,
       52.30166
      ],
      [
       14.58483,
       52.30635
      ],
      [
       14.57808,
       52.31289
      ],
      [
       14.57493,
       52.32262
      ],
      [
       14.56144,
       52.32781
      ],
      [
       14.56261,
       52.33939
      ],
      [
       14.55253,
       52.35199
      ],
      [
       14.55147,
       52.37567
      ],
      [
       14.53438,
       52.395
      ],
      [
       14.53553,
       52.40073
      ],
      [
       14.54653,
       52.41269
      ],
      [
       14.54396,
       52.42551
      ],
      [
       14.54812,
       52.43234
      ],
      [
       14.55946,
       52.43909
      ],
      [
       14.57883,
       52.44157
      ],
      [
       14.60876,
       52.46383
      ],
      [
       14.61282,
       52.47683
      ],
      [
       14.62424,
       52.48229
      ],
      [
       14.63393,
       52.49148
      ],
      [
       14.63535,
       52.49597
      ],
      [
       14.63231,
       52.50128
      ],
      [
       14.6123,
       52.51079
      ],
      [
       14.60384,
       52.53103
      ],
      [
       14.61367,
       52.54472
      ],
      [
       14.61538,
       52.55406
      ],
      [
       14.63748,
       52.56653
      ],
      [
       14.63901,
       52.57332
      ],
      [
       14.61429,
       52.58626
      ],
      [
       14.60941,
       52.598
      ],
      [
       14.59621,
       52.61064
      ],
      [
       14.56732,
       52.62369
      ],
      [
       14.50968,
       52.64161
      ],
      [
       14.4651,
       52.66132
      ],
      [
       14.45775,
       52.67393
      ],
      [
       14.45006,
       52.67842
      ],
      [
       14.43268,
       52.68168
      ],
      [
       14.42399,
       52.69618
      ],
      [
       14.41349,
       52.70083
      ],
      [
       14.40489,
       52.71139
      ],
      [
       14.38372,
       52.72562
      ],
      [
       14.37349,
       52.73666
      ],
      [
       14.36088,
       52.74062
      ],
      [
       14.35104,
       52.75151
      ],
      [
       14.27881,
       52.77446
      ],
      [
       14.23008,
       52.80502
      ],
      [
       14.21749,
       52.81687
      ],
      [
       14.14049,
       52.82442
      ],
      [
       14.13029,
       52.82813
      ],
      [
       14.12291,
       52.83749
      ],
      [
       14.12299,
       52.84403
      ],
      [
       14.12985,
       52.85273
      ],
      [
       14.15795,
       52.87501
      ],
      [
       14.16161,
       52.88812
      ],
      [
       14.15221,
       52.9009
      ],
      [
       14.15025,
       52.91614
      ],
      [
       14.14264,
       52.93316
      ],
      [
       14.14432,
       52.94409
      ],
      [
       14.13885,
       52.95188
      ],
      [
       14.14367,
       52.96136
      ],
      [
       14.16222,
       52.96527
      ],
      [
       14.17047,
       52.97464
      ],
      [
       14.20685,
       52.98754
      ],
      [
       14.2356,
       52.99319
      ],
      [
       14.29162,
       53.02001
      ],
      [
       14.31233,
       53.03552
      ],
      [
       14.34543,
       53.05171
      ],
      [
       14.36614,
       53.07937
      ],
      [
       14.37123,
       53.09456
      ],
      [
       14.37017,
       53.1046
      ],
      [
       14.37903,
       53.1129
      ],
      [
       14.3831,
       53.13656
      ],
      [
       14.38728,
       53.14239
      ],
      [
       14.37111,
       53.15729
      ],
      [
       14.36626,
       53.17199
      ],
      [
       14.37458,
       53.18782
      ],
      [
       14.37727,
       53.20175
      ],
      [
       14.40586,
       53.21073
      ],
      [
       14.4085,
       53.2232
      ],
      [
       14.43081,
       53.23913
      ],
      [
       14.43597,
       53.24959
      ],
      [
       14.45026,
       53.26056
      ],
      [
       14.44525,
       53.27444
      ],
      [
       14.4212,
       53.27614
      ],
      [
       14.41491,
       53.30194
      ],
      [
       14.4068,
       53.30871
      ],
      [
       14.41545,
       53.32437
      ],
      [
       14.41222,
       53.32953
      ],
      [
       14.39358,
       53.32839
      ],
      [
       14.38087,
       53.32358
      ],
      [
       14.37567,
       53.3156
      ],
      [
       14.36175,
       53.31756
      ],
      [
       14.36234,
       53.31509
      ],
      [
       14.35041,
       53.31373
      ],
      [
       14.34756,
       53.31004
      ],
      [
       14.31617,
       53.31223
      ],
      [
       14.31565,
       53.30655
      ],
      [
       14.30074,
       53.28836
      ],
      [
       14.30201,
       53.28628
      ],
      [
       14.2615,
       53.27674
      ],
      [
       14.26568,
       53.26607
      ],
      [
       14.26587,
       53.25944
      ],
      [
       14.26252,
       53.25864
      ],
      [
       14.21117,
       53.25471
      ],
      [
       14.20019,
       53.26184
      ],
      [
       14.18707,
       53.26048
      ],
      [
       14.16186,
       53.26775
      ],
      [
       14.12468,
       53.26029
      ],
      [
       14.0991,
       53.26152
      ],
      [
       14.10468,
       53.27691
      ],
      [
       14.11192,
       53.2842
      ],
      [
       14.2063,
       53.3426
      ],
      [
       14.22734,
       53.36267
      ],
      [
       14.24376,
       53.39461
      ],
      [
       14.23737,
       53.41442
      ],
      [
       14.2422,
       53.42225
      ],
      [
       14.23757,
       53.42755
      ],
      [
       14.2248,
       53.43429
      ],
      [
       14.2059,
       53.42302
      ],
      [
       14.17938,
       53.42253
      ],
      [
       14.13654,
       53.44091
      ],
      [
       14.13417,
       53.43899
      ],
      [
       14.12173,
       53.44173
      ],
      [
       14.10552,
       53.42268
      ],
      [
       14.09389,
       53.42205
      ],
      [
       14.08183,
       53.41534
      ],
      [
       14.08191,
       53.41085
      ],
      [
       14.07074,
       53.41503
      ],
      [
       14.05097,
       53.41368
      ],
      [
       14.04537,
       53.42963
      ],
      [
       14.00661,
       53.43054
      ],
      [
       14.00151,
       53.43493
      ],
      [
       13.94632,
       53.43084
      ],
      [
       13.91816,
       53.42191
      ],
      [
       13.90763,
       53.42622
      ],
      [
       13.90291,
       53.43181
      ],
      [
       13.91182,
       53.43719
      ],
      [
       13.90534,
       53.44484
      ],
      [
       13.91745,
       53.44677
      ],
      [
       13.91814,
       53.45541
      ],
      [
       13.87552,
       53.47334
      ],
      [
       13.88477,
       53.4853
      ],
      [
       13.87646,
       53.48626
      ],
      [
       13.87336,
       53.49027
      ],
      [
       13.87956,
       53.50404
      ],
      [
       13.84886,
       53.51491
      ],
      [
       13.82184,
       53.51806
      ],
      [
       13.82349,
       53.5217
      ],
      [
       13.79842,
       53.54611
      ],
      [
       13.80082,
       53.55855
      ],
      [
       13.79138,
       53.5588
      ],
      [
       13.78424,
       53.55171
      ],
      [
       13.77639,
       53.53102
      ],
      [
       13.78029,
       53.52266
      ],
      [
       13.77845,
       53.51394
      ],
      [
       13.79286,
       53.51076
      ],
      [
       13.79186,
       53.50855
      ],
      [
       13.80203,
       53.49783
      ],
      [
       13.81201,
       53.50179
      ],
      [
       13.82719,
       53.4983
      ],
      [
       13.81211,
       53.48413
      ],
      [
       13.80213,
       53.47839
      ],
      [
       13.78037,
       53.47417
      ],
      [
       13.75342,
       53.47811
      ],
      [
       13.74134,
       53.48612
      ],
      [
       13.7384,
       53.48129
      ],
      [
       13.71178,
       53.48137
      ],
      [
       13.70139,
       53.47287
      ],
      [
       13.66254,
       53.4574
      ],
      [
       13.65427,
       53.45116
      ],
      [
       13.6571,
       53.44804
      ],
      [
       13.65122,
       53.44339
      ],
      [
       13.64089,
       53.44709
      ],
      [
       13.63391,
       53.43981
      ],
      [
       13.63906,
       53.43803
      ],
      [
       13.63774,
       53.43255
      ],
      [
       13.62892,
       53.43201
      ],
      [
       13.63648,
       53.42402
      ],
      [
       13.62477,
       53.40898
      ],
      [
       13.6101,
       53.41365
      ],
      [
       13.59151,
       53.40803
      ],
      [
       13.57244,
       53.40789
      ],
      [
       13.56356,
       53.40033
      ],
      [
       13.55033,
       53.39935
      ],
      [
       13.54962,
       53.39548
      ],
      [
       13.54587,
       53.39439
      ],
      [
       13.55645,
       53.3918
      ],
      [
       13.55418,
       53.38287
      ],
      [
       13.55022,
       53.38099
      ],
      [
       13.55644,
       53.37979
      ],
      [
       13.55607,
       53.37595
      ],
      [
       13.54795,
       53.37237
      ],
      [
       13.54302,
       53.36391
      ],
      [
       13.52587,
       53.36725
      ],
      [
       13.51636,
       53.35213
      ],
      [
       13.52517,
       53.35095
      ],
      [
       13.5247,
       53.34344
      ],
      [
       13.51949,
       53.33802
      ],
      [
       13.52323,
       53.33471
      ],
      [
       13.52112,
       53.33236
      ],
      [
       13.5236,
       53.31992
      ],
      [
       13.51035,
       53.31778
      ],
      [
       13.50254,
       53.32743
      ],
      [
       13.50736,
       53.3163
      ],
      [
       13.49615,
       53.30616
      ],
      [
       13.49724,
       53.30188
      ],
      [
       13.48359,
       53.29123
      ],
      [
       13.46047,
       53.28884
      ],
      [
       13.45666,
       53.29773
      ],
      [
       13.43781,
       53.29958
      ],
      [
       13.43516,
       53.29449
      ],
      [
       13.43867,
       53.29179
      ],
      [
       13.43387,
       53.29031
      ],
      [
       13.44237,
       53.28643
      ],
      [
       13.43509,
       53.28286
      ],
      [
       13.43171,
       53.28449
      ],
      [
       13.42114,
       53.27001
      ],
      [
       13.40842,
       53.26303
      ],
      [
       13.40886,
       53.25797
      ],
      [
       13.40355,
       53.24951
      ],
      [
       13.40536,
       53.24643
      ],
      [
       13.39644,
       53.24779
      ],
      [
       13.39503,
       53.24439
      ],
      [
       13.38906,
       53.24271
      ],
      [
       13.38583,
       53.24478
      ],
      [
       13.3858,
       53.25028
      ],
      [
       13.38226,
       53.25037
      ],
      [
       13.37049,
       53.26192
      ],
      [
       13.36911,
       53.27002
      ],
      [
       13.36074,
       53.27784
      ],
      [
       13.34805,
       53.27805
      ],
      [
       13.33787,
       53.27328
      ],
      [
       13.29851,
       53.28107
      ],
      [
       13.28436,
       53.27522
      ],
      [
       13.27589,
       53.26521
      ],
      [
       13.25262,
       53.26212
      ],
      [
       13.25371,
       53.25979
      ],
      [
       13.2483,
       53.25696
      ],
      [
       13.24386,
       53.24828
      ],
      [
       13.25049,
       53.24609
      ],
      [
       13.24022,
       53.23867
      ],
      [
       13.24298,
       53.23722
      ],
      [
       13.23734,
       53.22776
      ],
      [
       13.23899,
       53.22529
      ],
      [
       13.22979,
       53.21661
      ],
      [
       13.20254,
       53.22205
      ],
      [
       13.1904,
       53.23504
      ],
      [
       13.19084,
       53.23989
      ],
      [
       13.18556,
       53.24848
      ],
      [
       13.18107,
       53.25095
      ],
      [
       13.17573,
       53.24683
      ],
      [
       13.17095,
       53.25015
      ],
      [
       13.15227,
       53.24609
      ],
      [
       13.15211,
       53.25121
      ],
      [
       13.13823,
       53.24504
      ],
      [
       13.13112,
       53.23723
      ],
      [
       13.11754,
       53.24153
      ],
      [
       13.10818,
       53.23862
      ],
      [
       13.10406,
       53.23574
      ],
      [
       13.10792,
       53.22543
      ],
      [
       13.10509,
       53.21989
      ],
      [
       13.10648,
       53.2151
      ],
      [
       13.09628,
       53.21274
      ],
      [
       13.09292,
       53.21688
      ],
      [
       13.08704,
       53.21521
      ],
      [
       13.07806,
       53.20434
      ],
      [
       13.07952,
       53.19956
      ],
      [
       13.06938,
       53.20354
      ],
      [
       13.05301,
       53.19986
      ],
      [
       13.03094,
       53.19078
      ],
      [
       13.0284,
       53.1859
      ],
      [
       13.01884,
       53.18546
      ],
      [
       13.02164,
       53.17969
      ],
      [
       13.02004,
       53.17559
      ],
      [
       13.00937,
       53.17298
      ],
      [
       13.00463,
       53.16687
      ],
      [
       12.99145,
       53.16857
      ],
      [
       12.97724,
       53.16286
      ],
      [
       12.96824,
       53.16648
      ],
      [
       12.96506,
       53.1759
      ],
      [
       12.96101,
       53.17759
      ],
      [
       12.94382,
       53.17282
      ],
      [
       12.94223,
       53.17476
      ],
      [
       12.9464,
       53.17816
      ],
      [
       12.9619,
       53.18113
      ],
      [
       12.96035,
       53.18367
      ],
      [
       12.96345,
       53.18571
      ],
      [
       12.97989,
       53.1907
      ],
      [
       12.97685,
       53.19744
      ],
      [
       12.96544,
       53.20025
      ],
      [
       12.94796,
       53.19912
      ],
      [
       12.93652,
       53.19423
      ],
      [
       12.9439,
       53.19049
      ],
      [
       12.94225,
       53.18561
      ],
      [
       12.93505,
       53.18829
      ],
      [
       12.9201,
       53.1863
      ],
      [
       12.93071,
       53.19338
      ],
      [
       12.91325,
       53.19509
      ],
      [
       12.88956,
       53.18741
      ],
      [
       12.88681,
       53.18042
      ],
      [
       12.87972,
       53.17936
      ],
      [
       12.86751,
       53.1868
      ],
      [
       12.85879,
       53.18813
      ],
      [
       12.85484,
       53.19525
      ],
      [
       12.84593,
       53.20107
      ],
      [
       12.83779,
       53.19708
      ],
      [
       12.82468,
       53.19683
      ],
      [
       12.8214,
       53.1933
      ],
      [
       12.81656,
       53.19575
      ],
      [
       12.81466,
       53.19185
      ],
      [
       12.81024,
       53.19498
      ],
      [
       12.8127,
       53.19724
      ],
      [
       12.80943,
       53.19749
      ],
      [
       12.79956,
       53.191
      ],
      [
       12.78986,
       53.19102
      ],
      [
       12.78526,
       53.18768
      ],
      [
       12.76425,
       53.18897
      ],
      [
       12.75884,
       53.19512
      ],
      [
       12.73923,
       53.19977
      ],
      [
       12.74952,
       53.20605
      ],
      [
       12.75773,
       53.22409
      ],
      [
       12.74947,
       53.22563
      ],
      [
       12.72155,
       53.22193
      ],
      [
       12.67066,
       53.22969
      ],
      [
       12.66475,
       53.2324
      ],
      [
       12.66388,
       53.23451
      ],
      [
       12.66962,
       53.23753
      ],
      [
       12.66455,
       53.2392
      ],
      [
       12.67484,
       53.24829
      ],
      [
       12.66784,
       53.24832
      ],
      [
       12.66603,
       53.25312
      ],
      [
       12.65521,
       53.25524
      ],
      [
       12.6272,
       53.25473
      ],
      [
       12.60565,
       53.24434
      ],
      [
       12.55001,
       53.26194
      ],
      [
       12.52967,
       53.26474
      ],
      [
       12.50109,
       53.26174
      ],
      [
       12.49877,
       53.25544
      ],
      [
       12.46521,
       53.25618
      ],
      [
       12.44576,
       53.2498
      ],
      [
       12.43525,
       53.25749
      ],
      [
       12.4292,
       53.27411
      ],
      [
       12.41004,
       53.27959
      ],
      [
       12.39962,
       53.27922
      ],
      [
       12.39204,
       53.28489
      ],
      [
       12.39847,
       53.29448
      ],
      [
       12.39459,
       53.30175
      ],
      [
       12.36151,
       53.30719
      ],
      [
       12.35233,
       53.31297
      ],
      [
       12.31065,
       53.32321
      ],
      [
       12.31028,
       53.32724
      ],
      [
       12.2916,
       53.32898
      ],
      [
       12.26004,
       53.3239
      ],
      [
       12.25696,
       53.32534
      ],
      [
       12.25913,
       53.32804
      ],
      [
       12.24534,
       53.33302
      ],
      [
       12.23631,
       53.34172
      ],
      [
       12.22978,
       53.35813
      ],
      [
       12.21209,
       53.35297
      ],
      [
       12.18927,
       53.35335
      ],
      [
       12.18462,
       53.34698
      ],
      [
       12.18757,
       53.34638
      ],
      [
       12.18675,
       53.34346
      ],
      [
       12.1687,
       53.33916
      ],
      [
       12.15683,
       53.3496
      ],
      [
       12.15179,
       53.36146
      ],
      [
       12.14128,
       53.35914
      ],
      [
       12.13964,
       53.3614
      ],
      [
       12.13922,
       53.3538
      ],
      [
       12.13472,
       53.34861
      ],
      [
       12.10843,
       53.34997
      ],
      [
       12.10906,
       53.34397
      ],
      [
       12.10684,
       53.34353
      ],
      [
       12.08192,
       53.34619
      ],
      [
       12.07753,
       53.36927
      ],
      [
       12.04503,
       53.37084
      ],
      [
       12.05103,
       53.36671
      ],
      [
       12.04694,
       53.36082
      ],
      [
       12.05109,
       53.36019
      ],
      [
       12.05616,
       53.34925
      ],
      [
       12.01403,
       53.33423
      ],
      [
       12.02229,
       53.32121
      ],
      [
       12.01892,
       53.3154
      ],
      [
       12.02371,
       53.30436
      ],
      [
       12.01862,
       53.29942
      ],
      [
       12.00223,
       53.29942
      ],
      [
       11.99734,
       53.29372
      ],
      [
       11.98244,
       53.29858
      ],
      [
       11.97363,
       53.29752
      ],
      [
       11.96555,
       53.28521
      ],
      [
       11.95523,
       53.27873
      ],
      [
       11.9543,
       53.27371
      ],
      [
       11.94818,
       53.27142
      ],
      [
       11.94502,
       53.27434
      ],
      [
       11.9182,
       53.27349
      ],
      [
       11.89257,
       53.27896
      ],
      [
       11.88948,
       53.26899
      ],
      [
       11.86602,
       53.25592
      ],
      [
       11.86166,
       53.24845
      ],
      [
       11.84555,
       53.25186
      ],
      [
       11.79595,
       53.25331
      ],
      [
       11.80403,
       53.24673
      ],
      [
       11.81735,
       53.24503
      ],
      [
       11.82241,
       53.24141
      ],
      [
       11.83362,
       53.23211
      ],
      [
       11.82866,
       53.22846
      ],
      [
       11.76939,
       53.22764
      ],
      [
       11.7488,
       53.22007
      ],
      [
       11.7285,
       53.21695
      ],
      [
       11.72741,
       53.23167
      ],
      [
       11.71481,
       53.23063
      ],
      [
       11.70726,
       53.23415
      ],
      [
       11.70846,
       53.23763
      ],
      [
       11.69942,
       53.24392
      ],
      [
       11.69089,
       53.24152
      ],
      [
       11.66209,
       53.24369
      ],
      [
       11.64989,
       53.23881
      ],
      [
       11.62911,
       53.24208
      ],
      [
       11.61896,
       53.2368
      ],
      [
       11.61654,
       53.23026
      ],
      [
       11.60477,
       53.22794
      ],
      [
       11.58669,
       53.2146
      ],
      [
       11.56324,
       53.21294
      ],
      [
       11.55055,
       53.20822
      ],
      [
       11.55918,
       53.20226
      ],
      [
       11.55679,
       53.19431
      ],
      [
       11.55925,
       53.18817
      ],
      [
       11.55646,
       53.18513
      ],
      [
       11.56701,
       53.18242
      ],
      [
       11.56224,
       53.17593
      ],
      [
       11.5686,
       53.17038
      ],
      [
       11.56943,
       53.1655
      ],
      [
       11.55767,
       53.15643
      ],
      [
       11.55667,
       53.15043
      ],
      [
       11.55017,
       53.15126
      ],
      [
       11.55585,
       53.13878
      ],
      [
       11.54683,
       53.13472
      ],
      [
       11.54863,
       53.13071
      ],
      [
       11.53643,
       53.12927
      ],
      [
       11.53464,
       53.12522
      ],
      [
       11.50945,
       53.12545
      ],
      [
       11.50243,
       53.12109
      ],
      [
       11.50034,
       53.12632
      ],
      [
       11.48386,
       53.1291
      ],
      [
       11.47366,
       53.12712
      ],
      [
       11.47359,
       53.13439
      ],
      [
       11.45978,
       53.14027
      ],
      [
       11.43774,
       53.13666
      ],
      [
       11.42153,
       53.1411
      ],
      [
       11.41291,
       53.1368
      ],
      [
       11.39542,
       53.14018
      ],
      [
       11.39169,
       53.12941
      ],
      [
       11.40109,
       53.11599
      ],
      [
       11.39277,
       53.11036
      ],
      [
       11.37094,
       53.11152
      ],
      [
       11.35995,
       53.1163
      ],
      [
       11.33679,
       53.11361
      ],
      [
       11.32475,
       53.11943
      ],
      [
       11.31682,
       53.11988
      ],
      [
       11.3099,
       53.11588
      ],
      [
       11.2904,
       53.11691
      ],
      [
       11.28323,
       53.12146
      ],
      [
       11.26577,
       53.12217
      ],
      [
       11.26801,
       53.10364
      ],
      [
       11.27352,
       53.09693
      ],
      [
       11.28731,
       53.08694
      ],
      [
       11.31057,
       53.07734
      ],
      [
       11.32455,
       53.06376
      ],
      [
       11.33936,
       53.055
      ],
      [
       11.35329,
       53.05482
      ],
      [
       11.40366,
       53.07253
      ],
      [
       11.45042,
       53.07817
      ],
      [
       11.46342,
       53.07476
      ],
      [
       11.49508,
       53.05383
      ],
      [
       11.5085,
       53.04842
      ],
      [
       11.5229,
       53.04712
      ],
      [
       11.54838,
       53.05236
      ],
      [
       11.58566,
       53.03522
      ],
      [
       11.6213,
       53.04169
      ],
      [
       11.63845,
       53.03927
      ],
      [
       11.64185,
       53.03362
      ],
      [
       11.62677,
       53.02136
      ],
      [
       11.62647,
       53.01263
      ],
      [
       11.64199,
       53.00574
      ],
      [
       11.67707,
       53.00774
      ],
      [
       11.68344,
       53.0019
      ],
      [
       11.68402,
       52.98732
      ],
      [
       11.6907,
       52.9797
      ],
      [
       11.70308,
       52.97752
      ],
      [
       11.72727,
       52.98686
      ],
      [
       11.74143,
       52.98817
      ],
      [
       11.76339,
       52.98129
      ],
      [
       11.78822,
       52.96018
      ],
      [
       11.82885,
       52.95766
      ],
      [
       11.84343,
       52.9531
      ],
      [
       11.84866,
       52.9472
      ],
      [
       11.84733,
       52.94169
      ],
      [
       11.82773,
       52.92939
      ],
      [
       11.82296,
       52.9219
      ],
      [
       11.82453,
       52.91569
      ],
      [
       11.83357,
       52.91061
      ],
      [
       11.87036,
       52.90933
      ],
      [
       11.89495,
       52.89417
      ],
      [
       11.94131,
       52.8895
      ],
      [
       11.95957,
       52.87905
      ],
      [
       11.96092,
       52.88153
      ],
      [
       11.97991,
       52.87611
      ],
      [
       11.98758,
       52.87685
      ],
      [
       11.99319,
       52.88206
      ],
      [
       12.00461,
       52.88179
      ],
      [
       12.00595,
       52.88718
      ],
      [
       12.02256,
       52.89038
      ],
      [
       12.02873,
       52.88807
      ],
      [
       12.04424,
       52.8893
      ],
      [
       12.04863,
       52.88624
      ],
      [
       12.05589,
       52.88905
      ],
      [
       12.0665,
       52.88674
      ],
      [
       12.06644,
       52.88381
      ],
      [
       12.0764,
       52.88641
      ],
      [
       12.08324,
       52.87671
      ],
      [
       12.1128,
       52.87582
      ],
      [
       12.11846,
       52.88775
      ],
      [
       12.12545,
       52.89433
      ],
      [
       12.12873,
       52.89357
      ],
      [
       12.12298,
       52.88917
      ],
      [
       12.12038,
       52.87566
      ],
      [
       12.13328,
       52.86575
      ],
      [
       12.12395,
       52.85383
      ],
      [
       12.12639,
       52.8531
      ],
      [
       12.17265,
       52.86472
      ],
      [
       12.19705,
       52.8779
      ],
      [
       12.19921,
       52.87185
      ],
      [
       12.20783,
       52.86702
      ],
      [
       12.20978,
       52.86219
      ],
      [
       12.21472,
       52.86183
      ],
      [
       12.21715,
       52.86602
      ],
      [
       12.23272,
       52.86054
      ],
      [
       12.23431,
       52.85761
      ],
      [
       12.23138,
       52.85267
      ],
      [
       12.23884,
       52.8446
      ],
      [
       12.23726,
       52.8393
      ],
      [
       12.24417,
       52.81986
      ],
      [
       12.25773,
       52.80487
      ],
      [
       12.25247,
       52.80366
      ],
      [
       12.25584,
       52.79854
      ],
      [
       12.24776,
       52.79622
      ],
      [
       12.24927,
       52.79191
      ],
      [
       12.24384,
       52.78631
      ],
      [
       12.22004,
       52.78976
      ],
      [
       12.22351,
       52.78695
      ],
      [
       12.22381,
       52.7763
      ],
      [
       12.21266,
       52.77323
      ],
      [
       12.21196,
       52.76627
      ],
      [
       12.21517,
       52.76371
      ],
      [
       12.20933,
       52.76392
      ],
      [
       12.20585,
       52.76049
      ],
      [
       12.20939,
       52.75289
      ],
      [
       12.2196,
       52.7503
      ],
      [
       12.22108,
       52.7448
      ],
      [
       12.21778,
       52.74356
      ],
      [
       12.22216,
       52.73983
      ],
      [
       12.2011,
       52.72897
      ],
      [
       12.20614,
       52.72651
      ],
      [
       12.20341,
       52.72452
      ],
      [
       12.20618,
       52.72493
      ],
      [
       12.19736,
       52.7189
      ],
      [
       12.20976,
       52.71758
      ],
      [
       12.2052,
       52.71215
      ],
      [
       12.22403,
       52.70286
      ],
      [
       12.2173,
       52.69965
      ],
      [
       12.22164,
       52.68902
      ],
      [
       12.23259,
       52.68877
      ],
      [
       12.2265,
       52.68326
      ],
      [
       12.2348,
       52.68031
      ],
      [
       12.24045,
       52.66531
      ],
      [
       12.23439,
       52.66414
      ],
      [
       12.23786,
       52.66237
      ],
      [
       12.23369,
       52.65966
      ],
      [
       12.23514,
       52.65451
      ],
      [
       12.23269,
       52.65365
      ],
      [
       12.23799,
       52.64576
      ],
      [
       12.23665,
       52.64131
      ],
      [
       12.23116,
       52.63993
      ],
      [
       12.23108,
       52.62978
      ],
      [
       12.2367,
       52.62868
      ],
      [
       12.2086,
       52.62368
      ],
      [
       12.2034,
       52.61858
      ],
      [
       12.17202,
       52.6257
      ],
      [
       12.16878,
       52.61656
      ],
      [
       12.17532,
       52.61756
      ],
      [
       12.1704,
       52.60731
      ],
      [
       12.1765,
       52.60651
      ],
      [
       12.17341,
       52.59863
      ],
      [
       12.17363,
       52.58157
      ],
      [
       12.18152,
       52.57522
      ],
      [
       12.15885,
       52.56035
      ],
      [
       12.14958,
       52.54058
      ],
      [
       12.14347,
       52.53709
      ],
      [
       12.14502,
       52.5333
      ],
      [
       12.14213,
       52.5283
      ],
      [
       12.15441,
       52.5297
      ],
      [
       12.15851,
       52.53449
      ],
      [
       12.17366,
       52.53874
      ],
      [
       12.17954,
       52.53372
      ],
      [
       12.18874,
       52.53223
      ],
      [
       12.16712,
       52.5147
      ],
      [
       12.16999,
       52.5072
      ],
      [
       12.18467,
       52.49572
      ],
      [
       12.18972,
       52.49893
      ],
      [
       12.20326,
       52.49757
      ],
      [
       12.21164,
       52.50318
      ],
      [
       12.22175,
       52.50032
      ],
      [
       12.22782,
       52.50625
      ],
      [
       12.2237,
       52.51155
      ],
      [
       12.23116,
       52.51553
      ],
      [
       12.23116,
       52.52202
      ],
      [
       12.23607,
       52.52387
      ],
      [
       12.24699,
       52.51869
      ],
      [
       12.25796,
       52.5182
      ],
      [
       12.2595,
       52.50431
      ],
      [
       12.27003,
       52.50088
      ],
      [
       12.26208,
       52.49527
      ],
      [
       12.26999,
       52.49376
      ],
      [
       12.27185,
       52.4875
      ],
      [
       12.27982,
       52.48763
      ],
      [
       12.28541,
       52.49249
      ],
      [
       12.29414,
       52.49233
      ],
      [
       12.29752,
       52.49613
      ],
      [
       12.30991,
       52.49073
      ],
      [
       12.32975,
       52.49698
      ],
      [
       12.32771,
       52.49147
      ],
      [
       12.31338,
       52.49012
      ],
      [
       12.30823,
       52.48009
      ],
      [
       12.31699,
       52.47491
      ],
      [
       12.33069,
       52.47849
      ],
      [
       12.32498,
       52.47199
      ],
      [
       12.32455,
       52.46378
      ],
      [
       12.31441,
       52.45976
      ],
      [
       12.31677,
       52.45272
      ],
      [
       12.30428,
       52.45083
      ],
      [
       12.30273,
       52.44576
      ],
      [
       12.30769,
       52.44465
      ],
      [
       12.30233,
       52.43885
      ],
      [
       12.30251,
       52.43436
      ],
      [
       12.28918,
       52.43067
      ],
      [
       12.29728,
       52.4239
      ],
      [
       12.2746,
       52.41603
      ],
      [
       12.27579,
       52.41206
      ],
      [
       12.29198,
       52.40767
      ],
      [
       12.29932,
       52.40912
      ],
      [
       12.30227,
       52.40531
      ],
      [
       12.3035,
       52.39753
      ],
      [
       12.29171,
       52.38611
      ],
      [
       12.29414,
       52.38133
      ],
      [
       12.30657,
       52.3777
      ],
      [
       12.3007,
       52.37111
      ],
      [
       12.28695,
       52.36957
      ],
      [
       12.28412,
       52.3642
      ],
      [
       12.30809,
       52.34463
      ],
      [
       12.28926,
       52.32243
      ],
      [
       12.28115,
       52.31822
      ],
      [
       12.27324,
       52.30466
      ],
      [
       12.26287,
       52.29506
      ],
      [
       12.2507,
       52.27224
      ],
      [
       12.25075,
       52.26414
      ],
      [
       12.25458,
       52.26159
      ],
      [
       12.2454,
       52.24986
      ],
      [
       12.26219,
       52.24678
      ],
      [
       12.25796,
       52.24325
      ],
      [
       12.27085,
       52.24191
      ],
      [
       12.26786,
       52.24074
      ],
      [
       12.27568,
       52.2368
      ],
      [
       12.2628,
       52.23694
      ],
      [
       12.26286,
       52.23432
      ],
      [
       12.28313,
       52.23448
      ],
      [
       12.28906,
       52.22914
      ],
      [
       12.29637,
       52.22892
      ],
      [
       12.28117,
       52.21681
      ],
      [
       12.2677,
       52.21455
      ],
      [
       12.26015,
       52.21647
      ],
      [
       12.24895,
       52.21163
      ],
      [
       12.2452,
       52.20745
      ],
      [
       12.25313,
       52.20468
      ],
      [
       12.24174,
       52.19552
      ],
      [
       12.24757,
       52.1837
      ],
      [
       12.24185,
       52.18196
      ],
      [
       12.22826,
       52.18624
      ],
      [
       12.21604,
       52.17059
      ],
      [
       12.22135,
       52.16582
      ],
      [
       12.23368,
       52.1628
      ],
      [
       12.2317,
       52.15488
      ],
      [
       12.24315,
       52.14094
      ],
      [
       12.26503,
       52.13058
      ],
      [
       12.27649,
       52.10393
      ],
      [
       12.28483,
       52.10377
      ],
      [
       12.31572,
       52.09255
      ],
      [
       12.33196,
       52.06719
      ],
      [
       12.34822,
       52.05931
      ],
      [
       12.35975,
       52.04658
      ],
      [
       12.38952,
       52.0436
      ],
      [
       12.3981,
       52.03551
      ],
      [
       12.42042,
       52.02623
      ],
      [
       12.42948,
       52.01833
      ],
      [
       12.44915,
       52.0165
      ],
      [
       12.45167,
       52.02478
      ],
      [
       12.46077,
       52.03459
      ],
      [
       12.48073,
       52.03317
      ],
      [
       12.48469,
       52.0176
      ],
      [
       12.49404,
       52.01161
      ],
      [
       12.50544,
       52.00718
      ],
      [
       12.53582,
       52.00293
      ],
      [
       12.53943,
       51.98492
      ],
      [
       12.59726,
       51.98152
      ],
      [
       12.61521,
       51.98233
      ],
      [
       12.61397,
       51.9917
      ],
      [
       12.64464,
       51.99431
      ],
      [
       12.64861,
       52.00812
      ],
      [
       12.65561,
       52.01284
      ],
      [
       12.66829,
       52.01306
      ],
      [
       12.68232,
       52.0034
      ],
      [
       12.71178,
       51.99985
      ],
      [
       12.71147,
       51.99716
      ],
      [
       12.7304,
       51.98859
      ],
      [
       12.75624,
       51.9865
      ],
      [
       12.75869,
       51.98246
      ],
      [
       12.77651,
       51.97617
      ],
      [
       12.77614,
       51.96497
      ],
      [
       12.81271,
       51.9625
      ],
      [
       12.84436,
       51.96758
      ],
      [
       12.85021,
       51.95908
      ],
      [
       12.85256,
       51.93512
      ],
      [
       12.88882,
       51.93483
      ],
      [
       12.89026,
       51.9283
      ],
      [
       12.89621,
       51.92745
      ],
      [
       12.91494,
       51.93125
      ],
      [
       12.91696,
       51.93933
      ],
      [
       12.96064,
       51.93493
      ],
      [
       12.95628,
       51.92272
      ],
      [
       12.97653,
       51.91989
      ],
      [
       12.97307,
       51.901
      ],
      [
       12.98939,
       51.90417
      ],
      [
       13.00944,
       51.90281
      ],
      [
       13.02173,
       51.89663
      ],
      [
       13.02268,
       51.90327
      ],
      [
       13.0455,
       51.90069
      ],
      [
       13.04822,
       51.89173
      ],
      [
       13.03743,
       51.89083
      ],
      [
       13.03757,
       51.88023
      ],
      [
       13.02691,
       51.88105
      ],
      [
       13.03945,
       51.87089
      ],
      [
       13.0804,
       51.86736
      ],
      [
       13.08488,
       51.87377
      ],
      [
       13.11882,
       51.8766
      ],
      [
       13.11879,
       51.88315
      ],
      [
       13.13876,
       51.87961
      ],
      [
       13.14336,
       51.87272
      ],
      [
       13.14954,
       51.87237
      ],
      [
       13.15084,
       51.85969
      ],
      [
       13.12327,
       51.8579
      ],
      [
       13.12376,
       51.85417
      ],
      [
       13.13578,
       51.83268
      ],
      [
       13.14255,
       51.82797
      ],
      [
       13.14007,
       51.82457
      ],
      [
       13.14197,
       51.82208
      ],
      [
       13.14878,
       51.82023
      ],
      [
       13.1474,
       51.8178
      ],
      [
       13.15355,
       51.815
      ],
      [
       13.16213,
       51.80433
      ],
      [
       13.16114,
       51.79755
      ],
      [
       13.15829,
       51.79754
      ],
      [
       13.16351,
       51.79241
      ],
      [
       13.16,
       51.78799
      ],
      [
       13.17053,
       51.78711
      ],
      [
       13.16942,
       51.7828
      ],
      [
       13.16039,
       51.78413
      ],
      [
       13.16027,
       51.77547
      ],
      [
       13.14732,
       51.76654
      ],
      [
       13.1556,
       51.76431
      ],
      [
       13.14947,
       51.75933
      ],
      [
       13.16369,
       51.75412
      ],
      [
       13.16278,
       51.75067
      ],
      [
       13.15598,
       51.74775
      ],
      [
       13.15807,
       51.74514
      ],
      [
       13.15271,
       51.74416
      ],
      [
       13.16535,
       51.74178
      ],
      [
       13.16716,
       51.73554
      ],
      [
       13.17622,
       51.73336
      ],
      [
       13.18584,
       51.72224
      ],
      [
       13.18675,
       51.71579
      ],
      [
       13.16764,
       51.71814
      ],
      [
       13.17143,
       51.71157
      ],
      [
       13.16988,
       51.70785
      ],
      [
       13.16201,
       51.71288
      ],
      [
       13.15419,
       51.71047
      ],
      [
       13.16053,
       51.69901
      ],
      [
       13.16105,
       51.69507
      ],
      [
       13.15643,
       51.69475
      ],
      [
       13.16259,
       51.69187
      ],
      [
       13.15465,
       51.68673
      ],
      [
       13.05078,
       51.64755
      ],
      [
       13.0815,
       51.6171
      ],
      [
       13.08642,
       51.60816
      ],
      [
       13.09434,
       51.60574
      ],
      [
       13.09849,
       51.60775
      ],
      [
       13.09671,
       51.60934
      ],
      [
       13.10513,
       51.60961
      ],
      [
       13.09948,
       51.61107
      ],
      [
       13.0972,
       51.6162
      ],
      [
       13.10409,
       51.61643
      ],
      [
       13.10685,
       51.61161
      ],
      [
       13.12052,
       51.62031
      ],
      [
       13.14395,
       51.59788
      ],
      [
       13.15579,
       51.59962
      ],
      [
       13.16165,
       51.59211
      ],
      [
       13.15486,
       51.58929
      ],
      [
       13.15303,
       51.58195
      ],
      [
       13.14109,
       51.57123
      ]
     ],
     [
      [
       13.68683,
       52.3853
      ],
      [
       13.69884,
       52.3815
      ],
      [
       13.69721,
       52.37744
      ],
      [
       13.69996,
       52.37559
      ],
      [
       13.6922,
       52.36721
      ],
      [
       13.68215,
       52.36964
      ],
      [
       13.67119,
       52.36649
      ],
      [
       13.66621,
       52.35809
      ],
      [
       13.65709,
       52.35162
      ],
      [
       13.6517,
       52.33947
      ],
      [
       13.64773,
       52.33824
      ],
      [
       13.63632,
       52.34682
      ],
      [
       13.63908,
       52.36098
      ],
      [
       13.64719,
       52.36703
      ],
      [
       13.64683,
       52.37016
      ],
      [
       13.6421,
       52.37081
      ],
      [
       13.64268,
       52.37751
      ],
      [
       13.63322,
       52.37625
      ],
      [
       13.62851,
       52.38136
      ],
      [
       13.60582,
       52.37362
      ],
      [
       13.6064,
       52.37912
      ],
      [
       13.59534,
       52.38679
      ],
      [
       13.59269,
       52.39381
      ],
      [
       13.56416,
       52.38814
      ],
      [
       13.53549,
       52.38899
      ],
      [
       13.53843,
       52.40063
      ],
      [
       13.5297,
       52.3973
      ],
      [
       13.516,
       52.40179
      ],
      [
       13.47976,
       52.39595
      ],
      [
       13.46802,
       52.42003
      ],
      [
       13.46355,
       52.42108
      ],
      [
       13.41875,
       52.40998
      ],
      [
       13.42745,
       52.38617
      ],
      [
       13.42081,
       52.37614
      ],
      [
       13.38843,
       52.37786
      ],
      [
       13.3873,
       52.38857
      ],
      [
       13.37035,
       52.38843
      ],
      [
       13.37195,
       52.3938
      ],
      [
       13.34306,
       52.40769
      ],
      [
       13.34335,
       52.41172
      ],
      [
       13.31206,
       52.39911
      ],
      [
       13.29675,
       52.41625
      ],
      [
       13.27421,
       52.40479
      ],
      [
       13.24978,
       52.40498
      ],
      [
       13.24595,
       52.42117
      ],
      [
       13.22506,
       52.42108
      ],
      [
       13.19724,
       52.41554
      ],
      [
       13.15924,
       52.40277
      ],
      [
       13.1578,
       52.39636
      ],
      [
       13.17116,
       52.39782
      ],
      [
       13.17176,
       52.39564
      ],
      [
       13.15887,
       52.39394
      ],
      [
       13.14182,
       52.3971
      ],
      [
       13.13037,
       52.39037
      ],
      [
       13.13398,
       52.38874
      ],
      [
       13.13108,
       52.38725
      ],
      [
       13.12729,
       52.39161
      ],
      [
       13.13017,
       52.3905
      ],
      [
       13.1381,
       52.39786
      ],
      [
       13.12478,
       52.39687
      ],
      [
       13.10638,
       52.40869
      ],
      [
       13.1118,
       52.41048
      ],
      [
       13.10962,
       52.41294
      ],
      [
       13.10619,
       52.40956
      ],
      [
       13.101,
       52.41054
      ],
      [
       13.10086,
       52.41376
      ],
      [
       13.09645,
       52.41309
      ],
      [
       13.09739,
       52.40942
      ],
      [
       13.09076,
       52.41156
      ],
      [
       13.08835,
       52.41963
      ],
      [
       13.09931,
       52.42534
      ],
      [
       13.10457,
       52.42398
      ],
      [
       13.12315,
       52.43871
      ],
      [
       13.10929,
       52.45063
      ],
      [
       13.11267,
       52.45769
      ],
      [
       13.11056,
       52.46566
      ],
      [
       13.11769,
       52.47732
      ],
      [
       13.12833,
       52.47982
      ],
      [
       13.16882,
       52.50923
      ],
      [
       13.14318,
       52.5197
      ],
      [
       13.11738,
       52.51706
      ],
      [
       13.1195,
       52.53034
      ],
      [
       13.13047,
       52.55597
      ],
      [
       13.14557,
       52.55272
      ],
      [
       13.1458,
       52.56061
      ],
      [
       13.15354,
       52.57326
      ],
      [
       13.14961,
       52.58336
      ],
      [
       13.13247,
       52.57961
      ],
      [
       13.12796,
       52.58313
      ],
      [
       13.12896,
       52.5873
      ],
      [
       13.1435,
       52.58971
      ],
      [
       13.16453,
       52.5988
      ],
      [
       13.20537,
       52.58685
      ],
      [
       13.2174,
       52.58748
      ],
      [
       13.21886,
       52.59237
      ],
      [
       13.20162,
       52.60655
      ],
      [
       13.21676,
       52.62016
      ],
      [
       13.22054,
       52.62832
      ],
      [
       13.26423,
       52.62686
      ],
      [
       13.2652,
       52.63454
      ],
      [
       13.26215,
       52.64069
      ],
      [
       13.28383,
       52.64112
      ],
      [
       13.28277,
       52.66074
      ],
      [
       13.3101,
       52.6574
      ],
      [
       13.30043,
       52.65351
      ],
      [
       13.30941,
       52.64273
      ],
      [
       13.30578,
       52.63735
      ],
      [
       13.31028,
       52.63001
      ],
      [
       13.30261,
       52.62719
      ],
      [
       13.35765,
       52.62298
      ],
      [
       13.37638,
       52.62838
      ],
      [
       13.37871,
       52.63435
      ],
      [
       13.3892,
       52.63763
      ],
      [
       13.39456,
       52.64756
      ],
      [
       13.41229,
       52.64348
      ],
      [
       13.42435,
       52.63547
      ],
      [
       13.43426,
       52.63795
      ],
      [
       13.43401,
       52.64428
      ],
      [
       13.43979,
       52.64527
      ],
      [
       13.44082,
       52.64927
      ],
      [
       13.45973,
       52.64808
      ],
      [
       13.46996,
       52.65186
      ],
      [
       13.47351,
       52.65653
      ],
      [
       13.45078,
       52.66267
      ],
      [
       13.45955,
       52.66898
      ],
      [
       13.46593,
       52.66712
      ],
      [
       13.47949,
       52.67551
      ],
      [
       13.47459,
       52.66807
      ],
      [
       13.48843,
       52.67079
      ],
      [
       13.48536,
       52.65943
      ],
      [
       13.49076,
       52.6548
      ],
      [
       13.51283,
       52.6454
      ],
      [
       13.52302,
       52.64504
      ],
      [
       13.51782,
       52.62957
      ],
      [
       13.50586,
       52.62575
      ],
      [
       13.50546,
       52.61997
      ],
      [
       13.49712,
       52.60667
      ],
      [
       13.50812,
       52.59214
      ],
      [
       13.52769,
       52.59224
      ],
      [
       13.54713,
       52.58785
      ],
      [
       13.56186,
       52.58039
      ],
      [
       13.56857,
       52.5731
      ],
      [
       13.58154,
       52.57111
      ],
      [
       13.5876,
       52.55563
      ],
      [
       13.58638,
       52.54978
      ],
      [
       13.63738,
       52.54226
      ],
      [
       13.63395,
       52.53765
      ],
      [
       13.62483,
       52.5381
      ],
      [
       13.62569,
       52.53018
      ],
      [
       13.65691,
       52.52984
      ],
      [
       13.6585,
       52.52595
      ],
      [
       13.63248,
       52.51088
      ],
      [
       13.62401,
       52.4942
      ],
      [
       13.62971,
       52.49304
      ],
      [
       13.61489,
       52.48076
      ],
      [
       13.61355,
       52.47562
      ],
      [
       13.61649,
       52.47483
      ],
      [
       13.61137,
       52.47065
      ],
      [
       13.62117,
       52.47046
      ],
      [
       13.62276,
       52.46645
      ],
      [
       13.62534,
       52.4737
      ],
      [
       13.64831,
       52.47873
      ],
      [
       13.69543,
       52.46419
      ],
      [
       13.69835,
       52.45526
      ],
      [
       13.70524,
       52.45562
      ],
      [
       13.69908,
       52.46828
      ],
      [
       13.70126,
       52.46822
      ],
      [
       13.71596,
       52.46292
      ],
      [
       13.72908,
       52.45078
      ],
      [
       13.75645,
       52.44618
      ],
      [
       13.75532,
       52.43842
      ],
      [
       13.75999,
       52.43617
      ],
      [
       13.75445,
       52.43668
      ],
      [
       13.7563,
       52.44161
      ],
      [
       13.74408,
       52.43807
      ],
      [
       13.74289,
       52.43294
      ],
      [
       13.72281,
       52.43714
      ],
      [
       13.7401,
       52.43247
      ],
      [
       13.73894,
       52.42885
      ],
      [
       13.74173,
       52.4282
      ],
      [
       13.73107,
       52.42051
      ],
      [
       13.72981,
       52.41635
      ],
      [
       13.73903,
       52.40734
      ],
      [
       13.73412,
       52.40198
      ],
      [
       13.72317,
       52.3983
      ],
      [
       13.71587,
       52.39969
      ],
      [
       13.68683,
       52.3853
      ]
     ]
    ]
   }
  },
  {
   "type": "Feature",
   "properties": {
    "@id": "relation/224457",
    "admin_level": "4",
    "boundary": "administrative",
    "name": "województwo dolnośląskie",
    "name:de": "Woiwodschaft Niederschlesien",
    "name:en": "Lower Silesian Voivodeship",
    "name:pl": "województwo dolnośląskie",
    "population": "2888033",
    "ref": "DŚ",
    "ref:nuts": "PL51",
    "type": "boundary",
    "wikidata": "Q54150",
    "wikipedia": "pl:Województwo dolnośląskie"
   },
   "geometry": {
    "type": "Polygon",
    "coordinates": [
     [
      [
       17.29428,
       50.73757
      ],
      [
       17.30116,
       50.74303
      ],
      [
       17.29139,
       50.74647
      ],
      [
       17.29758,
       50.75334
      ],
      [
       17.27954,
       50.76089
      ],
      [
       17.2684,
       50.76787
      ],
      [
       17.26952,
       50.77051
      ],
      [
       17.25391,
       50.77204
      ],
      [
       17.27117,
       50.78053
      ],
      [
       17.27219,
       50.78687
      ],
      [
       17.28586,
       50.79492
      ],
      [
       17.30627,
       50.78817
      ],
      [
       17.34485,
       50.78393
      ],
      [
       17.34617,
       50.78788
      ],
      [
       17.35197,
       50.79042
      ],
      [
       17.35466,
       50.7948
      ],
      [
       17.3502,
       50.7997
      ],
      [
       17.35023,
       50.8076
      ],
      [
       17.33981,
       50.80818
      ],
      [
       17.32824,
       50.81813
      ],
      [
       17.31834,
       50.82115
      ],
      [
       17.34324,
       50.82874
      ],
      [
       17.3282,
       50.8506
      ],
      [
       17.3472,
       50.85202
      ],
      [
       17.365,
       50.8595
      ],
      [
       17.38429,
       50.86207
      ],
      [
       17.3851,
       50.87557
      ],
      [
       17.39511,
       50.87553
      ],
      [
       17.39391,
       50.88776
      ],
      [
       17.39787,
       50.88925
      ],
      [
       17.35243,
       50.90065
      ],
      [
       17.37041,
       50.91819
      ],
      [
       17.36935,
       50.92574
      ],
      [
       17.40022,
       50.92008
      ],
      [
       17.40805,
       50.91055
      ],
      [
       17.41726,
       50.9126
      ],
      [
       17.42724,
       50.91057
      ],
      [
       17.42907,
       50.91466
      ],
      [
       17.43638,
       50.91698
      ],
      [
       17.43146,
       50.91832
      ],
      [
       17.42968,
       50.92368
      ],
      [
       17.43958,
       50.93697
      ],
      [
       17.43095,
       50.94595
      ],
      [
       17.4338,
       50.95431
      ],
      [
       17.4314,
       50.96709
      ],
      [
       17.46401,
       50.9783
      ],
      [
       17.46909,
       50.97186
      ],
      [
       17.50155,
       50.97559
      ],
      [
       17.50486,
       50.96972
      ],
      [
       17.50937,
       50.96945
      ],
      [
       17.51485,
       50.97969
      ],
      [
       17.49066,
       50.98819
      ],
      [
       17.49915,
       50.99275
      ],
      [
       17.50431,
       50.98864
      ],
      [
       17.51807,
       50.98724
      ],
      [
       17.54253,
       50.9912
      ],
      [
       17.54187,
       51.00263
      ],
      [
       17.52847,
       51.00225
      ],
      [
       17.52134,
       51.00575
      ],
      [
       17.52203,
       51.0091
      ],
      [
       17.51428,
       51.01163
      ],
      [
       17.51852,
       51.01745
      ],
      [
       17.51889,
       51.02545
      ],
      [
       17.52702,
       51.03137
      ],
      [
       17.53485,
       51.04316
      ],
      [
       17.51914,
       51.05028
      ],
      [
       17.52389,
       51.05339
      ],
      [
       17.5245,
       51.0585
      ],
      [
       17.5187,
       51.05881
      ],
      [
       17.52432,
       51.06516
      ],
      [
       17.53429,
       51.06924
      ],
      [
       17.55821,
       51.06783
      ],
      [
       17.58213,
       51.08184
      ],
      [
       17.56243,
       51.0926
      ],
      [
       17.57822,
       51.11083
      ],
      [
       17.57146,
       51.11762
      ],
      [
       17.57638,
       51.12942
      ],
      [
       17.56555,
       51.13348
      ],
      [
       17.56772,
       51.13784
      ],
      [
       17.54547,
       51.14357
      ],
      [
       17.54475,
       51.15449
      ],
      [
       17.55861,
       51.15678
      ],
      [
       17.56636,
       51.16144
      ],
      [
       17.56795,
       51.16589
      ],
      [
       17.57824,
       51.16224
      ],
      [
       17.58921,
       51.17133
      ],
      [
       17.59889,
       51.16783
      ],
      [
       17.59708,
       51.17109
      ],
      [
       17.6027,
       51.17591
      ],
      [
       17.59661,
       51.17854
      ],
      [
       17.60659,
       51.1896
      ],
      [
       17.6115,
       51.19052
      ],
      [
       17.6195,
       51.18441
      ],
      [
       17.62061,
       51.17543
      ],
      [
       17.64037,
       51.17314
      ],
      [
       17.63943,
       51.16815
      ],
      [
       17.65591,
       51.16662
      ],
      [
       17.66927,
       51.16082
      ],
      [
       17.6822,
       51.16706
      ],
      [
       17.70026,
       51.16327
      ],
      [
       17.69819,
       51.17166
      ],
      [
       17.70438,
       51.1739
      ],
      [
       17.73905,
       51.17429
      ],
      [
       17.75025,
       51.17968
      ],
      [
       17.75382,
       51.18679
      ],
      [
       17.77983,
       51.18324
      ],
      [
       17.78296,
       51.18825
      ],
      [
       17.79514,
       51.18977
      ],
      [
       17.79527,
       51.19415
      ],
      [
       17.77651,
       51.1982
      ],
      [
       17.76742,
       51.20394
      ],
      [
       17.75665,
       51.21633
      ],
      [
       17.75551,
       51.23319
      ],
      [
       17.74396,
       51.24302
      ],
      [
       17.74586,
       51.24978
      ],
      [
       17.74293,
       51.2573
      ],
      [
       17.74934,
       51.27011
      ],
      [
       17.73816,
       51.27572
      ],
      [
       17.75161,
       51.2812
      ],
      [
       17.75222,
       51.28356
      ],
      [
       17.7473,
       51.28601
      ],
      [
       17.75032,
       51.29069
      ],
      [
       17.76649,
       51.30074
      ],
      [
       17.76014,
       51.30229
      ],
      [
       17.76441,
       51.30589
      ],
      [
       17.75591,
       51.31129
      ],
      [
       17.765,
       51.31639
      ],
      [
       17.74377,
       51.32869
      ],
      [
       17.74426,
       51.3364
      ],
      [
       17.73962,
       51.34287
      ],
      [
       17.74365,
       51.3465
      ],
      [
       17.73291,
       51.34942
      ],
      [
       17.72296,
       51.35937
      ],
      [
       17.70978,
       51.35892
      ],
      [
       17.70764,
       51.36044
      ],
      [
       17.70997,
       51.36351
      ],
      [
       17.70418,
       51.36678
      ],
      [
       17.70606,
       51.37167
      ],
      [
       17.71546,
       51.37143
      ],
      [
       17.71999,
       51.38614
      ],
      [
       17.73294,
       51.38728
      ],
      [
       17.72909,
       51.3957
      ],
      [
       17.73751,
       51.39488
      ],
      [
       17.73638,
       51.39999
      ],
      [
       17.75244,
       51.39862
      ],
      [
       17.75475,
       51.40731
      ],
      [
       17.74561,
       51.41265
      ],
      [
       17.74848,
       51.41464
      ],
      [
       17.7345,
       51.41671
      ],
      [
       17.73798,
       51.41906
      ],
      [
       17.72316,
       51.42274
      ],
      [
       17.71409,
       51.41853
      ],
      [
       17.71866,
       51.40318
      ],
      [
       17.70307,
       51.39949
      ],
      [
       17.68679,
       51.40539
      ],
      [
       17.68806,
       51.40782
      ],
      [
       17.67288,
       51.41522
      ],
      [
       17.66833,
       51.41598
      ],
      [
       17.6611,
       51.40998
      ],
      [
       17.65679,
       51.41118
      ],
      [
       17.63819,
       51.42386
      ],
      [
       17.63088,
       51.42346
      ],
      [
       17.62658,
       51.41907
      ],
      [
       17.6129,
       51.42299
      ],
      [
       17.6039,
       51.40937
      ],
      [
       17.58486,
       51.40964
      ],
      [
       17.57006,
       51.40512
      ],
      [
       17.55402,
       51.41075
      ],
      [
       17.54851,
       51.41895
      ],
      [
       17.54057,
       51.42128
      ],
      [
       17.55195,
       51.43517
      ],
      [
       17.54818,
       51.44294
      ],
      [
       17.52067,
       51.46232
      ],
      [
       17.52904,
       51.46981
      ],
      [
       17.52156,
       51.47264
      ],
      [
       17.52005,
       51.47605
      ],
      [
       17.52341,
       51.48485
      ],
      [
       17.51606,
       51.48812
      ],
      [
       17.51952,
       51.49333
      ],
      [
       17.52422,
       51.49439
      ],
      [
       17.52638,
       51.49992
      ],
      [
       17.51398,
       51.50155
      ],
      [
       17.51216,
       51.5055
      ],
      [
       17.51463,
       51.51098
      ],
      [
       17.52004,
       51.51114
      ],
      [
       17.5216,
       51.51458
      ],
      [
       17.53302,
       51.51331
      ],
      [
       17.53553,
       51.51616
      ],
      [
       17.55431,
       51.51749
      ],
      [
       17.57273,
       51.52988
      ],
      [
       17.57629,
       51.53961
      ],
      [
       17.5719,
       51.55518
      ],
      [
       17.57236,
       51.56677
      ],
      [
       17.56012,
       51.57041
      ],
      [
       17.56021,
       51.57491
      ],
      [
       17.5546,
       51.57852
      ],
      [
       17.55578,
       51.58455
      ],
      [
       17.52176,
       51.59011
      ],
      [
       17.51855,
       51.60207
      ],
      [
       17.52127,
       51.6057
      ],
      [
       17.50362,
       51.60928
      ],
      [
       17.49865,
       51.61593
      ],
      [
       17.48641,
       51.61681
      ],
      [
       17.471,
       51.62617
      ],
      [
       17.45961,
       51.62637
      ],
      [
       17.43822,
       51.63293
      ],
      [
       17.41169,
       51.63116
      ],
      [
       17.33011,
       51.64791
      ],
      [
       17.25827,
       51.64303
      ],
      [
       17.26039,
       51.64041
      ],
      [
       17.24932,
       51.6405
      ],
      [
       17.24168,
       51.63705
      ],
      [
       17.24215,
       51.62971
      ],
      [
       17.2391,
       51.63026
      ],
      [
       17.24117,
       51.63359
      ],
      [
       17.23375,
       51.6341
      ],
      [
       17.22667,
       51.63328
      ],
      [
       17.22919,
       51.62988
      ],
      [
       17.21547,
       51.62956
      ],
      [
       17.21233,
       51.6154
      ],
      [
       17.20827,
       51.61109
      ],
      [
       17.20977,
       51.60267
      ],
      [
       17.21549,
       51.59932
      ],
      [
       17.21547,
       51.59392
      ],
      [
       17.21074,
       51.58969
      ],
      [
       17.21447,
       51.58555
      ],
      [
       17.21467,
       51.57385
      ],
      [
       17.20655,
       51.56704
      ],
      [
       17.20294,
       51.56778
      ],
      [
       17.1992,
       51.5745
      ],
      [
       17.188,
       51.57649
      ],
      [
       17.17083,
       51.5698
      ],
      [
       17.1255,
       51.56532
      ],
      [
       17.10852,
       51.57607
      ],
      [
       17.06465,
       51.56637
      ],
      [
       17.07017,
       51.55506
      ],
      [
       17.06924,
       51.5525
      ],
      [
       17.05934,
       51.55173
      ],
      [
       17.0598,
       51.54566
      ],
      [
       17.0538,
       51.5452
      ],
      [
       17.04606,
       51.55597
      ],
      [
       17.01158,
       51.55445
      ],
      [
       17.00705,
       51.54934
      ],
      [
       16.98179,
       51.55091
      ],
      [
       16.97868,
       51.54484
      ],
      [
       16.97512,
       51.54782
      ],
      [
       16.97192,
       51.54358
      ],
      [
       16.96303,
       51.54454
      ],
      [
       16.96459,
       51.5492
      ],
      [
       16.95818,
       51.5525
      ],
      [
       16.92789,
       51.55242
      ],
      [
       16.91556,
       51.55865
      ],
      [
       16.90177,
       51.57399
      ],
      [
       16.88917,
       51.58054
      ],
      [
       16.85115,
       51.57999
      ],
      [
       16.83194,
       51.57595
      ],
      [
       16.82837,
       51.57219
      ],
      [
       16.81933,
       51.57766
      ],
      [
       16.81557,
       51.58474
      ],
      [
       16.79276,
       51.59052
      ],
      [
       16.79539,
       51.59968
      ],
      [
       16.80265,
       51.60086
      ],
      [
       16.78459,
       51.61061
      ],
      [
       16.77205,
       51.6136
      ],
      [
       16.76606,
       51.62773
      ],
      [
       16.77644,
       51.63133
      ],
      [
       16.78348,
       51.64099
      ],
      [
       16.76911,
       51.64465
      ],
      [
       16.73167,
       51.64264
      ],
      [
       16.72827,
       51.64308
      ],
      [
       16.72756,
       51.64746
      ],
      [
       16.71542,
       51.6486
      ],
      [
       16.68141,
       51.64695
      ],
      [
       16.68024,
       51.65062
      ],
      [
       16.685,
       51.65592
      ],
      [
       16.6829,
       51.6567
      ],
      [
       16.66368,
       51.6563
      ],
      [
       16.64325,
       51.66072
      ],
      [
       16.63877,
       51.66793
      ],
      [
       16.63879,
       51.67786
      ],
      [
       16.64202,
       51.68347
      ],
      [
       16.66371,
       51.68857
      ],
      [
       16.65755,
       51.68923
      ],
      [
       16.66169,
       51.69428
      ],
      [
       16.65947,
       51.69676
      ],
      [
       16.6638,
       51.69878
      ],
      [
       16.67634,
       51.69217
      ],
      [
       16.67562,
       51.69773
      ],
      [
       16.68245,
       51.70268
      ],
      [
       16.6823,
       51.70791
      ],
      [
       16.66335,
       51.71201
      ],
      [
       16.64503,
       51.72189
      ],
      [
       16.6458,
       51.72925
      ],
      [
       16.6394,
       51.73299
      ],
      [
       16.64794,
       51.74416
      ],
      [
       16.63518,
       51.74908
      ],
      [
       16.619,
       51.74469
      ],
      [
       16.60638,
       51.74489
      ],
      [
       16.59468,
       51.7505
      ],
      [
       16.58303,
       51.75078
      ],
      [
       16.58063,
       51.75211
      ],
      [
       16.57982,
       51.76585
      ],
      [
       16.57669,
       51.76859
      ],
      [
       16.54086,
       51.7663
      ],
      [
       16.54405,
       51.774
      ],
      [
       16.54189,
       51.77613
      ],
      [
       16.54529,
       51.78007
      ],
      [
       16.54071,
       51.78145
      ],
      [
       16.49241,
       51.7814
      ],
      [
       16.44888,
       51.78801
      ],
      [
       16.41619,
       51.78487
      ],
      [
       16.41684,
       51.78275
      ],
      [
       16.40864,
       51.77999
      ],
      [
       16.41103,
       51.77882
      ],
      [
       16.40817,
       51.77289
      ],
      [
       16.39517,
       51.76722
      ],
      [
       16.38326,
       51.77044
      ],
      [
       16.37715,
       51.76718
      ],
      [
       16.37949,
       51.76577
      ],
      [
       16.37592,
       51.75982
      ],
      [
       16.37797,
       51.75304
      ],
      [
       16.37073,
       51.74503
      ],
      [
       16.36172,
       51.74153
      ],
      [
       16.36163,
       51.73594
      ],
      [
       16.36931,
       51.72883
      ],
      [
       16.35928,
       51.71874
      ],
      [
       16.35046,
       51.71583
      ],
      [
       16.34789,
       51.71251
      ],
      [
       16.35014,
       51.71077
      ],
      [
       16.34691,
       51.70888
      ],
      [
       16.30267,
       51.69849
      ],
      [
       16.30223,
       51.69535
      ],
      [
       16.29731,
       51.69465
      ],
      [
       16.29963,
       51.69004
      ],
      [
       16.27642,
       51.68832
      ],
      [
       16.26915,
       51.68454
      ],
      [
       16.26793,
       51.67743
      ],
      [
       16.27598,
       51.67243
      ],
      [
       16.26965,
       51.66341
      ],
      [
       16.26539,
       51.67253
      ],
      [
       16.25539,
       51.6793
      ],
      [
       16.25212,
       51.68594
      ],
      [
       16.23805,
       51.68833
      ],
      [
       16.22329,
       51.69542
      ],
      [
       16.22782,
       51.69875
      ],
      [
       16.21754,
       51.71464
      ],
      [
       16.20227,
       51.71447
      ],
      [
       16.19971,
       51.71806
      ],
      [
       16.18538,
       51.71598
      ],
      [
       16.18306,
       51.71152
      ],
      [
       16.17349,
       51.71216
      ],
      [
       16.17233,
       51.70919
      ],
      [
       16.16003,
       51.71171
      ],
      [
       16.16123,
       51.7155
      ],
      [
       16.15862,
       51.71795
      ],
      [
       16.16174,
       51.71825
      ],
      [
       16.17783,
       51.76397
      ],
      [
       16.16052,
       51.75889
      ],
      [
       16.13347,
       51.75833
      ],
      [
       16.13396,
       51.7652
      ],
      [
       16.11636,
       51.76356
      ],
      [
       16.0959,
       51.76711
      ],
      [
       16.07863,
       51.77283
      ],
      [
       16.07781,
       51.77699
      ],
      [
       16.07267,
       51.77766
      ],
      [
       16.07002,
       51.78264
      ],
      [
       16.03524,
       51.78168
      ],
      [
       16.03494,
       51.79538
      ],
      [
       16.02895,
       51.80245
      ],
      [
       16.00391,
       51.80053
      ],
      [
       16.00135,
       51.80365
      ],
      [
       15.99622,
       51.80123
      ],
      [
       15.99482,
       51.80475
      ],
      [
       15.97924,
       51.80231
      ],
      [
       15.98264,
       51.79985
      ],
      [
       15.96597,
       51.79146
      ],
      [
       15.97187,
       51.78253
      ],
      [
       15.98227,
       51.7785
      ],
      [
       15.99841,
       51.77716
      ],
      [
       16.00431,
       51.77982
      ],
      [
       16.00857,
       51.77571
      ],
      [
       16.00819,
       51.77336
      ],
      [
       15.98902,
       51.76923
      ],
      [
       15.97999,
       51.77368
      ],
      [
       15.97706,
       51.76814
      ],
      [
       15.96874,
       51.76838
      ],
      [
       15.97658,
       51.74812
      ],
      [
       15.97371,
       51.74635
      ],
      [
       15.98009,
       51.74532
      ],
      [
       15.9608,
       51.74358
      ],
      [
       15.9592,
       51.73947
      ],
      [
       15.96403,
       51.73734
      ],
      [
       15.96318,
       51.73366
      ],
      [
       15.92972,
       51.73771
      ],
      [
       15.92657,
       51.72964
      ],
      [
       15.91243,
       51.72554
      ],
      [
       15.89468,
       51.73032
      ],
      [
       15.88239,
       51.7199
      ],
      [
       15.86953,
       51.71966
      ],
      [
       15.86818,
       51.70662
      ],
      [
       15.86507,
       51.70699
      ],
      [
       15.8659,
       51.7022
      ],
      [
       15.86261,
       51.70182
      ],
      [
       15.86563,
       51.69261
      ],
      [
       15.86235,
       51.69252
      ],
      [
       15.86868,
       51.69109
      ],
      [
       15.86851,
       51.68878
      ],
      [
       15.85494,
       51.68884
      ],
      [
       15.85254,
       51.68394
      ],
      [
       15.84247,
       51.68164
      ],
      [
       15.8448,
       51.67541
      ],
      [
       15.83426,
       51.67219
      ],
      [
       15.84971,
       51.6652
      ],
      [
       15.84283,
       51.66134
      ],
      [
       15.85451,
       51.65893
      ],
      [
       15.85719,
       51.65042
      ],
      [
       15.83758,
       51.64501
      ],
      [
       15.83004,
       51.63699
      ],
      [
       15.83404,
       51.62222
      ],
      [
       15.81581,
       51.60292
      ],
      [
       15.82362,
       51.57274
      ],
      [
       15.76982,
       51.56966
      ],
      [
       15.74247,
       51.55571
      ],
      [
       15.72356,
       51.55213
      ],
      [
       15.70378,
       51.55706
      ],
      [
       15.70639,
       51.55453
      ],
      [
       15.70282,
       51.55191
      ],
      [
       15.70316,
       51.54643
      ],
      [
       15.71231,
       51.54655
      ],
      [
       15.7107,
       51.52351
      ],
      [
       15.71407,
       51.52164
      ],
      [
       15.71403,
       51.5174
      ],
      [
       15.7006,
       51.51739
      ],
      [
       15.70097,
       51.51248
      ],
      [
       15.67893,
       51.51238
      ],
      [
       15.67881,
       51.50563
      ],
      [
       15.67328,
       51.50569
      ],
      [
       15.67311,
       51.49892
      ],
      [
       15.66763,
       51.49898
      ],
      [
       15.66733,
       51.48885
      ],
      [
       15.6592,
       51.48812
      ],
      [
       15.66419,
       51.48271
      ],
      [
       15.65601,
       51.4724
      ],
      [
       15.64591,
       51.47908
      ],
      [
       15.63466,
       51.47891
      ],
      [
       15.63451,
       51.47214
      ],
      [
       15.62414,
       51.47199
      ],
      [
       15.62345,
       51.46352
      ],
      [
       15.59976,
       51.44567
      ],
      [
       15.59708,
       51.45148
      ],
      [
       15.5928,
       51.45205
      ],
      [
       15.59089,
       51.44893
      ],
      [
       15.58088,
       51.45308
      ],
      [
       15.58784,
       51.45675
      ],
      [
       15.58728,
       51.46025
      ],
      [
       15.59284,
       51.4624
      ],
      [
       15.59025,
       51.46447
      ],
      [
       15.59594,
       51.46955
      ],
      [
       15.48766,
       51.52756
      ],
      [
       15.48826,
       51.52244
      ],
      [
       15.48408,
       51.52353
      ],
      [
       15.4858,
       51.51361
      ],
      [
       15.48227,
       51.51297
      ],
      [
       15.46921,
       51.51457
      ],
      [
       15.47058,
       51.51824
      ],
      [
       15.46249,
       51.52227
      ],
      [
       15.45763,
       51.52106
      ],
      [
       15.45006,
       51.52595
      ],
      [
       15.43696,
       51.52733
      ],
      [
       15.40581,
       51.51959
      ],
      [
       15.39658,
       51.53103
      ],
      [
       15.38516,
       51.5279
      ],
      [
       15.38469,
       51.51838
      ],
      [
       15.38027,
       51.51443
      ],
      [
       15.38275,
       51.51208
      ],
      [
       15.37121,
       51.50789
      ],
      [
       15.36701,
       51.49396
      ],
      [
       15.37147,
       51.48836
      ],
      [
       15.37063,
       51.48012
      ],
      [
       15.38015,
       51.48114
      ],
      [
       15.38186,
       51.47225
      ],
      [
       15.37249,
       51.46966
      ],
      [
       15.33941,
       51.47409
      ],
      [
       15.33366,
       51.4516
      ],
      [
       15.34328,
       51.44695
      ],
      [
       15.32837,
       51.42956
      ],
      [
       15.3284,
       51.422
      ],
      [
       15.32453,
       51.41835
      ],
      [
       15.33366,
       51.4099
      ],
      [
       15.32165,
       51.4083
      ],
      [
       15.31519,
       51.41767
      ],
      [
       15.29278,
       51.42315
      ],
      [
       15.28973,
       51.43137
      ],
      [
       15.27552,
       51.4298
      ],
      [
       15.27197,
       51.43836
      ],
      [
       15.25211,
       51.44908
      ],
      [
       15.22074,
       51.44451
      ],
      [
       15.20092,
       51.44606
      ],
      [
       15.20242,
       51.46283
      ],
      [
       15.18717,
       51.46403
      ],
      [
       15.15056,
       51.44243
      ],
      [
       15.12974,
       51.43795
      ],
      [
       15.10952,
       51.42778
      ],
      [
       15.09537,
       51.42536
      ],
      [
       15.09273,
       51.42949
      ],
      [
       15.08793,
       51.42726
      ],
      [
       15.08278,
       51.41871
      ],
      [
       15.08299,
       51.40795
      ],
      [
       15.07116,
       51.39698
      ],
      [
       15.01793,
       51.39344
      ],
      [
       15.0182,
       51.38662
      ],
      [
       15.0134,
       51.38433
      ],
      [
       15.00904,
       51.3742
      ],
      [
       15.01229,
       51.36337
      ],
      [
       14.96503,
       51.36178
      ],
      [
       14.97624,
       51.35712
      ],
      [
       14.97769,
       51.34161
      ],
      [
       14.98608,
       51.32938
      ],
      [
       14.99327,
       51.32871
      ],
      [
       14.99339,
       51.32282
      ],
      [
       15.00928,
       51.31668
      ],
      [
       15.00677,
       51.31138
      ],
      [
       15.01275,
       51.30852
      ],
      [
       15.01233,
       51.30098
      ],
      [
       15.02176,
       51.30061
      ],
      [
       15.03335,
       51.29409
      ],
      [
       15.03426,
       51.27767
      ],
      [
       15.04193,
       51.27291
      ],
      [
       15.03675,
       51.27046
      ],
      [
       15.0378,
       51.25803
      ],
      [
       15.02492,
       51.25385
      ],
      [
       15.0233,
       51.25059
      ],
      [
       15.02946,
       51.25139
      ],
      [
       15.03785,
       51.24399
      ],
      [
       15.02862,
       51.24179
      ],
      [
       15.02893,
       51.23724
      ],
      [
       15.02347,
       51.2351
      ],
      [
       15.02594,
       51.23201
      ],
      [
       15.01606,
       51.22725
      ],
      [
       15.01721,
       51.21536
      ],
      [
       15.00983,
       51.21357
      ],
      [
       15.01291,
       51.20817
      ],
      [
       15.00761,
       51.20451
      ],
      [
       15.00772,
       51.19955
      ],
      [
       15.01438,
       51.1965
      ],
      [
       15.00474,
       51.19088
      ],
      [
       15.00877,
       51.18233
      ],
      [
       15.00155,
       51.17239
      ],
      [
       15.00505,
       51.16772
      ],
      [
       14.99312,
       51.16244
      ],
      [
       15.00095,
       51.14995
      ],
      [
       14.99637,
       51.14401
      ],
      [
       14.99053,
       51.14279
      ],
      [
       14.99594,
       51.13524
      ],
      [
       14.99474,
       51.12387
      ],
      [
       14.99733,
       51.12164
      ],
      [
       14.98756,
       51.11613
      ],
      [
       14.98154,
       51.11731
      ],
      [
       14.9811,
       51.10885
      ],
      [
       14.97805,
       51.10811
      ],
      [
       14.98397,
       51.10211
      ],
      [
       14.98381,
       51.09728
      ],
      [
       14.98024,
       51.09575
      ],
      [
       14.98393,
       51.09089
      ],
      [
       14.97628,
       51.08686
      ],
      [
       14.97932,
       51.07704
      ],
      [
       14.96763,
       51.07111
      ],
      [
       14.97139,
       51.06936
      ],
      [
       14.97124,
       51.06571
      ],
      [
       14.96304,
       51.05801
      ],
      [
       14.96466,
       51.05012
      ],
      [
       14.94851,
       51.04262
      ],
      [
       14.94811,
       51.03931
      ],
      [
       14.95171,
       51.03797
      ],
      [
       14.94652,
       51.0315
      ],
      [
       14.949,
       51.03046
      ],
      [
       14.94535,
       51.02639
      ],
      [
       14.94033,
       51.02622
      ],
      [
       14.9424,
       51.02371
      ],
      [
       14.93924,
       51.02359
      ],
      [
       14.93995,
       51.02066
      ],
      [
       14.93509,
       51.02013
      ],
      [
       14.93931,
       51.01702
      ],
      [
       14.93799,
       51.01146
      ],
      [
       14.92904,
       50.99798
      ],
      [
       14.91719,
       50.99519
      ],
      [
       14.92029,
       50.98793
      ],
      [
       14.91943,
       50.97535
      ],
      [
       14.90308,
       50.97172
      ],
      [
       14.90403,
       50.96749
      ],
      [
       14.89959,
       50.96331
      ],
      [
       14.90387,
       50.96122
      ],
      [
       14.89762,
       50.95939
      ],
      [
       14.89296,
       50.94958
      ],
      [
       14.89656,
       50.94065
      ],
      [
       14.89077,
       50.93521
      ],
      [
       14.87585,
       50.93161
      ],
      [
       14.86809,
       50.9179
      ],
      [
       14.85164,
       50.91057
      ],
      [
       14.84341,
       50.90065
      ],
      [
       14.82083,
       50.8867
      ],
      [
       14.81737,
       50.87958
      ],
      [
       14.82335,
       50.87057
      ],
      [
       14.8312,
       50.87289
      ],
      [
       14.84055,
       50.86904
      ],
      [
       14.85542,
       50.86874
      ],
      [
       14.86379,
       50.87051
      ],
      [
       14.86708,
       50.87723
      ],
      [
       14.87385,
       50.87716
      ],
      [
       14.89728,
       50.86736
      ],
      [
       14.90168,
       50.87587
      ],
      [
       14.93736,
       50.86942
      ],
      [
       14.95926,
       50.86193
      ],
      [
       14.98669,
       50.8693
      ],
      [
       15.00193,
       50.86878
      ],
      [
       14.9985,
       50.8878
      ],
      [
       14.99398,
       50.89182
      ],
      [
       14.99618,
       50.90064
      ],
      [
       15.00682,
       50.90722
      ],
      [
       14.99915,
       50.90683
      ],
      [
       14.99847,
       50.91356
      ],
      [
       14.98945,
       50.92164
      ],
      [
       15.01434,
       50.93983
      ],
      [
       15.01528,
       50.95028
      ],
      [
       15.01075,
       50.96298
      ],
      [
       15.02171,
       50.96707
      ],
      [
       15.00592,
       50.98656
      ],
      [
       14.98893,
       50.97803
      ],
      [
       14.96824,
       50.99001
      ],
      [
       14.98542,
       51.01084
      ],
      [
       14.99724,
       51.00921
      ],
      [
       15.01432,
       51.01599
      ],
      [
       15.01647,
       51.02181
      ],
      [
       15.02419,
       51.02322
      ],
      [
       15.03256,
       51.0215
      ],
      [
       15.03544,
       51.01284
      ],
      [
       15.05566,
       51.01198
      ],
      [
       15.05772,
       51.02251
      ],
      [
       15.061,
       51.0229
      ],
      [
       15.07595,
       51.01719
      ],
      [
       15.07683,
       51.01341
      ],
      [
       15.08506,
       51.01476
      ],
      [
       15.1067,
       51.01038
      ],
      [
       15.10618,
       51.00706
      ],
      [
       15.09679,
       51.00293
      ],
      [
       15.10079,
       50.99397
      ],
      [
       15.10516,
       50.99138
      ],
      [
       15.12075,
       50.99332
      ],
      [
       15.129,
       50.99013
      ],
      [
       15.14211,
       50.99132
      ],
      [
       15.13311,
       50.99389
      ],
      [
       15.14437,
       51.01337
      ],
      [
       15.17185,
       51.02003
      ],
      [
       15.17721,
       50.99346
      ],
      [
       15.17133,
       50.98651
      ],
      [
       15.17985,
       50.98302
      ],
      [
       15.19184,
       50.98055
      ],
      [
       15.20002,
       50.98401
      ],
      [
       15.19661,
       50.98833
      ],
      [
       15.20431,
       50.99251
      ],
      [
       15.21287,
       50.99201
      ],
      [
       15.23656,
       50.99867
      ],
      [
       15.24233,
       50.99695
      ],
      [
       15.23718,
       50.99457
      ],
      [
       15.2433,
       50.98839
      ],
      [
       15.2393,
       50.98601
      ],
      [
       15.24845,
       50.97967
      ],
      [
       15.27407,
       50.97955
      ],
      [
       15.27721,
       50.97163
      ],
      [
       15.27388,
       50.96291
      ],
      [
       15.28811,
       50.958
      ],
      [
       15.29224,
       50.95264
      ],
      [
       15.28872,
       50.9463
      ],
      [
       15.26785,
       50.9325
      ],
      [
       15.26971,
       50.92546
      ],
      [
       15.26692,
       50.92028
      ],
      [
       15.27686,
       50.89926
      ],
      [
       15.27707,
       50.89102
      ],
      [
       15.31183,
       50.86018
      ],
      [
       15.33849,
       50.85721
      ],
      [
       15.35343,
       50.8515
      ],
      [
       15.36752,
       50.83769
      ],
      [
       15.37219,
       50.82357
      ],
      [
       15.37611,
       50.82115
      ],
      [
       15.37004,
       50.81436
      ],
      [
       15.37408,
       50.81181
      ],
      [
       15.37202,
       50.80818
      ],
      [
       15.37401,
       50.80736
      ],
      [
       15.36618,
       50.80207
      ],
      [
       15.37249,
       50.79577
      ],
      [
       15.37345,
       50.78478
      ],
      [
       15.36982,
       50.78115
      ],
      [
       15.37476,
       50.77762
      ],
      [
       15.39413,
       50.77655
      ],
      [
       15.41506,
       50.79278
      ],
      [
       15.42083,
       50.80324
      ],
      [
       15.43953,
       50.80906
      ],
      [
       15.45023,
       50.80711
      ],
      [
       15.45093,
       50.80408
      ],
      [
       15.47348,
       50.79675
      ],
      [
       15.48053,
       50.79084
      ],
      [
       15.49366,
       50.78823
      ],
      [
       15.511,
       50.79081
      ],
      [
       15.52431,
       50.777
      ],
      [
       15.54576,
       50.78042
      ],
      [
       15.56402,
       50.77612
      ],
      [
       15.57875,
       50.77897
      ],
      [
       15.60366,
       50.77631
      ],
      [
       15.61643,
       50.77234
      ],
      [
       15.62211,
       50.7652
      ],
      [
       15.6803,
       50.75477
      ],
      [
       15.68864,
       50.7428
      ],
      [
       15.70571,
       50.73725
      ],
      [
       15.72337,
       50.73979
      ],
      [
       15.73978,
       50.73594
      ],
      [
       15.75977,
       50.74356
      ],
      [
       15.77922,
       50.74227
      ],
      [
       15.78876,
       50.74675
      ],
      [
       15.79147,
       50.75265
      ],
      [
       15.81619,
       50.75532
      ],
      [
       15.81971,
       50.74976
      ],
      [
       15.83194,
       50.74269
      ],
      [
       15.82994,
       50.72439
      ],
      [
       15.85105,
       50.70822
      ],
      [
       15.85736,
       50.69682
      ],
      [
       15.8633,
       50.6813
      ],
      [
       15.86096,
       50.67445
      ],
      [
       15.88401,
       50.67116
      ],
      [
       15.88507,
       50.67535
      ],
      [
       15.91953,
       50.6846
      ],
      [
       15.92619,
       50.68075
      ],
      [
       15.93183,
       50.68648
      ],
      [
       15.96123,
       50.69185
      ],
      [
       15.99091,
       50.68341
      ],
      [
       15.99037,
       50.67701
      ],
      [
       15.99876,
       50.67249
      ],
      [
       15.99792,
       50.66846
      ],
      [
       16.00434,
       50.65814
      ],
      [
       16.00499,
       50.64862
      ],
      [
       16.00095,
       50.64479
      ],
      [
       16.00543,
       50.64247
      ],
      [
       16.00855,
       50.63449
      ],
      [
       16.02175,
       50.63017
      ],
      [
       15.99761,
       50.62252
      ],
      [
       15.98644,
       50.61348
      ],
      [
       16.00853,
       50.6047
      ],
      [
       16.0157,
       50.60611
      ],
      [
       16.01954,
       50.60026
      ],
      [
       16.02483,
       50.59862
      ],
      [
       16.04262,
       50.61424
      ],
      [
       16.05608,
       50.6097
      ],
      [
       16.06759,
       50.63972
      ],
      [
       16.08475,
       50.64708
      ],
      [
       16.08917,
       50.6527
      ],
      [
       16.09506,
       50.653
      ],
      [
       16.10368,
       50.66336
      ],
      [
       16.11298,
       50.65862
      ],
      [
       16.12583,
       50.66058
      ],
      [
       16.13949,
       50.65078
      ],
      [
       16.14838,
       50.65334
      ],
      [
       16.17037,
       50.64528
      ],
      [
       16.17696,
       50.63965
      ],
      [
       16.17938,
       50.62866
      ],
      [
       16.18417,
       50.6272
      ],
      [
       16.21736,
       50.63335
      ],
      [
       16.22053,
       50.63649
      ],
      [
       16.22148,
       50.65151
      ],
      [
       16.23481,
       50.67157
      ],
      [
       16.25836,
       50.66712
      ],
      [
       16.27944,
       50.66821
      ],
      [
       16.28411,
       50.66045
      ],
      [
       16.30498,
       50.65906
      ],
      [
       16.32213,
       50.6666
      ],
      [
       16.34308,
       50.66151
      ],
      [
       16.35122,
       50.64785
      ],
      [
       16.36408,
       50.6475
      ],
      [
       16.37369,
       50.6366
      ],
      [
       16.37948,
       50.63665
      ],
      [
       16.38038,
       50.63036
      ],
      [
       16.39446,
       50.61873
      ],
      [
       16.40496,
       50.61732
      ],
      [
       16.41278,
       50.61013
      ],
      [
       16.42295,
       50.60633
      ],
      [
       16.44332,
       50.5865
      ],
      [
       16.44491,
       50.57957
      ],
      [
       16.4211,
       50.5692
      ],
      [
       16.40464,
       50.56927
      ],
      [
       16.404,
       50.56467
      ],
      [
       16.41065,
       50.5564
      ],
      [
       16.41093,
       50.5479
      ],
      [
       16.38739,
       50.54198
      ],
      [
       16.40178,
       50.52989
      ],
      [
       16.37394,
       50.51637
      ],
      [
       16.36035,
       50.50123
      ],
      [
       16.3438,
       50.49584
      ],
      [
       16.32074,
       50.50759
      ],
      [
       16.31153,
       50.50613
      ],
      [
       16.30944,
       50.49937
      ],
      [
       16.31241,
       50.49411
      ],
      [
       16.30049,
       50.49148
      ],
      [
       16.29974,
       50.48521
      ],
      [
       16.2941,
       50.47919
      ],
      [
       16.27146,
       50.48467
      ],
      [
       16.26851,
       50.48291
      ],
      [
       16.26964,
       50.47958
      ],
      [
       16.27471,
       50.47658
      ],
      [
       16.26858,
       50.47588
      ],
      [
       16.2648,
       50.48005
      ],
      [
       16.25871,
       50.48018
      ],
      [
       16.24908,
       50.47351
      ],
      [
       16.2557,
       50.46762
      ],
      [
       16.24337,
       50.46306
      ],
      [
       16.23354,
       50.46682
      ],
      [
       16.23525,
       50.45991
      ],
      [
       16.22428,
       50.46073
      ],
      [
       16.22038,
       50.45789
      ],
      [
       16.2304,
       50.4536
      ],
      [
       16.23406,
       50.44869
      ],
      [
       16.23189,
       50.44348
      ],
      [
       16.22398,
       50.44208
      ],
      [
       16.22142,
       50.45089
      ],
      [
       16.21296,
       50.4517
      ],
      [
       16.20501,
       50.44865
      ],
      [
       16.19883,
       50.44178
      ],
      [
       16.19868,
       50.43473
      ],
      [
       16.19571,
       50.43213
      ],
      [
       16.19828,
       50.42884
      ],
      [
       16.20984,
       50.42679
      ],
      [
       16.21411,
       50.41469
      ],
      [
       16.21047,
       50.41124
      ],
      [
       16.21447,
       50.4091
      ],
      [
       16.22185,
       50.40692
      ],
      [
       16.23811,
       50.41408
      ],
      [
       16.24162,
       50.40967
      ],
      [
       16.25292,
       50.40564
      ],
      [
       16.2519,
       50.39969
      ],
      [
       16.24738,
       50.39619
      ],
      [
       16.25065,
       50.3935
      ],
      [
       16.26305,
       50.39356
      ],
      [
       16.26739,
       50.38674
      ],
      [
       16.26594,
       50.38161
      ],
      [
       16.27686,
       50.3762
      ],
      [
       16.27863,
       50.36744
      ],
      [
       16.29156,
       50.37009
      ],
      [
       16.29924,
       50.38076
      ],
      [
       16.30469,
       50.38259
      ],
      [
       16.31689,
       50.38018
      ],
      [
       16.32627,
       50.38211
      ],
      [
       16.34181,
       50.37787
      ],
      [
       16.34852,
       50.38065
      ],
      [
       16.36066,
       50.37955
      ],
      [
       16.36803,
       50.36696
      ],
      [
       16.36589,
       50.35731
      ],
      [
       16.36116,
       50.35364
      ],
      [
       16.36216,
       50.34973
      ],
      [
       16.37519,
       50.34228
      ],
      [
       16.38323,
       50.32881
      ],
      [
       16.39926,
       50.31919
      ],
      [
       16.41077,
       50.32456
      ],
      [
       16.4313,
       50.3247
      ],
      [
       16.444,
       50.31311
      ],
      [
       16.44818,
       50.30501
      ],
      [
       16.46459,
       50.29568
      ],
      [
       16.46813,
       50.29021
      ],
      [
       16.46667,
       50.28687
      ],
      [
       16.48012,
       50.27706
      ],
      [
       16.48193,
       50.27141
      ],
      [
       16.48695,
       50.27076
      ],
      [
       16.48973,
       50.26423
      ],
      [
       16.49748,
       50.25984
      ],
      [
       16.50626,
       50.26029
      ],
      [
       16.50671,
       50.25548
      ],
      [
       16.51433,
       50.25162
      ],
      [
       16.51282,
       50.24742
      ],
      [
       16.51702,
       50.24328
      ],
      [
       16.52919,
       50.2376
      ],
      [
       16.53756,
       50.23898
      ],
      [
       16.54831,
       50.22976
      ],
      [
       16.55143,
       50.22282
      ],
      [
       16.55729,
       50.22045
      ],
      [
       16.55343,
       50.21496
      ],
      [
       16.55819,
       50.21352
      ],
      [
       16.56169,
       50.20761
      ],
      [
       16.55593,
       50.20307
      ],
      [
       16.55441,
       50.19569
      ],
      [
       16.55888,
       50.18912
      ],
      [
       16.5571,
       50.18484
      ],
      [
       16.56382,
       50.17976
      ],
      [
       16.55783,
       50.17058
      ],
      [
       16.56166,
       50.16339
      ],
      [
       16.58541,
       50.15227
      ],
      [
       16.5802,
       50.14864
      ],
      [
       16.58467,
       50.14565
      ],
      [
       16.58008,
       50.14242
      ],
      [
       16.59532,
       50.14047
      ],
      [
       16.60351,
       50.13401
      ],
      [
       16.61142,
       50.13283
      ],
      [
       16.61396,
       50.12511
      ],
      [
       16.62517,
       50.12102
      ],
      [
       16.6336,
       50.11134
      ],
      [
       16.65349,
       50.10979
      ],
      [
       16.70355,
       50.09633
      ],
      [
       16.72388,
       50.10525
      ],
      [
       16.72907,
       50.11688
      ],
      [
       16.7453,
       50.13489
      ],
      [
       16.75535,
       50.13394
      ],
      [
       16.78276,
       50.14511
      ],
      [
       16.78162,
       50.15133
      ],
      [
       16.79736,
       50.16565
      ],
      [
       16.80068,
       50.18011
      ],
      [
       16.81299,
       50.1914
      ],
      [
       16.82285,
       50.18866
      ],
      [
       16.82587,
       50.1946
      ],
      [
       16.83589,
       50.19793
      ],
      [
       16.83654,
       50.20308
      ],
      [
       16.84863,
       50.20764
      ],
      [
       16.86325,
       50.19812
      ],
      [
       16.88192,
       50.19955
      ],
      [
       16.88503,
       50.21306
      ],
      [
       16.89808,
       50.21859
      ],
      [
       16.89864,
       50.22266
      ],
      [
       16.91738,
       50.22619
      ],
      [
       16.92885,
       50.2228
      ],
      [
       16.95595,
       50.22252
      ],
      [
       16.96584,
       50.22979
      ],
      [
       16.96113,
       50.23527
      ],
      [
       16.96276,
       50.23867
      ],
      [
       16.97592,
       50.24482
      ],
      [
       16.99854,
       50.21588
      ],
      [
       17.01451,
       50.21925
      ],
      [
       17.02798,
       50.22959
      ],
      [
       17.01152,
       50.24137
      ],
      [
       17.01081,
       50.24923
      ],
      [
       17.00155,
       50.2564
      ],
      [
       17.01655,
       50.26734
      ],
      [
       17.02004,
       50.27826
      ],
      [
       17.00902,
       50.29529
      ],
      [
       17.0037,
       50.2963
      ],
      [
       17.00094,
       50.30303
      ],
      [
       16.99345,
       50.30235
      ],
      [
       16.97308,
       50.30838
      ],
      [
       16.96826,
       50.31593
      ],
      [
       16.95585,
       50.31222
      ],
      [
       16.94614,
       50.31539
      ],
      [
       16.93442,
       50.32986
      ],
      [
       16.93847,
       50.33311
      ],
      [
       16.93748,
       50.34221
      ],
      [
       16.92983,
       50.34582
      ],
      [
       16.91537,
       50.36298
      ],
      [
       16.91957,
       50.36897
      ],
      [
       16.91506,
       50.38247
      ],
      [
       16.91017,
       50.38518
      ],
      [
       16.91097,
       50.38904
      ],
      [
       16.90709,
       50.39131
      ],
      [
       16.89902,
       50.3896
      ],
      [
       16.89016,
       50.39674
      ],
      [
       16.86376,
       50.4089
      ],
      [
       16.86032,
       50.40775
      ],
      [
       16.86051,
       50.41121
      ],
      [
       16.86958,
       50.41708
      ],
      [
       16.86922,
       50.42251
      ],
      [
       16.88072,
       50.43616
      ],
      [
       16.88117,
       50.44244
      ],
      [
       16.91444,
       50.44973
      ],
      [
       16.9403,
       50.4611
      ],
      [
       16.94499,
       50.46804
      ],
      [
       16.94176,
       50.46807
      ],
      [
       16.94704,
       50.4796
      ],
      [
       16.95897,
       50.48792
      ],
      [
       16.96554,
       50.48795
      ],
      [
       16.96884,
       50.48444
      ],
      [
       16.97027,
       50.48834
      ],
      [
       16.97474,
       50.48869
      ],
      [
       16.97635,
       50.48204
      ],
      [
       16.98047,
       50.48237
      ],
      [
       16.976,
       50.47561
      ],
      [
       16.98231,
       50.47375
      ],
      [
       16.98586,
       50.47654
      ],
      [
       16.99275,
       50.47486
      ],
      [
       16.99685,
       50.47827
      ],
      [
       17.00595,
       50.4744
      ],
      [
       17.00728,
       50.47943
      ],
      [
       17.02009,
       50.48032
      ],
      [
       17.01726,
       50.47353
      ],
      [
       17.0251,
       50.47075
      ],
      [
       17.01658,
       50.46854
      ],
      [
       17.01919,
       50.46514
      ],
      [
       17.03987,
       50.46319
      ],
      [
       17.0516,
       50.46541
      ],
      [
       17.05499,
       50.46922
      ],
      [
       17.05086,
       50.47147
      ],
      [
       17.05463,
       50.47568
      ],
      [
       17.06241,
       50.47608
      ],
      [
       17.06024,
       50.4808
      ],
      [
       17.06227,
       50.48387
      ],
      [
       17.05868,
       50.48496
      ],
      [
       17.06434,
       50.48891
      ],
      [
       17.05884,
       50.49169
      ],
      [
       17.06264,
       50.49692
      ],
      [
       17.05772,
       50.49997
      ],
      [
       17.05675,
       50.50504
      ],
      [
       17.07434,
       50.51496
      ],
      [
       17.07442,
       50.52241
      ],
      [
       17.06412,
       50.52878
      ],
      [
       17.06131,
       50.53695
      ],
      [
       17.07555,
       50.55588
      ],
      [
       17.09581,
       50.56621
      ],
      [
       17.09925,
       50.57592
      ],
      [
       17.11492,
       50.58745
      ],
      [
       17.12397,
       50.60844
      ],
      [
       17.1864,
       50.61634
      ],
      [
       17.23597,
       50.61322
      ],
      [
       17.24111,
       50.61615
      ],
      [
       17.24477,
       50.61972
      ],
      [
       17.24273,
       50.62805
      ],
      [
       17.23399,
       50.63222
      ],
      [
       17.23022,
       50.64051
      ],
      [
       17.23893,
       50.6508
      ],
      [
       17.23248,
       50.6551
      ],
      [
       17.23896,
       50.66075
      ],
      [
       17.23957,
       50.67165
      ],
      [
       17.23475,
       50.68111
      ],
      [
       17.24723,
       50.68211
      ],
      [
       17.25908,
       50.69047
      ],
      [
       17.22018,
       50.70137
      ],
      [
       17.22079,
       50.7137
      ],
      [
       17.22911,
       50.71471
      ],
      [
       17.22881,
       50.7173
      ],
      [
       17.23887,
       50.71538
      ],
      [
       17.2405,
       50.71836
      ],
      [
       17.25212,
       50.71773
      ],
      [
       17.26321,
       50.72994
      ],
      [
       17.26254,
       50.73911
      ],
      [
       17.27555,
       50.7446
      ],
      [
       17.28551,
       50.7431
      ],
      [
       17.29428,
       50.73757
      ]
     ]
    ]
   }
  }
 ]
}
