{"type":"FeatureCollection","features":[{"type":"Feature","properties":{"@id":"relation/4250372","boundary":"administrative","logainm:ref":"22572","name":"Com Dhíneol Thuaidh","name:en":"Coumeenoole North","name:ga":"Com Dhíneol Thuaidh","wikidata":"Q104309699"},"geometry":{"type":"Polygon","coordinates":[[[-10.4339771,52.1173464],[-10.4340768,52.1174246],[-10.4348944,52.1174875],[-10.4398611,52.1178146],[-10.4407541,52.1175163],[-10.4452508,52.1165446],[-10.4498885,52.1157365],[-10.4516433,52.115063],[-10.4535013,52.113841],[-10.4540989,52.1133415],[-10.4561348,52.1116397],[-10.4567469,52.1116861],[-10.4571862,52.1118928],[-10.458211,52.1120933],[-10.4591704,52.1123843],[-10.4595085,52.1125491],[-10.4597683,52.1129209],[-10.4598709,52.1134814],[-10.4601069,52.1142001],[-10.4600768,52.1146066],[-10.4608017,52.1148719],[-10.4636288,52.1154238],[-10.4638859,52.1151847],[-10.4641502,52.1149143],[-10.4643459,52.1147039],[-10.4647962,52.1148121],[-10.4652072,52.1146138],[-10.4653279,52.1142886],[-10.4651313,52.1136436],[-10.4653558,52.1135346],[-10.4656745,52.1141025],[-10.46607,52.11422],[-10.4662714,52.1145416],[-10.4665109,52.1140223],[-10.4669838,52.1138357],[-10.4669987,52.1144106],[-10.4676488,52.1140268],[-10.4682207,52.1138449],[-10.4681981,52.1136448],[-10.4686964,52.1133343],[-10.4692632,52.1130914],[-10.4701824,52.1129231],[-10.4701304,52.1132073],[-10.4701608,52.1134045],[-10.4703847,52.113475],[-10.4715179,52.1130608],[-10.471517,52.1132712],[-10.4721523,52.1130884],[-10.47268,52.11285],[-10.4733395,52.1121787],[-10.4737852,52.1121908],[-10.4732909,52.1126064],[-10.4737055,52.1127387],[-10.4739685,52.1130197],[-10.4743981,52.1128499],[-10.4751311,52.1125117],[-10.475776,52.1122117],[-10.4763717,52.1116511],[-10.4769277,52.1112707],[-10.4777245,52.1108854],[-10.4780903,52.110379],[-10.4789798,52.1095269],[-10.4794623,52.1089215],[-10.4798881,52.1085728],[-10.4796972,52.1086029],[-10.47934,52.1085307],[-10.4785863,52.1089545],[-10.4782202,52.1091121],[-10.477857,52.1086562],[-10.47754,52.10869],[-10.47732,52.10882],[-10.47713,52.10895],[-10.47693,52.10908],[-10.47672,52.10921],[-10.4763,52.10935],[-10.4760649,52.1094231],[-10.4760855,52.1090962],[-10.4762737,52.108695],[-10.47561,52.1086006],[-10.4752311,52.1087637],[-10.4751683,52.1086496],[-10.4754715,52.1083375],[-10.4754139,52.108057],[-10.4745496,52.1081669],[-10.4740545,52.1082448],[-10.4736919,52.1081877],[-10.4733413,52.1079334],[-10.4724811,52.1079575],[-10.472247,52.1081478],[-10.4720013,52.1080624],[-10.4708319,52.1081349],[-10.4702644,52.1081987],[-10.4698007,52.1083475],[-10.46951,52.1084962],[-10.4695308,52.1086875],[-10.4692816,52.108696],[-10.4691017,52.1086535],[-10.468901,52.1086663],[-10.4688733,52.1088533],[-10.4685965,52.1090828],[-10.468375,52.1091423],[-10.468202,52.1090871],[-10.4680497,52.1090318],[-10.4680636,52.1088533],[-10.4677383,52.1088788],[-10.4674684,52.1089341],[-10.46715,52.10908],[-10.4662987,52.1093336],[-10.4657382,52.1094059],[-10.4653091,52.1091636],[-10.4648834,52.1091912],[-10.4646779,52.1093032],[-10.4644602,52.1093974],[-10.4643474,52.1094663],[-10.4641085,52.109431],[-10.463863,52.1093319],[-10.4637004,52.1092523],[-10.4635119,52.1091925],[-10.4633446,52.1091184],[-10.4631221,52.1089897],[-10.4630738,52.1088994],[-10.4627823,52.1089588],[-10.4626958,52.1088717],[-10.462693,52.1087954],[-10.4624196,52.1085565],[-10.4621219,52.1083297],[-10.4615174,52.1080567],[-10.4607576,52.1079692],[-10.4598692,52.1078695],[-10.4594911,52.1074674],[-10.4592266,52.1074631],[-10.4593386,52.1072607],[-10.4590279,52.1073733],[-10.4587828,52.1072171],[-10.4588502,52.1070059],[-10.4586698,52.1070078],[-10.4588787,52.1067614],[-10.4580883,52.1069789],[-10.4580789,52.106867],[-10.4577155,52.1069638],[-10.4577721,52.1067928],[-10.4576943,52.1066827],[-10.4575315,52.1067189],[-10.457399,52.1067506],[-10.45724,52.1068317],[-10.457098,52.1068783],[-10.4568949,52.106973],[-10.4566576,52.1071308],[-10.4565083,52.1071894],[-10.4563444,52.1072119],[-10.4562147,52.1073141],[-10.4559358,52.1074268],[-10.4556568,52.1076147],[-10.4553852,52.1078086],[-10.4552727,52.1078687],[-10.4550108,52.1079694],[-10.4548591,52.1081632],[-10.4548518,52.1082308],[-10.4547735,52.108324],[-10.454634,52.1084142],[-10.454404,52.1085419],[-10.4541642,52.1087253],[-10.4539929,52.1089041],[-10.4537184,52.109155],[-10.4534081,52.109257],[-10.453253,52.1093727],[-10.453181,52.109451],[-10.4529262,52.1095768],[-10.4527102,52.1097537],[-10.4526271,52.1099477],[-10.4524997,52.1100735],[-10.4522726,52.1102096],[-10.452051,52.1103695],[-10.4520011,52.1105362],[-10.4518405,52.1106383],[-10.45163,52.1108968],[-10.4515857,52.1109921],[-10.4511868,52.1107471],[-10.4506671,52.110269],[-10.449257,52.1108271],[-10.443789,52.1135693],[-10.4381815,52.1150946],[-10.4375112,52.1152136],[-10.4373229,52.1151796],[-10.4371235,52.1154313],[-10.4366249,52.1158463],[-10.4361392,52.1162276],[-10.4353619,52.1168124],[-10.4339771,52.1173464]]]}},{"type":"Feature","properties":{"@id":"relation/5304974","boundary":"barony","logainm:ref":"91","name":"Corkaguiny","name:en":"Corkaguiny","name:ga":"Corca Dhuibhne","wikidata":"Q1127558"},"geometry":{"type":"MultiPolygon","coordinates":[[[[-10.6569509,52.0735595],[-10.6565225,52.073775],[-10.6564338,52.0738754],[-10.6562283,52.0739271],[-10.6558781,52.0740218],[-10.6558267,52.0740907],[-10.6553363,52.0742543],[-10.6551869,52.0742113],[-10.6553688,52.0739637],[-10.6550888,52.0740706],[-10.6549908,52.0742026],[-10.6550001,52.0742471],[-10.654916,52.0743318],[-10.6549184,52.0744021],[-10.6548623,52.0743978],[-10.65486,52.0743404],[-10.6548133,52.0743218],[-10.6547969,52.0742026],[-10.654825,52.0740921],[-10.6547025,52.0740511],[-10.6544718,52.074155],[-10.654504,52.0742061],[-10.6543377,52.0743165],[-10.6543323,52.0744402],[-10.6542707,52.0744979],[-10.6542707,52.0745605],[-10.6541687,52.0746001],[-10.654166,52.0746512],[-10.6540614,52.074732],[-10.6541151,52.0747551],[-10.6540078,52.074849],[-10.6540051,52.0749826],[-10.6540132,52.0750584],[-10.6538913,52.0751919],[-10.6537798,52.0754145],[-10.6536725,52.0753898],[-10.6536537,52.0753238],[-10.653533,52.0752826],[-10.6535357,52.0752068],[-10.6534204,52.0752266],[-10.6534258,52.0751491],[-10.6533936,52.0749595],[-10.6534043,52.0747699],[-10.6531012,52.0749018],[-10.6528169,52.0751029],[-10.6526013,52.075332],[-10.652546,52.0754854],[-10.6524774,52.0754038],[-10.6524269,52.0753974],[-10.6524094,52.0753529],[-10.652365,52.0753414],[-10.652309,52.0753572],[-10.65226,52.0754053],[-10.6522214,52.0753981],[-10.6522039,52.0754261],[-10.6522109,52.0754656],[-10.6522495,52.0754871],[-10.6522588,52.0755144],[-10.6521771,52.0755445],[-10.6521023,52.0755583],[-10.6520825,52.0754555],[-10.6521199,52.075439],[-10.6520755,52.0754103],[-10.6519938,52.0754347],[-10.6518782,52.0754548],[-10.6518548,52.075439],[-10.6518922,52.0754146],[-10.6519284,52.0753522],[-10.6519296,52.0753077],[-10.6519249,52.0752769],[-10.6518759,52.0752568],[-10.6517638,52.0753192],[-10.6517264,52.0752144],[-10.6518,52.0751965],[-10.6517976,52.0751434],[-10.6518163,52.0751011],[-10.6517906,52.0750802],[-10.6518093,52.0750465],[-10.651821,52.0749963],[-10.6517836,52.0749547],[-10.6514999,52.0749875],[-10.6513256,52.0751309],[-10.6513846,52.0752315],[-10.6512773,52.0752744],[-10.6513658,52.0755101],[-10.6512022,52.0756338],[-10.6511164,52.0756321],[-10.6510466,52.0755546],[-10.6506259,52.0757285],[-10.6502316,52.0758951],[-10.6499173,52.076039],[-10.6499235,52.0760693],[-10.6498372,52.0761413],[-10.6498531,52.0762569],[-10.6501453,52.0763988],[-10.6503385,52.0763789],[-10.6503707,52.0762668],[-10.6504887,52.0762866],[-10.6505719,52.0761893],[-10.6506309,52.0762058],[-10.6506255,52.0763294],[-10.6504914,52.0764432],[-10.6503224,52.0765338],[-10.6501964,52.0767086],[-10.650235,52.0767414],[-10.6501253,52.0768489],[-10.6502203,52.0769768],[-10.6503628,52.0770844],[-10.650706,52.0770241],[-10.6506523,52.077126],[-10.650713,52.077192],[-10.650685,52.0772839],[-10.6510466,52.0772015],[-10.6513524,52.0773663],[-10.6517386,52.0773169],[-10.6519264,52.0772213],[-10.6520766,52.0772806],[-10.6521088,52.0774455],[-10.6523019,52.0776762],[-10.6525433,52.0775609],[-10.6527364,52.077396],[-10.6529832,52.0773531],[-10.653187,52.0775312],[-10.6530744,52.0777257],[-10.6530798,52.0780686],[-10.6531468,52.0782631],[-10.6536886,52.0781592],[-10.6540373,52.0780406],[-10.6549788,52.0780059],[-10.6550029,52.0779384],[-10.6551719,52.0779416],[-10.656057,52.077518],[-10.6562769,52.0773746],[-10.6565532,52.0772954],[-10.6567819,52.0771866],[-10.6567651,52.0770234],[-10.6578541,52.0763799],[-10.6581006,52.0762133],[-10.6583779,52.0761451],[-10.6585627,52.0761981],[-10.6586613,52.076414],[-10.6585442,52.0766071],[-10.6587599,52.0767814],[-10.6587969,52.07702],[-10.6589078,52.0771677],[-10.6588955,52.0773078],[-10.6590677,52.0773685],[-10.6590887,52.0774546],[-10.6591634,52.0774331],[-10.6592358,52.0774633],[-10.6594179,52.0774274],[-10.6595463,52.0773341],[-10.6597004,52.0772638],[-10.6598265,52.077248],[-10.6599876,52.0771633],[-10.6601207,52.077182],[-10.6603566,52.0770858],[-10.660422,52.0768849],[-10.6606111,52.0769036],[-10.660882,52.0767888],[-10.6608796,52.0767486],[-10.6612299,52.0765792],[-10.661454,52.0765276],[-10.6616075,52.0763921],[-10.6618253,52.0763324],[-10.6618697,52.0763755],[-10.6621055,52.0763166],[-10.6621685,52.076186],[-10.6623623,52.0761114],[-10.6624627,52.0761114],[-10.6625165,52.0759765],[-10.6625351,52.0759004],[-10.6626169,52.0758301],[-10.6624254,52.0758129],[-10.6622036,52.0758516],[-10.662367,52.0756177],[-10.662367,52.0755302],[-10.6622339,52.0755445],[-10.6616969,52.0755689],[-10.6618089,52.0753795],[-10.6620074,52.0752905],[-10.6621732,52.0753048],[-10.6622549,52.0752015],[-10.6623553,52.0751039],[-10.6622596,52.0750537],[-10.6623086,52.0749532],[-10.6622806,52.0748872],[-10.6622292,52.0747968],[-10.6621312,52.0747982],[-10.6620284,52.0747911],[-10.6619631,52.0747093],[-10.6617973,52.0746361],[-10.6617296,52.0745772],[-10.6615871,52.0745815],[-10.6614517,52.0745169],[-10.6611505,52.0744968],[-10.6610454,52.0744796],[-10.6609287,52.0744638],[-10.660882,52.0745543],[-10.660987,52.0745758],[-10.660952,52.074649],[-10.6609427,52.0747093],[-10.6608493,52.0747164],[-10.6607605,52.0747537],[-10.6605901,52.0746734],[-10.6604056,52.0747552],[-10.6604009,52.074804],[-10.6602445,52.0749432],[-10.6602001,52.0750264],[-10.6600343,52.0750164],[-10.660004,52.0750824],[-10.6598826,52.0751025],[-10.6597985,52.0751742],[-10.6595884,52.0752776],[-10.6592499,52.0756143],[-10.6590677,52.0755273],[-10.6590233,52.0754139],[-10.6591027,52.0752517],[-10.659126,52.0751771],[-10.6591774,52.0751341],[-10.659077,52.0750795],[-10.6590793,52.0750236],[-10.6590513,52.0748757],[-10.6591074,52.0747667],[-10.6591704,52.0746992],[-10.6591027,52.0745686],[-10.6590116,52.0745571],[-10.6589439,52.0744753],[-10.6588785,52.0744308],[-10.6589509,52.0743261],[-10.6588388,52.0743318],[-10.6588038,52.0745299],[-10.6586474,52.0745198],[-10.6586263,52.0744524],[-10.6584956,52.0744466],[-10.6583602,52.0745815],[-10.6581617,52.0745356],[-10.6580169,52.0745571],[-10.6579515,52.0743734],[-10.6579702,52.0741668],[-10.6580006,52.0740505],[-10.6581267,52.0739687],[-10.65808,52.073907],[-10.6579772,52.0739142],[-10.6577507,52.0740046],[-10.6576083,52.0739988],[-10.6575055,52.073973],[-10.6571086,52.0740936],[-10.6570736,52.0740132],[-10.6572884,52.073818],[-10.6575009,52.0736716],[-10.6573888,52.0736443],[-10.6571436,52.0737247],[-10.6570946,52.0736415],[-10.6571763,52.0735496],[-10.6570385,52.0735683],[-10.6569509,52.0735595]]],[[[-10.6062108,52.0414038],[-10.6067255,52.0411097],[-10.6064707,52.0410812],[-10.6060267,52.0411782],[-10.6060694,52.0410382],[-10.6057908,52.0410138],[-10.6055808,52.0411538],[-10.6052351,52.0412264],[-10.6051808,52.0414138],[-10.6049708,52.0415438],[-10.6045608,52.0416738],[-10.6046342,52.0413594],[-10.6046453,52.0410424],[-10.6044803,52.041025],[-10.6043308,52.0410895],[-10.6040292,52.0409093],[-10.6041398,52.0406387],[-10.6042056,52.0403787],[-10.6042036,52.0401814],[-10.6040261,52.0400665],[-10.6043565,52.0397406],[-10.604171,52.0392887],[-10.6036877,52.0394236],[-10.6035283,52.0396774],[-10.6032508,52.0397738],[-10.6030308,52.0399038],[-10.602588,52.0400373],[-10.6023216,52.0401579],[-10.602413,52.0403944],[-10.6021606,52.0405997],[-10.6021475,52.040691],[-10.6024006,52.0406236],[-10.6024708,52.0411938],[-10.6022522,52.0412018],[-10.6024854,52.0415912],[-10.602138,52.0412234],[-10.6016308,52.0410738],[-10.6014875,52.0412294],[-10.6014572,52.0414632],[-10.6012511,52.0411067],[-10.6007908,52.0408338],[-10.6003808,52.0408338],[-10.5999608,52.0408438],[-10.5995508,52.0408538],[-10.5989997,52.041061],[-10.5988956,52.0412174],[-10.5985908,52.0414417],[-10.5984347,52.0418009],[-10.5988021,52.0418991],[-10.598824,52.042108],[-10.5985612,52.0422532],[-10.5984592,52.0421971],[-10.5981408,52.0422738],[-10.5980408,52.0425864],[-10.5984056,52.0428042],[-10.5982769,52.0430087],[-10.5977887,52.0430384],[-10.5977608,52.0433038],[-10.5974851,52.0435952],[-10.5974904,52.0439238],[-10.5976868,52.0440382],[-10.5978209,52.0439953],[-10.5983198,52.0438534],[-10.5985075,52.043992],[-10.59825,52.0441998],[-10.5983809,52.0444247],[-10.5985344,52.0444737],[-10.5986497,52.0442873],[-10.5988374,52.0443615],[-10.598816,52.0444539],[-10.5987489,52.044477],[-10.5987597,52.0446354],[-10.598908,52.0447797],[-10.5989608,52.0448498],[-10.5991915,52.0448317],[-10.599162,52.0449439],[-10.5989629,52.0450535],[-10.5991078,52.045248],[-10.5992908,52.0453338],[-10.5997703,52.0452292],[-10.5997735,52.0450115],[-10.5997279,52.0446832],[-10.5999184,52.0446618],[-10.6000096,52.044962],[-10.6002603,52.0453549],[-10.6006311,52.0455056],[-10.6010597,52.0454995],[-10.6012485,52.045651],[-10.6012905,52.0457883],[-10.6021071,52.0458891],[-10.6023485,52.0460046],[-10.6014616,52.0461503],[-10.6014054,52.0462456],[-10.6020308,52.0463238],[-10.6021749,52.0464868],[-10.6011035,52.0467456],[-10.6011254,52.0468525],[-10.6013507,52.0469185],[-10.601179,52.04709],[-10.6012008,52.0473931],[-10.6017072,52.0471495],[-10.60201,52.0469137],[-10.6024308,52.0468938],[-10.6026608,52.0465738],[-10.6029171,52.0466479],[-10.6028581,52.0468096],[-10.6029828,52.0470838],[-10.603305,52.047078],[-10.6036788,52.0469845],[-10.6035874,52.0467103],[-10.6040572,52.0466111],[-10.604285,52.046351],[-10.6051272,52.046351],[-10.6054759,52.04645],[-10.6057495,52.0463213],[-10.6059319,52.0463807],[-10.6058836,52.0465193],[-10.605849,52.0469072],[-10.6059158,52.0471065],[-10.6061304,52.0472913],[-10.6062537,52.0475321],[-10.606302,52.0474727],[-10.6063798,52.0472203],[-10.6063557,52.0470108],[-10.6062269,52.0467428],[-10.6063811,52.0468005],[-10.6065381,52.0470092],[-10.6067097,52.0473375],[-10.6068867,52.0474562],[-10.6068277,52.0474991],[-10.6068546,52.0475569],[-10.6070209,52.0475321],[-10.6070745,52.0474645],[-10.6069592,52.0471362],[-10.6071818,52.0471593],[-10.6072757,52.0473556],[-10.6073347,52.0472913],[-10.6074661,52.0472863],[-10.6074876,52.0473556],[-10.6073669,52.0474513],[-10.6074849,52.0474793],[-10.6078711,52.0474331],[-10.6081313,52.0473606],[-10.6081232,52.047128],[-10.6082708,52.0470867],[-10.6082064,52.0469185],[-10.6083781,52.0469152],[-10.6086382,52.0470917],[-10.608783,52.0473167],[-10.6088501,52.0473193],[-10.6088984,52.0472599],[-10.6089869,52.0472698],[-10.6090808,52.0473507],[-10.6094322,52.0473292],[-10.6096548,52.0474562],[-10.6103975,52.0473321],[-10.6108495,52.0472824],[-10.6109369,52.0471956],[-10.6110442,52.0470405],[-10.6113,52.0471552],[-10.6118829,52.0474095],[-10.6129782,52.0477552],[-10.6136188,52.0479395],[-10.6137208,52.0479638],[-10.6135108,52.0480938],[-10.6135246,52.0481974],[-10.6130397,52.0488122],[-10.6131524,52.0489177],[-10.6134045,52.0487924],[-10.6132865,52.0491421],[-10.6131523,52.0494022],[-10.6135325,52.0493117],[-10.6137639,52.0493994],[-10.613603,52.0495413],[-10.614118,52.0496402],[-10.6141985,52.0497722],[-10.6136781,52.0498877],[-10.613603,52.0499635],[-10.6137343,52.0501074],[-10.6153453,52.0499466],[-10.6162002,52.0495409],[-10.6168908,52.0493138],[-10.6173108,52.0493138],[-10.6176976,52.0492981],[-10.6178269,52.0489624],[-10.6176625,52.0488195],[-10.6174908,52.0486738],[-10.6184351,52.0482424],[-10.6185973,52.0478521],[-10.6189406,52.04774],[-10.6190318,52.0476278],[-10.6189889,52.0475882],[-10.619013,52.0475255],[-10.6191123,52.0475156],[-10.6191874,52.0474529],[-10.6191659,52.0473457],[-10.6190398,52.0473639],[-10.6189513,52.0474496],[-10.618667,52.0475387],[-10.618637,52.0469371],[-10.6187797,52.0459551],[-10.618431,52.0460046],[-10.6186507,52.0457481],[-10.6185061,52.0455427],[-10.6183934,52.0456054],[-10.6183505,52.0457934],[-10.6181949,52.0458396],[-10.6180501,52.0457274],[-10.6175479,52.0460663],[-10.6174008,52.0461138],[-10.6171908,52.0462438],[-10.6168184,52.0464333],[-10.61643,52.0461201],[-10.6167608,52.0456138],[-10.6165431,52.0455578],[-10.6158725,52.0460211],[-10.6156361,52.0463906],[-10.6147894,52.0465222],[-10.615146,52.0458833],[-10.6152392,52.0454624],[-10.6147188,52.0454338],[-10.6142038,52.0454899],[-10.6148046,52.0452128],[-10.6150708,52.0448638],[-10.613925,52.0451101],[-10.6135011,52.0449026],[-10.6136191,52.0446585],[-10.6147128,52.0444159],[-10.6152339,52.0440603],[-10.6144399,52.0442394],[-10.6131578,52.0444968],[-10.6132007,52.0443846],[-10.6138444,52.0441372],[-10.6144108,52.0438538],[-10.6148008,52.0433338],[-10.6154966,52.0429922],[-10.6151801,52.0429329],[-10.6155717,52.0425336],[-10.6152928,52.0425567],[-10.6150755,52.0425617],[-10.6150997,52.0425237],[-10.6153733,52.0424181],[-10.6155165,52.0423137],[-10.6153196,52.0422614],[-10.6150004,52.0422647],[-10.6148878,52.042334],[-10.6146598,52.0423868],[-10.6146705,52.0419512],[-10.6144935,52.0419595],[-10.6146196,52.0418407],[-10.6144774,52.0417302],[-10.6143835,52.0417665],[-10.6142709,52.0417302],[-10.6143201,52.041619],[-10.6142591,52.0415133],[-10.6141631,52.0415409],[-10.614075,52.0415013],[-10.6140903,52.0415582],[-10.6140536,52.0415705],[-10.6141086,52.0415844],[-10.6141599,52.0415777],[-10.6141676,52.0415916],[-10.6141275,52.0415955],[-10.6141121,52.0416029],[-10.6140519,52.041597],[-10.6140003,52.041609],[-10.6139627,52.0416009],[-10.6139599,52.0416168],[-10.6139169,52.0416279],[-10.6138827,52.0416481],[-10.613839,52.0416574],[-10.6138176,52.0416724],[-10.6138065,52.0417008],[-10.6137776,52.0417001],[-10.6137771,52.0416754],[-10.6137119,52.041677],[-10.6136686,52.0417288],[-10.6136628,52.0417632],[-10.6136292,52.0417952],[-10.6136007,52.0418458],[-10.6135571,52.0418586],[-10.6135365,52.0418773],[-10.6134915,52.0419316],[-10.6134536,52.0419555],[-10.6134341,52.0419983],[-10.6134158,52.0420313],[-10.6134266,52.0420668],[-10.6134087,52.0420845],[-10.613424,52.0421144],[-10.6134019,52.0421488],[-10.613388,52.0421179],[-10.6133661,52.0421017],[-10.6133253,52.0421013],[-10.613289,52.042122],[-10.6132325,52.0421215],[-10.6132664,52.0420677],[-10.6132813,52.0420199],[-10.6132809,52.0419707],[-10.6132676,52.0419298],[-10.6132642,52.0418529],[-10.6132911,52.0418008],[-10.6132823,52.0417775],[-10.6133137,52.0417438],[-10.6132845,52.0417315],[-10.6132396,52.0417419],[-10.6132219,52.0417034],[-10.6132515,52.0416472],[-10.6132862,52.0416275],[-10.6132837,52.041603],[-10.613257,52.0415786],[-10.6132397,52.0415521],[-10.6132225,52.0415466],[-10.613213,52.0415338],[-10.6131654,52.0414871],[-10.6131306,52.04148],[-10.6131018,52.041505],[-10.6131182,52.0415181],[-10.6130638,52.0415263],[-10.6131345,52.0415301],[-10.6131447,52.0415432],[-10.6131238,52.0415557],[-10.6131323,52.0415736],[-10.6131298,52.0415945],[-10.6131101,52.041601],[-10.6130828,52.0415968],[-10.6130906,52.0415819],[-10.6130622,52.0416016],[-10.6130457,52.0416177],[-10.6130248,52.041623],[-10.6130108,52.0416537],[-10.6129862,52.0416619],[-10.6129895,52.0416375],[-10.6129513,52.0416569],[-10.6128984,52.0416584],[-10.6129119,52.0416723],[-10.6129011,52.0416913],[-10.6128709,52.0417078],[-10.6128437,52.0417103],[-10.6128067,52.0417092],[-10.6128102,52.041739],[-10.6128385,52.0417614],[-10.612839,52.0417854],[-10.6128118,52.0417994],[-10.61278,52.0418012],[-10.6127483,52.0417925],[-10.6127471,52.0418178],[-10.6127163,52.0418442],[-10.6126783,52.0418549],[-10.6126699,52.0419006],[-10.6126456,52.0419213],[-10.6126348,52.0419551],[-10.6125953,52.0420122],[-10.6125582,52.0420592],[-10.6125506,52.042076],[-10.6125256,52.0420851],[-10.6124724,52.0421058],[-10.6124803,52.0421385],[-10.6124805,52.0421785],[-10.6124566,52.0422194],[-10.6124079,52.0422296],[-10.6123357,52.0422394],[-10.6122353,52.0422711],[-10.6122194,52.042233],[-10.6121576,52.0422264],[-10.6121662,52.0421774],[-10.6122137,52.0421373],[-10.6122512,52.0421097],[-10.612291,52.0420405],[-10.6122915,52.0420218],[-10.6123119,52.0420068],[-10.612349,52.0420162],[-10.6123579,52.041966],[-10.6123203,52.041962],[-10.6122758,52.0419927],[-10.612252,52.0419574],[-10.6122124,52.0419463],[-10.6121591,52.041957],[-10.6120815,52.0419561],[-10.6120823,52.0419736],[-10.6120654,52.0419761],[-10.6120576,52.0419619],[-10.6120337,52.041969],[-10.6120144,52.0419435],[-10.6119554,52.0419428],[-10.6119385,52.0419773],[-10.6119402,52.0419461],[-10.611902,52.0419025],[-10.6119125,52.0418857],[-10.6118944,52.0418622],[-10.6119074,52.0418384],[-10.6118912,52.0418143],[-10.6118935,52.0417777],[-10.6117651,52.0416751],[-10.6115934,52.041678],[-10.6113178,52.0417302],[-10.611228,52.0418228],[-10.6112709,52.0419729],[-10.6112475,52.0422167],[-10.6112369,52.0423925],[-10.6111099,52.0424476],[-10.6110182,52.0423794],[-10.6110273,52.0421226],[-10.6110987,52.041944],[-10.6109917,52.0419206],[-10.610887,52.0418143],[-10.6107423,52.0418565],[-10.6105821,52.0418421],[-10.6104027,52.0419539],[-10.6101327,52.042217],[-10.6102373,52.0419157],[-10.6102582,52.0417865],[-10.6104525,52.041655],[-10.6101693,52.0416672],[-10.609935,52.0416845],[-10.6098434,52.042023],[-10.609598,52.0420664],[-10.6093484,52.0419116],[-10.6092299,52.0416425],[-10.6090117,52.041525],[-10.6091841,52.0410144],[-10.6087632,52.0412121],[-10.6088901,52.0413],[-10.6086336,52.0414027],[-10.6085625,52.041555],[-10.6083368,52.0414257],[-10.6078808,52.0415038],[-10.6076708,52.0413838],[-10.6075716,52.0412287],[-10.6070408,52.0412638],[-10.6062108,52.0414038]]],[[[-10.6141246,52.0528375],[-10.6139146,52.0529675],[-10.6138614,52.0528832],[-10.6134581,52.0530275],[-10.6130142,52.0533246],[-10.6124846,52.0536275],[-10.6122746,52.0537575],[-10.6118846,52.0542775],[-10.6116746,52.0544075],[-10.6114746,52.0545375],[-10.6109678,52.0553675],[-10.6100646,52.0557175],[-10.6089196,52.0557774],[-10.6086485,52.0557375],[-10.6078337,52.056163],[-10.6075846,52.0561004],[-10.6067646,52.0565275],[-10.6059346,52.0566675],[-10.6055423,52.0572525],[-10.6051346,52.0573175],[-10.6038846,52.0574675],[-10.603523,52.0580197],[-10.6037346,52.0590075],[-10.6032752,52.0591183],[-10.6027046,52.0592775],[-10.6029346,52.0597875],[-10.6033546,52.0600375],[-10.6035078,52.0602157],[-10.6043296,52.0598945],[-10.6037964,52.0604123],[-10.603732,52.0607757],[-10.6044246,52.0607875],[-10.604213,52.0609332],[-10.6040014,52.0610275],[-10.6034783,52.0611582],[-10.6032046,52.0613175],[-10.6030486,52.0615545],[-10.6032246,52.0620875],[-10.6033785,52.0622864],[-10.6040505,52.0620889],[-10.6042282,52.062537],[-10.6042855,52.0632682],[-10.6045246,52.0636075],[-10.6049346,52.0634675],[-10.6053446,52.0632075],[-10.6057546,52.0630775],[-10.6056985,52.0628721],[-10.6061335,52.0628024],[-10.6067652,52.0629589],[-10.6077336,52.0629514],[-10.6079624,52.0626397],[-10.6082264,52.0622762],[-10.6079589,52.0621487],[-10.6081213,52.0618104],[-10.6080392,52.0615301],[-10.6081846,52.0613775],[-10.6087894,52.0611289],[-10.6087542,52.0602301],[-10.6085353,52.0600206],[-10.6085546,52.0599675],[-10.6088652,52.0598578],[-10.610085,52.0600244],[-10.6105378,52.0599639],[-10.6109883,52.0597622],[-10.6113138,52.0594149],[-10.6110531,52.0592972],[-10.6110654,52.0591559],[-10.611397,52.0589833],[-10.6118346,52.0586475],[-10.6121155,52.0574976],[-10.6128558,52.0576153],[-10.6134647,52.0574336],[-10.6144265,52.057368],[-10.6142724,52.0571587],[-10.6147685,52.0567873],[-10.6148746,52.0565475],[-10.6152746,52.0562875],[-10.6156746,52.0557675],[-10.6163443,52.0553925],[-10.6166846,52.0549775],[-10.6168746,52.0544675],[-10.6170646,52.0539475],[-10.6178946,52.0539375],[-10.6178746,52.0534275],[-10.6174746,52.0535575],[-10.6166446,52.0536975],[-10.6164146,52.0531875],[-10.6161946,52.0529375],[-10.6170346,52.0529275],[-10.6167765,52.0522525],[-10.6160685,52.0523218],[-10.6156194,52.0524539],[-10.615441,52.0525564],[-10.6151739,52.0523814],[-10.6145874,52.0525529],[-10.6141246,52.0528375]]],[[[-10.5722573,52.1354001],[-10.5725728,52.1354304],[-10.5724957,52.1355443],[-10.572186,52.1357278],[-10.5723912,52.1363499],[-10.5736278,52.1364487],[-10.5734476,52.1369528],[-10.5736712,52.1373499],[-10.5738912,52.1376099],[-10.5743012,52.1376099],[-10.5749732,52.1374703],[-10.5751732,52.1372103],[-10.5756709,52.1370747],[-10.576141,52.1369021],[-10.5765994,52.1364387],[-10.5767391,52.136595],[-10.5770065,52.1366268],[-10.5775712,52.1358899],[-10.5779812,52.1356299],[-10.5783912,52.1353699],[-10.5780806,52.1352407],[-10.5762492,52.1348519],[-10.5781816,52.1337512],[-10.5786091,52.1336369],[-10.5790091,52.1333769],[-10.5792091,52.1331169],[-10.5808246,52.1328811],[-10.5804989,52.1331404],[-10.5807205,52.1333082],[-10.5811312,52.1333057],[-10.5817594,52.1331242],[-10.5823097,52.1328873],[-10.582786,52.1326075],[-10.5829708,52.1323554],[-10.5829462,52.1321916],[-10.5818657,52.1323955],[-10.5818791,52.1320669],[-10.5822891,52.1317969],[-10.5824791,52.1312769],[-10.5836916,52.1307312],[-10.5861816,52.1304412],[-10.5865916,52.1303012],[-10.5867004,52.1298312],[-10.5871816,52.1292712],[-10.5872667,52.1289894],[-10.5878595,52.128718],[-10.5881168,52.1279705],[-10.5882486,52.1280834],[-10.5882312,52.128308],[-10.588388,52.1287037],[-10.5890907,52.1278873],[-10.5887108,52.1278532],[-10.5889861,52.1277095],[-10.589381,52.1274666],[-10.5893616,52.1272161],[-10.5898442,52.1274202],[-10.5901534,52.1274844],[-10.5907204,52.1272992],[-10.5908851,52.1270103],[-10.5905045,52.1267255],[-10.5908864,52.1263992],[-10.5910791,52.1262386],[-10.5913912,52.12609],[-10.5913682,52.1260535],[-10.5914339,52.126042],[-10.59145,52.1260996],[-10.5915083,52.1260901],[-10.5914942,52.1260366],[-10.591572,52.126002],[-10.5915633,52.1259391],[-10.5916344,52.125958],[-10.5916947,52.1259016],[-10.5915912,52.12584],[-10.5918433,52.1257125],[-10.5918322,52.1256368],[-10.591629,52.1255352],[-10.5914761,52.125564],[-10.591492,52.1254783],[-10.590807,52.1254615],[-10.5890825,52.1252749],[-10.5883125,52.12552],[-10.5883589,52.1258551],[-10.5881875,52.125985],[-10.588115,52.1259728],[-10.5878072,52.125766],[-10.5872112,52.12551],[-10.5860367,52.1256688],[-10.5851312,52.12593],[-10.5853312,52.12567],[-10.5857412,52.12541],[-10.5859012,52.12412],[-10.5854912,52.12413],[-10.585298,52.1247859],[-10.585078,52.1249016],[-10.584877,52.1247892],[-10.5847673,52.1240616],[-10.5842242,52.1239976],[-10.5838312,52.12428],[-10.5831522,52.1241977],[-10.5821712,52.12456],[-10.5819712,52.12443],[-10.5815073,52.1241289],[-10.5809112,52.12419],[-10.5809312,52.1247],[-10.5806057,52.124473],[-10.580461,52.1243827],[-10.5793749,52.1243704],[-10.5788654,52.1243281],[-10.5785625,52.1249452],[-10.5782512,52.12551],[-10.5776886,52.1255708],[-10.5774638,52.1265371],[-10.5770696,52.1260655],[-10.5765292,52.1260081],[-10.5768612,52.1273199],[-10.5756571,52.1268219],[-10.5738946,52.1269149],[-10.5731112,52.1273699],[-10.5733812,52.1291499],[-10.5733912,52.1294099],[-10.5725924,52.1303492],[-10.5724911,52.131662],[-10.5730712,52.1322399],[-10.572403,52.1328998],[-10.5726144,52.1328348],[-10.5730687,52.1331273],[-10.5727112,52.1337799],[-10.5720918,52.1345499],[-10.5722573,52.1354001]]],[[[-10.5044146,52.1202917],[-10.5044589,52.1203687],[-10.5044072,52.1205273],[-10.5047615,52.1206361],[-10.5050272,52.1206406],[-10.5051305,52.1205137],[-10.5053371,52.1204231],[-10.5054478,52.1202917],[-10.5056397,52.1201875],[-10.5056988,52.1200425],[-10.5056619,52.1196663],[-10.5057726,52.1197026],[-10.5058242,52.1198476],[-10.5059571,52.1198249],[-10.506112,52.1195984],[-10.5063261,52.1195168],[-10.5064663,52.1195032],[-10.5067098,52.1195667],[-10.5068058,52.1195123],[-10.5067836,52.1194352],[-10.5066213,52.1192404],[-10.5065106,52.1191905],[-10.5063851,52.119186],[-10.5062523,52.1192087],[-10.5061637,52.119263],[-10.5060309,52.119399],[-10.5057283,52.119544],[-10.5054774,52.1195077],[-10.5051526,52.1194216],[-10.5050493,52.1193854],[-10.5049755,52.1192494],[-10.5045696,52.1190818],[-10.5042301,52.1191316],[-10.5040678,52.1189322],[-10.5040309,52.1188597],[-10.5040883,52.1187865],[-10.5040899,52.1187102],[-10.5040087,52.1186513],[-10.5038906,52.1186286],[-10.5035585,52.1187419],[-10.5034949,52.118852],[-10.5033297,52.1192041],[-10.5034478,52.1193401],[-10.5035733,52.1193446],[-10.5037873,52.1192676],[-10.5039128,52.1192676],[-10.5040087,52.1194126],[-10.5038906,52.1194443],[-10.5038832,52.1195213],[-10.5039349,52.1195893],[-10.5036987,52.1197524],[-10.503684,52.1198295],[-10.5038021,52.1198748],[-10.5039275,52.1200153],[-10.503994,52.1203279],[-10.5041194,52.1203506],[-10.5041563,52.1202781],[-10.5044146,52.1202917]]],[[[-10.5234574,52.115578],[-10.5236596,52.1155097],[-10.5236125,52.1154282],[-10.5237581,52.1152967],[-10.5238352,52.1151836],[-10.5239165,52.1151074],[-10.5240022,52.1150916],[-10.524152,52.1151731],[-10.5242419,52.1151153],[-10.5243747,52.1151153],[-10.5245631,52.1150574],[-10.5245203,52.1149943],[-10.5244732,52.1149575],[-10.5244646,52.1149128],[-10.5243961,52.114826],[-10.5244903,52.114805],[-10.5245502,52.1148707],[-10.5247044,52.1148576],[-10.5249099,52.1147472],[-10.5250212,52.1145841],[-10.5252182,52.1144527],[-10.5251668,52.114337],[-10.5250683,52.1141845],[-10.525124,52.1142187],[-10.5252439,52.1141582],[-10.5255393,52.114003],[-10.5256849,52.1138558],[-10.5260531,52.113606],[-10.5259675,52.1135008],[-10.5258348,52.113443],[-10.5257106,52.1135219],[-10.5254965,52.1135718],[-10.5253552,52.1134719],[-10.5253038,52.1133247],[-10.5248243,52.1135008],[-10.5247301,52.1138689],[-10.5242548,52.1139925],[-10.524015,52.1142686],[-10.5240124,52.1144177],[-10.5241408,52.1144913],[-10.5244106,52.1145203],[-10.5243164,52.1145518],[-10.5242264,52.1145755],[-10.5239353,52.1146596],[-10.5236527,52.1147832],[-10.5231862,52.1152033],[-10.5233568,52.1152467],[-10.5233458,52.1153571],[-10.5232562,52.1154109],[-10.5232914,52.1155649],[-10.5234574,52.115578]]],[[[-10.5225923,52.110871],[-10.5223857,52.1109388],[-10.5223473,52.1110834],[-10.5227221,52.1111572],[-10.5227942,52.1112339],[-10.5228038,52.1113933],[-10.5229623,52.1114523],[-10.522871,52.1116028],[-10.5229239,52.1117651],[-10.5229584,52.1119221],[-10.5228999,52.112435],[-10.5229287,52.1126828],[-10.5231884,52.1126821],[-10.523587,52.1126887],[-10.5241252,52.1125559],[-10.5242261,52.1123169],[-10.5242741,52.11219],[-10.5241732,52.1121104],[-10.5241684,52.1119776],[-10.5242886,52.1119717],[-10.5244284,52.1120321],[-10.5248027,52.1117592],[-10.5250862,52.1116264],[-10.5253985,52.1114051],[-10.5254322,52.1112664],[-10.5252111,52.111169],[-10.5244087,52.1109182],[-10.523933,52.1109595],[-10.523784,52.1110864],[-10.5237696,52.1111956],[-10.5235822,52.1111897],[-10.5232699,52.1111011],[-10.5232122,52.1109595],[-10.5230633,52.110806],[-10.5229768,52.1107323],[-10.5225923,52.110871]]],[[[-10.5083159,52.1044087],[-10.508508,52.1048889],[-10.5093706,52.1052054],[-10.5095942,52.1054266],[-10.5096418,52.1055786],[-10.5099223,52.1055407],[-10.5102562,52.1054159],[-10.510294,52.1052357],[-10.5100414,52.1051947],[-10.5101052,52.105102],[-10.510384,52.1051216],[-10.5105575,52.1053491],[-10.5108427,52.1054818],[-10.511316,52.1054462],[-10.5113886,52.1055853],[-10.5120342,52.1057065],[-10.51239,52.1058107],[-10.5124661,52.1058657],[-10.5129546,52.1062185],[-10.5131119,52.106307],[-10.5133313,52.1063569],[-10.5136038,52.1065073],[-10.5138076,52.1067017],[-10.5138559,52.1068039],[-10.5138076,52.1068829],[-10.5138291,52.1069389],[-10.5139149,52.1069488],[-10.5139954,52.1069389],[-10.5141295,52.106995],[-10.5143602,52.1071926],[-10.5144889,52.1073969],[-10.5147732,52.1076803],[-10.5152614,52.1081349],[-10.5154813,52.1085237],[-10.5155457,52.1088532],[-10.5154234,52.1089696],[-10.5152507,52.1090871],[-10.514915,52.1092988],[-10.5148271,52.1099136],[-10.514929,52.1100926],[-10.5156814,52.1104156],[-10.5158618,52.1104003],[-10.5162971,52.1102415],[-10.5166127,52.1102398],[-10.5167366,52.1101239],[-10.5168454,52.1102728],[-10.5164983,52.1104096],[-10.5163752,52.1105136],[-10.5168742,52.110503],[-10.5168057,52.1109925],[-10.5167279,52.1111716],[-10.5170282,52.1111398],[-10.517409,52.1111416],[-10.5178112,52.110982],[-10.5184467,52.1107221],[-10.5184961,52.1105284],[-10.5184618,52.1104561],[-10.5184698,52.1103148],[-10.5185645,52.1102419],[-10.5186886,52.1101696],[-10.5187981,52.1101826],[-10.5188013,52.1102752],[-10.5188262,52.1103474],[-10.5186713,52.1104526],[-10.518632,52.1105307],[-10.5185921,52.1107737],[-10.5186192,52.1108432],[-10.5188662,52.1107556],[-10.5190456,52.1106961],[-10.5191411,52.1108382],[-10.5195312,52.1107221],[-10.5195738,52.110618],[-10.5194458,52.1105272],[-10.5193115,52.1104259],[-10.5193109,52.1103441],[-10.5194407,52.1102322],[-10.5195166,52.1100413],[-10.5198709,52.1098472],[-10.5213104,52.109572],[-10.5215122,52.1094207],[-10.5212263,52.1094695],[-10.5206037,52.1095666],[-10.5203948,52.1095371],[-10.5202025,52.1096456],[-10.5200688,52.1096098],[-10.5198852,52.1093964],[-10.5203686,52.1094198],[-10.5213764,52.1092332],[-10.52158,52.1090703],[-10.5216883,52.108486],[-10.5219301,52.1077505],[-10.5222362,52.1075406],[-10.522027,52.1075176],[-10.521669,52.1076254],[-10.5208182,52.1083628],[-10.5206809,52.1082421],[-10.5208105,52.1079421],[-10.5211298,52.1075573],[-10.5209114,52.107103],[-10.5206073,52.1066909],[-10.5207655,52.1063129],[-10.5209328,52.1059796],[-10.5210147,52.105672],[-10.5214044,52.1054694],[-10.5214175,52.1049938],[-10.5213824,52.1043808],[-10.521668,52.1044363],[-10.5216468,52.1045839],[-10.5219011,52.1046757],[-10.5217981,52.1048186],[-10.5218604,52.1050571],[-10.5222747,52.1046559],[-10.5222985,52.1043844],[-10.5221621,52.1041923],[-10.5223083,52.1039293],[-10.5224027,52.1034526],[-10.5224883,52.1033489],[-10.5226296,52.1033456],[-10.5227004,52.1036078],[-10.5226967,52.10397],[-10.5226994,52.1040694],[-10.5230449,52.1040413],[-10.5235641,52.1039457],[-10.5239541,52.1038373],[-10.5244208,52.1036262],[-10.5246466,52.1034092],[-10.5246912,52.1033259],[-10.5242859,52.1033305],[-10.5242084,52.1030659],[-10.5240775,52.1028398],[-10.5247879,52.1024934],[-10.5254865,52.1022073],[-10.5265345,52.1017692],[-10.5274469,52.1012617],[-10.5276634,52.1009791],[-10.527836,52.1007011],[-10.5281771,52.100478],[-10.5283106,52.100213],[-10.5283744,52.1004802],[-10.5281241,52.1007999],[-10.5280829,52.1009301],[-10.5279148,52.1010356],[-10.527938,52.1011411],[-10.5282884,52.1009683],[-10.5281579,52.1009197],[-10.5281896,52.1008689],[-10.5283501,52.1007851],[-10.5283577,52.1006568],[-10.5286699,52.1005004],[-10.52859,52.1004436],[-10.5284401,52.1004646],[-10.5285208,52.1003637],[-10.528787,52.1002],[-10.5289941,52.0993064],[-10.5293707,52.0994798],[-10.5290206,52.1002714],[-10.52889,52.1003638],[-10.5290029,52.1005385],[-10.5300858,52.1002404],[-10.5309446,52.0995251],[-10.5317887,52.0990512],[-10.5329531,52.0983181],[-10.5338555,52.0979425],[-10.5348452,52.0975134],[-10.5361406,52.0978978],[-10.5371449,52.0973345],[-10.5377853,52.0970752],[-10.5379309,52.0975491],[-10.5396629,52.0971378],[-10.5403615,52.097567],[-10.541948,52.0965745],[-10.5427922,52.0959486],[-10.5436946,52.0956625],[-10.5448444,52.0956714],[-10.545674,52.0956893],[-10.5462999,52.0954121],[-10.5470725,52.0954146],[-10.5501817,52.0939172],[-10.5521377,52.0927192],[-10.5542821,52.0916439],[-10.5558848,52.0908459],[-10.5565368,52.0909899],[-10.5565486,52.0911853],[-10.556701,52.0913312],[-10.5569382,52.0910094],[-10.558154,52.0903784],[-10.558247,52.0902032],[-10.5587189,52.0900638],[-10.5589777,52.0902507],[-10.5596108,52.0901198],[-10.5601106,52.0894268],[-10.5601911,52.0882975],[-10.560432,52.0880727],[-10.5604764,52.0897277],[-10.5606833,52.0898979],[-10.5615041,52.0897282],[-10.5633034,52.0885469],[-10.5640183,52.0878805],[-10.5646591,52.0872898],[-10.5650992,52.0867888],[-10.5660329,52.0866586],[-10.5676662,52.0859192],[-10.567999,52.0854875],[-10.5682905,52.0850904],[-10.5683253,52.0842134],[-10.5685315,52.0834318],[-10.5682909,52.0831043],[-10.5690988,52.0828191],[-10.569666,52.0825762],[-10.570577,52.082629],[-10.5714193,52.0814881],[-10.5709269,52.0813745],[-10.5709875,52.0810084],[-10.5715912,52.0806114],[-10.5718495,52.0797735],[-10.5725194,52.0796501],[-10.5735507,52.0789317],[-10.5754931,52.0790796],[-10.5772636,52.0765653],[-10.577487,52.0752976],[-10.5776074,52.0746742],[-10.5782606,52.0741671],[-10.5791372,52.0737339],[-10.5798763,52.0735543],[-10.5801862,52.0727785],[-10.5803779,52.072425],[-10.5798507,52.0721304],[-10.5789641,52.0719831],[-10.5776941,52.072425],[-10.5772672,52.0725671],[-10.5765342,52.0728666],[-10.5763241,52.0732277],[-10.5763241,52.073596],[-10.575773,52.0739494],[-10.575521,52.0735884],[-10.5749371,52.0740667],[-10.5749343,52.0743176],[-10.5746227,52.0745091],[-10.5745282,52.0741913],[-10.5735911,52.0745178],[-10.5723285,52.0746147],[-10.5722351,52.0743472],[-10.5718738,52.0743295],[-10.5713926,52.0746459],[-10.5713441,52.0748948],[-10.570761,52.0749907],[-10.5702136,52.0753044],[-10.5699501,52.0757757],[-10.5696007,52.0760121],[-10.5691866,52.0757214],[-10.5686443,52.0758202],[-10.5684644,52.0760703],[-10.5677818,52.0767254],[-10.5667717,52.076799],[-10.5665605,52.0769943],[-10.5662504,52.0768914],[-10.5658984,52.0763679],[-10.5659585,52.0762363],[-10.5658973,52.0761479],[-10.5654252,52.076384],[-10.5653555,52.0762483],[-10.5648909,52.0763697],[-10.5648822,52.076475],[-10.5646673,52.0767212],[-10.5645193,52.076657],[-10.5646064,52.0762947],[-10.5642709,52.0763943],[-10.563735,52.0768508],[-10.5639211,52.0771049],[-10.5636617,52.0774832],[-10.5639618,52.077626],[-10.5637815,52.0781722],[-10.5639306,52.0783212],[-10.564438,52.0783469],[-10.5645149,52.0787494],[-10.5644919,52.0789603],[-10.5642397,52.0790297],[-10.5640914,52.0790478],[-10.5639911,52.0791239],[-10.5639287,52.0792221],[-10.5636553,52.0793675],[-10.5636183,52.07949],[-10.5634306,52.0795443],[-10.5632272,52.0796781],[-10.5630126,52.0798943],[-10.5628192,52.080014],[-10.5625691,52.080106],[-10.5624371,52.0802478],[-10.5621904,52.0805048],[-10.5619935,52.0805845],[-10.5616436,52.0808282],[-10.5612155,52.081117],[-10.5609264,52.0812993],[-10.5607875,52.0816297],[-10.5604803,52.0819831],[-10.5598806,52.0820181],[-10.5590536,52.0822743],[-10.5587921,52.0827084],[-10.5585198,52.0827102],[-10.5583935,52.082334],[-10.5579223,52.0824725],[-10.5577017,52.082476],[-10.5579483,52.0821274],[-10.5574117,52.0823951],[-10.5572854,52.0830185],[-10.5566871,52.0834955],[-10.5560067,52.083972],[-10.5557642,52.0842434],[-10.5556958,52.0839067],[-10.5554527,52.0837281],[-10.5550932,52.0837789],[-10.5535597,52.0843318],[-10.5529366,52.084803],[-10.5519781,52.0851416],[-10.5517145,52.0856423],[-10.5513768,52.0856557],[-10.5513136,52.0853616],[-10.5509788,52.0853688],[-10.5506576,52.0854843],[-10.5502744,52.0855307],[-10.5498694,52.0857454],[-10.5491985,52.0857895],[-10.548598,52.0860028],[-10.5488098,52.0854683],[-10.5481838,52.0857127],[-10.5477794,52.0856663],[-10.5472895,52.0859089],[-10.5470282,52.0858162],[-10.5461291,52.0860291],[-10.5448852,52.0869086],[-10.5433995,52.0876595],[-10.5423452,52.0885577],[-10.5423212,52.0890877],[-10.5418899,52.0892202],[-10.5415065,52.0887491],[-10.5410752,52.088808],[-10.5408116,52.0891613],[-10.5404761,52.0891024],[-10.5405762,52.0886879],[-10.5403035,52.088446],[-10.5399969,52.0878067],[-10.5395895,52.0878656],[-10.5394936,52.0870853],[-10.5385831,52.086835],[-10.5381752,52.0867468],[-10.5378043,52.0867523],[-10.5375216,52.0868401],[-10.5375452,52.0869009],[-10.5378807,52.0869135],[-10.5375385,52.0869957],[-10.5373279,52.0870888],[-10.5370436,52.0872126],[-10.5367864,52.0873883],[-10.5364672,52.0878123],[-10.5361823,52.088151],[-10.5361193,52.0883646],[-10.5359326,52.0885734],[-10.5357827,52.0889177],[-10.5356537,52.0891191],[-10.5354547,52.0892503],[-10.5353012,52.0893396],[-10.5350572,52.0893162],[-10.5349365,52.0894518],[-10.5348235,52.089334],[-10.5345129,52.0895949],[-10.5342568,52.0897452],[-10.5339583,52.0897208],[-10.5339427,52.090029],[-10.5338385,52.0901036],[-10.5339392,52.0904256],[-10.5340787,52.0905982],[-10.5339343,52.0906336],[-10.5337654,52.0907153],[-10.5336672,52.0908106],[-10.5333778,52.0907771],[-10.5332874,52.0906844],[-10.5331391,52.0906333],[-10.5330348,52.0907409],[-10.5328663,52.0908075],[-10.5326931,52.0908304],[-10.5325488,52.0909431],[-10.5324966,52.0912667],[-10.5323613,52.091042],[-10.5322497,52.0910197],[-10.5320684,52.0910003],[-10.5319812,52.0909358],[-10.532011,52.0908345],[-10.5322087,52.0907678],[-10.5322524,52.0906788],[-10.5320662,52.0906435],[-10.5318256,52.0905306],[-10.5317038,52.0905552],[-10.5314651,52.0906035],[-10.5312007,52.0906755],[-10.5310551,52.090735],[-10.530963,52.0910017],[-10.5306754,52.0914876],[-10.5305339,52.0915365],[-10.5304046,52.0915528],[-10.5301924,52.0915144],[-10.5301718,52.0914187],[-10.5301412,52.0913553],[-10.5301066,52.091278],[-10.5299572,52.0911995],[-10.5300605,52.0910222],[-10.5302708,52.0909266],[-10.5302429,52.0908361],[-10.5301565,52.0907066],[-10.5299473,52.0907628],[-10.5298215,52.0908296],[-10.5295989,52.0908788],[-10.5294259,52.0908627],[-10.5293196,52.0908775],[-10.5291981,52.0909696],[-10.5290943,52.0910913],[-10.5290689,52.0912275],[-10.5289881,52.0910977],[-10.5287966,52.0911367],[-10.5285987,52.0913075],[-10.5281977,52.0914536],[-10.5278664,52.0915304],[-10.5274579,52.0916779],[-10.5272305,52.091742],[-10.5272857,52.0918498],[-10.5272238,52.0919436],[-10.526786,52.0920757],[-10.5265564,52.0921682],[-10.5265814,52.0922745],[-10.5263483,52.0923776],[-10.526315,52.0924857],[-10.5261163,52.0925937],[-10.5261002,52.0926761],[-10.5259038,52.0927221],[-10.5260935,52.0928277],[-10.5260903,52.0929144],[-10.5258714,52.0929831],[-10.5255184,52.0930482],[-10.525582,52.0931182],[-10.5254774,52.0932196],[-10.5251544,52.0933641],[-10.5248833,52.0934638],[-10.5247615,52.0935379],[-10.5247567,52.0936223],[-10.5249552,52.0936811],[-10.5249734,52.0938622],[-10.5249098,52.0940936],[-10.5247363,52.0942519],[-10.5244453,52.0942951],[-10.5242623,52.0944579],[-10.5240368,52.0946305],[-10.5237297,52.0946932],[-10.5231512,52.0947412],[-10.5231409,52.0949205],[-10.5229609,52.0949366],[-10.5228029,52.0948907],[-10.5227671,52.0947564],[-10.5227198,52.0945792],[-10.5224419,52.0945583],[-10.5222343,52.0947204],[-10.522174,52.0950025],[-10.5220535,52.095107],[-10.5218093,52.0952122],[-10.5214019,52.0953595],[-10.5208508,52.0949325],[-10.520084,52.0951092],[-10.5198443,52.0954919],[-10.5185024,52.0951239],[-10.5180472,52.0954036],[-10.5174481,52.0958011],[-10.517559,52.0953739],[-10.516849,52.0952564],[-10.5159624,52.0954478],[-10.5158803,52.0957027],[-10.5157357,52.0958485],[-10.5156421,52.0958978],[-10.5156735,52.0958312],[-10.5155477,52.0958605],[-10.5154519,52.0959553],[-10.515353,52.0960505],[-10.5152011,52.0961136],[-10.5150051,52.0962092],[-10.514931,52.0963227],[-10.5149163,52.0964287],[-10.5148637,52.0965295],[-10.5147551,52.0965786],[-10.5146261,52.0966918],[-10.5145209,52.0967797],[-10.5143828,52.0968489],[-10.5142685,52.0969911],[-10.5142605,52.0971057],[-10.5142192,52.0973079],[-10.5140832,52.0974088],[-10.5140674,52.0976995],[-10.5147694,52.0974966],[-10.5144528,52.0977001],[-10.5142131,52.0981564],[-10.5142532,52.0985069],[-10.5147643,52.0984803],[-10.5141892,52.0986422],[-10.5138297,52.0990985],[-10.5139192,52.0993674],[-10.5141322,52.0996618],[-10.5135901,52.1000553],[-10.5131123,52.1004889],[-10.512495,52.1005615],[-10.5119127,52.1010857],[-10.511074,52.1015862],[-10.5108105,52.1019247],[-10.5103964,52.1019229],[-10.5100236,52.102299],[-10.5091699,52.1025273],[-10.5086327,52.1028461],[-10.5079273,52.1034302],[-10.5072386,52.1043895],[-10.5073828,52.1045945],[-10.5075212,52.104611],[-10.5080695,52.1044633],[-10.5083159,52.1044087]]],[[[-10.506196,52.113873],[-10.5057057,52.1142655],[-10.5055729,52.1143718],[-10.5053682,52.1146248],[-10.5052727,52.1147668],[-10.5052982,52.1149534],[-10.5052314,52.1150665],[-10.5052185,52.1152361],[-10.5051106,52.1153941],[-10.5050122,52.1155381],[-10.5049602,52.1156723],[-10.5049122,52.1158136],[-10.5048521,52.1159233],[-10.5047295,52.115951],[-10.504589,52.1159352],[-10.504461,52.1158667],[-10.5044372,52.115745],[-10.5045442,52.1156213],[-10.5045957,52.1154949],[-10.5046142,52.1153839],[-10.5045796,52.1153073],[-10.5046134,52.1152146],[-10.5046665,52.1150947],[-10.5047671,52.1150339],[-10.5047077,52.1149992],[-10.5045866,52.1149633],[-10.5045293,52.1149145],[-10.5044554,52.1148516],[-10.5043283,52.1148692],[-10.504228,52.1148614],[-10.5041459,52.1148551],[-10.5038943,52.114872],[-10.5036459,52.114904],[-10.5031902,52.1149868],[-10.5031736,52.1150397],[-10.5030561,52.1150795],[-10.5028732,52.1150868],[-10.5026978,52.115155],[-10.5026168,52.1152461],[-10.5026581,52.1153629],[-10.5026205,52.1155139],[-10.5027219,52.1155705],[-10.5026294,52.1156503],[-10.5027235,52.115698],[-10.5026127,52.1157507],[-10.5025677,52.11585],[-10.5026527,52.1159688],[-10.5026994,52.1160656],[-10.5027283,52.1161953],[-10.5029185,52.1162508],[-10.5031127,52.1163455],[-10.5032658,52.1163636],[-10.5034903,52.1163556],[-10.5035188,52.1164044],[-10.5033412,52.1164621],[-10.5030403,52.1165743],[-10.5026847,52.1167008],[-10.5027991,52.1167767],[-10.5028752,52.1168272],[-10.503434,52.1169682],[-10.5037012,52.1168915],[-10.5040225,52.1167745],[-10.5042736,52.1166148],[-10.5043406,52.116569],[-10.5044187,52.1165169],[-10.5043948,52.1164616],[-10.5044817,52.1163514],[-10.5045021,52.1162435],[-10.5046067,52.1161618],[-10.5048615,52.1162373],[-10.5049921,52.1163282],[-10.5050619,52.1164209],[-10.5052024,52.1165329],[-10.5053539,52.1165878],[-10.5053824,52.1167026],[-10.5053477,52.1167685],[-10.5053279,52.1168062],[-10.5054041,52.116875],[-10.5053293,52.1169778],[-10.5054282,52.1170814],[-10.5055696,52.1170601],[-10.5056179,52.1171706],[-10.5057761,52.1172849],[-10.5059239,52.117336],[-10.5061009,52.1173619],[-10.5062141,52.117282],[-10.5063238,52.1172604],[-10.5064805,52.1172004],[-10.5066527,52.1172725],[-10.5067905,52.1173302],[-10.5070314,52.1173948],[-10.5072504,52.1173914],[-10.5073452,52.11739],[-10.5075794,52.1174155],[-10.5077038,52.1174753],[-10.5079557,52.1175287],[-10.508056,52.1176239],[-10.508258,52.1177181],[-10.5083103,52.1179175],[-10.5084664,52.1176298],[-10.508693,52.1174157],[-10.5086944,52.11727],[-10.5088379,52.1171057],[-10.5089342,52.1170227],[-10.5088604,52.1168966],[-10.5088352,52.1166807],[-10.5088625,52.1165619],[-10.5088939,52.1162979],[-10.5089996,52.1162015],[-10.5091187,52.1160401],[-10.5090597,52.1159179],[-10.5090881,52.1157348],[-10.5092107,52.1155328],[-10.5094065,52.1153696],[-10.5095717,52.1152634],[-10.5098426,52.1152403],[-10.5100438,52.1152719],[-10.5102433,52.1152647],[-10.510264,52.1151677],[-10.510054,52.1150657],[-10.5098287,52.1149619],[-10.5096695,52.114854],[-10.50955,52.114773],[-10.5093214,52.1145562],[-10.5093214,52.1142501],[-10.5095131,52.11405],[-10.5095706,52.1137086],[-10.5094105,52.1136163],[-10.5091495,52.1135685],[-10.5089934,52.1136479],[-10.5089519,52.1137475],[-10.5088502,52.1137815],[-10.5086834,52.1138197],[-10.5086227,52.1137689],[-10.5085929,52.1137439],[-10.5080702,52.1136876],[-10.507949,52.1135472],[-10.5078795,52.1133868],[-10.5077293,52.1133287],[-10.5073863,52.1133105],[-10.5068868,52.1136144],[-10.5066184,52.1137674],[-10.506196,52.113873]]],[[[-9.8314074,52.2471644],[-9.832312,52.2470329],[-9.8326173,52.247028],[-9.8335454,52.2470131],[-9.8344534,52.2473025],[-9.8350245,52.2472232],[-9.8354073,52.247102],[-9.8355806,52.2471026],[-9.8365986,52.2473657],[-9.838518,52.2480205],[-9.8389064,52.247998],[-9.8393194,52.2496379],[-9.8390209,52.2498044],[-9.8384102,52.249905],[-9.8373255,52.2499273],[-9.8359718,52.2505313],[-9.83492,52.25093],[-9.83471,52.25106],[-9.83389,52.25132],[-9.83367,52.25145],[-9.83347,52.25159],[-9.83326,52.25171],[-9.83306,52.25184],[-9.83181,52.2521],[-9.83098,52.25237],[-9.83014,52.2525],[-9.83016,52.25353],[-9.82933,52.25366],[-9.82913,52.25379],[-9.82892,52.25392],[-9.82809,52.25418],[-9.82642,52.25445],[-9.82622,52.25458],[-9.82581,52.25509],[-9.8256,52.25523],[-9.82477,52.25548],[-9.82143,52.25551],[-9.8206,52.25551],[-9.8199729,52.2552774],[-9.81934,52.25514],[-9.81767,52.25515],[-9.81747,52.25567],[-9.81726,52.25579],[-9.81706,52.25592],[-9.81684,52.25605],[-9.817801,52.2563954],[-9.8178738,52.2567954],[-9.8156467,52.2567858],[-9.8133506,52.2563567],[-9.8121038,52.2565243],[-9.8111066,52.2566625],[-9.8106,52.25661],[-9.80976,52.25649],[-9.80998,52.25725],[-9.81041,52.25751],[-9.81062,52.25776],[-9.81147,52.25788],[-9.81229,52.25813],[-9.81272,52.25839],[-9.81314,52.25851],[-9.8130823,52.2586454],[-9.8130291,52.25877],[-9.8129424,52.2589693],[-9.8125577,52.2593066],[-9.8120174,52.2592973],[-9.81107,52.25942],[-9.8109337,52.2595254],[-9.8106529,52.259716],[-9.810844,52.2599747],[-9.8119996,52.2596614],[-9.813567,52.2598401],[-9.8142312,52.2600933],[-9.815001,52.260274],[-9.8163076,52.2604113],[-9.8183644,52.2604433],[-9.81985,52.26013],[-9.8203449,52.2600086],[-9.8211608,52.2598093],[-9.8218351,52.259532],[-9.8225943,52.2592893],[-9.8237729,52.2590093],[-9.8243445,52.2588967],[-9.8247604,52.2589128],[-9.8249854,52.2588929],[-9.8252653,52.2588682],[-9.8258269,52.2592928],[-9.8265017,52.2596988],[-9.8268737,52.2602503],[-9.8272136,52.260946],[-9.8275142,52.2613208],[-9.8283715,52.2613549],[-9.8289059,52.2610755],[-9.8295379,52.2609003],[-9.8305753,52.2608431],[-9.8312456,52.2605423],[-9.8319541,52.2604941],[-9.8322297,52.2603303],[-9.8323084,52.2601809],[-9.8323399,52.2599448],[-9.8318675,52.2598773],[-9.8314818,52.2597424],[-9.83174,52.25941],[-9.83215,52.25915],[-9.83256,52.25889],[-9.8330799,52.2588943],[-9.8338514,52.2588172],[-9.8346072,52.2585329],[-9.8351662,52.2582486],[-9.8355283,52.2577667],[-9.836166,52.2570438],[-9.8366699,52.2563981],[-9.8370792,52.2557716],[-9.8373469,52.2552559],[-9.8376461,52.2546391],[-9.8382286,52.2537861],[-9.8387876,52.2531547],[-9.8393072,52.2525089],[-9.8398583,52.2520607],[-9.8405432,52.2515354],[-9.8410549,52.2511835],[-9.8416296,52.2506389],[-9.8420154,52.2501907],[-9.842535,52.2495545],[-9.8430231,52.2488941],[-9.8431491,52.2487471],[-9.843275,52.2486001],[-9.843582,52.2484314],[-9.8442434,52.2476843],[-9.8448023,52.2471493],[-9.8456132,52.2463925],[-9.8462902,52.2457659],[-9.8466524,52.2454333],[-9.8473688,52.2449127],[-9.848038,52.2442813],[-9.8485261,52.2438667],[-9.8493291,52.243187],[-9.8499353,52.2426905],[-9.850573,52.2421506],[-9.8511713,52.241736],[-9.8518504,52.2412232],[-9.852519,52.2407591],[-9.8532241,52.2402465],[-9.8532372,52.2402369],[-9.8536579,52.2399293],[-9.8536947,52.2397706],[-9.8538404,52.2397272],[-9.8540844,52.2396452],[-9.8545096,52.2393343],[-9.8550882,52.2388715],[-9.8556353,52.2384569],[-9.8562612,52.2381146],[-9.8568438,52.237847],[-9.8573949,52.2375794],[-9.8580168,52.2372347],[-9.8581467,52.2371769],[-9.858253,52.237213],[-9.8583908,52.2372516],[-9.8585443,52.2372564],[-9.8586703,52.2372347],[-9.8589458,52.2371841],[-9.85908,52.23705],[-9.8591823,52.2370271],[-9.8599574,52.2368539],[-9.860666,52.2365983],[-9.861532,52.2363139],[-9.8624294,52.2360222],[-9.8632206,52.2358101],[-9.8635631,52.2357353],[-9.8640827,52.2356461],[-9.8646259,52.2355834],[-9.8651691,52.2354726],[-9.8655706,52.2353978],[-9.8659013,52.2353665],[-9.8662162,52.235393],[-9.8668972,52.2355111],[-9.8673892,52.2356124],[-9.8677159,52.2356413],[-9.8682513,52.2357112],[-9.8688693,52.2358004],[-9.8691212,52.2358004],[-9.8695621,52.2357642],[-9.8697392,52.235704],[-9.8701879,52.235569],[-9.8708296,52.2353231],[-9.8715027,52.2350627],[-9.8722023,52.2348133],[-9.8724356,52.2347301],[-9.8735299,52.2344432],[-9.8744707,52.2342238],[-9.8752264,52.2340647],[-9.8761672,52.2337537],[-9.87695,52.23358],[-9.8777654,52.2333632],[-9.878466,52.2331944],[-9.879147,52.2330546],[-9.8802413,52.2328593],[-9.8813238,52.2326978],[-9.8822567,52.2325097],[-9.8826712,52.2324094],[-9.8829141,52.2323506],[-9.8836305,52.232177],[-9.8839457,52.2320904],[-9.88428,52.2319986],[-9.884961,52.2316997],[-9.8854648,52.231514],[-9.8861065,52.2313501],[-9.8866379,52.2312705],[-9.8871181,52.2313091],[-9.8875472,52.2314273],[-9.8877164,52.2314417],[-9.8879841,52.2313863],[-9.8883777,52.2312874],[-9.8892437,52.231068],[-9.8903695,52.2306967],[-9.8908648,52.2305286],[-9.8913496,52.230364],[-9.8918495,52.2301985],[-9.8929959,52.2299036],[-9.8932115,52.2298481],[-9.8936681,52.2297709],[-9.894853,52.2295877],[-9.8952801,52.2295195],[-9.8957741,52.2294406],[-9.8965411,52.2293389],[-9.8979564,52.2292483],[-9.8991197,52.2292331],[-9.9002628,52.2292184],[-9.9010851,52.2291326],[-9.9016371,52.2290287],[-9.9018513,52.2289783],[-9.9019451,52.2289498],[-9.9020309,52.2289237],[-9.9021646,52.2288702],[-9.9022114,52.228771],[-9.902323,52.2287798],[-9.9024022,52.2288967],[-9.90273,52.22903],[-9.90315,52.22903],[-9.90398,52.22902],[-9.90565,52.22876],[-9.90648,52.22875],[-9.9075319,52.2287819],[-9.9086675,52.2288433],[-9.9098477,52.228891],[-9.9108552,52.228949],[-9.9117404,52.2290138],[-9.9122373,52.2290879],[-9.912468,52.2291435],[-9.9126698,52.2293049],[-9.9128201,52.2293486],[-9.9129117,52.2293776],[-9.9130764,52.2293752],[-9.9132545,52.2294332],[-9.9133826,52.2295252],[-9.9135385,52.2296616],[-9.9136721,52.2297775],[-9.9137723,52.2299617],[-9.9138224,52.2301492],[-9.9139281,52.2303776],[-9.9140673,52.2306061],[-9.9141508,52.2307152],[-9.9141619,52.2308594],[-9.9142371,52.2309327],[-9.9143234,52.230947],[-9.9145572,52.2310265],[-9.9149246,52.2310946],[-9.9154528,52.2312168],[-9.9158492,52.2313427],[-9.9161427,52.231431],[-9.9162077,52.2314158],[-9.9167461,52.2315257],[-9.9169343,52.2315586],[-9.9170144,52.2315751],[-9.9172469,52.2316136],[-9.9177156,52.2317915],[-9.9180985,52.232029],[-9.9183065,52.2323079],[-9.9185123,52.2326375],[-9.9188,52.2328031],[-9.9189282,52.2328263],[-9.9192053,52.2328763],[-9.9193588,52.2328726],[-9.9194702,52.2328858],[-9.9195939,52.2329332],[-9.91992,52.233],[-9.9202131,52.2330308],[-9.9208349,52.2331735],[-9.9212657,52.2333031],[-9.9218731,52.2334759],[-9.9221423,52.2336332],[-9.9225105,52.2337583],[-9.9228638,52.2339223],[-9.9232593,52.2340036],[-9.9234331,52.2340264],[-9.9238895,52.2339482],[-9.925042,52.233795],[-9.9260041,52.2336045],[-9.9268004,52.2332144],[-9.9270714,52.2332538],[-9.9274143,52.2331885],[-9.927848,52.2330494],[-9.9283996,52.2329609],[-9.9290872,52.2327982],[-9.92981,52.2325556],[-9.9305015,52.2323567],[-9.9312775,52.2321598],[-9.9321316,52.2319911],[-9.9327378,52.2318561],[-9.9329582,52.231752],[-9.9331005,52.2316761],[-9.933647,52.2316733],[-9.934547,52.2316508],[-9.9357868,52.2316114],[-9.9371247,52.2315654],[-9.9379897,52.2315313],[-9.9382182,52.231506],[-9.9385281,52.2315298],[-9.9391618,52.2315017],[-9.9395784,52.2314426],[-9.9401676,52.2314967],[-9.9408562,52.2315664],[-9.9414256,52.231662],[-9.9415817,52.2319236],[-9.941637,52.2324051],[-9.9431431,52.2324979],[-9.9450947,52.2325597],[-9.9466192,52.2326497],[-9.9479187,52.2326413],[-9.9487728,52.2326357],[-9.9497862,52.2326753],[-9.9506369,52.2326734],[-9.9515428,52.2326575],[-9.9525883,52.2326356],[-9.9533124,52.2326376],[-9.9538352,52.2326575],[-9.9540008,52.2326495],[-9.9541274,52.2326177],[-9.9543157,52.2325918],[-9.9544164,52.2326077],[-9.9544911,52.2326336],[-9.9546209,52.2326336],[-9.95478,52.2326077],[-9.9548904,52.232568],[-9.955108,52.232562],[-9.9553872,52.2325918],[-9.9554262,52.2325759],[-9.9555948,52.2326042],[-9.9558905,52.2326356],[-9.9560334,52.2326833],[-9.9562379,52.2326972],[-9.9564912,52.2327231],[-9.9566925,52.2328026],[-9.9567704,52.2328921],[-9.9569198,52.2330055],[-9.9570464,52.2331566],[-9.9571633,52.2332322],[-9.9571958,52.2333057],[-9.9575084,52.2334838],[-9.9577597,52.2337438],[-9.957816,52.2339183],[-9.9579287,52.2342292],[-9.9579818,52.2345381],[-9.958018,52.2346682],[-9.958057,52.2347358],[-9.958244,52.2347936],[-9.9583555,52.2347851],[-9.9585363,52.234886],[-9.9585376,52.2349824],[-9.9588211,52.2350935],[-9.9590734,52.235073],[-9.9593375,52.2350519],[-9.9602781,52.2352676],[-9.9610601,52.235454],[-9.9613608,52.2356083],[-9.9620663,52.2356963],[-9.9626579,52.2357599],[-9.9629677,52.235781],[-9.9634106,52.2357586],[-9.9637201,52.2358238],[-9.9644212,52.2361369],[-9.9648767,52.2362998],[-9.9652303,52.2363994],[-9.9655129,52.2364932],[-9.9657607,52.2366002],[-9.9663861,52.2368669],[-9.9668362,52.2371124],[-9.9673777,52.237341],[-9.9680405,52.2375781],[-9.9683288,52.2376913],[-9.9690511,52.2379749],[-9.9698275,52.2382426],[-9.9704866,52.2384809],[-9.9707719,52.2386119],[-9.9711556,52.2387717],[-9.9718685,52.2390217],[-9.9727103,52.2393941],[-9.9731809,52.2396171],[-9.9735124,52.2397177],[-9.973747,52.2396876],[-9.9739437,52.2396442],[-9.9740616,52.2395227],[-9.9741534,52.239489],[-9.9741978,52.2395313],[-9.9742361,52.2395677],[-9.9740938,52.2396605],[-9.9739927,52.239728],[-9.973933,52.239773],[-9.9739606,52.2398714],[-9.9739698,52.2399361],[-9.9740949,52.2402085],[-9.9744196,52.240638],[-9.9746599,52.2409999],[-9.9747183,52.2411748],[-9.9748677,52.2414134],[-9.9749261,52.2415287],[-9.9751859,52.2423002],[-9.9753482,52.2426501],[-9.975556,52.2428449],[-9.9758612,52.242996],[-9.9760626,52.2430119],[-9.9762444,52.2430398],[-9.9768418,52.2433579],[-9.977699,52.2439782],[-9.9784458,52.2445468],[-9.9791017,52.244845],[-9.9793874,52.2450835],[-9.9795693,52.2452903],[-9.9796342,52.2454295],[-9.979803,52.2455487],[-9.9799784,52.2456561],[-9.9808031,52.2459622],[-9.982037,52.2463161],[-9.9831505,52.2464739],[-9.9847119,52.2466555],[-9.985045,52.2466481],[-9.9852496,52.2466435],[-9.9858409,52.2467246],[-9.986971,52.2470208],[-9.9884117,52.2472862],[-9.9887421,52.2473219],[-9.9895559,52.2474069],[-9.991121,52.2476213],[-9.9928102,52.2479784],[-9.994753,52.2485257],[-9.9956524,52.248792],[-9.9963772,52.2490133],[-9.9970675,52.249371],[-10.0009769,52.2513968],[-10.0032621,52.2526612],[-10.004217,52.2532917],[-10.0051933,52.2534428],[-10.0052255,52.253075],[-10.0047212,52.2528385],[-10.0040507,52.2526415],[-10.003997,52.2523426],[-10.004335,52.2517811],[-10.004276,52.25141],[-10.0046193,52.2509863],[-10.0053034,52.2503308],[-10.0053596,52.250277],[-10.0054776,52.2503164],[-10.0050753,52.2508648],[-10.0046622,52.2512326],[-10.00463,52.2517384],[-10.0044745,52.252254],[-10.0046837,52.2525167],[-10.0050026,52.2526775],[-10.0052308,52.2527926],[-10.0054801,52.2531369],[-10.0054969,52.2531602],[-10.0055262,52.2532008],[-10.0055849,52.2532819],[-10.0056922,52.2537679],[-10.0049251,52.2540569],[-10.0042492,52.2540602],[-10.003761,52.2543229],[-10.0033104,52.2542375],[-10.0029241,52.2539912],[-10.0022321,52.2534362],[-10.0018781,52.25274],[-10.0004565,52.2517811],[-9.9964815,52.2492194],[-9.9962025,52.2494428],[-9.9963974,52.2497219],[-9.9966402,52.249823],[-9.9972161,52.2502105],[-9.9984979,52.250919],[-9.9993208,52.2515068],[-10.0003332,52.2523205],[-10.0007195,52.2526747],[-10.0017437,52.2535749],[-10.0026811,52.2543676],[-10.0031693,52.2547644],[-10.0036476,52.2549921],[-10.0044593,52.2552982],[-10.0055373,52.2556917],[-10.0071153,52.2563834],[-10.0088882,52.2572261],[-10.0108818,52.2582874],[-10.0116416,52.2587684],[-10.012291,52.2592017],[-10.0123838,52.2592794],[-10.0127131,52.2595117],[-10.0135638,52.2602749],[-10.0141028,52.2608075],[-10.0143481,52.2610223],[-10.0146158,52.2612566],[-10.0157133,52.26198],[-10.0167068,52.2627869],[-10.0173562,52.2633115],[-10.0183953,52.2641342],[-10.0201226,52.2652947],[-10.0210383,52.2659266],[-10.022028,52.2667512],[-10.02235,52.2670195],[-10.022893,52.267535],[-10.0230449,52.2676792],[-10.0237397,52.2683071],[-10.0240709,52.2685535],[-10.0246319,52.2692234],[-10.0249048,52.269559],[-10.0251664,52.2700389],[-10.0256719,52.270704],[-10.0259775,52.2709712],[-10.0260322,52.2709624],[-10.0261042,52.2708917],[-10.0262178,52.2706652],[-10.0264484,52.2706334],[-10.0265553,52.2706666],[-10.0266789,52.270705],[-10.0266789,52.2709196],[-10.0267406,52.2710785],[-10.0267568,52.2711918],[-10.0266773,52.2713248],[-10.0268793,52.2714287],[-10.0269298,52.2715496],[-10.0270884,52.2714887],[-10.0271382,52.2714982],[-10.0271583,52.2715346],[-10.0271208,52.2715979],[-10.026939,52.2717406],[-10.0268714,52.2719006],[-10.0269591,52.272129],[-10.0270273,52.2722343],[-10.0270922,52.2723456],[-10.0271182,52.2724469],[-10.0270987,52.2725979],[-10.0270792,52.2726913],[-10.0270013,52.2727509],[-10.0269169,52.2727728],[-10.0268519,52.2727549],[-10.026813,52.2727171],[-10.0267675,52.2727112],[-10.0266928,52.2727668],[-10.0266237,52.2728765],[-10.0266536,52.2729818],[-10.0267339,52.2731729],[-10.0268648,52.273489],[-10.0268763,52.2736112],[-10.0268464,52.2736576],[-10.0267798,52.2736899],[-10.0267339,52.2737947],[-10.0267018,52.2738818],[-10.0264814,52.2740166],[-10.0262707,52.2741932],[-10.0263191,52.274453],[-10.0262778,52.2745682],[-10.02614,52.2746862],[-10.0259182,52.2748294],[-10.0251747,52.2765492],[-10.0252977,52.2779075],[-10.0253492,52.2791071],[-10.0247832,52.2804672],[-10.023856,52.2809539],[-10.0228136,52.280973],[-10.02161,52.28111],[-10.0210568,52.2811356],[-10.0183211,52.2812624],[-10.0170615,52.2817047],[-10.0159799,52.2818855],[-10.0148152,52.281533],[-10.0144103,52.2816761],[-10.0150596,52.2820416],[-10.0152722,52.2825271],[-10.0147917,52.2830238],[-10.0147162,52.2835093],[-10.0143401,52.2838678],[-10.01332,52.28413],[-10.0134107,52.2846246],[-10.0133692,52.2849508],[-10.0136506,52.2855137],[-10.0143271,52.2857444],[-10.0155756,52.2872237],[-10.0161717,52.288136],[-10.0171097,52.2895623],[-10.0175665,52.291071],[-10.0176677,52.2914053],[-10.0180197,52.2927531],[-10.0183552,52.2943715],[-10.0183837,52.2971915],[-10.0183922,52.2994154],[-10.0183243,52.3002677],[-10.0180588,52.3011201],[-10.0175582,52.3017069],[-10.0163962,52.3023446],[-10.0160239,52.3029641],[-10.0156063,52.3037793],[-10.0149497,52.3044423],[-10.0142001,52.3052576],[-10.01317,52.306139],[-10.0125964,52.3061322],[-10.0121815,52.3064721],[-10.0119525,52.3072929],[-10.0111682,52.307715],[-10.0101114,52.3079373],[-10.0098899,52.3075677],[-10.0092748,52.3076724],[-10.0088134,52.3079677],[-10.008274,52.3082277],[-10.0066919,52.3093352],[-10.0056129,52.3092907],[-10.0047803,52.3095222],[-10.0048785,52.3099277],[-10.0058066,52.3100509],[-10.0061436,52.3104531],[-10.0069962,52.3106078],[-10.0073281,52.31121],[-10.007836,52.3113585],[-10.0081606,52.3112963],[-10.0087604,52.3115052],[-10.0094456,52.3118995],[-10.0101664,52.3127087],[-10.010194,52.3129159],[-10.0101001,52.3130555],[-10.0098839,52.3130578],[-10.0097796,52.3134954],[-10.0098737,52.3135705],[-10.0101369,52.3135199],[-10.010231,52.3136117],[-10.0102766,52.3137163],[-10.0104485,52.313726],[-10.0105338,52.3138467],[-10.0104512,52.3139544],[-10.0102876,52.3141131],[-10.010167,52.3143355],[-10.0103592,52.3144304],[-10.0106057,52.3143788],[-10.0109198,52.3143378],[-10.0108487,52.3144507],[-10.0108662,52.3145396],[-10.0111588,52.314657],[-10.0115225,52.31477],[-10.0115601,52.3148403],[-10.0117669,52.314869],[-10.0120133,52.3149413],[-10.0120479,52.3150035],[-10.0121751,52.3149856],[-10.0122183,52.3150476],[-10.0123256,52.3150276],[-10.0125224,52.3149666],[-10.0128194,52.315023],[-10.0135682,52.315245],[-10.0136382,52.31541],[-10.013458,52.3154723],[-10.013494,52.3155905],[-10.0137842,52.3156403],[-10.0140465,52.3157351],[-10.014076,52.315885],[-10.0146098,52.3162152],[-10.0162697,52.3167007],[-10.0164739,52.3165618],[-10.0163881,52.3164556],[-10.0159739,52.3163221],[-10.0158667,52.3162109],[-10.0158929,52.3160516],[-10.0153152,52.3158358],[-10.014952,52.315743],[-10.0147369,52.3155977],[-10.0145357,52.3153588],[-10.0146805,52.3151583],[-10.0168724,52.3149523],[-10.0172941,52.3148221],[-10.0176524,52.314568],[-10.0173941,52.3142194],[-10.0172158,52.314007],[-10.016355,52.3138591],[-10.0162193,52.3136073],[-10.0163204,52.3132262],[-10.016724,52.3128191],[-10.0173806,52.3124514],[-10.0177449,52.3122864],[-10.018044,52.3122421],[-10.0183623,52.3122257],[-10.0183933,52.3116852],[-10.0181003,52.3108546],[-10.0171017,52.3098872],[-10.016166,52.3098785],[-10.0158594,52.3098842],[-10.015658,52.3098093],[-10.0155193,52.3096597],[-10.0154847,52.3094325],[-10.01553,52.3090766],[-10.0157553,52.3084825],[-10.0161617,52.3079729],[-10.0168985,52.3073068],[-10.0175025,52.3068737],[-10.0181983,52.306516],[-10.0191867,52.3060701],[-10.0202918,52.3056131],[-10.0217611,52.3051641],[-10.0228619,52.3048997],[-10.0243765,52.3046288],[-10.0260861,52.3043239],[-10.0266502,52.3042407],[-10.0278156,52.3041743],[-10.0284374,52.3041533],[-10.0288212,52.3041732],[-10.0296975,52.3042755],[-10.0306848,52.3044973],[-10.03145,52.3047969],[-10.0317013,52.3051374],[-10.0321831,52.3052776],[-10.03287,52.3054165],[-10.0336159,52.3057058],[-10.0346958,52.3061796],[-10.0354133,52.3068402],[-10.0357228,52.3073486],[-10.035734,52.3077356],[-10.0355243,52.3080559],[-10.0354261,52.3082817],[-10.0353725,52.3084372],[-10.0354363,52.3085262],[-10.035409,52.3086527],[-10.0352633,52.3087648],[-10.0350264,52.3089198],[-10.0348022,52.3091787],[-10.034666,52.3093324],[-10.0345968,52.3094875],[-10.0345633,52.3095913],[-10.0344463,52.3096855],[-10.0343968,52.3094664],[-10.0343444,52.3094708],[-10.0342761,52.3094766],[-10.0343476,52.309793],[-10.0342531,52.3097873],[-10.0342049,52.309877],[-10.0339869,52.3101243],[-10.0338675,52.3102601],[-10.0338486,52.3103152],[-10.0339094,52.3103716],[-10.0338989,52.3104395],[-10.0337309,52.3105618],[-10.0332743,52.310337],[-10.0332136,52.3103908],[-10.0332309,52.3103994],[-10.0336726,52.3106176],[-10.0335636,52.3106919],[-10.0333708,52.3108316],[-10.033245,52.3109418],[-10.0331402,52.3110917],[-10.0329663,52.3113095],[-10.032939,52.3113916],[-10.0329055,52.3115389],[-10.0328552,52.3116222],[-10.0328615,52.3117478],[-10.0329097,52.3119297],[-10.0329684,52.3119886],[-10.0331905,52.3121501],[-10.0333582,52.3120553],[-10.0335992,52.3118938],[-10.0337962,52.3116952],[-10.0340749,52.3114851],[-10.0342258,52.3113877],[-10.0345318,52.3114326],[-10.034689,52.3112993],[-10.0349845,52.3110328],[-10.0351019,52.3109162],[-10.0351941,52.3109418],[-10.0353366,52.3108444],[-10.0355315,52.3107458],[-10.0356196,52.3106445],[-10.0355797,52.3105408],[-10.0356908,52.310428],[-10.0357579,52.3103485],[-10.0357684,52.310314],[-10.0359214,52.3102294],[-10.0360282,52.3102614],[-10.0362441,52.3101256],[-10.0364181,52.3100128],[-10.0369336,52.3097502],[-10.0369399,52.3098168],[-10.0370112,52.309868],[-10.0370762,52.3098847],[-10.0372166,52.3098053],[-10.0374827,52.3096233],[-10.0376965,52.3095118],[-10.0382938,52.3092799],[-10.0385474,52.3092299],[-10.0392832,52.3093294],[-10.0396043,52.3094391],[-10.0394205,52.3096529],[-10.0394383,52.3098667],[-10.0395687,52.3099936],[-10.039586,52.310087],[-10.0394265,52.3103487],[-10.0393672,52.3105916],[-10.0397051,52.3104031],[-10.0400845,52.3101422],[-10.040369,52.3102183],[-10.0404164,52.3103741],[-10.0403275,52.3105662],[-10.0404164,52.3107402],[-10.0405646,52.31078],[-10.0407306,52.3107293],[-10.0409084,52.310559],[-10.0413624,52.3104899],[-10.0424174,52.3107342],[-10.0434016,52.3106816],[-10.044043,52.3106508],[-10.0444756,52.3108211],[-10.0448917,52.3106504],[-10.0453804,52.3105624],[-10.0455294,52.3102472],[-10.0457884,52.3104001],[-10.0462476,52.3099495],[-10.0469157,52.3096165],[-10.0473977,52.3093434],[-10.0481002,52.3092745],[-10.0488249,52.3094659],[-10.0494016,52.3091837],[-10.0499539,52.3091582],[-10.0502896,52.3089094],[-10.050284,52.309151],[-10.0508779,52.3094972],[-10.0514749,52.3097381],[-10.0520217,52.3090466],[-10.0528675,52.3091985],[-10.0534386,52.3092059],[-10.0538612,52.3092643],[-10.05442,52.3092527],[-10.0547355,52.3089719],[-10.054999,52.3094207],[-10.0556734,52.3097816],[-10.0569019,52.3098509],[-10.0575851,52.30962],[-10.0575972,52.3097709],[-10.0578868,52.3098397],[-10.0581658,52.3099152],[-10.0584447,52.3098463],[-10.0583589,52.3096364],[-10.0581282,52.3095839],[-10.0579995,52.3094101],[-10.0577411,52.3090655],[-10.0578753,52.3088465],[-10.0580349,52.3087058],[-10.0582352,52.3085719],[-10.0584189,52.3077376],[-10.0597711,52.3074906],[-10.0606667,52.3065468],[-10.0612892,52.3055877],[-10.0610301,52.3050623],[-10.0601636,52.3053954],[-10.0594432,52.3060937],[-10.0587551,52.3065338],[-10.058306,52.3069683],[-10.0576521,52.3067655],[-10.0570245,52.3065493],[-10.0557181,52.3065885],[-10.0551271,52.3068015],[-10.0544167,52.3066339],[-10.0533692,52.3063362],[-10.0526096,52.3059785],[-10.052016,52.3055439],[-10.0518957,52.3054662],[-10.0517029,52.3051024],[-10.0516492,52.3048848],[-10.0516113,52.3046578],[-10.0515325,52.3046536],[-10.051605,52.3045527],[-10.0515146,52.3043757],[-10.0515792,52.3041023],[-10.0517754,52.3037591],[-10.0514688,52.3033085],[-10.0507642,52.3029553],[-10.0505329,52.3028666],[-10.0502134,52.3027825],[-10.0498605,52.3027946],[-10.0494915,52.3028345],[-10.0487127,52.3030947],[-10.0476992,52.3033498],[-10.0470706,52.3037638],[-10.046404,52.3037922],[-10.0457059,52.3039977],[-10.0452396,52.3043253],[-10.044725,52.3043924],[-10.0443704,52.3043062],[-10.0439199,52.3042082],[-10.0433421,52.3040192],[-10.0428397,52.3038813],[-10.0427189,52.3038359],[-10.0420619,52.3037176],[-10.0409706,52.3031005],[-10.0387449,52.3005587],[-10.0381141,52.2996349],[-10.0367831,52.2987939],[-10.0342383,52.2968144],[-10.0323875,52.2946891],[-10.0320777,52.293681],[-10.0320358,52.2935446],[-10.0319319,52.2929251],[-10.0316714,52.2914691],[-10.0315264,52.2904563],[-10.0314883,52.2901513],[-10.0316365,52.2880487],[-10.03213,52.2860274],[-10.0328167,52.2837197],[-10.0353111,52.2803493],[-10.0371082,52.2777998],[-10.0404356,52.274117],[-10.0416331,52.2731401],[-10.0438797,52.271492],[-10.04721,52.2690487],[-10.0482504,52.2682642],[-10.0499887,52.267138],[-10.0529735,52.2651958],[-10.0563402,52.2634807],[-10.0597005,52.2617485],[-10.0633376,52.2601265],[-10.0644084,52.2595543],[-10.0659211,52.2587461],[-10.0680883,52.2568744],[-10.0703812,52.2551295],[-10.0710269,52.2546381],[-10.0710519,52.254558],[-10.0710229,52.2544871],[-10.0710872,52.2544537],[-10.0712674,52.2544714],[-10.0719139,52.2540973],[-10.0730879,52.2534475],[-10.0739145,52.2530143],[-10.0740335,52.2529789],[-10.0743242,52.252821],[-10.0744259,52.2527761],[-10.0745792,52.2527105],[-10.0765582,52.2519098],[-10.0783451,52.2511867],[-10.0800329,52.2505894],[-10.0831859,52.2494737],[-10.0850828,52.2487499],[-10.0855334,52.2483295],[-10.0855141,52.2480549],[-10.0859003,52.2482848],[-10.0867908,52.248252],[-10.0878422,52.2481534],[-10.0900953,52.2476017],[-10.0905926,52.2474799],[-10.0909643,52.2473718],[-10.0932925,52.246774],[-10.0945241,52.2460041],[-10.0949426,52.2455969],[-10.0962944,52.2452421],[-10.0965207,52.2451277],[-10.0967687,52.2450564],[-10.096892,52.2450671],[-10.09707,52.2451152],[-10.0975089,52.2452106],[-10.0988178,52.2451383],[-10.0998886,52.2449596],[-10.1009743,52.2447508],[-10.1018112,52.2443829],[-10.1020075,52.2442567],[-10.1022239,52.2441446],[-10.1025253,52.2441328],[-10.1033951,52.2443158],[-10.1040943,52.2444013],[-10.1056092,52.2443435],[-10.1077657,52.2441924],[-10.1099844,52.243948],[-10.1112279,52.2438551],[-10.1123246,52.243804],[-10.1128297,52.2437851],[-10.114321,52.2437062],[-10.11519,52.2436011],[-10.1173358,52.2436668],[-10.1198463,52.2435683],[-10.1222582,52.2435473],[-10.1246336,52.2435291],[-10.1271849,52.2435683],[-10.1307039,52.2435814],[-10.1336222,52.2435814],[-10.1354032,52.2437391],[-10.1358409,52.2437845],[-10.1379352,52.2440019],[-10.1389437,52.244304],[-10.1396303,52.2447639],[-10.1396317,52.2448327],[-10.1396351,52.2449962],[-10.1398302,52.2452891],[-10.1398649,52.2453123],[-10.1400151,52.2453596],[-10.1401867,52.2454659],[-10.1404998,52.2456164],[-10.140778,52.2457502],[-10.1410889,52.2456902],[-10.1414297,52.2454975],[-10.1417125,52.2453884],[-10.1423361,52.2452713],[-10.1427301,52.2448112],[-10.1426988,52.2446588],[-10.1433854,52.2440938],[-10.1438121,52.2426979],[-10.14368,52.242442],[-10.1433581,52.2423171],[-10.1428056,52.242396],[-10.1422425,52.2425205],[-10.1420258,52.2427478],[-10.1422403,52.2429594],[-10.142055,52.2435114],[-10.1411176,52.2438375],[-10.1391368,52.2439195],[-10.1374498,52.2436446],[-10.1361756,52.2430822],[-10.1355319,52.2432267],[-10.134459,52.2431084],[-10.1334076,52.2427537],[-10.1315193,52.2419522],[-10.1304893,52.2411638],[-10.1304782,52.2407371],[-10.1309221,52.2406782],[-10.1329456,52.2403549],[-10.133555,52.2400632],[-10.1347759,52.2394095],[-10.1365569,52.2388598],[-10.137176,52.2386687],[-10.137441,52.2384365],[-10.1378315,52.2375965],[-10.1399714,52.2356927],[-10.140113,52.2357469],[-10.1401392,52.2357778],[-10.1409756,52.2367673],[-10.141274,52.2360896],[-10.1413935,52.2361011],[-10.1415335,52.2361213],[-10.1415597,52.2363007],[-10.1415879,52.2364075],[-10.1416754,52.2365535],[-10.1420794,52.2368933],[-10.1422849,52.2370011],[-10.1426232,52.2371565],[-10.1430586,52.2372229],[-10.1432361,52.2372838],[-10.143407,52.2373438],[-10.1435848,52.237462],[-10.1436733,52.2375203],[-10.1437363,52.2375942],[-10.1440488,52.2378527],[-10.1442609,52.2380329],[-10.1446939,52.238119],[-10.1451123,52.2382504],[-10.1453376,52.238257],[-10.1455522,52.2383063],[-10.1457506,52.2383884],[-10.1458985,52.2385173],[-10.1465178,52.2385461],[-10.1470001,52.2385189],[-10.1473278,52.2386184],[-10.1476121,52.2386151],[-10.1485287,52.238649],[-10.1496023,52.238868],[-10.1501689,52.2390977],[-10.1507226,52.2396096],[-10.1511542,52.2397803],[-10.1518697,52.2398635],[-10.1523463,52.2397756],[-10.1526976,52.2396925],[-10.1530878,52.2395935],[-10.1546973,52.2391539],[-10.1551545,52.2389896],[-10.1554686,52.2387722],[-10.1565587,52.2377111],[-10.1568872,52.2376692],[-10.1573977,52.2376041],[-10.1577045,52.2376967],[-10.1593852,52.2373875],[-10.1602612,52.2373658],[-10.1608583,52.2373271],[-10.161657,52.2371973],[-10.1620138,52.2371365],[-10.1623517,52.2370567],[-10.1633162,52.2368987],[-10.1639036,52.2368185],[-10.1645989,52.2367798],[-10.1650645,52.2368205],[-10.1654277,52.2366986],[-10.1665955,52.2363865],[-10.1672746,52.2365255],[-10.1678481,52.2365344],[-10.1684834,52.2363063],[-10.1692453,52.2362194],[-10.1700794,52.2361518],[-10.1709471,52.2360492],[-10.1712044,52.2359582],[-10.1720216,52.2356936],[-10.1725716,52.2354594],[-10.1730195,52.2351719],[-10.1734848,52.2348501],[-10.1739884,52.234553],[-10.1743841,52.2341502],[-10.1746566,52.2337655],[-10.1751465,52.2333338],[-10.1755761,52.2329061],[-10.1758891,52.2327164],[-10.1761926,52.2323567],[-10.1763634,52.2322802],[-10.1764886,52.2321058],[-10.1765783,52.2317738],[-10.1766433,52.2315612],[-10.1768402,52.2313073],[-10.1770635,52.2310581],[-10.177165,52.230917],[-10.1771561,52.2308309],[-10.1770241,52.2306775],[-10.1770536,52.2304599],[-10.1769487,52.2303507],[-10.1769937,52.230098],[-10.1771422,52.2300238],[-10.1772988,52.2299549],[-10.1779276,52.2299788],[-10.1778717,52.2300725],[-10.1778893,52.2301351],[-10.1779004,52.2302191],[-10.1777819,52.2302818],[-10.1778109,52.2303732],[-10.177931,52.2304089],[-10.1780542,52.2303559],[-10.1781333,52.2304813],[-10.1782603,52.2305058],[-10.178715,52.2303294],[-10.1788577,52.2304225],[-10.1789956,52.2303926],[-10.1790476,52.230244],[-10.1791922,52.2302616],[-10.1792436,52.2302214],[-10.1793405,52.23026],[-10.1793507,52.2302986],[-10.179439,52.2303155],[-10.1795398,52.2302524],[-10.1795603,52.2303459],[-10.1796464,52.2303675],[-10.1797332,52.2303222],[-10.1797373,52.2303858],[-10.1797869,52.2304142],[-10.1799633,52.2303823],[-10.1803123,52.2302677],[-10.1803173,52.2304493],[-10.1804677,52.2304963],[-10.1807536,52.2304129],[-10.1808874,52.2304038],[-10.1809671,52.2305391],[-10.1810861,52.2305069],[-10.1811995,52.2303442],[-10.1815456,52.2303552],[-10.1825452,52.2308157],[-10.1827795,52.2310278],[-10.1828358,52.2312426],[-10.1827388,52.2314364],[-10.1824919,52.2318323],[-10.1822038,52.2322384],[-10.1819383,52.2325115],[-10.1815769,52.2329531],[-10.18139,52.2332636],[-10.1814038,52.2335483],[-10.1813404,52.2336548],[-10.1811842,52.2337061],[-10.181089,52.2338071],[-10.1810018,52.2340322],[-10.1808766,52.234248],[-10.180835,52.2345029],[-10.1809045,52.2349143],[-10.1809466,52.2352051],[-10.1806827,52.2355638],[-10.1807363,52.235712],[-10.1811284,52.2358783],[-10.180454,52.2363237],[-10.1802738,52.2367609],[-10.1800173,52.237143],[-10.1792756,52.2376439],[-10.1777247,52.238813],[-10.1770604,52.2391654],[-10.1765878,52.2392403],[-10.1752145,52.2398766],[-10.174905,52.2400957],[-10.1739287,52.2405467],[-10.173117,52.2409531],[-10.1725285,52.2411935],[-10.1722979,52.2414323],[-10.1718285,52.2417792],[-10.1711472,52.2420075],[-10.170511,52.2423928],[-10.1697079,52.2427581],[-10.1692756,52.2427324],[-10.1686828,52.2429233],[-10.1680611,52.2432353],[-10.167648,52.2434288],[-10.1672344,52.2435937],[-10.1667693,52.2437536],[-10.1660569,52.2441136],[-10.165587,52.2442378],[-10.1653866,52.244297],[-10.1652356,52.2443528],[-10.1649041,52.2444756],[-10.1645474,52.2446218],[-10.1642673,52.2447223],[-10.164012,52.2448556],[-10.1638039,52.2449213],[-10.1634192,52.2450274],[-10.1630845,52.2451926],[-10.1628527,52.2454124],[-10.162673,52.2456055],[-10.1622471,52.2457628],[-10.1615766,52.2460259],[-10.16137,52.2462141],[-10.1612086,52.2465324],[-10.1606303,52.2466867],[-10.1602478,52.2469187],[-10.1599924,52.2471955],[-10.1600928,52.2474963],[-10.1600005,52.2476711],[-10.1600053,52.2479555],[-10.1601271,52.2483555],[-10.1606249,52.2493313],[-10.1608057,52.2496735],[-10.1600118,52.2499783],[-10.1600069,52.2502256],[-10.1604248,52.2505014],[-10.16017,52.2509806],[-10.1599361,52.2513494],[-10.1596228,52.2517747],[-10.1592811,52.2522299],[-10.15886,52.2523757],[-10.1585736,52.2525888],[-10.1580108,52.2529753],[-10.1576369,52.2534213],[-10.1563886,52.2539257],[-10.1561032,52.2542544],[-10.1553367,52.2545775],[-10.155172,52.2548734],[-10.1553538,52.255037],[-10.1554187,52.2552806],[-10.1551865,52.2555397],[-10.1547745,52.2556793],[-10.1544971,52.2559919],[-10.1540208,52.256361],[-10.1535626,52.2566578],[-10.1532188,52.2569566],[-10.1528519,52.2572972],[-10.152493,52.2575792],[-10.1520552,52.2579716],[-10.1518804,52.2581233],[-10.1511792,52.258428],[-10.1508263,52.2587245],[-10.1504395,52.258978],[-10.1500076,52.259153],[-10.149645,52.2593205],[-10.1493226,52.259462],[-10.148923,52.2596075],[-10.1486338,52.2597615],[-10.1482261,52.2599975],[-10.147842,52.2602658],[-10.1475298,52.2604638],[-10.1472085,52.2606417],[-10.1470057,52.2608473],[-10.1463919,52.2613248],[-10.1459947,52.2616957],[-10.1459233,52.2620043],[-10.1463964,52.2622156],[-10.146823,52.2623655],[-10.14729,52.2624],[-10.14813,52.26226],[-10.1488457,52.2623277],[-10.1495769,52.2623668],[-10.150704,52.2621347],[-10.151387,52.2623534],[-10.1515703,52.2624121],[-10.1513675,52.2626045],[-10.1517795,52.2628994],[-10.1524764,52.2631502],[-10.1538271,52.2630179],[-10.1540634,52.2630389],[-10.1543963,52.2630684],[-10.1544092,52.2632553],[-10.154794,52.2633271],[-10.1549011,52.2631574],[-10.1555539,52.2633301],[-10.1568006,52.2636423],[-10.1586014,52.2640728],[-10.15978,52.2646729],[-10.1602306,52.2647436],[-10.1606158,52.2648525],[-10.1608409,52.2648808],[-10.1612765,52.2647789],[-10.1617122,52.2647983],[-10.161801,52.2651032],[-10.1616632,52.2654081],[-10.1618407,52.2659832],[-10.1621079,52.2661868],[-10.161517,52.2668009],[-10.161264,52.2672305],[-10.1609641,52.2675566],[-10.1604865,52.2679306],[-10.1601561,52.2679933],[-10.1600253,52.2678529],[-10.159902,52.2678783],[-10.1598991,52.2679746],[-10.1599747,52.268081],[-10.1591813,52.2686532],[-10.1589335,52.2684647],[-10.1589416,52.2682934],[-10.158764,52.2682868],[-10.1587436,52.2685403],[-10.1590478,52.2687238],[-10.1589255,52.26887],[-10.1588107,52.2696623],[-10.1589678,52.2696689],[-10.1591433,52.2699223],[-10.1595801,52.2700712],[-10.1589149,52.2709674],[-10.1587325,52.2712563],[-10.1584858,52.2713843],[-10.1583785,52.2715123],[-10.1579478,52.2718636],[-10.157582,52.2726197],[-10.1569699,52.2733513],[-10.1567584,52.2736041],[-10.156304,52.2742386],[-10.1557303,52.2749276],[-10.1553495,52.2754905],[-10.1552542,52.2760869],[-10.1552866,52.2767749],[-10.1550286,52.277144],[-10.1554446,52.2772723],[-10.1559007,52.2772716],[-10.1568782,52.2769331],[-10.1582722,52.2775452],[-10.1589594,52.277847],[-10.158863,52.2780068],[-10.1591122,52.278052],[-10.1585952,52.278341],[-10.15858,52.2785526],[-10.1594841,52.2783322],[-10.1597375,52.279049],[-10.1591327,52.2804047],[-10.1585378,52.2811431],[-10.1581285,52.2819086],[-10.1578528,52.282547],[-10.1572466,52.2829244],[-10.1573056,52.2829687],[-10.1575229,52.2828654],[-10.1577508,52.2826964],[-10.1579413,52.2825569],[-10.1580942,52.2825454],[-10.1583624,52.2824978],[-10.158416,52.2826028],[-10.1582953,52.2826849],[-10.1580432,52.2828243],[-10.1576933,52.2830727],[-10.1572654,52.2835791],[-10.1571152,52.2837022],[-10.1569891,52.2838811],[-10.1568979,52.2840107],[-10.1569328,52.284073],[-10.1570313,52.2840298],[-10.1571608,52.2840008],[-10.1573351,52.283904],[-10.1574799,52.2838515],[-10.1572332,52.2841108],[-10.1571071,52.2841764],[-10.156922,52.2842191],[-10.1566485,52.2845883],[-10.1564254,52.2850854],[-10.1564452,52.2859436],[-10.1564822,52.2859813],[-10.1565895,52.2859731],[-10.1567048,52.2860239],[-10.1567316,52.2860929],[-10.156635,52.2861995],[-10.1564875,52.2862733],[-10.1564459,52.2863483],[-10.1564533,52.2863505],[-10.1565311,52.2863394],[-10.1565995,52.2863234],[-10.1566873,52.2863201],[-10.1567752,52.2862992],[-10.1568134,52.2862984],[-10.1568215,52.2863365],[-10.1567832,52.2863677],[-10.1566981,52.2864054],[-10.1566176,52.2864468],[-10.1566046,52.2864575],[-10.1565291,52.2865354],[-10.156448,52.2865859],[-10.156393,52.2866306],[-10.1564077,52.2866446],[-10.1564419,52.2866577],[-10.1565056,52.2866532],[-10.1565646,52.286654],[-10.1565814,52.2866647],[-10.1565593,52.2866889],[-10.1565164,52.2867204],[-10.1564647,52.2867487],[-10.1565251,52.2867762],[-10.1566027,52.2867406],[-10.1567034,52.2867459],[-10.1567638,52.2867795],[-10.1567678,52.2868246],[-10.1567584,52.2868829],[-10.1566941,52.2869321],[-10.1566538,52.2870182],[-10.1566109,52.2871044],[-10.1565827,52.2871618],[-10.1566927,52.2872332],[-10.1568496,52.2872438],[-10.1569837,52.2872832],[-10.1571317,52.2873294],[-10.1571997,52.2874251],[-10.1571111,52.2875342],[-10.1570159,52.2876187],[-10.1568349,52.2876803],[-10.1568545,52.2877967],[-10.1568925,52.2878279],[-10.1570548,52.2877992],[-10.1572399,52.2877902],[-10.1572855,52.2878419],[-10.1574303,52.2878525],[-10.1575564,52.2878714],[-10.1577951,52.2878771],[-10.1579399,52.2878648],[-10.158121,52.2878837],[-10.1583262,52.2879313],[-10.1583257,52.2879986],[-10.1584616,52.2880929],[-10.1585448,52.2881175],[-10.1587044,52.2881077],[-10.1589293,52.288081],[-10.1593011,52.2880554],[-10.1594831,52.2881363],[-10.1595573,52.2881536],[-10.1595493,52.288211],[-10.1595933,52.2882516],[-10.1597102,52.2882488],[-10.1598403,52.2882479],[-10.1598081,52.288299],[-10.1598604,52.2883431],[-10.1599516,52.2883127],[-10.1600978,52.2883119],[-10.1601233,52.2883488],[-10.160368,52.2883858],[-10.1608398,52.2883887],[-10.16134,52.28853],[-10.16176,52.28852],[-10.1625808,52.2887069],[-10.1633133,52.2888421],[-10.1639345,52.289252],[-10.1649986,52.289452],[-10.1671789,52.2887074],[-10.1688199,52.2889015],[-10.1697411,52.2894881],[-10.170285,52.289704],[-10.1707067,52.2901437],[-10.170962,52.2904659],[-10.171462,52.2905506],[-10.1720574,52.2907265],[-10.1727065,52.290697],[-10.1738361,52.2900486],[-10.1741312,52.2902947],[-10.1742706,52.2905047],[-10.1753395,52.2908864],[-10.1758637,52.2908347],[-10.1770065,52.2905145],[-10.1772318,52.2908393],[-10.1766354,52.2910849],[-10.1761144,52.2914325],[-10.1758746,52.2915612],[-10.1762823,52.291571],[-10.1764377,52.2916344],[-10.1769887,52.2914387],[-10.1787043,52.2910132],[-10.1796351,52.2906228],[-10.1796925,52.2902849],[-10.1786403,52.2904317],[-10.1784533,52.2902113],[-10.1788625,52.2901284],[-10.1791607,52.2900541],[-10.1796611,52.2899486],[-10.1800629,52.2898028],[-10.180393,52.2897411],[-10.1807501,52.2895348],[-10.1813059,52.2894535],[-10.1820902,52.2890957],[-10.1834027,52.2887642],[-10.1839266,52.2884653],[-10.1844291,52.2882671],[-10.1845355,52.2885129],[-10.1848395,52.2883939],[-10.1860028,52.2880859],[-10.18723,52.28776],[-10.18764,52.2875],[-10.18847,52.28723],[-10.1888975,52.2871706],[-10.1894208,52.2870174],[-10.1904884,52.2867477],[-10.19095,52.28644],[-10.1921499,52.2861239],[-10.19262,52.28617],[-10.1933712,52.2858368],[-10.1938644,52.2855433],[-10.1946055,52.2853467],[-10.1954267,52.2854168],[-10.1963807,52.2858095],[-10.197138,52.2855882],[-10.197682,52.2857333],[-10.1988707,52.2853243],[-10.1993407,52.2847892],[-10.19968,52.28481],[-10.2000537,52.284819],[-10.20051,52.28455],[-10.2009407,52.2845427],[-10.2018877,52.2842601],[-10.2027452,52.2838218],[-10.2029262,52.2835311],[-10.2034789,52.2833836],[-10.204357,52.2828751],[-10.2045448,52.2826811],[-10.2053936,52.2826893],[-10.2056421,52.2826778],[-10.20589,52.2827],[-10.2061767,52.2829467],[-10.2062293,52.2825279],[-10.20672,52.28244],[-10.2070436,52.2822368],[-10.2076658,52.2818765],[-10.2078886,52.281967],[-10.2081139,52.2820551],[-10.2086646,52.2818489],[-10.2089675,52.2816006],[-10.2092979,52.2815841],[-10.2097795,52.2813659],[-10.2096453,52.2811828],[-10.2090068,52.2812555],[-10.2087955,52.2811568],[-10.2088161,52.2809217],[-10.2089041,52.2807038],[-10.208843,52.2804543],[-10.2089196,52.2797881],[-10.2090952,52.2794058],[-10.2090056,52.2788519],[-10.209249,52.2785373],[-10.2097678,52.2783827],[-10.2101031,52.2779557],[-10.2096647,52.2773002],[-10.2090874,52.2766944],[-10.2087856,52.2766868],[-10.2082989,52.2760697],[-10.2081722,52.2755481],[-10.2081752,52.2751967],[-10.2080741,52.2748195],[-10.2081094,52.2742995],[-10.2083462,52.2739084],[-10.20857,52.27345],[-10.2087654,52.2731047],[-10.2090685,52.2729421],[-10.2093685,52.2728053],[-10.2098,52.27267],[-10.21021,52.2725904],[-10.2124954,52.2723957],[-10.2137048,52.2724067],[-10.2145678,52.2721224],[-10.2148098,52.2720623],[-10.2150357,52.2720383],[-10.2152926,52.2720144],[-10.21563,52.272039],[-10.2160479,52.27223],[-10.2164019,52.2725717],[-10.2168862,52.272833],[-10.2175714,52.2733541],[-10.2176646,52.2731902],[-10.2181968,52.2735935],[-10.2183502,52.2740033],[-10.2180971,52.2741941],[-10.2184844,52.2742496],[-10.2187254,52.2744145],[-10.2190285,52.2747842],[-10.2195658,52.2752824],[-10.219864,52.2755866],[-10.2201314,52.2758714],[-10.2205351,52.2760816],[-10.2213282,52.275859],[-10.2222251,52.2762135],[-10.2249119,52.2768414],[-10.2257852,52.2765541],[-10.2259128,52.2765509],[-10.2269351,52.2765255],[-10.2274784,52.2765976],[-10.2271829,52.2768812],[-10.2273627,52.2771026],[-10.2279467,52.2773677],[-10.2287667,52.277229],[-10.2296296,52.2768803],[-10.2312692,52.2763357],[-10.23286,52.27602],[-10.234641,52.2754577],[-10.236702,52.2753181],[-10.2378944,52.2752374],[-10.2389341,52.275075],[-10.2395347,52.2753803],[-10.2411238,52.2751557],[-10.2417314,52.2747001],[-10.24203,52.27515],[-10.2423449,52.275089],[-10.242905,52.2750688],[-10.2432211,52.2752475],[-10.2428986,52.2755633],[-10.2429665,52.27572],[-10.2439559,52.2752074],[-10.24452,52.27461],[-10.2451613,52.2743407],[-10.24577,52.27434],[-10.2460973,52.2740955],[-10.246193,52.2740928],[-10.24701,52.27407],[-10.2477015,52.2741763],[-10.2483929,52.2739642],[-10.2486357,52.2737521],[-10.247318,52.2734968],[-10.2475779,52.2733542],[-10.2484112,52.2733377],[-10.2491957,52.2734703],[-10.2501775,52.2736886],[-10.25033,52.27327],[-10.2505042,52.2729553],[-10.2508745,52.2725591],[-10.2512448,52.272949],[-10.252202,52.2731871],[-10.252884,52.2730624],[-10.2529403,52.2728408],[-10.2525132,52.2727151],[-10.2528932,52.2724731],[-10.2537972,52.2723604],[-10.2537743,52.272586],[-10.25407,52.27246],[-10.2542165,52.2720865],[-10.2546883,52.2724196],[-10.2549,52.2722],[-10.25531,52.27206],[-10.2561705,52.2717753],[-10.2570005,52.271399],[-10.2573239,52.2712348],[-10.25737,52.27089],[-10.2576238,52.2704217],[-10.2579101,52.2703713],[-10.2584424,52.2710583],[-10.2594952,52.2707999],[-10.2583551,52.2704251],[-10.2584761,52.2702576],[-10.25902,52.2701],[-10.25943,52.26984],[-10.25984,52.26971],[-10.2598918,52.2694338],[-10.2610839,52.2701878],[-10.2611567,52.2702567],[-10.2612922,52.2702132],[-10.2614075,52.270164],[-10.2614611,52.2701603],[-10.2615108,52.2701299],[-10.2614692,52.2701114],[-10.2614196,52.2701188],[-10.2613954,52.2700991],[-10.2613324,52.2701123],[-10.2613123,52.2701016],[-10.2615698,52.2699695],[-10.2616704,52.2698431],[-10.2616462,52.2698078],[-10.2615987,52.2698234],[-10.2615497,52.2697996],[-10.2615778,52.2697692],[-10.2619961,52.2696356],[-10.2620941,52.2695534],[-10.2619359,52.2694327],[-10.2616771,52.2693416],[-10.2612815,52.2692888],[-10.2617137,52.2691152],[-10.2619922,52.2690544],[-10.2620874,52.2690109],[-10.2619493,52.2690068],[-10.2617696,52.2690405],[-10.2614169,52.269056],[-10.261068,52.2690134],[-10.2614851,52.268853],[-10.261089,52.2687325],[-10.26106,52.26854],[-10.2615594,52.2687085],[-10.2623741,52.2684756],[-10.2626034,52.2681232],[-10.2629107,52.2680822],[-10.2629018,52.2676686],[-10.2632831,52.2675336],[-10.2628696,52.267347],[-10.2622772,52.2671903],[-10.2634899,52.2670833],[-10.2635643,52.2667873],[-10.2633391,52.2664038],[-10.2627806,52.2660353],[-10.26329,52.26583],[-10.2640241,52.2654172],[-10.2647023,52.2651081],[-10.2652992,52.2647593],[-10.2657215,52.2644486],[-10.26594,52.26388],[-10.26635,52.26375],[-10.266393,52.2636404],[-10.2666317,52.2634782],[-10.2670037,52.2633047],[-10.267262,52.2630677],[-10.2673808,52.2629134],[-10.2675927,52.2627],[-10.2678709,52.2623749],[-10.2679275,52.2622213],[-10.2677183,52.2622009],[-10.2678974,52.2620202],[-10.2675565,52.2616508],[-10.2673816,52.2617066],[-10.2674356,52.261549],[-10.2669,52.26092],[-10.2670756,52.2607613],[-10.267067,52.2604697],[-10.2673784,52.2602943],[-10.2678921,52.2601634],[-10.2679465,52.2602327],[-10.2679677,52.2603511],[-10.2680855,52.2604427],[-10.2682485,52.2604445],[-10.2686533,52.2603025],[-10.2688978,52.2601593],[-10.2690586,52.2599863],[-10.2693179,52.2599221],[-10.2694939,52.2597845],[-10.2694963,52.2596111],[-10.269823,52.259467],[-10.2703309,52.2592667],[-10.27082,52.25921],[-10.2717033,52.2591533],[-10.272992,52.2592222],[-10.2740471,52.25875],[-10.2746903,52.258575],[-10.2751495,52.2583628],[-10.275532,52.2583829],[-10.2756999,52.2585484],[-10.276456,52.258605],[-10.276908,52.2585996],[-10.2773784,52.2583829],[-10.278153,52.2579202],[-10.2789502,52.2576877],[-10.2793434,52.2575472],[-10.2797195,52.2575671],[-10.2808,52.25782],[-10.2813175,52.2577734],[-10.2817032,52.2577179],[-10.2820379,52.2579005],[-10.2823732,52.257977],[-10.2825953,52.2580358],[-10.2826929,52.2581724],[-10.2827514,52.2584617],[-10.2829955,52.2586291],[-10.2832573,52.2586305],[-10.2839734,52.2586888],[-10.2841309,52.2589099],[-10.2850112,52.2590102],[-10.28544,52.25931],[-10.2856405,52.2596163],[-10.2864421,52.2593223],[-10.2869381,52.2595669],[-10.28793,52.25903],[-10.2873377,52.2585611],[-10.2885097,52.2583979],[-10.2887952,52.2586551],[-10.2892389,52.2587187],[-10.2895175,52.2584472],[-10.2898166,52.2584472],[-10.2902189,52.258523],[-10.2903634,52.2584156],[-10.2908482,52.2583651],[-10.2915187,52.2584535],[-10.2921067,52.2583525],[-10.2929527,52.2581252],[-10.2937917,52.2577615],[-10.294108,52.2577526],[-10.2944741,52.2575313],[-10.2948405,52.2574495],[-10.2950277,52.257242],[-10.2944902,52.2571153],[-10.2942585,52.2569334],[-10.2950571,52.2568496],[-10.2949199,52.2564756],[-10.2949435,52.2562041],[-10.2953047,52.2566223],[-10.2956038,52.2561866],[-10.2959546,52.2559087],[-10.2965013,52.2555299],[-10.2961253,52.2555214],[-10.2957197,52.2556258],[-10.2957675,52.2554684],[-10.2954735,52.2554248],[-10.2950653,52.2555384],[-10.2948292,52.2554603],[-10.2953437,52.2552876],[-10.2956248,52.2549135],[-10.2952015,52.255031],[-10.2951706,52.2547594],[-10.2955832,52.25469],[-10.2957299,52.2545858],[-10.2957998,52.2544248],[-10.2956221,52.2543372],[-10.2952634,52.2543237],[-10.295315,52.2540964],[-10.295903,52.2538817],[-10.2959981,52.2537405],[-10.2956575,52.2536535],[-10.2951809,52.2537301],[-10.2948974,52.2535757],[-10.2945063,52.2535911],[-10.2944344,52.2535264],[-10.2947064,52.2533954],[-10.2944258,52.2533603],[-10.2942215,52.253086],[-10.2942215,52.2527765],[-10.2944253,52.2525714],[-10.2947847,52.2523363],[-10.2947788,52.2522352],[-10.2942421,52.252366],[-10.2940305,52.2521458],[-10.2944278,52.2520061],[-10.2951912,52.2517977],[-10.2950468,52.2515577],[-10.2943556,52.2516903],[-10.2939842,52.2515324],[-10.2945207,52.2510714],[-10.2951603,52.2508125],[-10.2961712,52.2505156],[-10.2966457,52.2502504],[-10.2963363,52.250162],[-10.2957379,52.2504588],[-10.2951499,52.2505283],[-10.2953872,52.2502251],[-10.2960784,52.2499978],[-10.2962228,52.2494925],[-10.2960062,52.2493409],[-10.2956142,52.2492778],[-10.2956967,52.2491073],[-10.2962744,52.249082],[-10.2968108,52.2492146],[-10.2971512,52.2491199],[-10.297275,52.2487599],[-10.2977186,52.2483241],[-10.2981312,52.2480146],[-10.2984098,52.2477367],[-10.2984098,52.2474588],[-10.2991835,52.2472567],[-10.2995651,52.2470483],[-10.2998024,52.2465935],[-10.3003801,52.2460061],[-10.3006896,52.2456145],[-10.3014913,52.2454293],[-10.3017685,52.2450228],[-10.3019946,52.2448397],[-10.30229,52.2447482],[-10.3020785,52.244967],[-10.3020311,52.2453109],[-10.3020894,52.2454717],[-10.3025964,52.2453176],[-10.3026693,52.2451769],[-10.3029283,52.2451256],[-10.3032456,52.2450586],[-10.303552,52.2448777],[-10.3037088,52.2446678],[-10.3040845,52.2443172],[-10.3042304,52.2439978],[-10.3042522,52.2436048],[-10.3040954,52.2434261],[-10.3042121,52.2431581],[-10.3044054,52.2429102],[-10.3045732,52.2426467],[-10.3048249,52.2423542],[-10.3049489,52.2421666],[-10.3049853,52.2420437],[-10.3051896,52.2418807],[-10.3054485,52.2417623],[-10.3053318,52.2416775],[-10.3051495,52.2416953],[-10.3053355,52.2415323],[-10.3054558,52.2413559],[-10.3053573,52.2412755],[-10.3049926,52.2411437],[-10.3050583,52.2410477],[-10.3053646,52.2410231],[-10.3055361,52.2409561],[-10.3055908,52.2407774],[-10.3056747,52.2405854],[-10.3057257,52.2404179],[-10.3058607,52.240333],[-10.30593,52.2402035],[-10.3056637,52.2399667],[-10.3055616,52.2398148],[-10.305806,52.239759],[-10.3059227,52.2396116],[-10.3059081,52.2394932],[-10.3060138,52.2393458],[-10.3061451,52.2394508],[-10.3061379,52.2395759],[-10.3061889,52.2396942],[-10.306302,52.2398126],[-10.3062619,52.2399399],[-10.3063421,52.2400337],[-10.3065099,52.2400159],[-10.3066339,52.2399823],[-10.3065682,52.2401298],[-10.3066594,52.2404],[-10.3067251,52.2405764],[-10.3068928,52.240697],[-10.3071044,52.2407395],[-10.3072904,52.240668],[-10.3072065,52.2407417],[-10.3073086,52.2407975],[-10.307553,52.2406278],[-10.3077499,52.2404603],[-10.3078739,52.2401945],[-10.3079906,52.2401655],[-10.3078265,52.2404648],[-10.307739,52.2407171],[-10.3078976,52.2408511],[-10.3078484,52.2409192],[-10.3078958,52.2410365],[-10.3080107,52.2410745],[-10.3083827,52.24084],[-10.3086344,52.2407082],[-10.308835,52.2406993],[-10.3088714,52.2407707],[-10.30901,52.2408668],[-10.3093128,52.2408266],[-10.3094404,52.2407953],[-10.3093711,52.2409204],[-10.3094185,52.2411035],[-10.3097358,52.2412509],[-10.3100057,52.2413581],[-10.3102574,52.2412933],[-10.3104215,52.2410968],[-10.3105565,52.2409382],[-10.3107023,52.2408578],[-10.3108628,52.240869],[-10.3108738,52.2409896],[-10.3110452,52.2410231],[-10.3113078,52.240735],[-10.3115521,52.2405586],[-10.3117856,52.2403464],[-10.311512,52.2403419],[-10.3114208,52.2402258],[-10.311636,52.2400538],[-10.3117272,52.2399243],[-10.3115704,52.2397121],[-10.3113625,52.2396094],[-10.3115813,52.2393927],[-10.3114391,52.2392275],[-10.3113187,52.23885],[-10.3111984,52.2386512],[-10.3110634,52.2383475],[-10.310954,52.2381844],[-10.3108956,52.2380236],[-10.3107571,52.2380147],[-10.3105674,52.237941],[-10.3104215,52.2379142],[-10.3104689,52.2378762],[-10.3105163,52.2378025],[-10.31021,52.2377087],[-10.3094732,52.2377913],[-10.3094404,52.237702],[-10.3096556,52.2376752],[-10.3096314,52.2376242],[-10.3095571,52.2374675],[-10.310075,52.2373402],[-10.3105783,52.2372754],[-10.3106914,52.2371883],[-10.3107571,52.2370297],[-10.3108993,52.2374407],[-10.3111364,52.2374451],[-10.3114136,52.2374183],[-10.3116543,52.2376171],[-10.3118184,52.2378874],[-10.3119789,52.2381398],[-10.3120591,52.2384301],[-10.3122086,52.2386892],[-10.3123691,52.2388009],[-10.3124348,52.2389773],[-10.3126791,52.2391605],[-10.3128104,52.239395],[-10.3129417,52.2395133],[-10.3131022,52.2395625],[-10.3131788,52.2397434],[-10.313135,52.2398282],[-10.3132919,52.2398394],[-10.3134669,52.2397344],[-10.3136456,52.239596],[-10.3138718,52.2395848],[-10.3137186,52.2397277],[-10.3135143,52.2399042],[-10.3134523,52.2401052],[-10.3134669,52.2402392],[-10.3137149,52.2402839],[-10.3137332,52.2403888],[-10.3142766,52.2401722],[-10.3151155,52.2397925],[-10.3153197,52.2398238],[-10.3153197,52.2399935],[-10.3154875,52.2400248],[-10.3156115,52.2400605],[-10.315203,52.2402883],[-10.3152176,52.2404045],[-10.3157574,52.2402749],[-10.3155386,52.2404134],[-10.3149185,52.2407931],[-10.3146268,52.2410119],[-10.3145465,52.2413335],[-10.3149477,52.2412219],[-10.3150134,52.2410432],[-10.315079,52.2408958],[-10.3153927,52.2409047],[-10.3159252,52.2406814],[-10.3159106,52.2404983],[-10.3165379,52.2401365],[-10.3170923,52.2397389],[-10.3175008,52.2394843],[-10.317333,52.2394977],[-10.3173184,52.2394128],[-10.3176539,52.239194],[-10.317705,52.2388991],[-10.317953,52.2390153],[-10.3179822,52.2392252],[-10.3182813,52.2393324],[-10.3187481,52.2391895],[-10.318894,52.2389527],[-10.3191639,52.238582],[-10.3196599,52.2382514],[-10.3200976,52.2380862],[-10.3203966,52.2380772],[-10.3211917,52.2379075],[-10.3216951,52.2378985],[-10.3223005,52.2377779],[-10.3227746,52.2374518],[-10.3228913,52.2371257],[-10.3229789,52.2368667],[-10.3231612,52.2368622],[-10.3231321,52.2371168],[-10.3231977,52.2372285],[-10.3237302,52.2371481],[-10.3241095,52.2370096],[-10.324766,52.2367684],[-10.3256632,52.2364691],[-10.326203,52.2363261],[-10.326648,52.2363217],[-10.3266917,52.2363663],[-10.3269033,52.2362011],[-10.3268522,52.2361117],[-10.3271221,52.2358571],[-10.3275817,52.2358035],[-10.3278151,52.2357365],[-10.3281579,52.2358526],[-10.3280704,52.2360358],[-10.3278443,52.2362949],[-10.328012,52.2364289],[-10.3276546,52.2365986],[-10.3275671,52.2367326],[-10.3277494,52.2368622],[-10.3280704,52.236746],[-10.328333,52.2366031],[-10.328581,52.2366076],[-10.3288509,52.2365763],[-10.32915,52.2364467],[-10.3292375,52.2362993],[-10.3292375,52.2359956],[-10.3292156,52.2357722],[-10.3294418,52.235531],[-10.3294709,52.2353523],[-10.3297846,52.2354818],[-10.330018,52.2356203],[-10.3303608,52.2354863],[-10.3303536,52.2356471],[-10.3309006,52.2356873],[-10.3311268,52.2354595],[-10.3309882,52.2354059],[-10.3313091,52.2352183],[-10.3312727,52.2349056],[-10.3313675,52.2345169],[-10.3316811,52.2342935],[-10.3322355,52.2343248],[-10.3321699,52.2346018],[-10.3322063,52.2350396],[-10.3323814,52.2354818],[-10.3326805,52.2357588],[-10.3327534,52.2357677],[-10.3333953,52.2355533],[-10.3336725,52.2355578],[-10.3337382,52.2356605],[-10.3331984,52.2359018],[-10.3331546,52.2362011],[-10.3336215,52.2360804],[-10.3341321,52.2358615],[-10.3338622,52.2360715],[-10.3340227,52.2361385],[-10.3343801,52.2359196],[-10.3347667,52.2356471],[-10.3348323,52.2355176],[-10.3353211,52.2354684],[-10.3359849,52.2354729],[-10.3366632,52.235598],[-10.3370644,52.235522],[-10.3375605,52.2353344],[-10.3378012,52.2355667],[-10.3375896,52.2357677],[-10.3375313,52.2359866],[-10.3376334,52.2363931],[-10.3375459,52.2368979],[-10.337575,52.2372553],[-10.3377355,52.2375099],[-10.3385233,52.2377199],[-10.3393987,52.2380683],[-10.3390777,52.2382246],[-10.3390996,52.2383944],[-10.3393038,52.2384837],[-10.3397123,52.2381934],[-10.3397488,52.2383452],[-10.3400624,52.2386133],[-10.3405876,52.238381],[-10.3406314,52.2380906],[-10.3403907,52.2379834],[-10.3410545,52.2377735],[-10.3416016,52.2374831],[-10.3418496,52.237233],[-10.3419663,52.2376529],[-10.3422581,52.2381174],[-10.3427541,52.2380192],[-10.3433231,52.2375099],[-10.3432647,52.2373044],[-10.3433085,52.2370632],[-10.3430605,52.2369113],[-10.3428416,52.2367952],[-10.3429729,52.2366165],[-10.343717,52.2362859],[-10.3439942,52.2360626],[-10.3442422,52.2360447],[-10.3444464,52.2356963],[-10.3443151,52.235589],[-10.3445923,52.2354818],[-10.3445193,52.2352049],[-10.3458907,52.2346599],[-10.344957,52.2345437],[-10.3447528,52.2340344],[-10.3451467,52.2338915],[-10.3453217,52.2336681],[-10.345526,52.2334894],[-10.3453947,52.2330784],[-10.3454514,52.2330578],[-10.3457886,52.2329354],[-10.3461241,52.2326942],[-10.3462262,52.23231],[-10.34662,52.23211],[-10.3481052,52.2321827],[-10.3489851,52.233038],[-10.3486143,52.2335455],[-10.3490657,52.2341245],[-10.34983,52.23451],[-10.3510715,52.2347131],[-10.3516539,52.2347422],[-10.352103,52.2341767],[-10.3527238,52.2339724],[-10.35272,52.23345],[-10.3528174,52.2331451],[-10.3535652,52.2329893],[-10.3540144,52.2330246],[-10.3546627,52.2333323],[-10.3551073,52.2344717],[-10.3552784,52.2356166],[-10.35671,52.23661],[-10.3574222,52.2364008],[-10.35821,52.23607],[-10.3585906,52.2360309],[-10.3589392,52.2358187],[-10.359421,52.2356018],[-10.3598126,52.2352799],[-10.3602707,52.2349461],[-10.3607288,52.2347076],[-10.3611558,52.2347398],[-10.3615206,52.2345762],[-10.3616622,52.2344638],[-10.3620731,52.2340124],[-10.3625087,52.2337818],[-10.3630527,52.2337476],[-10.3635913,52.2334513],[-10.3637704,52.2329236],[-10.3643831,52.2327173],[-10.3649549,52.2324544],[-10.3641631,52.2321404],[-10.3644689,52.2319406],[-10.3648927,52.2317914],[-10.3652778,52.2312749],[-10.365751,52.2307893],[-10.3660857,52.2301506],[-10.3664237,52.2299193],[-10.3668754,52.2300625],[-10.3677369,52.229184],[-10.368107,52.2286858],[-10.3684729,52.2277967],[-10.368784,52.2270232],[-10.3690362,52.2263759],[-10.3690962,52.2258534],[-10.36916,52.22531],[-10.36957,52.22505],[-10.3706202,52.2248979],[-10.3716797,52.224982],[-10.3726228,52.2247552],[-10.3723632,52.2238746],[-10.3728041,52.2229189],[-10.3732826,52.2218917],[-10.3731794,52.22089],[-10.3742922,52.2201663],[-10.3737719,52.2199008],[-10.3732762,52.2196799],[-10.3735101,52.2190818],[-10.3728889,52.2187703],[-10.3729532,52.2182096],[-10.3733406,52.2178408],[-10.373498,52.2174591],[-10.3739803,52.2171881],[-10.3736463,52.2170461],[-10.3734119,52.2169406],[-10.3735648,52.2166146],[-10.3731796,52.2163239],[-10.3725072,52.2161117],[-10.3716489,52.2160953],[-10.3710883,52.2160715],[-10.3703794,52.2160634],[-10.3700138,52.2162629],[-10.3698526,52.2163724],[-10.3696837,52.2164471],[-10.3696048,52.2166294],[-10.3692722,52.2165991],[-10.3690209,52.216518],[-10.368692,52.2165669],[-10.3685096,52.2165847],[-10.368265,52.2165733],[-10.36806,52.21661],[-10.36722,52.21662],[-10.36639,52.21663],[-10.366086,52.2168392],[-10.3653889,52.2168496],[-10.36493,52.21679],[-10.3647379,52.2167973],[-10.3642624,52.2165106],[-10.363388,52.2165332],[-10.3626308,52.2165656],[-10.3617341,52.2164249],[-10.3608211,52.2165512],[-10.36054,52.2167],[-10.36013,52.21671],[-10.3593,52.21672],[-10.3586305,52.2168466],[-10.3583627,52.217142],[-10.3581496,52.217618],[-10.3580402,52.2178924],[-10.3578787,52.2180862],[-10.3576207,52.2181549],[-10.3571845,52.218193],[-10.3569585,52.2181894],[-10.3567237,52.2181856],[-10.3563142,52.2180954],[-10.3558536,52.2179286],[-10.3553381,52.217651],[-10.3548591,52.2173388],[-10.3545536,52.2170108],[-10.3544149,52.2167661],[-10.3543293,52.2165204],[-10.3539841,52.2162894],[-10.3543017,52.2161351],[-10.3548677,52.2160338],[-10.3552826,52.2158899],[-10.3555615,52.2158001],[-10.3556881,52.215701],[-10.3558796,52.2156598],[-10.356053,52.2156466],[-10.3562673,52.21554],[-10.3564413,52.2152945],[-10.3562208,52.2150098],[-10.3559104,52.2149894],[-10.3555635,52.2146393],[-10.3554296,52.2141633],[-10.3556186,52.2138915],[-10.355574,52.2135201],[-10.3556169,52.2128728],[-10.3558347,52.212835],[-10.3559165,52.2124025],[-10.357217,52.2120039],[-10.3566243,52.2119149],[-10.3561657,52.2117375],[-10.3563646,52.2115662],[-10.3573594,52.2110921],[-10.3589772,52.2104049],[-10.3602517,52.2096493],[-10.3607241,52.2093693],[-10.3624237,52.2085682],[-10.3613514,52.2085057],[-10.3611608,52.2081708],[-10.3613972,52.2075291],[-10.362035,52.2071756],[-10.36231,52.2069771],[-10.3628654,52.2068724],[-10.3632785,52.2067632],[-10.3640153,52.2065404],[-10.3647164,52.2061327],[-10.3653121,52.2058202],[-10.3661537,52.2053622],[-10.3672028,52.2051411],[-10.3678864,52.2049898],[-10.3687124,52.2047018],[-10.3692346,52.2045418],[-10.3695906,52.2042945],[-10.3696286,52.2040385],[-10.3694435,52.2040007],[-10.369339,52.2039512],[-10.3696808,52.203701],[-10.3701318,52.2036021],[-10.3707631,52.203413],[-10.3713375,52.2031133],[-10.3714372,52.2030113],[-10.3717838,52.2026566],[-10.3721825,52.2023744],[-10.3724958,52.2022609],[-10.3728091,52.202194],[-10.3727332,52.2021154],[-10.3721588,52.2021416],[-10.3721303,52.201999],[-10.3723107,52.2018303],[-10.3727616,52.2016761],[-10.3738345,52.2012048],[-10.3747649,52.2007596],[-10.3752159,52.200492],[-10.375776,52.2003465],[-10.3757998,52.2002185],[-10.3755719,52.2001894],[-10.3751162,52.2003203],[-10.3748029,52.2003727],[-10.375007,52.2001574],[-10.3754295,52.1999421],[-10.3754722,52.1998461],[-10.3752159,52.199849],[-10.375102,52.1997937],[-10.3752301,52.1996918],[-10.3757428,52.1994707],[-10.3757191,52.1993747],[-10.3754437,52.1994969],[-10.3753156,52.1994533],[-10.3753915,52.1992089],[-10.3756574,52.198883],[-10.3759469,52.1985775],[-10.3765071,52.1984175],[-10.3771622,52.1981032],[-10.3775942,52.1978035],[-10.3776844,52.1979636],[-10.3778268,52.1979257],[-10.3779739,52.1977075],[-10.3779549,52.1975096],[-10.3783015,52.1974398],[-10.3786717,52.197498],[-10.3789661,52.1974573],[-10.3791322,52.1973118],[-10.3794075,52.1970877],[-10.3796686,52.1969888],[-10.3796325,52.1968674],[-10.3787919,52.1969447],[-10.3782745,52.1969447],[-10.3779897,52.1968836],[-10.3777096,52.1967876],[-10.3778093,52.1965083],[-10.3781179,52.196226],[-10.3787112,52.1960165],[-10.3786021,52.195807],[-10.3786733,52.1955481],[-10.3784217,52.1954782],[-10.3786353,52.1952338],[-10.3788014,52.1949777],[-10.3790056,52.1947362],[-10.3794803,52.1945703],[-10.3795895,52.1943317],[-10.3798885,52.1941979],[-10.3798505,52.1940524],[-10.3794803,52.1940902],[-10.3791717,52.194032],[-10.3789154,52.1939564],[-10.378735,52.1938953],[-10.3788821,52.1937439],[-10.3789154,52.1934588],[-10.379091,52.1933424],[-10.3789818,52.1933045],[-10.3786828,52.1934413],[-10.3787777,52.1932347],[-10.3790151,52.1929961],[-10.3788869,52.1929146],[-10.3787207,52.1929321],[-10.3786733,52.1927429],[-10.3786923,52.1923384],[-10.3788442,52.1919281],[-10.379034,52.1916575],[-10.3792049,52.1914829],[-10.3792144,52.1910813],[-10.3792287,52.1908048],[-10.3790435,52.1905516],[-10.3780036,52.1905887],[-10.3775139,52.1904994],[-10.3771665,52.1904327],[-10.3769521,52.1903566],[-10.3765343,52.1904637],[-10.3764519,52.1904915],[-10.376353,52.1905226],[-10.3762972,52.1905304],[-10.3761805,52.1905195],[-10.3760663,52.1904884],[-10.3760156,52.1904744],[-10.3759685,52.1904455],[-10.3757312,52.1903948],[-10.375542,52.1903748],[-10.3754739,52.190342],[-10.3759527,52.1899869],[-10.3764751,52.1896027],[-10.3766333,52.1893301],[-10.3765304,52.1893161],[-10.3763832,52.1895669],[-10.3758292,52.1899625],[-10.3756128,52.1901378],[-10.37555,52.1901143],[-10.3752837,52.1903538],[-10.3751725,52.1904127],[-10.3750213,52.1903376],[-10.3748399,52.1901605],[-10.3747353,52.1899913],[-10.3745366,52.1898048],[-10.3745651,52.1897723],[-10.3745326,52.1893679],[-10.3745057,52.1892131],[-10.3743635,52.1890243],[-10.3741402,52.1886176],[-10.3737284,52.1882914],[-10.373679,52.188131],[-10.3733103,52.1881749],[-10.3723095,52.1877675],[-10.3722124,52.1873998],[-10.3720129,52.1873201],[-10.3718675,52.187371],[-10.3716139,52.187306],[-10.3716608,52.187117],[-10.3712662,52.1868234],[-10.3710034,52.187018],[-10.3705976,52.1868326],[-10.3704385,52.1867048],[-10.369525,52.1868021],[-10.3692228,52.186922],[-10.3689043,52.1868232],[-10.3684465,52.1867034],[-10.3679492,52.1866837],[-10.3676557,52.1867719],[-10.3672314,52.186769],[-10.3668476,52.1864305],[-10.3664578,52.1858833],[-10.3661148,52.1854708],[-10.3658808,52.1852096],[-10.3654375,52.1849157],[-10.3648729,52.1848104],[-10.3645917,52.1846944],[-10.3645525,52.1846719],[-10.3644241,52.1845983],[-10.3642997,52.1845452],[-10.3642486,52.1845077],[-10.3641882,52.1844593],[-10.3642078,52.184343],[-10.3643191,52.1836426],[-10.3644547,52.1833409],[-10.3647729,52.182796],[-10.3653439,52.1817622],[-10.3657919,52.1809344],[-10.3658614,52.1806138],[-10.3665216,52.1797587],[-10.3672882,52.1789407],[-10.3674447,52.1787993],[-10.3677082,52.1789129],[-10.3678229,52.1788412],[-10.3675241,52.1786713],[-10.3673777,52.1785211],[-10.3677951,52.1782141],[-10.3687416,52.1774139],[-10.3696568,52.1767451],[-10.3708627,52.1759773],[-10.3721185,52.1753214],[-10.3730924,52.1748978],[-10.3740895,52.1745789],[-10.3751369,52.1743307],[-10.3768455,52.1741052],[-10.3781756,52.1739825],[-10.3789318,52.1737859],[-10.3790717,52.1736879],[-10.3792007,52.1735394],[-10.3792148,52.1735154],[-10.3791284,52.1734331],[-10.379171,52.1733323],[-10.379436,52.1733207],[-10.3798265,52.1733161],[-10.3800636,52.1734075],[-10.3801897,52.1736584],[-10.380423,52.1739726],[-10.3810575,52.174516],[-10.3811685,52.1746408],[-10.3811574,52.1747528],[-10.3811796,52.174991],[-10.3809792,52.1752998],[-10.3809425,52.1756135],[-10.3809054,52.1758729],[-10.3805998,52.1760753],[-10.3804565,52.1763498],[-10.3804217,52.1766074],[-10.3804535,52.1768876],[-10.3805163,52.1772987],[-10.3807199,52.1775229],[-10.3810617,52.1777152],[-10.3814577,52.177664],[-10.3818648,52.1777749],[-10.3824229,52.1778999],[-10.3829261,52.1782418],[-10.3833016,52.1786565],[-10.3834607,52.1785472],[-10.3835871,52.1785747],[-10.383496,52.1786699],[-10.3833657,52.1788533],[-10.3833086,52.1789744],[-10.3833328,52.1791964],[-10.3834835,52.1791805],[-10.3836496,52.1792046],[-10.3836862,52.1792931],[-10.3835377,52.1793605],[-10.3836655,52.1795395],[-10.3838404,52.1795215],[-10.3840074,52.1794476],[-10.3838948,52.1788882],[-10.3838218,52.1787179],[-10.3837902,52.1786235],[-10.3838837,52.1786122],[-10.3839811,52.1786195],[-10.3840732,52.1786832],[-10.3842164,52.1788809],[-10.3844851,52.1789342],[-10.3845982,52.1790782],[-10.3848305,52.178798],[-10.3850538,52.1787782],[-10.3853781,52.1785849],[-10.3854702,52.1786155],[-10.3856539,52.1786343],[-10.3860441,52.1787398],[-10.3863747,52.1789106],[-10.3864305,52.1789394],[-10.3864647,52.1790701],[-10.386362,52.1791331],[-10.3862768,52.1792815],[-10.3860417,52.1796704],[-10.3858578,52.1797684],[-10.3861388,52.179782],[-10.3861481,52.1798825],[-10.3858968,52.1799121],[-10.3857967,52.1799764],[-10.3858152,52.1800329],[-10.3856998,52.1800796],[-10.3857164,52.1805691],[-10.3855789,52.181638],[-10.3860209,52.181859],[-10.3866088,52.181834],[-10.3872188,52.1820215],[-10.3883668,52.1808927],[-10.3887208,52.1805519],[-10.3887101,52.1801703],[-10.3889676,52.1798572],[-10.3893216,52.1795378],[-10.3891591,52.1790831],[-10.3893286,52.1789493],[-10.3893452,52.1787699],[-10.3892504,52.1787053],[-10.3890073,52.1787991],[-10.3889291,52.1787603],[-10.3891004,52.1786325],[-10.3891451,52.1784826],[-10.3899883,52.1783858],[-10.3907728,52.1783212],[-10.3919996,52.1783083],[-10.3925466,52.1783532],[-10.3930535,52.1784414],[-10.3939161,52.1786828],[-10.3937674,52.1789286],[-10.3938345,52.1793536],[-10.3942211,52.1795659],[-10.3944923,52.1796943],[-10.3949064,52.1797144],[-10.3951226,52.1796079],[-10.3953408,52.1795754],[-10.3956066,52.1795557],[-10.3956864,52.1797106],[-10.3959522,52.1797191],[-10.3963938,52.1797611],[-10.3965028,52.1796649],[-10.3964044,52.1795279],[-10.3966252,52.1794317],[-10.3967874,52.1797791],[-10.3970475,52.1798474],[-10.3975971,52.1798469],[-10.3981153,52.1797931],[-10.3985557,52.1794554],[-10.39877,52.1792741],[-10.3988578,52.1792175],[-10.3990818,52.1792445],[-10.3993453,52.179056],[-10.3996087,52.1789213],[-10.4000083,52.1789267],[-10.4007022,52.1789913],[-10.4015453,52.1790587],[-10.4023708,52.1791287],[-10.4027573,52.1791906],[-10.4030954,52.1792714],[-10.4035257,52.1793468],[-10.4042327,52.179371],[-10.404707,52.1793952],[-10.4050539,52.1794706],[-10.4052427,52.1795433],[-10.4052998,52.179608],[-10.4053569,52.1796645],[-10.4056028,52.1796887],[-10.4057302,52.1796591],[-10.4057433,52.1796187],[-10.4057565,52.1795783],[-10.4059453,52.1795649],[-10.4060507,52.1795649],[-10.4062527,52.179608],[-10.406604,52.1796618],[-10.4069597,52.1797884],[-10.4077238,52.1800065],[-10.4082595,52.180195],[-10.408422,52.1802623],[-10.4085362,52.1803781],[-10.4086899,52.1804454],[-10.4088081,52.1804825],[-10.4088699,52.1805019],[-10.40905,52.1805208],[-10.4092344,52.1805854],[-10.4095945,52.1807281],[-10.4103701,52.1810388],[-10.4112861,52.1814577],[-10.4123325,52.1820403],[-10.4129784,52.1824115],[-10.4132485,52.1826133],[-10.413618,52.1829065],[-10.4142391,52.1834606],[-10.4147514,52.1839994],[-10.4151023,52.1843915],[-10.4154407,52.1846409],[-10.4155991,52.1847133],[-10.4158195,52.1847761],[-10.4158941,52.1848142],[-10.4158723,52.1848903],[-10.4156022,52.1850674],[-10.4153662,52.1853149],[-10.4150526,52.1858289],[-10.4148042,52.1861716],[-10.4146776,52.1863252],[-10.4146489,52.18636],[-10.4144595,52.1865009],[-10.4140155,52.1867427],[-10.4137205,52.1868588],[-10.4133324,52.186895],[-10.4130902,52.186845],[-10.4129733,52.1867823],[-10.4128548,52.1867365],[-10.4125298,52.1866504],[-10.4122795,52.1866235],[-10.412079,52.1866502],[-10.4118306,52.1867606],[-10.4118476,52.186851],[-10.4118383,52.1869157],[-10.4114999,52.1870176],[-10.4115232,52.1870518],[-10.4119035,52.1869443],[-10.4119315,52.1870252],[-10.4118569,52.1870709],[-10.4116862,52.1870994],[-10.4114905,52.1871261],[-10.4113446,52.187246],[-10.4113105,52.1871813],[-10.4112452,52.1871775],[-10.4110403,52.1872308],[-10.4109223,52.1873126],[-10.4106304,52.1874345],[-10.4103847,52.187621],[-10.4102107,52.1878215],[-10.410223,52.1879851],[-10.4107225,52.1877361],[-10.4109161,52.1878209],[-10.411031,52.1877943],[-10.4110838,52.1878666],[-10.4109742,52.1879179],[-10.4106578,52.1879958],[-10.4106283,52.1881252],[-10.4105253,52.1881728],[-10.4104472,52.1881617],[-10.4102516,52.1883083],[-10.410323,52.1883844],[-10.4103997,52.1884735],[-10.4103933,52.1885314],[-10.4101397,52.1885754],[-10.4101785,52.1887262],[-10.4102821,52.1887853],[-10.4105839,52.1886718],[-10.4106071,52.1887394],[-10.4106894,52.1887347],[-10.410795,52.1886871],[-10.4108571,52.1886357],[-10.410972,52.1885786],[-10.4110124,52.188531],[-10.4111366,52.1884739],[-10.4111645,52.1885157],[-10.4112235,52.1884948],[-10.4113943,52.1884053],[-10.4115464,52.1883083],[-10.41168,52.188274],[-10.4118787,52.1882835],[-10.4119749,52.188314],[-10.4118973,52.1883825],[-10.411798,52.1884072],[-10.4116737,52.1885005],[-10.4116644,52.1885348],[-10.4118632,52.1885024],[-10.4119004,52.188531],[-10.4117327,52.1885748],[-10.4113757,52.1886585],[-10.4113415,52.1887099],[-10.4111862,52.1887861],[-10.4111614,52.1888508],[-10.4112918,52.1888127],[-10.411475,52.1887442],[-10.4117917,52.1886718],[-10.4120805,52.1886109],[-10.4122109,52.188609],[-10.4122265,52.1886338],[-10.4121085,52.1886604],[-10.4118383,52.1887404],[-10.4117234,52.1887994],[-10.4115806,52.1889441],[-10.4115402,52.1890278],[-10.4114222,52.1891268],[-10.4113136,52.1892296],[-10.411357,52.1892867],[-10.4115309,52.1891934],[-10.4117607,52.1891325],[-10.4119501,52.1889993],[-10.4120867,52.1889364],[-10.4122948,52.1888679],[-10.4123848,52.1889384],[-10.4124407,52.1889993],[-10.4121675,52.1891382],[-10.4120526,52.1892372],[-10.411829,52.1894257],[-10.4116924,52.1895113],[-10.4115495,52.189616],[-10.4116303,52.1896217],[-10.4117265,52.1896389],[-10.4116862,52.1896693],[-10.4115433,52.1897721],[-10.4114347,52.1898616],[-10.4114905,52.1898863],[-10.411621,52.1898711],[-10.4117234,52.1898445],[-10.4118476,52.1898026],[-10.4118464,52.1897496],[-10.4118893,52.1897003],[-10.4119656,52.189715],[-10.4119967,52.1897645],[-10.4121085,52.1897645],[-10.412297,52.1897118],[-10.4126135,52.1896427],[-10.4127503,52.1896049],[-10.4128308,52.1895375],[-10.4130105,52.1895046],[-10.4131312,52.1895145],[-10.4132573,52.1896103],[-10.4133008,52.1897207],[-10.4131828,52.1898007],[-10.4129996,52.1898197],[-10.4128475,52.1898692],[-10.4128009,52.1899415],[-10.4127233,52.1899434],[-10.412596,52.1899587],[-10.4125929,52.1900101],[-10.4126519,52.1900215],[-10.4128254,52.1899847],[-10.4128683,52.1900028],[-10.4131232,52.1899387],[-10.4132636,52.1899682],[-10.4132822,52.1900158],[-10.4131859,52.1900462],[-10.412981,52.1900558],[-10.4128288,52.1900767],[-10.4123041,52.1902575],[-10.4121768,52.1902823],[-10.4121549,52.1903185],[-10.4121897,52.1903629],[-10.4123426,52.1903514],[-10.412525,52.1903136],[-10.4126886,52.190307],[-10.4127691,52.1902462],[-10.4128737,52.1902133],[-10.4129274,52.1902495],[-10.4128537,52.1902842],[-10.4128351,52.1903223],[-10.4129686,52.1903261],[-10.413099,52.1902709],[-10.4132009,52.1902791],[-10.4133163,52.1902758],[-10.41385,52.190159],[-10.4139359,52.1901771],[-10.4142872,52.1901278],[-10.4143784,52.1900694],[-10.4145018,52.1900374],[-10.4146262,52.1900587],[-10.4146702,52.1901014],[-10.4146577,52.1901643],[-10.4144808,52.1902157],[-10.4142075,52.1902823],[-10.4141827,52.1903261],[-10.414341,52.1903127],[-10.4145677,52.1902575],[-10.4147851,52.190208],[-10.4148068,52.1902518],[-10.4147323,52.1903242],[-10.414593,52.1903794],[-10.4142953,52.1904764],[-10.4142148,52.1905339],[-10.4141719,52.1905767],[-10.4145823,52.1904945],[-10.4146654,52.190529],[-10.4146842,52.1905734],[-10.4146547,52.1906055],[-10.4147325,52.1906157],[-10.4147231,52.1906324],[-10.4146822,52.1906308],[-10.4146601,52.1906638],[-10.414648,52.1906778],[-10.4146976,52.1907181],[-10.4145394,52.1907559],[-10.4143597,52.1907444],[-10.4141773,52.1907247],[-10.4139841,52.1907839],[-10.4139385,52.1908365],[-10.4138071,52.1908562],[-10.413673,52.1908924],[-10.4135872,52.1909417],[-10.4137562,52.1909795],[-10.4139332,52.1909499],[-10.4140378,52.1909549],[-10.4140995,52.190973],[-10.4142738,52.1910075],[-10.4145474,52.1909187],[-10.4146198,52.1908612],[-10.4146949,52.1908628],[-10.4148612,52.190825],[-10.4149685,52.1907987],[-10.4149739,52.1909434],[-10.4150785,52.191047],[-10.4150704,52.1911358],[-10.4150055,52.1911503],[-10.4149372,52.1911693],[-10.4146608,52.1911788],[-10.4143814,52.1913483],[-10.4142913,52.1914206],[-10.4146112,52.1913692],[-10.4148409,52.1913083],[-10.4149155,52.1913806],[-10.4149279,52.1914149],[-10.4145925,52.1915595],[-10.4145739,52.1916166],[-10.4146826,52.1915995],[-10.4149558,52.1914891],[-10.4150831,52.19155],[-10.4149403,52.1915995],[-10.4144901,52.1918032],[-10.4142976,52.1919098],[-10.4144839,52.1918984],[-10.4147819,52.191885],[-10.415167,52.1918641],[-10.4153843,52.1919421],[-10.4152415,52.1920659],[-10.4149452,52.192126],[-10.4148126,52.1922246],[-10.4145554,52.1923576],[-10.4148889,52.1922861],[-10.4147478,52.1923761],[-10.4144559,52.1924351],[-10.4138784,52.192675],[-10.4135249,52.1928428],[-10.4137883,52.1928082],[-10.413661,52.1928825],[-10.413512,52.1929833],[-10.4136983,52.1929491],[-10.4137821,52.1929548],[-10.4137417,52.1930195],[-10.4138007,52.1930747],[-10.4138535,52.1931299],[-10.4135585,52.1931242],[-10.4134716,52.1931775],[-10.4134592,52.1933336],[-10.4135213,52.193404],[-10.4136796,52.1933602],[-10.4136827,52.193286],[-10.4137604,52.1932727],[-10.4137821,52.1933926],[-10.4138691,52.1933831],[-10.4140647,52.1932879],[-10.4142199,52.1932879],[-10.4141702,52.1933792],[-10.4136358,52.1935792],[-10.4135467,52.1937002],[-10.4134382,52.1938775],[-10.4140501,52.1936857],[-10.4142259,52.19371],[-10.4141642,52.1937931],[-10.4143877,52.1936779],[-10.4145474,52.1935597],[-10.4147684,52.1937026],[-10.4146237,52.1938258],[-10.4146116,52.1939416],[-10.4147885,52.1939113],[-10.4149251,52.1939416],[-10.4146237,52.1941115],[-10.4144469,52.1941879],[-10.4141174,52.19438],[-10.4145916,52.1943332],[-10.4139951,52.1946602],[-10.4146439,52.1946136],[-10.4147965,52.1947298],[-10.4145956,52.1948432],[-10.4143258,52.1953296],[-10.4139515,52.1954607],[-10.4136574,52.1955222],[-10.413528,52.1955769],[-10.4134044,52.1956461],[-10.412902,52.1960658],[-10.4126626,52.1964763],[-10.412458,52.1968901],[-10.4121856,52.1971075],[-10.4119544,52.1972492],[-10.4117746,52.1973804],[-10.4115434,52.1974749],[-10.4111396,52.1975232],[-10.4109184,52.1976586],[-10.4105931,52.1978318],[-10.4104047,52.1979472],[-10.4101136,52.1982779],[-10.4096917,52.198455],[-10.4097283,52.1986347],[-10.4094629,52.1987187],[-10.4092387,52.1987917],[-10.4091704,52.1988434],[-10.4088892,52.1990126],[-10.4086238,52.1992645],[-10.4081614,52.1995006],[-10.4078874,52.1996528],[-10.4075245,52.1998293],[-10.4080672,52.1998575],[-10.4081357,52.1999257],[-10.4080719,52.2000168],[-10.4081216,52.2000996],[-10.4079839,52.2002457],[-10.4081445,52.2003183],[-10.4078789,52.2004137],[-10.4075878,52.2005397],[-10.4073908,52.2006919],[-10.407258,52.2009841],[-10.4073701,52.2011981],[-10.4068596,52.2014175],[-10.4071651,52.2013582],[-10.4069642,52.2014616],[-10.406919,52.201704],[-10.4064369,52.201918],[-10.4063735,52.2020554],[-10.4063534,52.2022769],[-10.4062127,52.2022276],[-10.4060304,52.2025586],[-10.406056,52.2027374],[-10.4058569,52.203208],[-10.4056903,52.2031931],[-10.4056139,52.203262],[-10.4055778,52.203395],[-10.4051357,52.2034763],[-10.4050148,52.2037449],[-10.4048946,52.2037842],[-10.4048062,52.2036339],[-10.4046936,52.203327],[-10.4041873,52.2035748],[-10.404249,52.2037479],[-10.4038618,52.2039467],[-10.4039984,52.2047077],[-10.4040547,52.2047693],[-10.4042958,52.2047077],[-10.4039743,52.2049097],[-10.4040369,52.205018],[-10.4042235,52.2054047],[-10.4043762,52.2053948],[-10.4045289,52.2054687],[-10.4044043,52.2056239],[-10.4044608,52.205692],[-10.4048263,52.2056608],[-10.4050602,52.2059787],[-10.4052523,52.2060302],[-10.4055269,52.206028],[-10.405192,52.2062666],[-10.4057933,52.2062635],[-10.4057988,52.206375],[-10.4055295,52.2066163],[-10.405839,52.2065942],[-10.4056662,52.2068215],[-10.4062047,52.2066336],[-10.4065181,52.2067444],[-10.4065141,52.2068527],[-10.4067145,52.2068322],[-10.4068221,52.2073066],[-10.4070266,52.2075026],[-10.4067038,52.2076445],[-10.4065543,52.2079141],[-10.4066369,52.208068],[-10.406711,52.2081875],[-10.4068999,52.2081506],[-10.4068071,52.2083251],[-10.4067271,52.2084756],[-10.406932,52.2085052],[-10.4073982,52.208547],[-10.4070004,52.2088179],[-10.4069952,52.209027],[-10.4077138,52.208677],[-10.407776,52.2088253],[-10.4075972,52.2090636],[-10.4076501,52.2091278],[-10.407659,52.2091312],[-10.407674,52.2091335],[-10.4079247,52.2091081],[-10.4086497,52.2088438],[-10.4093407,52.2089761],[-10.4101319,52.208778],[-10.4103945,52.2085052],[-10.4100801,52.2079926],[-10.410587,52.2075916],[-10.4110939,52.2073168],[-10.4110358,52.2068781],[-10.4114722,52.2065811],[-10.4118558,52.2063582],[-10.4123464,52.2058384],[-10.4132249,52.2057059],[-10.4137242,52.2053711],[-10.4139004,52.2048939],[-10.4140879,52.2049148],[-10.4141236,52.2053031],[-10.4144021,52.2051844],[-10.4145617,52.2049203],[-10.4144346,52.2047198],[-10.4147035,52.2046423],[-10.4146506,52.20457],[-10.4142698,52.2044725],[-10.4142082,52.2042422],[-10.4139824,52.2039249],[-10.4141447,52.2036993],[-10.4144975,52.2035722],[-10.4148086,52.2035722],[-10.4155403,52.2038635],[-10.4156281,52.2039466],[-10.4154746,52.204166],[-10.415588,52.2042252],[-10.4161215,52.2039748],[-10.4161736,52.204267],[-10.4163537,52.204371],[-10.4168363,52.2043114],[-10.4168973,52.2039798],[-10.4178325,52.2036601],[-10.4184725,52.2036673],[-10.4190036,52.2033333],[-10.4195426,52.2032975],[-10.4199964,52.2032235],[-10.4200871,52.2034687],[-10.4208869,52.203408],[-10.4209942,52.2036729],[-10.4213637,52.2037583],[-10.4218351,52.2037252],[-10.4223136,52.2035819],[-10.4227074,52.2033603],[-10.4233745,52.2031922],[-10.423859,52.2029398],[-10.4241182,52.202644],[-10.4243469,52.2021326],[-10.4249453,52.2018015],[-10.4257689,52.2010477],[-10.4266674,52.2005929],[-10.4277723,52.2001421],[-10.4286547,52.1998482],[-10.4297497,52.1998716],[-10.4308175,52.1996541],[-10.4317845,52.1992996],[-10.4322138,52.1991378],[-10.4328965,52.1986312],[-10.433217,52.1984278],[-10.4333144,52.1981536],[-10.4330979,52.1981868],[-10.4333728,52.1980126],[-10.4335525,52.1977179],[-10.4337074,52.1976289],[-10.4337835,52.1977467],[-10.4342634,52.1973994],[-10.4342345,52.1973021],[-10.4340048,52.1973691],[-10.4341407,52.1972601],[-10.4340649,52.1972446],[-10.4342814,52.1970677],[-10.4341046,52.197092],[-10.4343452,52.1967189],[-10.434192,52.1961631],[-10.4342706,52.1959662],[-10.433917,52.1960348],[-10.4340541,52.1958048],[-10.4337221,52.1959109],[-10.4335627,52.1957499],[-10.4333026,52.1957752],[-10.4329386,52.1959026],[-10.4325216,52.1959728],[-10.4321345,52.1961006],[-10.432006,52.19577],[-10.4319829,52.1955434],[-10.4320591,52.1953604],[-10.4321952,52.1953296],[-10.4324194,52.1953731],[-10.4327564,52.1952811],[-10.4333043,52.1949829],[-10.4341802,52.1948303],[-10.4346587,52.1945758],[-10.4338197,52.1947301],[-10.4341847,52.1945569],[-10.4351343,52.1939763],[-10.4342358,52.1941285],[-10.4344435,52.19402],[-10.4353019,52.1937572],[-10.4354765,52.1938528],[-10.4356677,52.1937776],[-10.4356424,52.1936559],[-10.4360394,52.1936139],[-10.4363505,52.1933407],[-10.4367141,52.1931428],[-10.4372698,52.1929039],[-10.4370316,52.1929172],[-10.4372145,52.1928248],[-10.437499,52.1928614],[-10.4379037,52.1926523],[-10.4384454,52.1923069],[-10.4390524,52.1922654],[-10.4393811,52.1923674],[-10.4390563,52.1924802],[-10.4388741,52.1926373],[-10.439437,52.1923951],[-10.4395542,52.1923983],[-10.4388567,52.1928724],[-10.4398077,52.1926643],[-10.4396896,52.1927612],[-10.440018,52.1926815],[-10.4400577,52.1926141],[-10.4404961,52.1924183],[-10.4404618,52.1923685],[-10.4410386,52.1921429],[-10.4413967,52.1920856],[-10.4423372,52.1919496],[-10.4414094,52.1925974],[-10.4437641,52.1917056],[-10.4439631,52.1918809],[-10.444342,52.1917858],[-10.4447141,52.1916895],[-10.4452088,52.1917488],[-10.4450925,52.1919473],[-10.4447728,52.1922785],[-10.4451177,52.1921508],[-10.445331,52.1921812],[-10.4455269,52.1922103],[-10.4454449,52.1924058],[-10.4460451,52.1922105],[-10.4462075,52.1918566],[-10.4466188,52.1920689],[-10.4466549,52.1922171],[-10.4470013,52.1921751],[-10.4471554,52.1923849],[-10.448311,52.1919972],[-10.4482678,52.1921729],[-10.4499163,52.1912535],[-10.4503668,52.1910664],[-10.450593,52.1909091],[-10.4507602,52.1907928],[-10.4509629,52.19058],[-10.451376,52.1903649],[-10.451523,52.1902105],[-10.4515171,52.1900275],[-10.4517035,52.1898779],[-10.4518939,52.1898027],[-10.4519905,52.189865],[-10.4520999,52.1902034],[-10.4521426,52.1903289],[-10.4522261,52.1904033],[-10.4527606,52.1902538],[-10.4535672,52.1896994],[-10.4539952,52.1893969],[-10.4542594,52.1894553],[-10.4548208,52.1893602],[-10.4552465,52.1893543],[-10.4556006,52.1891244],[-10.4559325,52.1889089],[-10.4560835,52.1888692],[-10.4561495,52.1889817],[-10.4570569,52.1885871],[-10.4574657,52.1885007],[-10.4585614,52.1881064],[-10.4592558,52.1877465],[-10.4593934,52.1875855],[-10.4596152,52.1874697],[-10.4596412,52.1874358],[-10.4597314,52.1873229],[-10.4591304,52.1869245],[-10.4595526,52.1869413],[-10.4598177,52.1870307],[-10.4599827,52.1872196],[-10.4602429,52.1871204],[-10.4605425,52.1869339],[-10.460837,52.1868586],[-10.4609416,52.1867251],[-10.4605906,52.1865922],[-10.4607111,52.1864892],[-10.4609548,52.1865966],[-10.4613275,52.1865013],[-10.4615413,52.1862453],[-10.4612633,52.1862027],[-10.4638201,52.1851731],[-10.4634649,52.1847137],[-10.4644541,52.1850095],[-10.4663448,52.183823],[-10.4672032,52.1832299],[-10.4676492,52.1830215],[-10.4684584,52.1829858],[-10.4687929,52.1828533],[-10.4690233,52.1826436],[-10.468941,52.182567],[-10.4686341,52.182489],[-10.4684088,52.1824545],[-10.4685851,52.1823458],[-10.4688908,52.1821841],[-10.4698578,52.1819984],[-10.4705919,52.1818208],[-10.4709525,52.1815947],[-10.4713896,52.1814036],[-10.4717527,52.1812314],[-10.471926,52.1809712],[-10.4719676,52.1808432],[-10.4722652,52.1808038],[-10.4724625,52.1807644],[-10.4725408,52.1805862],[-10.4725756,52.1804724],[-10.4725174,52.1803939],[-10.4725714,52.1803589],[-10.4727945,52.1802786],[-10.4728353,52.180216],[-10.4729373,52.1801117],[-10.4729249,52.1799422],[-10.4728766,52.1799099],[-10.4727001,52.1799466],[-10.4725596,52.1798688],[-10.4723353,52.1798602],[-10.4720183,52.1798783],[-10.4717259,52.1799694],[-10.4713955,52.1800717],[-10.4710656,52.1800691],[-10.4710382,52.1800158],[-10.4712281,52.1798957],[-10.4714067,52.1798701],[-10.4715763,52.1798244],[-10.4714459,52.1797092],[-10.4712673,52.1797155],[-10.4710827,52.1797224],[-10.4710135,52.179754],[-10.4708923,52.1797411],[-10.4709025,52.1796253],[-10.4711122,52.17953],[-10.4713831,52.1794017],[-10.4716235,52.179302],[-10.4717651,52.17924],[-10.4716009,52.1791852],[-10.4713316,52.1792023],[-10.4710312,52.1793701],[-10.470763,52.1794137],[-10.4706147,52.1793921],[-10.4705289,52.1792783],[-10.4706659,52.1791196],[-10.4708767,52.1790418],[-10.4710599,52.1790306],[-10.471329,52.1788597],[-10.4716363,52.1786227],[-10.4715891,52.1785745],[-10.4718034,52.1783708],[-10.4720033,52.1782017],[-10.471962,52.1781335],[-10.4718077,52.1781076],[-10.4719856,52.177948],[-10.4719298,52.1779159],[-10.472077,52.177762],[-10.472353,52.1775878],[-10.4725207,52.177475],[-10.4724648,52.177451],[-10.4720784,52.1775475],[-10.4716063,52.1777153],[-10.4714252,52.1777451],[-10.4713885,52.177613],[-10.4716318,52.1775171],[-10.4716661,52.1774313],[-10.4711855,52.1775668],[-10.4709002,52.1776343],[-10.4707091,52.1776176],[-10.4703671,52.1777604],[-10.4703613,52.1780341],[-10.4703272,52.1781232],[-10.4701423,52.1781568],[-10.4699677,52.1781482],[-10.4698624,52.1780277],[-10.4697186,52.1779811],[-10.4694863,52.1779406],[-10.4696488,52.1778423],[-10.469625,52.1777875],[-10.4695203,52.1777617],[-10.4692304,52.177855],[-10.4689319,52.1779839],[-10.4684542,52.1781222],[-10.4682498,52.1781893],[-10.4681255,52.1782599],[-10.4679671,52.1783859],[-10.4677744,52.1783649],[-10.4676753,52.1782472],[-10.4675261,52.1782946],[-10.4673424,52.1783994],[-10.4671549,52.178436],[-10.4669714,52.1784199],[-10.4669181,52.1784023],[-10.4669293,52.1783124],[-10.4667738,52.1783459],[-10.4666552,52.1783811],[-10.4665549,52.1784347],[-10.4663787,52.1784175],[-10.4660329,52.1784268],[-10.4655059,52.1785003],[-10.4650236,52.1786046],[-10.4646478,52.1786842],[-10.4642174,52.1788051],[-10.4635362,52.1789595],[-10.4630007,52.1790146],[-10.462095,52.1792636],[-10.4615946,52.1794609],[-10.4609105,52.17955],[-10.460523,52.1795945],[-10.460278,52.1796586],[-10.4599405,52.1796098],[-10.45976,52.1795907],[-10.4598351,52.1794867],[-10.4599607,52.1794175],[-10.4600256,52.1792514],[-10.4599277,52.1792481],[-10.4597858,52.17929],[-10.4596262,52.1793389],[-10.4595444,52.1793617],[-10.4595052,52.1794178],[-10.4594229,52.1794387],[-10.4593405,52.1794657],[-10.4591607,52.179442],[-10.4591048,52.1793622],[-10.4596005,52.1791604],[-10.4598427,52.1790119],[-10.460157,52.1788175],[-10.4604649,52.178676],[-10.4606168,52.178576],[-10.4606409,52.1784724],[-10.4604655,52.1785484],[-10.4602402,52.1786711],[-10.4599929,52.1787237],[-10.4597783,52.1789045],[-10.45888,52.1791725],[-10.4588568,52.1790955],[-10.4588739,52.1789669],[-10.4588867,52.178833],[-10.4588097,52.1787963],[-10.4586598,52.1788173],[-10.4585357,52.1788724],[-10.4584072,52.1787726],[-10.4585078,52.1783996],[-10.4580067,52.1785471],[-10.4570827,52.1786052],[-10.45693,52.1786496],[-10.4559928,52.1788484],[-10.4569204,52.1784387],[-10.4560285,52.1787342],[-10.4558882,52.1788782],[-10.4556101,52.178936],[-10.455901,52.1787311],[-10.4556535,52.1786951],[-10.4562837,52.1784573],[-10.4561561,52.1783916],[-10.4558576,52.1784714],[-10.4559903,52.17839],[-10.4558653,52.1783603],[-10.4556076,52.1785183],[-10.4553283,52.1789889],[-10.4553415,52.1786366],[-10.455421,52.1783972],[-10.4550311,52.1783815],[-10.454228,52.1787255],[-10.454163,52.1786475],[-10.4547435,52.1783274],[-10.4547252,52.1782538],[-10.4539563,52.1785842],[-10.4537788,52.1784052],[-10.4541302,52.1780624],[-10.4544736,52.1776969],[-10.4546216,52.1774195],[-10.4555281,52.1769739],[-10.4563581,52.1765888],[-10.457038,52.1762527],[-10.4570864,52.1761116],[-10.4566747,52.1761488],[-10.4558236,52.1764143],[-10.4553635,52.1766332],[-10.454715,52.1766978],[-10.454029,52.1768876],[-10.4535325,52.1769878],[-10.4532917,52.1770518],[-10.453052,52.1771568],[-10.4529706,52.1770728],[-10.4529735,52.1770593],[-10.4530049,52.1769153],[-10.4533388,52.1768542],[-10.4539079,52.1766463],[-10.4542833,52.1763715],[-10.4549473,52.1762594],[-10.4558216,52.1758102],[-10.4567176,52.1753944],[-10.4566026,52.1753164],[-10.456088,52.1754501],[-10.455428,52.1757211],[-10.4552948,52.1754909],[-10.4547863,52.1757694],[-10.4544412,52.175877],[-10.4544351,52.175684],[-10.4545634,52.1756247],[-10.4546339,52.1753715],[-10.4545507,52.1752914],[-10.4541072,52.1755142],[-10.4539864,52.175601],[-10.4538138,52.1755018],[-10.4535087,52.1754519],[-10.4537122,52.1753388],[-10.4540743,52.1751815],[-10.4545085,52.1750639],[-10.455531,52.1745847],[-10.4563204,52.1742594],[-10.4567406,52.1738236],[-10.4576072,52.1734946],[-10.4581673,52.1734187],[-10.4590339,52.1731909],[-10.4595232,52.1730029],[-10.4599595,52.1726739],[-10.4604724,52.1725509],[-10.4610619,52.1723738],[-10.461846,52.1721098],[-10.4615984,52.1721207],[-10.4611445,52.1721713],[-10.4606905,52.1722508],[-10.4604134,52.1723449],[-10.4601599,52.172428],[-10.4600715,52.1723195],[-10.4600538,52.1721785],[-10.459871,52.1721858],[-10.4593228,52.1723232],[-10.458692,52.1726847],[-10.4579786,52.172804],[-10.4572535,52.1729812],[-10.4562807,52.1732017],[-10.456195,52.1734705],[-10.4559091,52.1736666],[-10.4557398,52.1736527],[-10.4556631,52.1735913],[-10.4555688,52.1735759],[-10.4555688,52.1735407],[-10.4556796,52.1735363],[-10.455891,52.1734744],[-10.4558807,52.1734451],[-10.4552337,52.173586],[-10.4550308,52.1734923],[-10.4540912,52.1738889],[-10.4538931,52.1740585],[-10.453719,52.1740934],[-10.4536348,52.1742679],[-10.4535505,52.1743955],[-10.4533412,52.1745157],[-10.4534232,52.1742765],[-10.4535383,52.1741342],[-10.4535771,52.173978],[-10.4533289,52.1739707],[-10.4530931,52.1740145],[-10.452867,52.1740728],[-10.4526101,52.1741347],[-10.4525807,52.1740156],[-10.4523678,52.1740459],[-10.4521692,52.1740967],[-10.4519342,52.1741918],[-10.4514851,52.1745827],[-10.4507093,52.1748759],[-10.4501299,52.1751056],[-10.4499308,52.1752387],[-10.4497109,52.1752176],[-10.4498553,52.1750828],[-10.4499578,52.1749145],[-10.4498152,52.1749821],[-10.4495501,52.1751331],[-10.4492459,52.1751806],[-10.4487416,52.1752748],[-10.4478307,52.1756854],[-10.4475014,52.1754886],[-10.4478099,52.1752636],[-10.4477569,52.1751432],[-10.44703,52.1754496],[-10.4466799,52.1755668],[-10.4463308,52.1757662],[-10.4460313,52.1759317],[-10.4459133,52.1762633],[-10.4457924,52.1764321],[-10.4456957,52.1764905],[-10.4455215,52.1765292],[-10.4453505,52.1765599],[-10.4451379,52.1765727],[-10.4447502,52.1764985],[-10.4443876,52.1763809],[-10.4439725,52.1761148],[-10.4437389,52.1759731],[-10.4435054,52.1756913],[-10.4433954,52.1753635],[-10.4434151,52.1750365],[-10.4433343,52.1747621],[-10.443162,52.1746707],[-10.4430786,52.1746758],[-10.4430286,52.174571],[-10.4425724,52.1744976],[-10.4422907,52.1745403],[-10.4421907,52.1745991],[-10.4419072,52.1745965],[-10.4412993,52.1745548],[-10.4410068,52.1745275],[-10.4407191,52.1745199],[-10.4403113,52.1743724],[-10.4400509,52.1742264],[-10.4398896,52.1740188],[-10.4397687,52.1737503],[-10.4397228,52.1732876],[-10.439688,52.1732312],[-10.4396603,52.1730984],[-10.4401746,52.172369],[-10.4403439,52.1721116],[-10.4405982,52.1718355],[-10.44074,52.1716795],[-10.4410244,52.1716433],[-10.4411026,52.1715261],[-10.4413346,52.1714112],[-10.4415538,52.1713275],[-10.441783,52.1712636],[-10.4420546,52.1712352],[-10.4423005,52.1712377],[-10.4423857,52.1712453],[-10.4425435,52.1712797],[-10.4426361,52.1713432],[-10.4426953,52.1714034],[-10.4428536,52.1714396],[-10.4428831,52.1713919],[-10.4429653,52.1714137],[-10.4429904,52.1713639],[-10.4430842,52.1714166],[-10.4432049,52.1714281],[-10.4433417,52.1713705],[-10.4434781,52.1713425],[-10.4436448,52.1713578],[-10.4438868,52.1714071],[-10.4444781,52.1716099],[-10.4446104,52.1716682],[-10.4447418,52.1716732],[-10.4449576,52.1716546],[-10.4450618,52.1716648],[-10.4451159,52.1716886],[-10.4452086,52.1717209],[-10.445248,52.1717575],[-10.4453316,52.171707],[-10.4453933,52.1717268],[-10.445451,52.1717373],[-10.445515,52.1716957],[-10.4456722,52.1716807],[-10.4457643,52.1716781],[-10.4458333,52.17172],[-10.4459173,52.17173],[-10.4460343,52.1717067],[-10.4461207,52.1717201],[-10.446302,52.1717265],[-10.4463979,52.1717418],[-10.446494,52.1717605],[-10.4466426,52.1717789],[-10.4467447,52.1718825],[-10.4467912,52.1719079],[-10.4468347,52.171933],[-10.4468056,52.1719739],[-10.4468472,52.1720173],[-10.4469098,52.1720084],[-10.4469619,52.1720493],[-10.4469473,52.1720979],[-10.4469181,52.1722477],[-10.4469509,52.1724027],[-10.4471125,52.172418],[-10.4473583,52.1723984],[-10.4476709,52.172268],[-10.4477803,52.1722394],[-10.4479169,52.1722015],[-10.4481254,52.1721887],[-10.448413,52.1722526],[-10.4485672,52.172214],[-10.4489178,52.1722146],[-10.4494037,52.172071],[-10.4499962,52.1716698],[-10.4508145,52.1707559],[-10.4515113,52.1699085],[-10.4512706,52.1698218],[-10.4509786,52.1700017],[-10.4508918,52.1699825],[-10.4510107,52.1695768],[-10.4512928,52.169469],[-10.4515631,52.1690864],[-10.4519164,52.168699],[-10.451597,52.1685428],[-10.4507249,52.1688829],[-10.4506328,52.1687195],[-10.4511686,52.1682735],[-10.4512184,52.1681632],[-10.450855,52.1684333],[-10.4508138,52.1683195],[-10.4503516,52.1683357],[-10.4497674,52.1683963],[-10.4500379,52.168227],[-10.4503746,52.1681524],[-10.4507979,52.1679036],[-10.45116,52.1678396],[-10.45157,52.1675796],[-10.4518587,52.1675614],[-10.4520997,52.1675854],[-10.4525346,52.167205],[-10.4531239,52.1668381],[-10.453835,52.1659999],[-10.4539687,52.165584],[-10.4540246,52.1652949],[-10.454301,52.1651411],[-10.4543527,52.1648283],[-10.4545241,52.1645876],[-10.454821,52.1645797],[-10.455416,52.1646285],[-10.4556503,52.1646234],[-10.4560229,52.164405],[-10.4562725,52.1642587],[-10.4568083,52.1640191],[-10.4570191,52.163895],[-10.4570276,52.1637243],[-10.4568293,52.1635126],[-10.4564145,52.1635126],[-10.4562842,52.1635925],[-10.4561101,52.1634702],[-10.4562278,52.1633349],[-10.4561578,52.1632162],[-10.4565341,52.1632949],[-10.4571359,52.163284],[-10.457929,52.1631057],[-10.45893,52.16325],[-10.4592125,52.1632712],[-10.4600071,52.1631586],[-10.4605243,52.1628287],[-10.4602407,52.162678],[-10.4605636,52.1624546],[-10.4610769,52.1624495],[-10.4619296,52.162353],[-10.4620207,52.1620077],[-10.4621977,52.1619568],[-10.4622138,52.1620029],[-10.4622459,52.1620563],[-10.4623613,52.1619667],[-10.462431,52.1618663],[-10.4623479,52.1617997],[-10.462427,52.1617569],[-10.4623908,52.1616927],[-10.4622942,52.1617034],[-10.462148,52.161798],[-10.4620233,52.1618696],[-10.4618664,52.1619494],[-10.4616612,52.1620432],[-10.4614694,52.1620777],[-10.4615419,52.1619642],[-10.461794,52.161849],[-10.4618892,52.1617561],[-10.4620153,52.1616458],[-10.4621123,52.1615865],[-10.4618334,52.1614607],[-10.4620045,52.1613398],[-10.4619804,52.1612065],[-10.461849,52.1611209],[-10.4615298,52.1611752],[-10.4613852,52.1613],[-10.4610043,52.1613356],[-10.4608682,52.161338],[-10.4606039,52.1612596],[-10.460547,52.1612307],[-10.4609113,52.1609209],[-10.4608919,52.1608958],[-10.460752,52.1607721],[-10.4605132,52.1608363],[-10.4602584,52.1609646],[-10.4600358,52.1610337],[-10.4598092,52.1610905],[-10.4597917,52.1610666],[-10.4598856,52.1610222],[-10.4600653,52.1609202],[-10.4603469,52.160754],[-10.4606795,52.1606212],[-10.4610603,52.1602708],[-10.4612921,52.1601337],[-10.4615902,52.1601692],[-10.4617309,52.1601032],[-10.4626333,52.1597172],[-10.4632377,52.1591535],[-10.4638503,52.1589452],[-10.4645696,52.1586438],[-10.4650921,52.1583002],[-10.4653819,52.1581072],[-10.4652494,52.1580361],[-10.4649514,52.158026],[-10.4653156,52.1578177],[-10.4655971,52.1576044],[-10.4648355,52.1576349],[-10.4641401,52.157706],[-10.4637634,52.1578112],[-10.4635978,52.1577578],[-10.4639082,52.1575242],[-10.4643967,52.1572692],[-10.4647775,52.1569695],[-10.4651087,52.1567969],[-10.4651832,52.156614],[-10.4651252,52.1563854],[-10.4648061,52.1562907],[-10.4647678,52.1562021],[-10.4646119,52.1560858],[-10.4644405,52.1561108],[-10.4643172,52.1561995],[-10.4642704,52.1562568],[-10.4641769,52.1562855],[-10.4640919,52.1563012],[-10.4640366,52.1563559],[-10.4639644,52.1563638],[-10.4639389,52.1563142],[-10.4640111,52.1562516],[-10.4640621,52.1561838],[-10.4639644,52.1561264],[-10.4636753,52.1561525],[-10.463433,52.1562516],[-10.4631312,52.1562855],[-10.4630079,52.1563716],[-10.4628719,52.1564994],[-10.4628549,52.1566872],[-10.4628124,52.1568749],[-10.4620302,52.1571514],[-10.4618516,52.1572479],[-10.4615753,52.1572818],[-10.4613245,52.1572557],[-10.4610822,52.1571618],[-10.4607804,52.1570784],[-10.4606359,52.1570027],[-10.4603808,52.1569532],[-10.4601257,52.1567993],[-10.4599472,52.1565959],[-10.4598069,52.1563507],[-10.4597432,52.156189],[-10.4597517,52.1560925],[-10.4597899,52.1559752],[-10.4598912,52.1559814],[-10.4601376,52.1558661],[-10.4602771,52.1558026],[-10.4605326,52.1556851],[-10.4607725,52.1556253],[-10.4614194,52.1553847],[-10.4608372,52.1554214],[-10.4609733,52.1552826],[-10.4611375,52.1552814],[-10.4612735,52.1552293],[-10.4611781,52.1551131],[-10.4611332,52.1550389],[-10.4610567,52.155018],[-10.4611077,52.1549789],[-10.4611715,52.1548068],[-10.461282,52.1547442],[-10.4613245,52.1546424],[-10.461469,52.154559],[-10.4616518,52.1544521],[-10.4617817,52.1543985],[-10.4621744,52.1542962],[-10.4624978,52.1542408],[-10.4626381,52.1541521],[-10.4628719,52.1540061],[-10.4629824,52.1538965],[-10.4631099,52.1538861],[-10.4633777,52.1538522],[-10.4635435,52.1538704],[-10.4636457,52.1539553],[-10.4639943,52.1539516],[-10.4639368,52.1542134],[-10.4639736,52.154254],[-10.4640479,52.1542418],[-10.4641491,52.1540797],[-10.4642773,52.1541138],[-10.4644069,52.1541924],[-10.4646172,52.1541054],[-10.4646509,52.1537846],[-10.464556,52.1532473],[-10.4644358,52.1528785],[-10.4646101,52.1527863],[-10.4646822,52.1526535],[-10.4647965,52.152635],[-10.4649468,52.1524838],[-10.46525,52.15241],[-10.46565,52.1524],[-10.4665875,52.1522663],[-10.4673539,52.1520472],[-10.4674474,52.1519638],[-10.4673283,52.1518647],[-10.4671838,52.1517916],[-10.4670733,52.1516508],[-10.4669968,52.1513639],[-10.4670308,52.1511813],[-10.4671498,52.1511083],[-10.4674049,52.1511239],[-10.4675494,52.1511656],[-10.4677789,52.1512074],[-10.467932,52.1512908],[-10.4680085,52.1514682],[-10.468102,52.1516351],[-10.468017,52.1517656],[-10.467949,52.1519116],[-10.4680595,52.1521359],[-10.4682806,52.1523081],[-10.4689182,52.1525637],[-10.4693093,52.1526993],[-10.4696664,52.1526315],[-10.4696494,52.1524959],[-10.4700745,52.152475],[-10.4713608,52.1525577],[-10.471962,52.1525614],[-10.4725452,52.1525762],[-10.4731403,52.1525614],[-10.4734469,52.1523512],[-10.4738437,52.1523622],[-10.4739459,52.1525393],[-10.4741383,52.1525504],[-10.474517,52.1524877],[-10.4748116,52.1523807],[-10.4749258,52.1521741],[-10.4750581,52.1521741],[-10.4751362,52.152104],[-10.4750821,52.1519897],[-10.47504,52.1519085],[-10.47504,52.1518126],[-10.4751182,52.1516872],[-10.4756833,52.1516835],[-10.4759538,52.1516393],[-10.4761763,52.1516171],[-10.4763687,52.1515876],[-10.4764709,52.1516577],[-10.4763085,52.1517684],[-10.4761462,52.1518089],[-10.4761402,52.1519122],[-10.4770901,52.1520893],[-10.4774808,52.1520044],[-10.4778776,52.1519122],[-10.4781301,52.1516651],[-10.4784127,52.1514991],[-10.4784968,52.1512446],[-10.4782564,52.1509126],[-10.478058,52.1506581],[-10.4781121,52.1504699],[-10.4780279,52.1503667],[-10.4776492,52.1503593],[-10.4774868,52.1502744],[-10.4772945,52.1501896],[-10.4772764,52.1498724],[-10.4777333,52.1498133],[-10.4781181,52.1497248],[-10.4781481,52.1496473],[-10.478052,52.1494481],[-10.4779257,52.1494076],[-10.4776792,52.1492895],[-10.4773606,52.1493633],[-10.4771802,52.1493928],[-10.4763987,52.1489206],[-10.4757941,52.148528],[-10.4749164,52.1481443],[-10.4739785,52.1481296],[-10.4735386,52.1480455],[-10.4733172,52.147923],[-10.4735938,52.1477386],[-10.4743873,52.1473992],[-10.4736299,52.1473254],[-10.472918,52.1476699],[-10.4725184,52.1477847],[-10.4721273,52.147529],[-10.4724155,52.1467351],[-10.472175,52.145503],[-10.4707486,52.145377],[-10.4700902,52.1453811],[-10.4698402,52.1454419],[-10.4698402,52.1453124],[-10.4696042,52.14532],[-10.4694614,52.1454686],[-10.4691695,52.1455029],[-10.4687286,52.1454153],[-10.4686416,52.14532],[-10.4688155,52.1452552],[-10.4689894,52.1451256],[-10.4693931,52.1448093],[-10.469331,52.1444739],[-10.4690826,52.1442072],[-10.4688342,52.1441424],[-10.4685237,52.1442643],[-10.4685609,52.1445197],[-10.4685982,52.1446531],[-10.4683373,52.1448169],[-10.4682752,52.1448817],[-10.4680641,52.1446721],[-10.4678592,52.1445692],[-10.46753,52.1444473],[-10.4675859,52.1443558],[-10.4675238,52.14415],[-10.4672878,52.1443215],[-10.4672071,52.1443634],[-10.4670084,52.1442643],[-10.4666668,52.14415],[-10.4664867,52.1443291],[-10.4661638,52.1443672],[-10.4659216,52.14423],[-10.4658098,52.1439061],[-10.4661141,52.1435898],[-10.4663563,52.1433954],[-10.4666916,52.143323],[-10.4668469,52.1431058],[-10.4669028,52.1429609],[-10.4671015,52.1427361],[-10.4673251,52.1426789],[-10.4674369,52.1427361],[-10.4676045,52.142637],[-10.4675611,52.1425112],[-10.4675362,52.1424388],[-10.467766,52.1422978],[-10.4677722,52.1421415],[-10.4676294,52.1421225],[-10.4674617,52.1422292],[-10.4673375,52.1421301],[-10.4676418,52.1418405],[-10.4675673,52.1416118],[-10.4678033,52.1412878],[-10.468033,52.1408114],[-10.4683249,52.1403045],[-10.4679839,52.1402765],[-10.467913,52.1400675],[-10.4681572,52.1400779],[-10.4683187,52.1398471],[-10.4681324,52.1395003],[-10.4681448,52.1392373],[-10.46812,52.1389438],[-10.4681724,52.1385622],[-10.4677056,52.1385079],[-10.4676854,52.1384361],[-10.4677855,52.1383773],[-10.4682279,52.1383345],[-10.4684926,52.1380748],[-10.4688217,52.137606],[-10.4695297,52.1368474],[-10.4698526,52.1362147],[-10.4699947,52.1358805],[-10.4700298,52.135433],[-10.4700122,52.1349263],[-10.4698102,52.1349209],[-10.4696346,52.1350449],[-10.4694326,52.1350827],[-10.4693448,52.1350719],[-10.4692921,52.134867],[-10.4692481,52.1346999],[-10.4694934,52.1342049],[-10.46974,52.1337457],[-10.4698629,52.1334223],[-10.4695468,52.1334654],[-10.4693799,52.133584],[-10.4692394,52.1336325],[-10.4690813,52.1337134],[-10.4689583,52.1336433],[-10.4690637,52.1334627],[-10.4690524,52.1334131],[-10.4688955,52.1332426],[-10.4689544,52.1331106],[-10.4690281,52.1331088],[-10.4690161,52.1330355],[-10.4689817,52.1329015],[-10.4688588,52.1329044],[-10.4688172,52.1329872],[-10.4686474,52.1331732],[-10.4686188,52.1334482],[-10.468668,52.1336044],[-10.4685708,52.1336808],[-10.4684463,52.1338188],[-10.4683648,52.1338107],[-10.4681195,52.1337644],[-10.4680044,52.1337032],[-10.4680712,52.1335799],[-10.4682112,52.1335016],[-10.4682919,52.1334264],[-10.4682932,52.1332279],[-10.4683118,52.1330672],[-10.4684929,52.1328965],[-10.4688504,52.1327095],[-10.4693378,52.132378],[-10.4695925,52.1322351],[-10.4698164,52.1321758],[-10.4696452,52.1321354],[-10.4692017,52.1322675],[-10.4688152,52.1324777],[-10.4685737,52.1325128],[-10.4685011,52.1324549],[-10.4683731,52.1324301],[-10.4682274,52.1323419],[-10.4682308,52.1322112],[-10.4679663,52.1321024],[-10.4679644,52.1319439],[-10.4677569,52.1319359],[-10.4678363,52.1317393],[-10.4677607,52.1316465],[-10.4677014,52.1314504],[-10.4676081,52.1312543],[-10.467533,52.1312027],[-10.4677525,52.1310787],[-10.4678756,52.1309977],[-10.4678523,52.1309241],[-10.4677234,52.1307579],[-10.4675587,52.1308985],[-10.467329,52.1310042],[-10.4670939,52.1310868],[-10.4669993,52.1311384],[-10.4669029,52.1310517],[-10.4668266,52.1309883],[-10.4667689,52.1308712],[-10.4664703,52.1309008],[-10.4663298,52.1308954],[-10.4662815,52.1307714],[-10.4661146,52.1306205],[-10.4657853,52.1307445],[-10.465434,52.1309116],[-10.4653022,52.1310113],[-10.4651134,52.1310383],[-10.4649773,52.130917],[-10.464907,52.1307633],[-10.4650431,52.1305935],[-10.4652407,52.1304507],[-10.4651222,52.1304183],[-10.4650343,52.1304426],[-10.4649421,52.1304884],[-10.4648992,52.1304299],[-10.4648498,52.1303164],[-10.4651384,52.1302036],[-10.4650018,52.1299845],[-10.4652077,52.1298455],[-10.4655458,52.1296984],[-10.465581,52.1295302],[-10.4658031,52.1293578],[-10.4653667,52.1293178],[-10.4652293,52.1295348],[-10.4649018,52.1295604],[-10.4647207,52.1294733],[-10.464799,52.1293592],[-10.4645543,52.129263],[-10.4641237,52.1293081],[-10.463879,52.1293682],[-10.4636636,52.1294162],[-10.4634287,52.1293622],[-10.4631449,52.129254],[-10.4630274,52.1291759],[-10.4630274,52.1289356],[-10.4631253,52.1286051],[-10.463233,52.1283648],[-10.4633798,52.1281605],[-10.4633504,52.1280463],[-10.4632819,52.1279261],[-10.4632721,52.1276557],[-10.4631938,52.1275356],[-10.463315,52.1274099],[-10.4629928,52.1273149],[-10.4630851,52.1271635],[-10.4626917,52.1272596],[-10.4629441,52.1269994],[-10.4622102,52.1272682],[-10.4622053,52.1273793],[-10.4620829,52.1274304],[-10.4619361,52.1274124],[-10.4618431,52.1273733],[-10.4617893,52.1272772],[-10.4617355,52.1272381],[-10.4616034,52.1272411],[-10.4613831,52.127145],[-10.4615544,52.1270248],[-10.4618383,52.1269017],[-10.4621759,52.1267725],[-10.4622298,52.1266523],[-10.4623032,52.1265351],[-10.4623081,52.1263699],[-10.4623766,52.1262948],[-10.4625332,52.1262197],[-10.4626284,52.1260918],[-10.4627634,52.1259983],[-10.4627322,52.1258836],[-10.4626492,52.1257901],[-10.4626526,52.1257179],[-10.462753,52.1256329],[-10.4628118,52.1255564],[-10.4628983,52.1254863],[-10.4628153,52.1253397],[-10.4629087,52.1252038],[-10.4628845,52.1250848],[-10.4628672,52.1250062],[-10.4629641,52.1248957],[-10.4630886,52.1247831],[-10.4631752,52.1246429],[-10.4631302,52.1245388],[-10.463144,52.1244772],[-10.4631025,52.1243816],[-10.4631821,52.1243051],[-10.4631585,52.1242458],[-10.4631475,52.124218],[-10.4629191,52.124235],[-10.4627184,52.1243157],[-10.4625869,52.1244071],[-10.4625108,52.1245431],[-10.4624762,52.1246663],[-10.4624312,52.1248107],[-10.4624069,52.1248384],[-10.4623481,52.1248022],[-10.4623447,52.1247683],[-10.462355,52.1247258],[-10.4623896,52.1246896],[-10.4623654,52.1246365],[-10.4623308,52.1246217],[-10.4622443,52.1246387],[-10.4621059,52.1246025],[-10.4621059,52.1246642],[-10.4621301,52.124747],[-10.4621474,52.1248277],[-10.4621716,52.1248745],[-10.4621889,52.1249382],[-10.462182,52.1250614],[-10.4621474,52.1250551],[-10.4620263,52.1250253],[-10.4619813,52.1249807],[-10.4618913,52.1249212],[-10.4618118,52.1248809],[-10.461656,52.1249573],[-10.4615072,52.1250253],[-10.4614449,52.1250784],[-10.4614415,52.1251592],[-10.4614242,52.1252973],[-10.4614069,52.125361],[-10.4613584,52.1253716],[-10.4612235,52.1253291],[-10.4611716,52.1252973],[-10.4611508,52.125259],[-10.4611404,52.1251783],[-10.4611231,52.1250784],[-10.4611577,52.1250381],[-10.4612027,52.1249743],[-10.4612166,52.1249042],[-10.4611785,52.1248596],[-10.4611508,52.1248022],[-10.4611796,52.1247251],[-10.4610885,52.1247194],[-10.4609916,52.1247768],[-10.4609224,52.1248681],[-10.4608498,52.1249552],[-10.460701,52.1250487],[-10.4603376,52.1252441],[-10.4603134,52.1252059],[-10.4602546,52.1251485],[-10.4602165,52.1250869],[-10.4601888,52.1250189],[-10.4601646,52.1249531],[-10.4601265,52.1248702],[-10.4601127,52.1248341],[-10.4602442,52.1247746],[-10.4605141,52.1246387],[-10.4608094,52.1244381],[-10.4608508,52.1243729],[-10.4608245,52.1243214],[-10.4608319,52.1242778],[-10.4609077,52.1242403],[-10.4609972,52.1242069],[-10.4609989,52.1241697],[-10.460838,52.124077],[-10.460613,52.1241446],[-10.460556,52.1241229],[-10.4605525,52.1241038],[-10.4605158,52.1240617],[-10.4605023,52.124056],[-10.4604703,52.1240466],[-10.4604541,52.1240679],[-10.4603693,52.1241663],[-10.460346,52.1241579],[-10.4602979,52.1242185],[-10.4601531,52.1243548],[-10.45991,52.1242653],[-10.45973,52.12404],[-10.4595949,52.1233686],[-10.45941,52.1230982],[-10.4592177,52.1230425],[-10.4590532,52.1230343],[-10.458799,52.1230054],[-10.4588486,52.1226035],[-10.4591028,52.1224216],[-10.4593952,52.1222682],[-10.4593647,52.1220082],[-10.4593219,52.1217961],[-10.4593296,52.1216785],[-10.4594828,52.1215667],[-10.4599134,52.1214768],[-10.4599678,52.1213917],[-10.459495,52.1213191],[-10.4593384,52.1209705],[-10.4595146,52.1206701],[-10.4600725,52.1205438],[-10.4602682,52.1204777],[-10.4604933,52.1203996],[-10.4604248,52.1202554],[-10.4603857,52.1200811],[-10.4605031,52.1199309],[-10.4609142,52.1199128],[-10.4611295,52.1199309],[-10.4614427,52.1199008],[-10.4616874,52.1196604],[-10.4616678,52.119408],[-10.4615993,52.1192097],[-10.4614231,52.1191556],[-10.4613448,52.1191075],[-10.4612078,52.118771],[-10.461335,52.1184164],[-10.4614525,52.1180498],[-10.4615895,52.1179176],[-10.4616483,52.1177553],[-10.4614329,52.1177012],[-10.4614329,52.1173106],[-10.4619321,52.1171723],[-10.4626918,52.1166993],[-10.4629855,52.1161524],[-10.4629598,52.1160545],[-10.4630968,52.1158621],[-10.4632338,52.115772],[-10.463514,52.1156355],[-10.4636288,52.1154238],[-10.4638859,52.1151847],[-10.4641502,52.1149143],[-10.4643459,52.1147039],[-10.4647962,52.1148121],[-10.4652072,52.1146138],[-10.4653279,52.1142886],[-10.4651313,52.1136436],[-10.4653558,52.1135346],[-10.4656745,52.1141025],[-10.46607,52.11422],[-10.4662714,52.1145416],[-10.4665109,52.1140223],[-10.4669838,52.1138357],[-10.4669987,52.1144106],[-10.4676488,52.1140268],[-10.4682207,52.1138449],[-10.4681981,52.1136448],[-10.4686964,52.1133343],[-10.4692632,52.1130914],[-10.4701824,52.1129231],[-10.4701304,52.1132073],[-10.4701608,52.1134045],[-10.4703847,52.113475],[-10.4715179,52.1130608],[-10.471517,52.1132712],[-10.4721523,52.1130884],[-10.47268,52.11285],[-10.4733395,52.1121787],[-10.4737852,52.1121908],[-10.4732909,52.1126064],[-10.4737055,52.1127387],[-10.4739685,52.1130197],[-10.4743981,52.1128499],[-10.4751311,52.1125117],[-10.475776,52.1122117],[-10.4763717,52.1116511],[-10.4769277,52.1112707],[-10.4777245,52.1108854],[-10.4780903,52.110379],[-10.4789798,52.1095269],[-10.4794623,52.1089215],[-10.4798881,52.1085728],[-10.4796972,52.1086029],[-10.47934,52.1085307],[-10.4785863,52.1089545],[-10.4782202,52.1091121],[-10.477857,52.1086562],[-10.47754,52.10869],[-10.47732,52.10882],[-10.47713,52.10895],[-10.47693,52.10908],[-10.47672,52.10921],[-10.4763,52.10935],[-10.4760649,52.1094231],[-10.4760855,52.1090962],[-10.4762737,52.108695],[-10.47561,52.1086006],[-10.4752311,52.1087637],[-10.4751683,52.1086496],[-10.4754715,52.1083375],[-10.4754139,52.108057],[-10.4745496,52.1081669],[-10.4740545,52.1082448],[-10.4736919,52.1081877],[-10.4733413,52.1079334],[-10.4724811,52.1079575],[-10.472247,52.1081478],[-10.4720013,52.1080624],[-10.4708319,52.1081349],[-10.4702644,52.1081987],[-10.4698007,52.1083475],[-10.46951,52.1084962],[-10.4695308,52.1086875],[-10.4692816,52.108696],[-10.4691017,52.1086535],[-10.468901,52.1086663],[-10.4688733,52.1088533],[-10.4685965,52.1090828],[-10.468375,52.1091423],[-10.468202,52.1090871],[-10.4680497,52.1090318],[-10.4680636,52.1088533],[-10.4677383,52.1088788],[-10.4674684,52.1089341],[-10.46715,52.10908],[-10.4662987,52.1093336],[-10.4657382,52.1094059],[-10.4653091,52.1091636],[-10.4648834,52.1091912],[-10.4646779,52.1093032],[-10.4644602,52.1093974],[-10.4643474,52.1094663],[-10.4641085,52.109431],[-10.463863,52.1093319],[-10.4637004,52.1092523],[-10.4635119,52.1091925],[-10.4633446,52.1091184],[-10.4631221,52.1089897],[-10.4630738,52.1088994],[-10.4627823,52.1089588],[-10.4626958,52.1088717],[-10.462693,52.1087954],[-10.4624196,52.1085565],[-10.4621219,52.1083297],[-10.4615174,52.1080567],[-10.4607576,52.1079692],[-10.4598692,52.1078695],[-10.4594911,52.1074674],[-10.4592266,52.1074631],[-10.4593386,52.1072607],[-10.4590279,52.1073733],[-10.4587828,52.1072171],[-10.4588502,52.1070059],[-10.4586698,52.1070078],[-10.4588787,52.1067614],[-10.4580883,52.1069789],[-10.4580789,52.106867],[-10.4577155,52.1069638],[-10.4577721,52.1067928],[-10.4576943,52.1066827],[-10.4575315,52.1067189],[-10.4574814,52.1066144],[-10.4575167,52.1063754],[-10.4573884,52.1062614],[-10.457539,52.1060551],[-10.4570248,52.1061038],[-10.4571331,52.1059531],[-10.4571877,52.1057069],[-10.4569537,52.105745],[-10.4564659,52.1058709],[-10.4568278,52.1055658],[-10.456266,52.1057658],[-10.4564033,52.1056164],[-10.4562697,52.1055141],[-10.4564795,52.1053031],[-10.4566982,52.1050671],[-10.456756,52.1048244],[-10.4570353,52.1045261],[-10.4566323,52.1044242],[-10.4568153,52.1041213],[-10.4570909,52.1040066],[-10.4575601,52.1038168],[-10.4572247,52.1037588],[-10.4570016,52.1037737],[-10.457092,52.1036136],[-10.4571787,52.1035163],[-10.4574134,52.1033497],[-10.4569329,52.1034444],[-10.4571616,52.1031791],[-10.4570263,52.1032094],[-10.4569608,52.1031507],[-10.4566501,52.1032227],[-10.4567002,52.1030727],[-10.4566052,52.1029906],[-10.4569995,52.1027143],[-10.4571124,52.1024649],[-10.4569263,52.1024536],[-10.4569824,52.1022341],[-10.4569576,52.1021266],[-10.4567405,52.1021471],[-10.4567982,52.1019862],[-10.4569885,52.1016514],[-10.4568803,52.1016352],[-10.4569416,52.1013393],[-10.4567176,52.1012876],[-10.4563723,52.1014989],[-10.4562422,52.1011628],[-10.456266,52.1008934],[-10.4562347,52.1006365],[-10.4563274,52.100461],[-10.456235,52.1003745],[-10.4562983,52.100149],[-10.4563585,52.0999511],[-10.4565276,52.0999004],[-10.4565798,52.0997539],[-10.456477,52.0996154],[-10.4565249,52.0993542],[-10.4566249,52.0990003],[-10.4564314,52.0989864],[-10.4564422,52.0986105],[-10.4563572,52.0986023],[-10.4564117,52.0983933],[-10.4567183,52.0982832],[-10.4567748,52.0981131],[-10.456256,52.0982134],[-10.4557694,52.0983862],[-10.4558447,52.0982696],[-10.4556865,52.098151],[-10.4557,52.0980259],[-10.4560953,52.0979171],[-10.4559541,52.097721],[-10.4557683,52.0973913],[-10.4552496,52.0974472],[-10.4550546,52.097579],[-10.4547961,52.0976432],[-10.45486,52.09741],[-10.4547684,52.097368],[-10.4542348,52.0975091],[-10.4540323,52.0975137],[-10.4538292,52.0974913],[-10.453851,52.0973153],[-10.4538084,52.0972382],[-10.4536265,52.0971705],[-10.4534207,52.0973001],[-10.4533227,52.0971652],[-10.4529223,52.0972427],[-10.452883,52.0971365],[-10.4529832,52.0969824],[-10.4521273,52.0972025],[-10.4519649,52.0970976],[-10.4513982,52.097195],[-10.4512364,52.0972795],[-10.4512248,52.0971531],[-10.4513089,52.0968377],[-10.4507021,52.0968864],[-10.4504836,52.0969509],[-10.4503599,52.0971022],[-10.450172,52.0973163],[-10.4498661,52.0971349],[-10.4495396,52.0973322],[-10.4493389,52.0974975],[-10.4489079,52.0978293],[-10.4488901,52.0975382],[-10.4485516,52.097226],[-10.4481349,52.0973352],[-10.4477503,52.0974774],[-10.4471751,52.0975845],[-10.4468778,52.0975861],[-10.4464524,52.0977642],[-10.446001,52.0979537],[-10.4455872,52.0979817],[-10.4455332,52.0977688],[-10.4452136,52.097747],[-10.4447028,52.0978251],[-10.4446767,52.0980273],[-10.4440314,52.0983428],[-10.4440648,52.0980091],[-10.4433214,52.0980634],[-10.443122,52.0981424],[-10.4424927,52.0982837],[-10.4422952,52.0984111],[-10.4420998,52.0984425],[-10.4418246,52.0984095],[-10.4416074,52.0985254],[-10.4413974,52.0987575],[-10.4413031,52.0983957],[-10.4411031,52.0984422],[-10.4410533,52.098347],[-10.4407854,52.0983784],[-10.4406859,52.0984541],[-10.4404522,52.0984178],[-10.4402159,52.0984911],[-10.4404411,52.0983085],[-10.4402156,52.0983007],[-10.4396614,52.0987559],[-10.4396249,52.0986641],[-10.4394071,52.0987012],[-10.4395368,52.0985101],[-10.439562,52.0982547],[-10.4392422,52.0981263],[-10.4387797,52.0981707],[-10.4381635,52.09829],[-10.4380389,52.0984276],[-10.4376628,52.0984734],[-10.4368391,52.0987368],[-10.4365023,52.0987828],[-10.4364064,52.0989838],[-10.4363046,52.0990946],[-10.4360499,52.0991665],[-10.4360258,52.098978],[-10.4361441,52.0987943],[-10.4359073,52.0988583],[-10.4356,52.0989043],[-10.4354188,52.0989486],[-10.4351685,52.0990374],[-10.4353308,52.0987344],[-10.4347606,52.0989194],[-10.4345854,52.0989673],[-10.434539,52.0987945],[-10.4341899,52.0987596],[-10.434237,52.0984836],[-10.4338192,52.0985271],[-10.4333,52.0988365],[-10.4336429,52.0990782],[-10.4334576,52.0990838],[-10.4334498,52.099207],[-10.4332026,52.0992079],[-10.4330466,52.0993265],[-10.4329499,52.0992061],[-10.4327218,52.099202],[-10.4325178,52.0992061],[-10.4324132,52.0990539],[-10.4320542,52.0990924],[-10.4318408,52.0992184],[-10.4314279,52.0992952],[-10.4310294,52.0993484],[-10.4309094,52.0995097],[-10.431069,52.0995685],[-10.4308004,52.0996425],[-10.4305845,52.0997792],[-10.4304147,52.1000586],[-10.4301761,52.1004087],[-10.4298783,52.1005295],[-10.4295989,52.1003495],[-10.4293356,52.1001139],[-10.4289913,52.0999063],[-10.42856,52.09994],[-10.4282022,52.0999864],[-10.42773,52.09995],[-10.4275026,52.1001186],[-10.4270732,52.0999847],[-10.4272703,52.0997663],[-10.4268552,52.0995576],[-10.4270745,52.0994176],[-10.426792,52.0991696],[-10.4258713,52.099044],[-10.4253336,52.0990864],[-10.4253013,52.0988208],[-10.4245094,52.0988165],[-10.4243147,52.0986682],[-10.4238716,52.0986396],[-10.4228245,52.0990432],[-10.4221207,52.0991849],[-10.4216856,52.0992555],[-10.4215259,52.0995611],[-10.42122,52.0996309],[-10.421097,52.099789],[-10.4208281,52.0999829],[-10.4207019,52.0998157],[-10.4205139,52.0997801],[-10.4202592,52.0997046],[-10.4200417,52.1000377],[-10.4198247,52.1000209],[-10.4196176,52.0999489],[-10.4194195,52.0999697],[-10.4191028,52.1002598],[-10.417981,52.1012524],[-10.4179021,52.1015471],[-10.4178144,52.1013974],[-10.4176159,52.1011369],[-10.4174583,52.1010831],[-10.4171304,52.1011955],[-10.4167836,52.1015229],[-10.4166117,52.101311],[-10.4160691,52.1014467],[-10.4156742,52.1015174],[-10.4156376,52.1012919],[-10.4150112,52.1013203],[-10.414795,52.1011924],[-10.4142028,52.1010431],[-10.4139137,52.1011275],[-10.4142484,52.1014465],[-10.4138932,52.1014673],[-10.4131294,52.1017687],[-10.4122206,52.1015836],[-10.41198,52.10181],[-10.4115785,52.1023461],[-10.4113226,52.1026522],[-10.4106029,52.1031783],[-10.410277,52.1033266],[-10.4101227,52.1033655],[-10.4100181,52.1035121],[-10.4099229,52.1035305],[-10.4097162,52.1034953],[-10.4097441,52.1033894],[-10.4097363,52.1033025],[-10.4095762,52.1032617],[-10.4095338,52.1033482],[-10.4094234,52.1034114],[-10.40912,52.10338],[-10.4089763,52.1033166],[-10.4089675,52.1031129],[-10.4089681,52.1029221],[-10.4087741,52.102796],[-10.408691,52.102702],[-10.4084232,52.1027903],[-10.4080477,52.1030954],[-10.4076502,52.1028807],[-10.4073957,52.1028895],[-10.4072182,52.1028031],[-10.4069136,52.102723],[-10.4072269,52.1025045],[-10.4066963,52.1021663],[-10.4061516,52.1021719],[-10.4060782,52.1024313],[-10.4058753,52.1029064],[-10.4058162,52.1030129],[-10.4056522,52.1033349],[-10.4051655,52.1032462],[-10.4049031,52.1031713],[-10.4046502,52.1029449],[-10.4040176,52.103018],[-10.4040984,52.1028377],[-10.4034368,52.1027298],[-10.403098,52.1027922],[-10.4030261,52.1026104],[-10.4025942,52.1026281],[-10.402225,52.102755],[-10.4019494,52.1027711],[-10.4005595,52.1030657],[-10.4007708,52.1034169],[-10.4004554,52.1035184],[-10.4000182,52.103499],[-10.399684,52.1037652],[-10.3997376,52.1040631],[-10.399881,52.1044021],[-10.3997672,52.1044465],[-10.3995884,52.1045871],[-10.3987869,52.1045334],[-10.3985466,52.1042722],[-10.3981565,52.1043132],[-10.3978372,52.1042922],[-10.3976374,52.104305],[-10.397566,52.1045267],[-10.3975152,52.1046976],[-10.3973502,52.1047072],[-10.3971653,52.1046315],[-10.3967887,52.1047161],[-10.3963071,52.1049119],[-10.3960909,52.1050281],[-10.395526,52.1053317],[-10.3956211,52.1056908],[-10.3955264,52.1059048],[-10.3955298,52.106297],[-10.3952051,52.1064337],[-10.3948269,52.1064987],[-10.3943433,52.1064211],[-10.3939651,52.1063805],[-10.3938586,52.1062394],[-10.3935971,52.10624],[-10.3934677,52.1061076],[-10.3930481,52.1063011],[-10.3929649,52.1062374],[-10.3930521,52.1060448],[-10.3930133,52.1059488],[-10.3928161,52.1059361],[-10.3924969,52.1060023],[-10.3920173,52.106052],[-10.3917257,52.1061193],[-10.3912511,52.1064051],[-10.39048,52.10616],[-10.3904846,52.1058858],[-10.3902886,52.1057283],[-10.389901,52.1057456],[-10.3895904,52.1059721],[-10.3891905,52.1060712],[-10.3889407,52.1061903],[-10.3887111,52.1063896],[-10.3882149,52.1068591],[-10.3878775,52.1068203],[-10.3875567,52.1069797],[-10.3870352,52.107859],[-10.3868085,52.107778],[-10.3868868,52.1071122],[-10.3868002,52.1070134],[-10.3866354,52.1070691],[-10.3865035,52.1069198],[-10.3865941,52.1065451],[-10.3864705,52.1062742],[-10.3862783,52.1060582],[-10.3856684,52.1061247],[-10.3852494,52.1062272],[-10.3849764,52.1062852],[-10.3840752,52.1065178],[-10.3847087,52.1061613],[-10.3837666,52.1063259],[-10.3835964,52.1062019],[-10.3828279,52.1063942],[-10.3824856,52.1063013],[-10.3817195,52.1063732],[-10.381246,52.1063473],[-10.3809409,52.1060849],[-10.3797846,52.1062221],[-10.3790563,52.1064096],[-10.3786646,52.1063532],[-10.3789379,52.1061344],[-10.3795044,52.1059578],[-10.3797064,52.1057162],[-10.3789836,52.1057086],[-10.3782954,52.1057034],[-10.3780248,52.1053554],[-10.3774753,52.1048984],[-10.3767735,52.1053295],[-10.3768143,52.1059184],[-10.3768203,52.1062717],[-10.3755441,52.1066522],[-10.3747003,52.1067675],[-10.3741573,52.1071017],[-10.3735443,52.1074085],[-10.3733227,52.1075392],[-10.3728675,52.1074689],[-10.3723421,52.1079306],[-10.3721332,52.1082799],[-10.372053,52.1083825],[-10.3718847,52.1084883],[-10.3717994,52.108409],[-10.3720945,52.1078726],[-10.3721173,52.1077532],[-10.3721007,52.1077212],[-10.3720658,52.1077205],[-10.3720392,52.1077651],[-10.3719982,52.1077763],[-10.3719765,52.1077639],[-10.3719898,52.1077439],[-10.3719619,52.1077284],[-10.3719343,52.1077375],[-10.371912,52.1077137],[-10.3719182,52.1076759],[-10.3718925,52.1075556],[-10.3718661,52.1075455],[-10.3717446,52.1075485],[-10.3716231,52.107559],[-10.3715785,52.1075487],[-10.3716024,52.107515],[-10.37161,52.1074755],[-10.3716101,52.1074496],[-10.3715883,52.1074474],[-10.3715359,52.1074533],[-10.3714691,52.107471],[-10.3714535,52.1074969],[-10.3714568,52.1075248],[-10.3714364,52.1075415],[-10.3714297,52.107579],[-10.3714101,52.1075989],[-10.3713818,52.1076146],[-10.3713729,52.1076541],[-10.3713568,52.1076739],[-10.3713329,52.107737],[-10.3712996,52.1077626],[-10.3712203,52.1077657],[-10.3708722,52.107552],[-10.3710357,52.1072425],[-10.3707369,52.107121],[-10.3708553,52.1069392],[-10.3704522,52.1064532],[-10.3696733,52.1065122],[-10.3696046,52.1066644],[-10.3691697,52.106641],[-10.3690671,52.1065102],[-10.3684116,52.1066002],[-10.369153,52.106297],[-10.3688175,52.1060728],[-10.3680872,52.1060972],[-10.3675281,52.1066301],[-10.3675415,52.1059692],[-10.3677003,52.1053468],[-10.3671393,52.10529],[-10.3662047,52.1053863],[-10.3661993,52.1058513],[-10.3657943,52.1053409],[-10.3640836,52.1057702],[-10.3633004,52.1059817],[-10.3630686,52.1059714],[-10.3627735,52.1059714],[-10.3629452,52.1057342],[-10.3628594,52.1056617],[-10.3622448,52.1058827],[-10.3621474,52.1057856],[-10.3619694,52.1057657],[-10.3617736,52.1054134],[-10.360925,52.1055854],[-10.3602732,52.1052684],[-10.3596826,52.1052147],[-10.3578297,52.1052094],[-10.3570079,52.1058328],[-10.3575272,52.1051359],[-10.3574762,52.1047336],[-10.3569075,52.1048808],[-10.3568807,52.1049467],[-10.3566179,52.1050538],[-10.3563926,52.1050176],[-10.356067,52.1051089],[-10.3560021,52.1059405],[-10.3557065,52.1061162],[-10.3551196,52.1061646],[-10.3550907,52.1066021],[-10.3547586,52.1067076],[-10.3540333,52.1070947],[-10.3537565,52.1073566],[-10.3529578,52.1074878],[-10.3527711,52.1077705],[-10.3526507,52.1077934],[-10.352659,52.1076657],[-10.352893,52.1073177],[-10.3526822,52.1072968],[-10.3525732,52.1071894],[-10.3523123,52.107177],[-10.3523123,52.1071119],[-10.3521885,52.1070555],[-10.3517337,52.107417],[-10.3517847,52.1075099],[-10.3516614,52.1076948],[-10.3514022,52.1077849],[-10.3512571,52.1079273],[-10.3508201,52.1079968],[-10.3505775,52.1080858],[-10.3505403,52.1081562],[-10.3503481,52.1081738],[-10.3502277,52.1081386],[-10.3499902,52.1081484],[-10.3497672,52.1082052],[-10.3495223,52.1082179],[-10.349502,52.1080514],[-10.348903,52.1083253],[-10.3483639,52.1084907],[-10.3482178,52.1085615],[-10.3479094,52.1085564],[-10.3477084,52.1086435],[-10.3476028,52.1087516],[-10.3474209,52.108765],[-10.3474184,52.1088562],[-10.3476955,52.1088702],[-10.3476803,52.1089653],[-10.3477989,52.1090843],[-10.3480127,52.1090605],[-10.3480832,52.109042],[-10.3481124,52.1090675],[-10.3480492,52.1091006],[-10.3480666,52.1091286],[-10.3481623,52.1091259],[-10.3481297,52.1092048],[-10.3479709,52.1092448],[-10.3479774,52.1092662],[-10.3481215,52.1092492],[-10.3481154,52.1092888],[-10.3479263,52.1093082],[-10.3479196,52.1093828],[-10.3480996,52.1095792],[-10.3480517,52.1096941],[-10.3482638,52.109804],[-10.3483824,52.1097412],[-10.3485081,52.1098135],[-10.3485821,52.1100655],[-10.3490949,52.1101076],[-10.3499686,52.1103064],[-10.3507367,52.1103424],[-10.3508931,52.110446],[-10.3508767,52.1106391],[-10.3510068,52.1106675],[-10.351251,52.1107216],[-10.3513361,52.1106863],[-10.3514765,52.1106144],[-10.3517072,52.110603],[-10.3517656,52.1104349],[-10.351984,52.1104349],[-10.3523029,52.1104645],[-10.3523562,52.1103046],[-10.3524301,52.1101761],[-10.3525562,52.1101648],[-10.3526751,52.1102825],[-10.3531891,52.1103877],[-10.3537968,52.110286],[-10.3539133,52.110269],[-10.3545915,52.1105933],[-10.3548232,52.1108556],[-10.3551045,52.1110481],[-10.3550678,52.1112565],[-10.3552926,52.1111908],[-10.3554482,52.1111256],[-10.3555526,52.111203],[-10.3560557,52.1111449],[-10.3563444,52.1109813],[-10.3566793,52.1109978],[-10.3570531,52.1109966],[-10.3573232,52.1109519],[-10.3578713,52.1107836],[-10.3583098,52.1108178],[-10.358872,52.1108404],[-10.3592703,52.1109069],[-10.3595471,52.1110131],[-10.3598892,52.1112095],[-10.3603066,52.1113705],[-10.3607765,52.1116232],[-10.3609992,52.1118102],[-10.361581,52.112273],[-10.3618769,52.1126149],[-10.3621526,52.113108],[-10.3622814,52.1131786],[-10.3623672,52.1132154],[-10.3623889,52.1132875],[-10.3623998,52.113389],[-10.3624216,52.1134892],[-10.3624172,52.1136468],[-10.3623868,52.1138231],[-10.362415,52.1138912],[-10.3623889,52.113938],[-10.3623324,52.1139647],[-10.3622584,52.1139794],[-10.362191,52.1140355],[-10.3622149,52.1140796],[-10.3622562,52.1140943],[-10.3623019,52.1141143],[-10.362338,52.1142098],[-10.3623075,52.1142753],[-10.3622488,52.1143354],[-10.362214,52.1143634],[-10.3621814,52.1143861],[-10.3621683,52.1143665],[-10.3621661,52.1143538],[-10.3621248,52.1143541],[-10.3621096,52.1143928],[-10.3621357,52.1144449],[-10.3621313,52.1144957],[-10.3621357,52.1145705],[-10.3621335,52.1146025],[-10.3620813,52.1146226],[-10.3620813,52.114664],[-10.3621422,52.1147214],[-10.3621509,52.1148122],[-10.3622205,52.1150032],[-10.3624032,52.1152624],[-10.3627491,52.1153625],[-10.3628731,52.1153759],[-10.3629253,52.1153545],[-10.3629949,52.1153345],[-10.3630558,52.1153251],[-10.3630775,52.1153011],[-10.3631537,52.1152837],[-10.3632733,52.1152877],[-10.363332,52.1152503],[-10.3634103,52.115225],[-10.3635191,52.115225],[-10.3635952,52.1152063],[-10.3636822,52.1152076],[-10.3637388,52.1151689],[-10.3638475,52.1151742],[-10.3640784,52.1151812],[-10.3642108,52.1151947],[-10.3645934,52.1152594],[-10.3646411,52.1155632],[-10.3646977,52.1159239],[-10.3648923,52.115906],[-10.3648571,52.1157446],[-10.3647617,52.1157488],[-10.3647248,52.1155278],[-10.3647986,52.1155202],[-10.3647851,52.1154316],[-10.3647555,52.1152369],[-10.3650652,52.1152209],[-10.3652962,52.1152089],[-10.3656347,52.1151233],[-10.3659367,52.1151275],[-10.366015,52.1150741],[-10.3660846,52.1150714],[-10.3661934,52.1150741],[-10.3662586,52.11505],[-10.3665457,52.1150126],[-10.3668546,52.1150153],[-10.3671591,52.115034],[-10.3675767,52.1150126],[-10.3678247,52.1149592],[-10.3681858,52.1149165],[-10.3682771,52.1149191],[-10.3684511,52.1149378],[-10.368599,52.1149191],[-10.368673,52.1148577],[-10.3687557,52.1148764],[-10.3688601,52.1149218],[-10.3690043,52.1148658],[-10.3691488,52.114845],[-10.3692842,52.1148639],[-10.3694072,52.1148658],[-10.3695026,52.1148412],[-10.3695826,52.1148015],[-10.3697364,52.114794],[-10.3698933,52.1147978],[-10.3699332,52.1147864],[-10.3700778,52.114828],[-10.3701578,52.1148072],[-10.3702101,52.1147845],[-10.3702439,52.1147694],[-10.3704223,52.1148129],[-10.3706531,52.1148582],[-10.3707792,52.1148544],[-10.3709053,52.1148506],[-10.3709853,52.1148318],[-10.3711022,52.1148015],[-10.3712068,52.114777],[-10.3715023,52.1147211],[-10.3716159,52.114641],[-10.3717604,52.1145446],[-10.3718312,52.1144785],[-10.3719512,52.1144067],[-10.3721142,52.1143614],[-10.3723541,52.1143482],[-10.3725879,52.1143803],[-10.3729104,52.1144491],[-10.3733649,52.1146511],[-10.3740089,52.1149344],[-10.3744643,52.1151567],[-10.3749011,52.1153361],[-10.3755041,52.1155684],[-10.3757501,52.1157573],[-10.3762437,52.1162063],[-10.3763777,52.1163297],[-10.3768729,52.1169719],[-10.3772667,52.1175027],[-10.3776819,52.1179409],[-10.3779514,52.1181822],[-10.3781864,52.1182507],[-10.3783433,52.1182412],[-10.3784756,52.1182242],[-10.3785894,52.1182053],[-10.3786817,52.1181732],[-10.3788693,52.1181524],[-10.37898,52.1181392],[-10.3790662,52.1181109],[-10.3791188,52.1180212],[-10.3791568,52.1180422],[-10.3791981,52.1180569],[-10.3792538,52.1180656],[-10.3793276,52.1180731],[-10.3793584,52.1180882],[-10.3793584,52.1181128],[-10.379343,52.1181487],[-10.3793153,52.118177],[-10.3792477,52.1182204],[-10.3791892,52.1182563],[-10.3791062,52.1183111],[-10.3790639,52.1183645],[-10.3790662,52.1183886],[-10.3790385,52.1184433],[-10.3789708,52.118483],[-10.3788693,52.1185057],[-10.3787063,52.1185227],[-10.378534,52.1185245],[-10.3783864,52.1185453],[-10.3782239,52.1186059],[-10.3781003,52.1186473],[-10.3780572,52.1186738],[-10.3779926,52.1187304],[-10.3779434,52.1188135],[-10.3777496,52.118976],[-10.3775281,52.1192423],[-10.3771633,52.119964],[-10.3768885,52.1207094],[-10.3765997,52.1219862],[-10.3763509,52.1229525],[-10.3761376,52.123522],[-10.3755362,52.1248071],[-10.3749376,52.1258192],[-10.3742417,52.126695],[-10.3741459,52.1267833],[-10.3739953,52.126922],[-10.3737089,52.1271859],[-10.3724997,52.1282515],[-10.3705504,52.1300466],[-10.3705773,52.1304983],[-10.3703958,52.1307377],[-10.3697727,52.1312529],[-10.369664,52.1312961],[-10.3694253,52.131434],[-10.3691737,52.1312515],[-10.3687268,52.1311814],[-10.3680453,52.1312386],[-10.3672577,52.1314706],[-10.3663037,52.1318272],[-10.3650181,52.1322671],[-10.3647011,52.1323845],[-10.3645811,52.1324354],[-10.3644581,52.1324656],[-10.3643566,52.132477],[-10.364295,52.1324808],[-10.3642554,52.1324854],[-10.3642304,52.1324883],[-10.3642274,52.1324128],[-10.3641935,52.1324128],[-10.3640643,52.1324033],[-10.3638336,52.1324524],[-10.3636829,52.1324959],[-10.3636197,52.132549],[-10.3635821,52.1326194],[-10.3635212,52.1326835],[-10.363395,52.1327075],[-10.3630905,52.1327876],[-10.3627686,52.1328277],[-10.3624292,52.1328677],[-10.3622944,52.1328463],[-10.3619377,52.1328437],[-10.3616072,52.1328528],[-10.3610333,52.1327719],[-10.3604987,52.1326182],[-10.3602457,52.1324006],[-10.3601419,52.1323255],[-10.3601846,52.1322487],[-10.3602724,52.1321613],[-10.3603181,52.1320433],[-10.3597858,52.1317033],[-10.3602195,52.1315613],[-10.3602022,52.1315321],[-10.3602967,52.131502],[-10.3603303,52.1313787],[-10.3600659,52.1313657],[-10.3600406,52.1313645],[-10.360038,52.131403],[-10.3594964,52.1314949],[-10.3592721,52.1315371],[-10.3590583,52.1315263],[-10.3587645,52.1314314],[-10.3586234,52.1312839],[-10.3583615,52.1312142],[-10.3581463,52.1311911],[-10.3579278,52.1309952],[-10.3578417,52.1307761],[-10.3577062,52.1306664],[-10.357506,52.1305936],[-10.3571171,52.1302537],[-10.3559872,52.1302952],[-10.354758,52.1304234],[-10.3539363,52.1305537],[-10.3532337,52.1304374],[-10.3523843,52.1300445],[-10.3521319,52.1301192],[-10.351723,52.1298332],[-10.3512682,52.1296771],[-10.3506564,52.1296854],[-10.3499829,52.1299179],[-10.3496319,52.1297535],[-10.3491235,52.1293746],[-10.3486937,52.129108],[-10.3483732,52.1285329],[-10.3478101,52.1282721],[-10.3471842,52.1280353],[-10.3459453,52.1276421],[-10.3458135,52.1278789],[-10.3455939,52.1277589],[-10.3454894,52.1276561],[-10.3451947,52.127549],[-10.3444416,52.1273385],[-10.3440904,52.12724],[-10.3437373,52.1268863],[-10.3436141,52.1268304],[-10.3430962,52.1265956],[-10.3424745,52.1263643],[-10.3420111,52.1269991],[-10.3417672,52.1265757],[-10.3412421,52.1261853],[-10.3402974,52.1259951],[-10.3399204,52.1259986],[-10.3394182,52.1259971],[-10.3393327,52.1257924],[-10.3387505,52.125516],[-10.3380805,52.1254488],[-10.3382211,52.1252491],[-10.3385562,52.1251095],[-10.3386541,52.1249377],[-10.3379755,52.1250279],[-10.3377043,52.1249688],[-10.3379825,52.1247273],[-10.3378916,52.1244868],[-10.3376467,52.1245598],[-10.3374579,52.1248046],[-10.3371361,52.1249741],[-10.3370871,52.124753],[-10.3370031,52.1246371],[-10.3371919,52.1243782],[-10.3368562,52.1243837],[-10.3368392,52.1241416],[-10.3365274,52.1241045],[-10.3367075,52.12394],[-10.3366253,52.1236707],[-10.3362917,52.1235608],[-10.3356559,52.1233756],[-10.3353031,52.1233743],[-10.3351829,52.123259],[-10.3356179,52.122919],[-10.3352555,52.122879],[-10.335398,52.1225594],[-10.3360079,52.122267],[-10.3363367,52.1217801],[-10.3369337,52.1213349],[-10.336658,52.1211878],[-10.3363485,52.1212647],[-10.3357972,52.1212667],[-10.33516,52.12128],[-10.33392,52.12142],[-10.3335,52.12143],[-10.33309,52.12143],[-10.3325179,52.1213418],[-10.3321766,52.1215665],[-10.3318798,52.1215969],[-10.3319391,52.1214056],[-10.3315632,52.1215028],[-10.3313818,52.1216482],[-10.3310046,52.1215326],[-10.3298071,52.1217275],[-10.3300728,52.1215042],[-10.329995,52.1213752],[-10.3286746,52.1216389],[-10.3268703,52.1220002],[-10.3267718,52.1219011],[-10.3266987,52.1218171],[-10.3266243,52.121686],[-10.3266363,52.1216079],[-10.3267299,52.1215873],[-10.3267875,52.1215206],[-10.326938,52.1214606],[-10.3270101,52.1214689],[-10.3270556,52.1215616],[-10.3271732,52.1215712],[-10.3274083,52.1215813],[-10.3276185,52.1215221],[-10.3277845,52.1213355],[-10.3284516,52.121196],[-10.3287434,52.1210277],[-10.3289414,52.1206098],[-10.3288091,52.120394],[-10.3292036,52.1201299],[-10.3290552,52.1200843],[-10.3286446,52.1201785],[-10.3290502,52.1199324],[-10.3283972,52.1200934],[-10.328323,52.1200053],[-10.3290205,52.1196925],[-10.3288523,52.1195437],[-10.3280509,52.119814],[-10.3280015,52.1197138],[-10.3281291,52.1193978],[-10.3278432,52.119325],[-10.3276313,52.1192895],[-10.3276552,52.1190577],[-10.3274956,52.1188869],[-10.3271952,52.1188572],[-10.3265697,52.1190315],[-10.3263542,52.1189544],[-10.3267865,52.1187738],[-10.3264482,52.1186446],[-10.3260475,52.1189544],[-10.3258743,52.1189149],[-10.3259237,52.1188016],[-10.3259534,52.1185705],[-10.3264185,52.118271],[-10.3259715,52.1182563],[-10.3257507,52.1182558],[-10.3256616,52.1181677],[-10.3256616,52.1180796],[-10.3258793,52.118031],[-10.3257655,52.1179156],[-10.3259535,52.1176756],[-10.3254836,52.1176999],[-10.3253248,52.1179321],[-10.3252164,52.1177364],[-10.3251374,52.1176446],[-10.3254093,52.117548],[-10.3256985,52.1173446],[-10.3259387,52.1171106],[-10.3258817,52.1169887],[-10.3256998,52.1171197],[-10.3256221,52.1170924],[-10.3255809,52.1169457],[-10.3256806,52.1167588],[-10.3256298,52.1165892],[-10.3257068,52.1161381],[-10.3258527,52.1159566],[-10.3257338,52.1159395],[-10.3257898,52.1158407],[-10.3255589,52.1158729],[-10.3254225,52.1157998],[-10.3252476,52.1157676],[-10.3256359,52.1156173],[-10.3253211,52.1155056],[-10.3257023,52.1153853],[-10.3257513,52.1152586],[-10.3256114,52.115192],[-10.3257896,52.1148707],[-10.3256813,52.1148827],[-10.325678,52.1146191],[-10.3255414,52.1144702],[-10.3251567,52.1145196],[-10.3249153,52.1146979],[-10.32414,52.11474],[-10.3240275,52.1146988],[-10.3237295,52.1146743],[-10.3236488,52.1145814],[-10.3240233,52.1143285],[-10.3240898,52.1141996],[-10.3243481,52.1141239],[-10.3240233,52.1139912],[-10.3238659,52.1138709],[-10.3241457,52.1136518],[-10.3241912,52.1133704],[-10.3242822,52.1133275],[-10.3242437,52.1131878],[-10.3241108,52.1132179],[-10.3240152,52.1132843],[-10.3238694,52.1132115],[-10.3235965,52.113368],[-10.3235336,52.1136024],[-10.3234217,52.1137463],[-10.3236351,52.1138688],[-10.3231109,52.1139393],[-10.3224837,52.1138258],[-10.3217519,52.1139991],[-10.3215888,52.1140728],[-10.3215398,52.1139697],[-10.321395,52.1139765],[-10.32121,52.11412],[-10.3210186,52.1141072],[-10.3208277,52.1140541],[-10.321127,52.113828],[-10.3210891,52.1136342],[-10.3209067,52.1136411],[-10.3201511,52.1138387],[-10.3196659,52.1140793],[-10.3191997,52.1142064],[-10.3192836,52.1142962],[-10.3195005,52.1142834],[-10.3193676,52.114627],[-10.3189787,52.1149035],[-10.3187267,52.1149089],[-10.3185141,52.1149836],[-10.3185281,52.1153316],[-10.3183881,52.1154055],[-10.3182902,52.1155464],[-10.3182026,52.1154055],[-10.3181979,52.1151768],[-10.3179899,52.1151367],[-10.3177214,52.1151826],[-10.3175868,52.1151607],[-10.3174088,52.1149608],[-10.3171893,52.1147892],[-10.3171508,52.1145335],[-10.3173537,52.1143467],[-10.3170669,52.1143488],[-10.3169829,52.1142715],[-10.3164757,52.1144712],[-10.3159309,52.1149333],[-10.3157342,52.1149739],[-10.31562,52.11484],[-10.3154,52.11472],[-10.3150678,52.1147213],[-10.3143521,52.1152038],[-10.3143123,52.1150951],[-10.3143329,52.1150791],[-10.3144546,52.1149148],[-10.314391,52.1149058],[-10.3141706,52.1149331],[-10.3139641,52.1149027],[-10.3138436,52.1149911],[-10.3138978,52.1150727],[-10.313959,52.1151574],[-10.3137949,52.1151804],[-10.3137124,52.1151457],[-10.3135246,52.1149994],[-10.3133624,52.115026],[-10.3132407,52.1150758],[-10.3131272,52.1151239],[-10.3130272,52.1151605],[-10.3130623,52.1150692],[-10.3131137,52.115026],[-10.3132218,52.1149862],[-10.3132705,52.1149015],[-10.3131596,52.1149131],[-10.3130542,52.1149646],[-10.3129055,52.1149878],[-10.3129488,52.1149264],[-10.3128947,52.1148616],[-10.3128028,52.1148633],[-10.3128731,52.1148168],[-10.3129353,52.1147039],[-10.3127312,52.1147299],[-10.3125703,52.1146998],[-10.3117747,52.1150143],[-10.3117098,52.1151509],[-10.3118725,52.1152209],[-10.3116678,52.1152776],[-10.3116171,52.1151157],[-10.3116399,52.1149963],[-10.3115699,52.1148889],[-10.3116066,52.1147355],[-10.311472,52.1147492],[-10.311472,52.114455],[-10.3107138,52.1146849],[-10.3103107,52.1148588],[-10.3102197,52.1149791],[-10.3100518,52.1150478],[-10.3098948,52.1149667],[-10.3102337,52.1146955],[-10.3099688,52.1146414],[-10.3089711,52.1148831],[-10.3090724,52.1147084],[-10.3080989,52.1150019],[-10.308037,52.1148158],[-10.307535,52.114959],[-10.3073376,52.1147306],[-10.3074913,52.1144256],[-10.3070996,52.114528],[-10.3070366,52.1148846],[-10.3067008,52.1149318],[-10.3064559,52.1146655],[-10.3058957,52.1142723],[-10.3054228,52.1144399],[-10.3049469,52.1146722],[-10.3047409,52.1147183],[-10.304665,52.1149318],[-10.3045153,52.1146739],[-10.3051897,52.1142187],[-10.3049166,52.1140649],[-10.3047778,52.1140662],[-10.3038514,52.1139179],[-10.3028181,52.114137],[-10.3027901,52.1137692],[-10.3020128,52.1139599],[-10.3012651,52.1129872],[-10.3002296,52.112101],[-10.2999077,52.1118465],[-10.2995228,52.1118553],[-10.2992498,52.112155],[-10.298708,52.1121496],[-10.2981603,52.1124875],[-10.2980023,52.1129612],[-10.2976734,52.1127776],[-10.2975919,52.1122505],[-10.2978227,52.1119844],[-10.2971929,52.1121036],[-10.2969799,52.1119364],[-10.2969378,52.1117365],[-10.2979637,52.1114676],[-10.2974922,52.1113849],[-10.2971604,52.1112595],[-10.2961695,52.1116464],[-10.2958362,52.1118343],[-10.2956586,52.1113819],[-10.294962,52.1113533],[-10.294966,52.1109861],[-10.2942896,52.1109962],[-10.293478,52.1111068],[-10.29324,52.11111],[-10.2934064,52.1109619],[-10.2926218,52.1111324],[-10.2922696,52.1107047],[-10.2919087,52.1106585],[-10.2914848,52.1106295],[-10.2909529,52.1106063],[-10.290859,52.1110288],[-10.2904933,52.1110856],[-10.2902573,52.1112217],[-10.2899742,52.1115712],[-10.2896565,52.1115599],[-10.2898568,52.1112745],[-10.2896516,52.1111073],[-10.28929,52.11129],[-10.2891687,52.1112399],[-10.2890152,52.1110203],[-10.2878185,52.1112261],[-10.2874609,52.1117049],[-10.287182,52.1120694],[-10.2867135,52.1120605],[-10.286331,52.1123988],[-10.2862461,52.1124824],[-10.2862032,52.1126249],[-10.286108,52.1127879],[-10.2860007,52.1130136],[-10.2860355,52.1132063],[-10.285888,52.1133381],[-10.2857003,52.1133051],[-10.2857083,52.1129691],[-10.2858143,52.1125944],[-10.2859685,52.1124882],[-10.2860614,52.1123296],[-10.2861831,52.1121455],[-10.2861416,52.1120192],[-10.2858203,52.1120122],[-10.2858177,52.1118906],[-10.2854442,52.1120123],[-10.2851724,52.1119816],[-10.284859,52.1117205],[-10.2838993,52.1121086],[-10.2836467,52.112426],[-10.2835247,52.1127361],[-10.2839852,52.1132772],[-10.2839764,52.1138574],[-10.2832641,52.1138803],[-10.2830913,52.1137032],[-10.2827163,52.11367],[-10.2823598,52.1137004],[-10.2819613,52.113813],[-10.2815718,52.1136475],[-10.2812318,52.1138284],[-10.280646,52.1138574],[-10.2803379,52.1134616],[-10.2798939,52.113572],[-10.2799103,52.113405],[-10.2801407,52.1132536],[-10.2798197,52.1131401],[-10.2788222,52.1132814],[-10.2787901,52.1132456],[-10.2784733,52.113206],[-10.2773526,52.1126245],[-10.2771216,52.1127124],[-10.2768969,52.1126456],[-10.2766121,52.1127254],[-10.2767558,52.1128749],[-10.276508,52.1131348],[-10.2763063,52.1132101],[-10.2761915,52.1133313],[-10.2760928,52.1132839],[-10.2757253,52.1130803],[-10.2760593,52.1128056],[-10.2756368,52.1128591],[-10.2753206,52.1127651],[-10.2749539,52.1128766],[-10.2749054,52.1130097],[-10.2745462,52.1132455],[-10.2745449,52.1135476],[-10.2744499,52.1135799],[-10.2741487,52.1128436],[-10.274016,52.1128548],[-10.2738389,52.1131992],[-10.2742415,52.1136557],[-10.2736268,52.1133707],[-10.2723932,52.1136175],[-10.2719759,52.1145865],[-10.2718091,52.1146196],[-10.271903,52.1147925],[-10.2716267,52.114949],[-10.2714792,52.1150709],[-10.2714107,52.1150503],[-10.2712432,52.1148864],[-10.2711466,52.1147068],[-10.271042,52.1147381],[-10.2709723,52.1147414],[-10.2709267,52.1147233],[-10.2709615,52.1144878],[-10.2710152,52.1142934],[-10.2711332,52.1142374],[-10.2713182,52.1139149],[-10.272044,52.1136595],[-10.2719442,52.1134933],[-10.2712104,52.113573],[-10.2710001,52.1133434],[-10.2697523,52.1135007],[-10.2687867,52.113766],[-10.2688803,52.1135776],[-10.2688629,52.1134013],[-10.2685287,52.1133668],[-10.2676154,52.1135494],[-10.2675515,52.1136927],[-10.2670849,52.1140653],[-10.267109,52.1141276],[-10.2669731,52.1141732],[-10.2667372,52.114205],[-10.2665815,52.1142177],[-10.2664915,52.1141528],[-10.2661604,52.1142457],[-10.2659757,52.1142419],[-10.265858,52.1142682],[-10.2656638,52.1142775],[-10.2656882,52.1141653],[-10.2650496,52.1143104],[-10.2645386,52.1143993],[-10.2643909,52.1145133],[-10.2643332,52.1146474],[-10.2643485,52.1147416],[-10.2642696,52.1150051],[-10.2643182,52.1151537],[-10.2642401,52.1152917],[-10.2641173,52.115254],[-10.2632233,52.1156841],[-10.2632496,52.1158279],[-10.2628242,52.1160468],[-10.2627225,52.1162984],[-10.2630986,52.1162726],[-10.2631941,52.1163799],[-10.2628037,52.1164997],[-10.2627957,52.1165606],[-10.2633378,52.1166818],[-10.2633381,52.1167859],[-10.2631487,52.1170127],[-10.2632603,52.1170493],[-10.2634395,52.1169992],[-10.2641111,52.1168545],[-10.2642457,52.1169523],[-10.2641149,52.1171829],[-10.2635799,52.1173972],[-10.2629666,52.1180284],[-10.2626129,52.1180844],[-10.2623744,52.118275],[-10.2627598,52.1183595],[-10.2625004,52.1186992],[-10.2622773,52.1187319],[-10.2623309,52.1189611],[-10.2613058,52.1190705],[-10.2612374,52.1192327],[-10.2608332,52.1193221],[-10.2615256,52.1197524],[-10.2615589,52.1200012],[-10.2615959,52.1202737],[-10.2622014,52.1207749],[-10.262544,52.1208858],[-10.2627947,52.1210568],[-10.2630055,52.1213469],[-10.2632875,52.1215531],[-10.2638461,52.1217027],[-10.264217,52.1216024],[-10.2645475,52.1216104],[-10.2647464,52.12169],[-10.2649584,52.1218545],[-10.2653398,52.1218758],[-10.2661638,52.122489],[-10.2667707,52.123122],[-10.2667932,52.1233727],[-10.2670443,52.1235082],[-10.2674677,52.123581],[-10.2680832,52.1234792],[-10.2686744,52.1234822],[-10.2690997,52.1235667],[-10.2699272,52.1234342],[-10.2705286,52.1234056],[-10.2710718,52.123453],[-10.271702,52.1236268],[-10.2720694,52.1239232],[-10.2722834,52.1239881],[-10.2734142,52.1238286],[-10.2740829,52.1239275],[-10.2785216,52.1236854],[-10.2800023,52.1238968],[-10.2811743,52.1240862],[-10.2822353,52.1244439],[-10.2833245,52.1250476],[-10.283854,52.125437],[-10.2845999,52.1261815],[-10.2851349,52.1263677],[-10.285971,52.1265682],[-10.2865006,52.1266895],[-10.2874554,52.1266211],[-10.2884701,52.1266916],[-10.2895757,52.1268476],[-10.2912047,52.1270696],[-10.2921106,52.1270135],[-10.2941553,52.1271482],[-10.2946121,52.1272311],[-10.2952841,52.1274897],[-10.295795,52.1275984],[-10.2965156,52.1276119],[-10.2972455,52.1277411],[-10.2977091,52.1276754],[-10.2986448,52.127423],[-10.2999021,52.1269662],[-10.3002274,52.1269387],[-10.3006975,52.1269441],[-10.3017732,52.1274059],[-10.3030797,52.1281114],[-10.3038861,52.1288083],[-10.3046901,52.1291426],[-10.3057268,52.129323],[-10.3067875,52.1293324],[-10.3079338,52.129016],[-10.3081852,52.1290639],[-10.3085067,52.1292783],[-10.3083624,52.1289996],[-10.3082981,52.1288702],[-10.3093965,52.1282558],[-10.3099036,52.1280794],[-10.3108383,52.1280599],[-10.3118257,52.1283666],[-10.3119411,52.1284374],[-10.3121055,52.1288175],[-10.3120145,52.1289979],[-10.3120755,52.1292374],[-10.311743,52.1293788],[-10.311569,52.1294022],[-10.3114234,52.1296179],[-10.3111023,52.1298137],[-10.3107416,52.1299653],[-10.3102108,52.1301697],[-10.3098389,52.1303189],[-10.3095535,52.1302797],[-10.3092867,52.1305183],[-10.3090901,52.1308216],[-10.308789,52.1312887],[-10.3083572,52.1315256],[-10.3072689,52.1317408],[-10.3065059,52.1318007],[-10.3053539,52.1322204],[-10.3045967,52.1327478],[-10.3038242,52.1329902],[-10.303428,52.1333162],[-10.3028968,52.1344481],[-10.3025243,52.1348528],[-10.3018066,52.1353194],[-10.3016104,52.1353592],[-10.3009217,52.1357733],[-10.3004487,52.1357593],[-10.3004118,52.1357115],[-10.3003655,52.1357122],[-10.3003467,52.1357439],[-10.3003644,52.1357767],[-10.3003323,52.1358446],[-10.3003191,52.1359519],[-10.300365,52.1360151],[-10.3004395,52.1360512],[-10.3008611,52.1360668],[-10.3008617,52.1360986],[-10.3006273,52.1363082],[-10.3006223,52.1363581],[-10.3006008,52.1363881],[-10.3005574,52.136399],[-10.3005221,52.1363899],[-10.3004894,52.1363558],[-10.3004912,52.1363373],[-10.3005128,52.1363147],[-10.3005517,52.1362154],[-10.3003919,52.1362234],[-10.3002937,52.1363246],[-10.3000271,52.1363523],[-10.2997683,52.1361478],[-10.2996391,52.1361782],[-10.2996055,52.1361557],[-10.2998177,52.1360696],[-10.2997734,52.1360435],[-10.2996948,52.1360467],[-10.2995967,52.1360876],[-10.2993731,52.1356007],[-10.2991887,52.1354464],[-10.2975668,52.1347316],[-10.2956432,52.1343495],[-10.2948792,52.1342743],[-10.2942304,52.1343584],[-10.2936559,52.1346284],[-10.2932059,52.1351221],[-10.2927297,52.1354398],[-10.2920103,52.1357506],[-10.2913374,52.1359214],[-10.28842,52.1363775],[-10.2873517,52.1365749],[-10.2869645,52.1367147],[-10.2868416,52.136843],[-10.2867352,52.1370446],[-10.2864893,52.1374463],[-10.2865287,52.1376998],[-10.2866261,52.1379046],[-10.2868643,52.1381931],[-10.2870733,52.1383101],[-10.2872977,52.1384838],[-10.2874725,52.138921],[-10.2874128,52.1392187],[-10.2872471,52.1393739],[-10.287552,52.139334],[-10.2877235,52.1394015],[-10.2879281,52.1396784],[-10.2883295,52.1403546],[-10.28844,52.1410141],[-10.2885547,52.1413808],[-10.2885803,52.1415345],[-10.2885308,52.1416826],[-10.2887263,52.1419922],[-10.2883217,52.1422543],[-10.2881161,52.1422721],[-10.2878372,52.1419954],[-10.2873867,52.1418719],[-10.2871542,52.1416086],[-10.2869166,52.1411661],[-10.2866186,52.1408678],[-10.2855676,52.1405902],[-10.2853449,52.140488],[-10.2838197,52.1401803],[-10.2817928,52.139686],[-10.2805925,52.1395862],[-10.2806658,52.1394369],[-10.2790608,52.1393098],[-10.2788396,52.1391341],[-10.278928,52.1387045],[-10.2791892,52.1374208],[-10.2791673,52.1372531],[-10.2789878,52.1371508],[-10.2768882,52.1363838],[-10.2766716,52.1363589],[-10.2764918,52.1364851],[-10.276464,52.1366494],[-10.2765746,52.1367001],[-10.2781574,52.1373087],[-10.2782782,52.1374768],[-10.2779717,52.1388671],[-10.2773074,52.1387831],[-10.2772936,52.1388477],[-10.2772841,52.1389019],[-10.2769434,52.1388566],[-10.276919,52.1389305],[-10.2751427,52.1387507],[-10.2755317,52.1370891],[-10.2751251,52.1370507],[-10.274802,52.1385024],[-10.2748261,52.1386456],[-10.2747752,52.1388925],[-10.27467,52.1388827],[-10.2746652,52.138909],[-10.2740403,52.1389255],[-10.2739678,52.1389106],[-10.2739705,52.1388843],[-10.2739196,52.1388629],[-10.2738715,52.1389318],[-10.2723133,52.138489],[-10.271985,52.1383966],[-10.2725929,52.1375017],[-10.2726259,52.1374596],[-10.2727067,52.1373876],[-10.272813,52.1373376],[-10.2739449,52.1374915],[-10.2739832,52.1374443],[-10.2727268,52.1372552],[-10.272642,52.1372013],[-10.2726867,52.1371504],[-10.2726616,52.1369697],[-10.272925,52.1370677],[-10.2729835,52.1370076],[-10.2728976,52.1369714],[-10.2728735,52.1368051],[-10.2729537,52.1366377],[-10.2734121,52.1362288],[-10.2736912,52.1358846],[-10.2738435,52.1355656],[-10.2747286,52.1354506],[-10.2749446,52.1353688],[-10.2749992,52.1352112],[-10.2748954,52.1350636],[-10.2747547,52.1350016],[-10.2739829,52.1350893],[-10.2737869,52.1351064],[-10.2736547,52.1347458],[-10.2735375,52.1345586],[-10.2733457,52.1344022],[-10.2730711,52.1342267],[-10.2724613,52.1338896],[-10.272275,52.1337011],[-10.2719024,52.1333086],[-10.2715146,52.1331386],[-10.2712024,52.1329964],[-10.2707241,52.1328913],[-10.2701148,52.1328511],[-10.2697019,52.132848],[-10.2691027,52.1328604],[-10.2688006,52.13295],[-10.268287,52.1330737],[-10.267705,52.1331622],[-10.2669323,52.1329395],[-10.266552,52.1326171],[-10.2658975,52.1318057],[-10.2658767,52.1315084],[-10.2657557,52.1312431],[-10.265473,52.1310943],[-10.2653189,52.1309371],[-10.2649194,52.1306681],[-10.2643586,52.1303212],[-10.2633539,52.1299294],[-10.2623529,52.1294198],[-10.2616394,52.1286238],[-10.2613615,52.1281415],[-10.2610802,52.1267048],[-10.2612312,52.1255047],[-10.2616461,52.1251561],[-10.2622542,52.1250498],[-10.2627524,52.1246615],[-10.262811,52.1242496],[-10.2626742,52.1239377],[-10.2622283,52.123839],[-10.2606811,52.1237977],[-10.26016,52.1233898],[-10.2597822,52.12281],[-10.2598148,52.1224741],[-10.2600167,52.1221461],[-10.2597822,52.1219942],[-10.2596194,52.1220422],[-10.2596259,52.1219102],[-10.2595347,52.1217902],[-10.2594045,52.1218062],[-10.2592546,52.1219462],[-10.2591504,52.1218462],[-10.2591569,52.1217302],[-10.2591048,52.1217302],[-10.258955,52.1218222],[-10.2588117,52.1216822],[-10.2589029,52.1215783],[-10.2588248,52.1214983],[-10.258547,52.1215701],[-10.2585245,52.1215058],[-10.258642,52.121407],[-10.258723,52.1213593],[-10.2587271,52.1213023],[-10.2585707,52.1212343],[-10.2580176,52.1212917],[-10.2577601,52.1213247],[-10.2575221,52.1213143],[-10.256703,52.1214404],[-10.256537,52.1216145],[-10.2563496,52.1217262],[-10.256029,52.121757],[-10.2559496,52.1217133],[-10.2561125,52.1215848],[-10.2558715,52.1215864],[-10.256038,52.1214414],[-10.256291,52.1213783],[-10.2561608,52.1213143],[-10.2556267,52.1213903],[-10.2552181,52.1215345],[-10.2548125,52.1215982],[-10.2544933,52.1217262],[-10.2544542,52.1218662],[-10.2542523,52.1218262],[-10.2540113,52.1218622],[-10.253881,52.1220462],[-10.2535489,52.1220542],[-10.2532232,52.1221941],[-10.2534707,52.1222341],[-10.2531515,52.1222541],[-10.2529808,52.1222919],[-10.2528593,52.1223416],[-10.2526961,52.1223309],[-10.2525941,52.1220872],[-10.2526403,52.1219318],[-10.2530333,52.1215404],[-10.2527723,52.1214919],[-10.2525509,52.1215356],[-10.2524718,52.1216278],[-10.2524837,52.1216837],[-10.2523967,52.1217274],[-10.2523045,52.1217726],[-10.2522269,52.1218482],[-10.2521439,52.1217794],[-10.2521238,52.1216278],[-10.2521238,52.1216011],[-10.2520012,52.1216084],[-10.2519973,52.1215307],[-10.2517324,52.1216351],[-10.2517036,52.121715],[-10.2515544,52.1217759],[-10.251499,52.1217322],[-10.2516454,52.1216084],[-10.2516454,52.1215574],[-10.2515149,52.1215671],[-10.2513448,52.1216205],[-10.2512974,52.121589],[-10.2515623,52.1214069],[-10.2515702,52.1212952],[-10.2514437,52.1213171],[-10.2513251,52.121351],[-10.2513488,52.1214263],[-10.2511511,52.1214287],[-10.2510206,52.121487],[-10.2509389,52.121458],[-10.2507082,52.1213583],[-10.2505302,52.1212491],[-10.2504551,52.1211252],[-10.2504936,52.1210298],[-10.2504398,52.1209776],[-10.250467,52.120948],[-10.2505856,52.1208922],[-10.2505223,52.1208169],[-10.2507754,52.1207319],[-10.2506635,52.1207233],[-10.2504709,52.1207538],[-10.2505031,52.1206496],[-10.250293,52.1206567],[-10.2503179,52.1205814],[-10.2504758,52.1204856],[-10.2505451,52.1203571],[-10.2507017,52.1201728],[-10.2504993,52.1201689],[-10.2504897,52.1201122],[-10.2505889,52.1200193],[-10.2508975,52.1198831],[-10.2511696,52.1196415],[-10.2510515,52.1195664],[-10.2510626,52.1194044],[-10.2510783,52.1191981],[-10.2507937,52.1191683],[-10.2507024,52.1191658],[-10.2506686,52.1190778],[-10.2508665,52.1189603],[-10.2510065,52.1189063],[-10.2511762,52.118819],[-10.2512429,52.118696],[-10.251065,52.1186611],[-10.2510954,52.1186366],[-10.251235,52.1186005],[-10.2513386,52.1184476],[-10.2514358,52.1183646],[-10.2515149,52.1183015],[-10.2515267,52.1182286],[-10.251416,52.1182189],[-10.251329,52.1182554],[-10.2510245,52.1183573],[-10.2508268,52.1184132],[-10.2506291,52.1184399],[-10.2504746,52.1184274],[-10.2503833,52.1183429],[-10.2503622,52.118264],[-10.2504731,52.1181223],[-10.2505619,52.1180514],[-10.250637,52.1180004],[-10.2502495,52.1180077],[-10.2501467,52.1179713],[-10.249945,52.1180271],[-10.2497275,52.1181145],[-10.2496019,52.1180704],[-10.2494787,52.1177918],[-10.2496309,52.117471],[-10.2497357,52.1173728],[-10.249991,52.1172182],[-10.249878,52.1170927],[-10.2499727,52.1169855],[-10.2499252,52.1169733],[-10.2497829,52.1170025],[-10.2497433,52.1169587],[-10.2494626,52.117],[-10.2493716,52.1170534],[-10.2492807,52.1170559],[-10.2492095,52.1171239],[-10.24917,52.1172841],[-10.2491333,52.1173494],[-10.2490344,52.1174073],[-10.2490053,52.1174544],[-10.2489326,52.1174504],[-10.2487532,52.1172535],[-10.2487046,52.1170552],[-10.2487318,52.1169422],[-10.2489765,52.1167258],[-10.2490939,52.1165282],[-10.2486237,52.1165888],[-10.2484643,52.1167217],[-10.2483031,52.1166762],[-10.2482915,52.1165868],[-10.2484697,52.116395],[-10.2481933,52.116393],[-10.2479481,52.1164561],[-10.2477701,52.1164877],[-10.2475922,52.1164925],[-10.2473273,52.1166577],[-10.2470952,52.1169057],[-10.2466884,52.1169132],[-10.2463392,52.1169504],[-10.2461398,52.1170258],[-10.2458993,52.1170904],[-10.2457644,52.1171792],[-10.2458993,52.1173424],[-10.2460865,52.1174138],[-10.2452571,52.1174068],[-10.2450278,52.1177308],[-10.2445467,52.1180838],[-10.2441019,52.1183682],[-10.2444416,52.1184476],[-10.2438927,52.1184736],[-10.2434727,52.1185858],[-10.2431863,52.1184923],[-10.2434665,52.1181727],[-10.2428703,52.1180815],[-10.2423692,52.1179165],[-10.2418539,52.1180755],[-10.2414877,52.1182545],[-10.240922,52.118483],[-10.2406721,52.1184163],[-10.2403952,52.1183669],[-10.2403006,52.1182082],[-10.2394188,52.1181607],[-10.2389789,52.118444],[-10.2384993,52.1185805],[-10.2378885,52.119071],[-10.2374983,52.1191159],[-10.2371257,52.1191772],[-10.2370256,52.1195654],[-10.2369904,52.1194503],[-10.2367839,52.1194611],[-10.2370313,52.1191502],[-10.2366239,52.1191324],[-10.2363105,52.1191156],[-10.2355901,52.1191205],[-10.2359464,52.1189691],[-10.2354816,52.118991],[-10.2350364,52.1190207],[-10.2345301,52.1191159],[-10.2347789,52.1188263],[-10.2352939,52.1186814],[-10.2358244,52.1183327],[-10.2343766,52.1182697],[-10.2335129,52.1184475],[-10.233067,52.1188746],[-10.2326117,52.1187802],[-10.2322254,52.1186979],[-10.2321558,52.1184561],[-10.2318821,52.1187473],[-10.2314208,52.1188],[-10.2311035,52.1189831],[-10.2310775,52.1188362],[-10.2305947,52.1186287],[-10.2299946,52.1188152],[-10.2295808,52.1187967],[-10.2291194,52.1188659],[-10.2283851,52.1187681],[-10.2278642,52.1189877],[-10.2273976,52.1192781],[-10.2266947,52.1194555],[-10.2264641,52.1196366],[-10.2263269,52.1198372],[-10.2257935,52.1198079],[-10.2253214,52.1197651],[-10.225021,52.1197947],[-10.2248437,52.1196826],[-10.2247732,52.1194913],[-10.2253635,52.1192453],[-10.2249084,52.1192545],[-10.2253614,52.1188018],[-10.2248603,52.1188295],[-10.224447,52.1189614],[-10.2237443,52.1190108],[-10.2235304,52.1189602],[-10.2230469,52.1190899],[-10.2226487,52.1191388],[-10.2226339,52.1189614],[-10.2236371,52.1187061],[-10.224034,52.1186089],[-10.2243436,52.1184369],[-10.2240554,52.1182664],[-10.223857,52.1181709],[-10.2238781,52.1179529],[-10.2236102,52.1179172],[-10.2234171,52.1182137],[-10.2230684,52.1184278],[-10.2233795,52.1178052],[-10.223063,52.1178283],[-10.2225531,52.1177341],[-10.222194,52.1178744],[-10.2218534,52.117981],[-10.2210639,52.1184741],[-10.2208479,52.1189125],[-10.2201407,52.1191403],[-10.2203701,52.1191854],[-10.219957,52.1192611],[-10.2201662,52.1193105],[-10.220531,52.1192941],[-10.2203486,52.1193501],[-10.2201823,52.1194489],[-10.2203574,52.1195685],[-10.2207134,52.1196465],[-10.2208519,52.1196775],[-10.2216117,52.119943],[-10.2212568,52.1200412],[-10.2213464,52.1205194],[-10.221561,52.1207104],[-10.2214084,52.1209056],[-10.2214805,52.1211155],[-10.2218886,52.1212359],[-10.2216468,52.1213428],[-10.2214001,52.1213329],[-10.2208081,52.12174],[-10.2209226,52.1218665],[-10.2206115,52.1218797],[-10.2202535,52.1221319],[-10.2192733,52.1224947],[-10.2178367,52.122788],[-10.2175522,52.1230555],[-10.2177201,52.123263],[-10.2178689,52.1233927],[-10.2180687,52.1234935],[-10.2180956,52.1235561],[-10.2181684,52.1235991],[-10.2183192,52.1236881],[-10.2181607,52.1241193],[-10.2175216,52.1247124],[-10.216915,52.1249928],[-10.2155408,52.1253451],[-10.2143358,52.1256366],[-10.2137875,52.1258769],[-10.2136249,52.1261534],[-10.2137149,52.1264901],[-10.2143665,52.1270401],[-10.2144874,52.1274828],[-10.2143474,52.1283444],[-10.2145676,52.1285828],[-10.2146245,52.1290444],[-10.2153423,52.1292822],[-10.2153309,52.1297228],[-10.2151258,52.1304152],[-10.2145844,52.1313461],[-10.2148608,52.1314864],[-10.2154401,52.1315357],[-10.216379,52.131646],[-10.2187714,52.1317859],[-10.2205219,52.1316541],[-10.221517,52.131653],[-10.2228499,52.1322474],[-10.2236246,52.1327859],[-10.2226925,52.133628],[-10.2228752,52.1337254],[-10.2227676,52.134163],[-10.2221373,52.1344199],[-10.2222298,52.1346224],[-10.2222526,52.1347969],[-10.222616,52.1348479],[-10.2228038,52.1349665],[-10.2228723,52.1350815],[-10.2233335,52.1349912],[-10.2233684,52.1351426],[-10.2235816,52.135127],[-10.2237225,52.1350661],[-10.223937,52.1351253],[-10.2239706,52.1352085],[-10.2240296,52.1352579],[-10.2243286,52.1352505],[-10.224385,52.1352406],[-10.2244949,52.1352859],[-10.2245526,52.1353599],[-10.2245754,52.1354653],[-10.2246612,52.1354982],[-10.2248087,52.1354637],[-10.2249294,52.1354719],[-10.2250126,52.1355402],[-10.2250206,52.1356332],[-10.2251789,52.135844],[-10.2253158,52.1358496],[-10.2252057,52.1359287],[-10.2250636,52.1359164],[-10.2249999,52.1358752],[-10.2249703,52.1357328],[-10.2248865,52.1356118],[-10.2247873,52.1355888],[-10.2244359,52.1355509],[-10.2243233,52.1353484],[-10.2239504,52.1353566],[-10.2237734,52.1352216],[-10.2233228,52.1352891],[-10.2232155,52.1352801],[-10.2231538,52.1352455],[-10.2231364,52.1351969],[-10.2231069,52.1351755],[-10.2229433,52.1351937],[-10.2227783,52.1352315],[-10.2226348,52.1352077],[-10.2225062,52.1351153],[-10.2224752,52.1350545],[-10.2225181,52.1349615],[-10.2224296,52.1349599],[-10.2221547,52.1349912],[-10.2218588,52.1348768],[-10.2205942,52.1347229],[-10.218498,52.1351355],[-10.2179739,52.135618],[-10.2175688,52.1356649],[-10.2174441,52.1356792],[-10.2159803,52.1358488],[-10.2146359,52.1353103],[-10.2134853,52.1350446],[-10.2119815,52.1349817],[-10.210954,52.1350413],[-10.2077944,52.1354374],[-10.2062847,52.1355288],[-10.2050839,52.1348039],[-10.2048578,52.1359604],[-10.2045086,52.1362691],[-10.2042755,52.1359717],[-10.2043964,52.1353791],[-10.2034555,52.1347135],[-10.2048795,52.1338941],[-10.206017,52.1335079],[-10.2073271,52.1331702],[-10.209619,52.1327604],[-10.211132,52.1320229],[-10.2118465,52.1310837],[-10.2119413,52.1308934],[-10.2124893,52.1297282],[-10.2126624,52.1290894],[-10.2126516,52.1286646],[-10.2124717,52.1284759],[-10.2124875,52.1278063],[-10.2126683,52.1273185],[-10.2126858,52.1269379],[-10.2124952,52.1264513],[-10.2127699,52.1259393],[-10.2130766,52.1252695],[-10.2137633,52.1245511],[-10.2142508,52.1242317],[-10.2151566,52.1237861],[-10.2153316,52.1232579],[-10.215384,52.1223661],[-10.2155532,52.1220438],[-10.2142798,52.1221469],[-10.2135724,52.1224059],[-10.2129716,52.1225287],[-10.2122758,52.1223392],[-10.2118983,52.1220448],[-10.2114999,52.1222213],[-10.210584,52.1220064],[-10.2095399,52.1214789],[-10.2082139,52.1215352],[-10.2072054,52.1211597],[-10.2064142,52.1208386],[-10.205403,52.1203215],[-10.20547,52.1202177],[-10.205588,52.1201485],[-10.205234,52.1200827],[-10.205124,52.1200909],[-10.204837,52.1198027],[-10.2049175,52.1197401],[-10.2047834,52.1196726],[-10.2049926,52.1195079],[-10.20477,52.1192815],[-10.2045876,52.1191027],[-10.2045483,52.1189008],[-10.2044642,52.1187453],[-10.2047646,52.1184473],[-10.2047431,52.1183863],[-10.2044857,52.1183633],[-10.2045447,52.1182364],[-10.2046307,52.1180018],[-10.2047646,52.1178889],[-10.2047351,52.1177769],[-10.2047566,52.1175661],[-10.2050543,52.1172993],[-10.2044937,52.117268],[-10.2041987,52.1172548],[-10.2045393,52.1170012],[-10.2044669,52.1169139],[-10.2045286,52.1168118],[-10.204491,52.1166833],[-10.20455,52.1165911],[-10.2041423,52.1165812],[-10.2041745,52.1165186],[-10.2042684,52.1164692],[-10.2044052,52.1163836],[-10.2044401,52.1162847],[-10.2043435,52.1161826],[-10.2044642,52.1160591],[-10.2046546,52.1159998],[-10.2046582,52.1159347],[-10.2038983,52.1159125],[-10.2029327,52.1160624],[-10.2027583,52.1161974],[-10.2026027,52.116092],[-10.2023962,52.1159981],[-10.2022675,52.1158697],[-10.2024334,52.1157357],[-10.2027208,52.1155996],[-10.2032009,52.115224],[-10.2027369,52.1152603],[-10.2033108,52.114888],[-10.203402,52.1147941],[-10.2034611,52.1147398],[-10.2038132,52.1142091],[-10.2034866,52.1138409],[-10.203774,52.1132335],[-10.2040341,52.1128181],[-10.2039791,52.112426],[-10.2036837,52.1124651],[-10.2035388,52.1125145],[-10.203445,52.1125936],[-10.2033484,52.1126611],[-10.2031365,52.1127122],[-10.2029461,52.1128044],[-10.2028495,52.1128637],[-10.2028629,52.1127616],[-10.2026027,52.1128077],[-10.202423,52.1128686],[-10.2023104,52.1128851],[-10.2020341,52.1129362],[-10.2024418,52.1127056],[-10.2028254,52.1124898],[-10.2029729,52.1124173],[-10.203107,52.1123152],[-10.2030855,52.1122543],[-10.2029514,52.1122197],[-10.20254,52.11246],[-10.202179,52.112643],[-10.2019778,52.1128044],[-10.2017686,52.1129905],[-10.201546,52.1132047],[-10.2014172,52.1133068],[-10.2012429,52.1133644],[-10.2011141,52.113399],[-10.2010739,52.1134764],[-10.2002853,52.1134369],[-10.2000573,52.1134073],[-10.20006,52.11312],[-10.1998213,52.1129148],[-10.1994994,52.1129411],[-10.1993814,52.1131421],[-10.1991105,52.1131997],[-10.1990381,52.1129197],[-10.1988852,52.1128752],[-10.198558,52.1129181],[-10.1982603,52.1129164],[-10.19798,52.11289],[-10.197705,52.1128439],[-10.19756,52.11289],[-10.1974556,52.1127632],[-10.1971123,52.1128143],[-10.197005,52.1129065],[-10.1967636,52.112923],[-10.196608,52.1130334],[-10.1964793,52.1130811],[-10.1963103,52.1130087],[-10.1964176,52.1129049],[-10.1963612,52.1128308],[-10.196211,52.1127863],[-10.1960582,52.1128769],[-10.1958087,52.1127962],[-10.1955888,52.1127665],[-10.19546,52.1127352],[-10.1953152,52.1127023],[-10.1949182,52.1127171],[-10.1946366,52.1125787],[-10.1944796,52.1124718],[-10.1946628,52.1123668],[-10.1949869,52.1119588],[-10.1954225,52.1117832],[-10.1958207,52.1117733],[-10.196152,52.1116909],[-10.1961198,52.1116217],[-10.1960206,52.1115427],[-10.195798,52.1115773],[-10.1956263,52.1116398],[-10.1952696,52.1116448],[-10.1950628,52.1111573],[-10.1956545,52.1110997],[-10.1964345,52.1106391],[-10.1973748,52.1098026],[-10.198198,52.1096131],[-10.1987812,52.1092557],[-10.1991722,52.109197],[-10.1995182,52.1092332],[-10.1997703,52.1092217],[-10.1998132,52.1091162],[-10.1996657,52.1091064],[-10.1996899,52.1090273],[-10.199478,52.1090454],[-10.199419,52.1090141],[-10.1994364,52.1089466],[-10.1996604,52.1088197],[-10.1999152,52.1087225],[-10.1998213,52.1087011],[-10.1997194,52.108655],[-10.1996201,52.108515],[-10.1993063,52.1084804],[-10.1990542,52.1086204],[-10.1987565,52.108454],[-10.1982355,52.1084294],[-10.19704,52.10854],[-10.19619,52.10855],[-10.1968399,52.1082287],[-10.1966952,52.1078314],[-10.19535,52.10792],[-10.1953112,52.1075876],[-10.1940655,52.1076453],[-10.193777,52.1083651],[-10.1935117,52.1081838],[-10.1928105,52.1084601],[-10.1925075,52.1085829],[-10.1920723,52.1087096],[-10.1917596,52.1089056],[-10.1912468,52.1091715],[-10.1909187,52.1093147],[-10.1905364,52.1094776],[-10.1903264,52.1099634],[-10.1898374,52.1099123],[-10.18916,52.1102804],[-10.1877253,52.110404],[-10.18729,52.11031],[-10.18709,52.11044],[-10.18667,52.11044],[-10.18584,52.11045],[-10.1850905,52.110684],[-10.1848894,52.1107503],[-10.1850182,52.1108344],[-10.184935,52.1109019],[-10.1848425,52.1108508],[-10.1847949,52.1108459],[-10.1842359,52.1110728],[-10.1841304,52.1110617],[-10.1841277,52.1109299],[-10.1840999,52.1109013],[-10.1835815,52.1109802],[-10.18336,52.11099],[-10.1822725,52.11127],[-10.1815253,52.1115864],[-10.1815788,52.1116884],[-10.1811911,52.1118019],[-10.1807819,52.1118858],[-10.1806569,52.1122806],[-10.1807548,52.1122847],[-10.1808272,52.112302],[-10.1808755,52.1123127],[-10.1808809,52.1123564],[-10.1808272,52.1123761],[-10.1807575,52.1123819],[-10.180673,52.1124066],[-10.1806063,52.1126334],[-10.1803335,52.1129285],[-10.1800415,52.1132443],[-10.179804,52.1132689],[-10.1796162,52.1131865],[-10.1800668,52.1129526],[-10.1799917,52.1129263],[-10.1794875,52.1131404],[-10.1794124,52.1128241],[-10.17903,52.1127],[-10.17884,52.11283],[-10.17862,52.11297],[-10.17842,52.11309],[-10.1783111,52.1132811],[-10.1782835,52.1133917],[-10.1780199,52.1135516],[-10.1774819,52.1137839],[-10.1769164,52.1140338],[-10.1766634,52.1141243],[-10.1763132,52.1141423],[-10.1760811,52.1141932],[-10.1757638,52.1143232],[-10.1755323,52.1144268],[-10.1753216,52.1146359],[-10.1749319,52.1147527],[-10.1748526,52.114832],[-10.1745844,52.1148418],[-10.1746273,52.114697],[-10.1740989,52.1148419],[-10.1735651,52.114748],[-10.1736107,52.114669],[-10.1739246,52.1145718],[-10.173946,52.1145125],[-10.1737814,52.1145204],[-10.17367,52.11454],[-10.1735666,52.1144921],[-10.1734424,52.1145167],[-10.1731458,52.1144556],[-10.1726162,52.1145429],[-10.17221,52.11456],[-10.171508,52.1149733],[-10.1700327,52.1156057],[-10.1690411,52.1161721],[-10.1692081,52.1156679],[-10.1685548,52.1159438],[-10.1677884,52.1164633],[-10.1676697,52.1163885],[-10.1676508,52.116198],[-10.1672244,52.1163918],[-10.1665699,52.1164972],[-10.16684,52.11603],[-10.16664,52.11615],[-10.16643,52.11628],[-10.16561,52.11654],[-10.1652436,52.1166291],[-10.1651133,52.1168069],[-10.1644312,52.1170572],[-10.1642098,52.1173123],[-10.1637959,52.1174226],[-10.1635852,52.1174999],[-10.1633215,52.1176892],[-10.1632181,52.1179048],[-10.1625575,52.1182851],[-10.1618884,52.1187282],[-10.161913,52.1189681],[-10.1614555,52.1196448],[-10.1609581,52.1196926],[-10.1604953,52.1198233],[-10.1600194,52.1202795],[-10.1607871,52.1201732],[-10.1602721,52.1204565],[-10.1599159,52.1209989],[-10.1594416,52.1207249],[-10.1590729,52.1214892],[-10.1582882,52.1209057],[-10.1579058,52.1208809],[-10.1574,52.12124],[-10.15719,52.12111],[-10.1572858,52.1209208],[-10.1575646,52.1203265],[-10.1578344,52.119915],[-10.1576436,52.1196583],[-10.1571903,52.119829],[-10.1567906,52.1199114],[-10.156538,52.1200525],[-10.1560272,52.1202815],[-10.1558487,52.1206993],[-10.155221,52.1207273],[-10.1550532,52.1208375],[-10.1550685,52.1209181],[-10.1549543,52.1210448],[-10.15468,52.1211913],[-10.1538845,52.1200747],[-10.1540221,52.1198099],[-10.1535243,52.1195265],[-10.15258,52.11988],[-10.15237,52.11975],[-10.1520074,52.1200318],[-10.15155,52.12014],[-10.15113,52.12002],[-10.1503,52.12003],[-10.1494538,52.1200958],[-10.1491412,52.1198009],[-10.1486213,52.1200001],[-10.14821,52.11992],[-10.1480498,52.119894],[-10.14779,52.11967],[-10.1476876,52.119537],[-10.1480574,52.119179],[-10.1473841,52.1193086],[-10.1465077,52.119304],[-10.1461621,52.1191754],[-10.1452168,52.1193383],[-10.1444895,52.1191709],[-10.1436223,52.1188316],[-10.143114,52.1188548],[-10.1415116,52.1188398],[-10.1407899,52.1188036],[-10.1403974,52.1185266],[-10.1402569,52.1180778],[-10.1404918,52.1177544],[-10.140777,52.117443],[-10.141385,52.1168606],[-10.1421927,52.1163432],[-10.1429291,52.1158148],[-10.143592,52.1154162],[-10.1447222,52.1150254],[-10.1454869,52.1146796],[-10.1462301,52.1142514],[-10.1470294,52.1137535],[-10.1477941,52.1131351],[-10.1483703,52.1126647],[-10.1479791,52.1126589],[-10.1467108,52.1131308],[-10.1458533,52.1135828],[-10.145988,52.1132774],[-10.1454878,52.1134114],[-10.1449281,52.1135885],[-10.1445475,52.1137544],[-10.1443989,52.1135146],[-10.1439369,52.113773],[-10.1435572,52.1137864],[-10.1439392,52.1135119],[-10.1428786,52.1138226],[-10.1431469,52.1134642],[-10.1417049,52.1135614],[-10.1408182,52.113367],[-10.1412607,52.113144],[-10.1404782,52.1132719],[-10.1404507,52.1131245],[-10.1413745,52.112751],[-10.141037,52.1124041],[-10.1399744,52.1127427],[-10.1395168,52.1130481],[-10.1390147,52.1131067],[-10.1396031,52.112638],[-10.1394395,52.1124314],[-10.1398182,52.1122107],[-10.1397737,52.1119949],[-10.1389948,52.112158],[-10.1388408,52.1121682],[-10.1389809,52.1119837],[-10.1380222,52.1122094],[-10.1375282,52.1121682],[-10.1371564,52.1122285],[-10.1372428,52.112437],[-10.1365073,52.1126567],[-10.1360546,52.1126314],[-10.1360159,52.1129895],[-10.1355321,52.1127338],[-10.1352327,52.1127375],[-10.13492,52.11287],[-10.1346925,52.1129025],[-10.1344785,52.1129938],[-10.1344608,52.1135307],[-10.134317,52.1137969],[-10.134044,52.1140588],[-10.1332447,52.1141346],[-10.1323435,52.1142756],[-10.1321428,52.1143826],[-10.1319454,52.1149051],[-10.1305748,52.1151205],[-10.1302197,52.1148886],[-10.130254,52.1147736],[-10.1303361,52.1144857],[-10.1303216,52.1140733],[-10.1297948,52.1138634],[-10.1289312,52.1140338],[-10.127715,52.1142446],[-10.1266416,52.1144554],[-10.1262082,52.1143151],[-10.1253118,52.1145757],[-10.1253954,52.1147546],[-10.1253579,52.1148244],[-10.1250586,52.1148115],[-10.1248596,52.114605],[-10.1241252,52.1147328],[-10.1236896,52.1149364],[-10.1236998,52.1150655],[-10.1238645,52.1153419],[-10.1232079,52.1153126],[-10.1227127,52.1154371],[-10.1224665,52.1156183],[-10.1225593,52.1160689],[-10.1225432,52.1165304],[-10.1220331,52.11665],[-10.1213174,52.1168753],[-10.1215503,52.117009],[-10.1212588,52.1170788],[-10.1200209,52.1173753],[-10.1196421,52.1175506],[-10.1191261,52.1183339],[-10.1185698,52.1183744],[-10.1183847,52.1184933],[-10.1182216,52.1183045],[-10.1175559,52.1182769],[-10.1173623,52.118517],[-10.1166735,52.1184686],[-10.1165501,52.1182327],[-10.1159825,52.1183698],[-10.1156387,52.1188447],[-10.1156966,52.1193319],[-10.115224,52.1196666],[-10.1147208,52.119765],[-10.1142906,52.1200559],[-10.1140181,52.1201659],[-10.1137622,52.1201419],[-10.1135036,52.1202031],[-10.113531,52.1206652],[-10.1133615,52.1207071],[-10.1131828,52.12088],[-10.1130674,52.1209776],[-10.1128111,52.1211346],[-10.1126459,52.1213645],[-10.1121733,52.1214607],[-10.1121073,52.1217107],[-10.1119034,52.1220931],[-10.1119345,52.1224089],[-10.1119624,52.1229096],[-10.1119914,52.1232936],[-10.1118798,52.1235795],[-10.1115944,52.1238331],[-10.1113868,52.1241272],[-10.1112774,52.1244489],[-10.1112699,52.1246999],[-10.1110532,52.1248712],[-10.1105194,52.125267],[-10.110084,52.1254937],[-10.1099969,52.1255391],[-10.1096944,52.1257581],[-10.1095812,52.1259807],[-10.1095835,52.1260456],[-10.1095887,52.1261898],[-10.1092271,52.1264184],[-10.1081483,52.1265709],[-10.10676,52.12659],[-10.10633,52.1266],[-10.1051094,52.1264648],[-10.105147,52.1263637],[-10.104773,52.126289],[-10.1045676,52.1264112],[-10.1039029,52.1262241],[-10.1038144,52.126038],[-10.1025114,52.1254887],[-10.1026578,52.1252904],[-10.102086,52.1253019],[-10.1019691,52.1252061],[-10.1019952,52.1251019],[-10.1020828,52.1247526],[-10.1015973,52.124689],[-10.1010314,52.1248247],[-10.1001344,52.1246861],[-10.0995411,52.1248708],[-10.098516,52.1241921],[-10.0985605,52.1237672],[-10.0969292,52.1236687],[-10.0960682,52.123255],[-10.0953499,52.1233664],[-10.0956567,52.1229609],[-10.0945549,52.1231753],[-10.0939975,52.1233641],[-10.0927852,52.1235525],[-10.091907,52.1238765],[-10.0915599,52.1241292],[-10.0910439,52.1243538],[-10.0908266,52.1246759],[-10.0906362,52.1250869],[-10.0905434,52.1256168],[-10.0903106,52.1256399],[-10.090207,52.1254663],[-10.0898412,52.1253514],[-10.0884802,52.1258388],[-10.0875747,52.1262653],[-10.0875039,52.1264724],[-10.0870597,52.1266312],[-10.0866842,52.1267023],[-10.0862046,52.1270939],[-10.0857809,52.1270043],[-10.0855775,52.1267398],[-10.0847107,52.126887],[-10.0838116,52.127408],[-10.0832843,52.1275447],[-10.0830337,52.1278279],[-10.0825397,52.1280015],[-10.0817495,52.128179],[-10.0812061,52.1283865],[-10.0807598,52.1285202],[-10.080218,52.1287431],[-10.0791756,52.1289348],[-10.0785308,52.1288817],[-10.0780792,52.1287978],[-10.0779944,52.1284663],[-10.0777084,52.1283147],[-10.0772337,52.1282995],[-10.0769499,52.1286334],[-10.0765921,52.1287233],[-10.0760031,52.1289012],[-10.0754474,52.1290016],[-10.075045,52.1290043],[-10.0743077,52.1289757],[-10.074228,52.1289726],[-10.0741052,52.1285323],[-10.0725565,52.128611],[-10.0725543,52.1284797],[-10.071806,52.128696],[-10.0711489,52.1289008],[-10.0706655,52.1290049],[-10.0704021,52.1288827],[-10.0698796,52.1290158],[-10.0692091,52.1294024],[-10.069311,52.1296619],[-10.0689811,52.129787],[-10.0685332,52.129977],[-10.0680772,52.1301374],[-10.0674335,52.1303646],[-10.0667388,52.130501],[-10.0663246,52.1306103],[-10.0655371,52.1308714],[-10.0652609,52.1312817],[-10.0650318,52.1313598],[-10.064549,52.1311945],[-10.06398,52.13147],[-10.0631328,52.1317991],[-10.0622439,52.1320167],[-10.0621028,52.1321596],[-10.06192,52.13213],[-10.06109,52.13239],[-10.0606545,52.1326974],[-10.0598927,52.1329331],[-10.0595027,52.1331712],[-10.059131,52.1335021],[-10.0585194,52.1337086],[-10.0580366,52.1338913],[-10.0569906,52.1340458],[-10.0564579,52.1340477],[-10.05613,52.13398],[-10.0543582,52.1342736],[-10.0531555,52.1343042],[-10.0526035,52.1343689],[-10.0520448,52.1347106],[-10.0518464,52.1351432],[-10.0515368,52.1353474],[-10.0512724,52.1356829],[-10.0507429,52.1361283],[-10.0501557,52.1363585],[-10.0490778,52.1361368],[-10.0468236,52.1356128],[-10.0455968,52.1353052],[-10.0451782,52.1353831],[-10.0442129,52.1353628],[-10.0426989,52.1354451],[-10.0421389,52.1355034],[-10.0411591,52.1354921],[-10.0405953,52.135546],[-10.0400417,52.1358354],[-10.0398474,52.1360288],[-10.0394143,52.1362358],[-10.0373948,52.1366871],[-10.0365641,52.1369668],[-10.0356804,52.1372302],[-10.0350006,52.1375034],[-10.0345324,52.1376861],[-10.0341078,52.1377963],[-10.0334602,52.1379741],[-10.0322417,52.1382736],[-10.0319022,52.1383312],[-10.03166,52.13829],[-10.0297871,52.1385594],[-10.0278667,52.138138],[-10.0276395,52.1377242],[-10.02624,52.13808],[-10.0250007,52.1383666],[-10.0243905,52.1385331],[-10.02375,52.13836],[-10.0228885,52.1388755],[-10.0219811,52.1389758],[-10.0214807,52.1389346],[-10.02126,52.1389],[-10.0204638,52.1392311],[-10.0201205,52.1389216],[-10.0197771,52.1388755],[-10.01919,52.13918],[-10.0188666,52.1391815],[-10.0182343,52.1392839],[-10.017953,52.1393217],[-10.01752,52.13918],[-10.0134634,52.1393351],[-10.0126317,52.1396986],[-10.0117,52.13975],[-10.01129,52.13975],[-10.01087,52.13975],[-10.009249,52.1402489],[-10.0089371,52.1404036],[-10.0082785,52.1403361],[-10.00714,52.1403],[-10.00673,52.1403],[-10.00547,52.14031],[-10.00464,52.14032],[-10.0038,52.14033],[-10.00297,52.14033],[-10.00214,52.14033],[-10.00172,52.14033],[-10.00152,52.14047],[-10.00131,52.1406],[-10.00111,52.14073],[-10.00089,52.14086],[-9.99966,52.14113],[-9.99883,52.14139],[-9.99759,52.14166],[-9.9973516,52.1421311],[-9.9962399,52.1422992],[-9.9955787,52.1424124],[-9.9952284,52.1422683],[-9.995032,52.1422641],[-9.994709,52.1422123],[-9.9944075,52.1423353],[-9.99427,52.14246],[-9.99302,52.14247],[-9.99261,52.14247],[-9.99095,52.14274],[-9.99013,52.143],[-9.9897,52.14301],[-9.98929,52.14301],[-9.98763,52.14328],[-9.9869486,52.1434234],[-9.9861195,52.1433068],[-9.9849411,52.1428947],[-9.9845,52.1426887],[-9.9841002,52.1425131],[-9.9838828,52.1424523],[-9.9835573,52.1423575],[-9.9831245,52.1422275],[-9.9824588,52.1420164],[-9.9821883,52.142109],[-9.981696,52.1418968],[-9.9812987,52.1415805],[-9.981262,52.1413036],[-9.9807,52.14065],[-9.9800774,52.1400755],[-9.9795949,52.1395727],[-9.979099,52.1391307],[-9.978746,52.1387233],[-9.9781741,52.1381431],[-9.9777481,52.1377813],[-9.9773163,52.137219],[-9.9770828,52.136936],[-9.9768436,52.136739],[-9.9764643,52.1363844],[-9.9761024,52.1360513],[-9.9756998,52.1355462],[-9.9754839,52.1353421],[-9.9753205,52.1351415],[-9.975017,52.1348406],[-9.9747194,52.1345111],[-9.9743867,52.1341564],[-9.9739199,52.1336263],[-9.9733013,52.1329278],[-9.97276,52.1321979],[-9.9716883,52.1309871],[-9.9710463,52.1301704],[-9.9699259,52.1284651],[-9.968607,52.1266523],[-9.9676733,52.1251691],[-9.9667046,52.1237861],[-9.966576,52.123582],[-9.9658059,52.1223601],[-9.9650706,52.1211849],[-9.9644266,52.1202841],[-9.9639384,52.1196011],[-9.9629212,52.1181574],[-9.9613861,52.1166168],[-9.9601977,52.1152992],[-9.959719,52.1148431],[-9.9591743,52.1143768],[-9.9586592,52.1140577],[-9.95763,52.11342],[-9.9566984,52.112907],[-9.9552294,52.1122178],[-9.9537439,52.1115893],[-9.9524729,52.111052],[-9.9509359,52.1104879],[-9.9495045,52.1098915],[-9.9481223,52.1092685],[-9.9478851,52.1091577],[-9.9469734,52.1087318],[-9.9459543,52.1081555],[-9.9455006,52.1078989],[-9.944446,52.1074748],[-9.9433547,52.1072],[-9.9423449,52.1068282],[-9.9409706,52.1065552],[-9.9389265,52.1061921],[-9.9371925,52.1060923],[-9.935507,52.1062171],[-9.93397,52.10655],[-9.93272,52.10683],[-9.9317771,52.1071406],[-9.9308012,52.1074614],[-9.9296246,52.1079343],[-9.9290859,52.10831],[-9.9291904,52.1085904],[-9.9293225,52.109038],[-9.9301632,52.1096514],[-9.9307,52.10966],[-9.93154,52.1099],[-9.9324514,52.1099827],[-9.9323212,52.1109082],[-9.9321093,52.1118034],[-9.9321438,52.1123534],[-9.9325355,52.1128081],[-9.9331675,52.1130598],[-9.9335525,52.1133264],[-9.9337706,52.1138127],[-9.9339457,52.1142518],[-9.9342712,52.1145219],[-9.9347619,52.1147957],[-9.93518,52.1149408],[-9.9358787,52.1152684],[-9.93664,52.11525],[-9.93706,52.11499],[-9.93747,52.11474],[-9.93788,52.11473],[-9.93873,52.11498],[-9.93956,52.11523],[-9.94039,52.11535],[-9.9404,52.11587],[-9.94124,52.11599],[-9.94208,52.11624],[-9.9425,52.11649],[-9.94292,52.11661],[-9.94314,52.11738],[-9.94358,52.1184],[-9.94401,52.11891],[-9.94443,52.11942],[-9.94465,52.11993],[-9.94549,52.12005],[-9.94591,52.12031],[-9.94633,52.12043],[-9.94655,52.12094],[-9.94656,52.12171],[-9.94638,52.12274],[-9.94554,52.12274],[-9.94536,52.12404],[-9.94499,52.12557],[-9.94457,52.12608],[-9.94437,52.12622],[-9.94416,52.12634],[-9.94397,52.12647],[-9.94375,52.1266],[-9.94355,52.12673],[-9.94334,52.12686],[-9.94335,52.12737],[-9.94377,52.12763],[-9.9442,52.12813],[-9.94441,52.12839],[-9.94566,52.12838],[-9.94567,52.12889],[-9.94776,52.12888],[-9.94755,52.12912],[-9.94736,52.12965],[-9.94818,52.12977],[-9.94861,52.13002],[-9.94945,52.13014],[-9.94925,52.1304],[-9.94904,52.13066],[-9.95029,52.13078],[-9.95072,52.13103],[-9.95113,52.13115],[-9.95094,52.13192],[-9.95054,52.13244],[-9.95033,52.13257],[-9.95013,52.1327],[-9.94972,52.13322],[-9.94973,52.13347],[-9.949925,52.1335861],[-9.95015,52.13372],[-9.95057,52.13398],[-9.95099,52.13423],[-9.95121,52.13448],[-9.95162,52.13435],[-9.95204,52.13435],[-9.95371,52.13459],[-9.95412,52.13459],[-9.95537,52.13458],[-9.95746,52.13482],[-9.95871,52.13506],[-9.95955,52.13531],[-9.9608,52.13543],[-9.9617618,52.1357682],[-9.9622472,52.1360299],[-9.96249,52.13619],[-9.9619624,52.1363775],[-9.9618691,52.1366582],[-9.9620288,52.1368389],[-9.9626249,52.1369903],[-9.96314,52.13746],[-9.963448,52.137836],[-9.9636447,52.1383059],[-9.9637932,52.1390418],[-9.964167,52.1395569],[-9.9647453,52.1398645],[-9.9650907,52.1400335],[-9.9651289,52.1402223],[-9.9652554,52.1403873],[-9.9651178,52.1405497],[-9.9651961,52.140677],[-9.9653214,52.1408471],[-9.965328,52.1412075],[-9.9656843,52.1412845],[-9.9661528,52.1411022],[-9.9666706,52.1411325],[-9.9673382,52.1414349],[-9.9681034,52.1417556],[-9.9688686,52.1419445],[-9.9697539,52.1421904],[-9.9686498,52.1423068],[-9.967848,52.1421144],[-9.9673581,52.1419352],[-9.9667153,52.1418419],[-9.96635,52.1418],[-9.965472,52.1418873],[-9.9635612,52.1416213],[-9.9631516,52.1416084],[-9.9623741,52.1419445],[-9.9614106,52.1422924],[-9.9609407,52.1424244],[-9.9605265,52.1426146],[-9.9600827,52.1425774],[-9.9595901,52.1425954],[-9.9593788,52.1426031],[-9.9592948,52.1427463],[-9.9590522,52.1427634],[-9.9587442,52.1425115],[-9.9581564,52.1425916],[-9.9579249,52.1426828],[-9.95763,52.14276],[-9.9572478,52.1428026],[-9.9572631,52.1431065],[-9.9573539,52.1432559],[-9.9577271,52.1433704],[-9.9579138,52.1435422],[-9.9578298,52.143777],[-9.9574845,52.1439145],[-9.9568724,52.1441342],[-9.9559999,52.1443787],[-9.9552072,52.144706],[-9.9546858,52.1448686],[-9.9544192,52.1449414],[-9.9541912,52.1450427],[-9.9539818,52.1452357],[-9.9540786,52.1453976],[-9.9542746,52.1454548],[-9.9542279,52.1455751],[-9.9539387,52.1456438],[-9.9536931,52.1458702],[-9.9532979,52.1461491],[-9.9528446,52.146302],[-9.9523,52.1464169],[-9.9510407,52.1466085],[-9.949306,52.1467983],[-9.9484574,52.1469014],[-9.9457865,52.1468235],[-9.9456767,52.1468202],[-9.9450894,52.1467859],[-9.94397,52.14671],[-9.9423,52.14647],[-9.9413752,52.1464063],[-9.9400292,52.1465278],[-9.9390395,52.1465764],[-9.9380462,52.1465288],[-9.9375333,52.1464718],[-9.9368126,52.1464718],[-9.9360863,52.1466027],[-9.9355615,52.1467815],[-9.9343589,52.1469491],[-9.9336326,52.1470418],[-9.9331089,52.1471309],[-9.932393,52.1472764],[-9.9320659,52.1473627],[-9.9316563,52.1475536],[-9.9312204,52.1477718],[-9.9309996,52.1479754],[-9.9306341,52.14815],[-9.930237,52.1483245],[-9.9293833,52.1484245],[-9.9287819,52.1484336],[-9.928393,52.1484273],[-9.9278258,52.1483792],[-9.92776,52.14838],[-9.9274048,52.148302],[-9.92713,52.14826],[-9.9266996,52.1482111],[-9.9262407,52.1481841],[-9.9252263,52.1480684],[-9.924371,52.1480582],[-9.9241815,52.1480559],[-9.9234623,52.148025],[-9.9228757,52.1480585],[-9.9215324,52.1483321],[-9.9210186,52.1486502],[-9.9208018,52.1489017],[-9.9207587,52.1491611],[-9.9206585,52.1493218],[-9.9205808,52.1494512],[-9.9199712,52.1496983],[-9.919472,52.1499008],[-9.9189486,52.1500628],[-9.9176945,52.1503494],[-9.9167591,52.1504886],[-9.915992,52.150596],[-9.915703,52.1506365],[-9.9135182,52.1513608],[-9.9125687,52.1516294],[-9.9121719,52.15163],[-9.91199,52.151609],[-9.9116424,52.1516916],[-9.9112777,52.1516145],[-9.9094851,52.1516732],[-9.9086302,52.151722],[-9.907999,52.1518449],[-9.9070199,52.1520836],[-9.9066955,52.1521069],[-9.9064359,52.1521545],[-9.9060407,52.1523497],[-9.9055909,52.1524565],[-9.905109,52.1524847],[-9.9047647,52.1524957],[-9.9043957,52.1524946],[-9.9039707,52.1525137],[-9.9037692,52.1525634],[-9.9036936,52.1526063],[-9.9028502,52.1529301],[-9.9020487,52.1532248],[-9.9015802,52.1533304],[-9.9007253,52.1534562],[-9.8997687,52.1537964],[-9.8990427,52.1538721],[-9.898295,52.1537949],[-9.89746,52.15374],[-9.8956529,52.1533275],[-9.8949942,52.1532566],[-9.8946319,52.1531637],[-9.8941365,52.1532199],[-9.8935354,52.153166],[-9.8932553,52.153219],[-9.8924632,52.1533687],[-9.8912329,52.1533817],[-9.8898199,52.1531873],[-9.8891587,52.1531218],[-9.8888847,52.1531401],[-9.8887933,52.1532372],[-9.8891566,52.1536661],[-9.8896012,52.1537991],[-9.8898766,52.1538653],[-9.889892,52.1540895],[-9.8893403,52.1545995],[-9.8886182,52.1548728],[-9.8879807,52.155137],[-9.8872488,52.1553585],[-9.8861529,52.1555483],[-9.8853925,52.1556101],[-9.8848897,52.1560198],[-9.8834032,52.1561915],[-9.8832427,52.1564967],[-9.8829768,52.1564941],[-9.8818745,52.1566288],[-9.880771,52.1562665],[-9.8805649,52.1561807],[-9.88022,52.15605],[-9.88001,52.15591],[-9.8790904,52.1557714],[-9.8785814,52.155859],[-9.8784546,52.1559112],[-9.87667,52.15569],[-9.8766959,52.1557298],[-9.8756332,52.1554806],[-9.875155,52.1554476],[-9.8748281,52.1553867],[-9.8738658,52.1551963],[-9.8733575,52.1552886],[-9.8719287,52.1555307],[-9.8706885,52.1553778],[-9.8703682,52.155365],[-9.8702346,52.1554157],[-9.8701177,52.1555297],[-9.8700197,52.1557448],[-9.8698334,52.1560351],[-9.8694716,52.1564876],[-9.869034,52.1567908],[-9.8687647,52.1571716],[-9.8682934,52.157694],[-9.8677739,52.1581066],[-9.8674326,52.1585602],[-9.8671528,52.1588133],[-9.8668978,52.1590675],[-9.8665602,52.1592991],[-9.8660053,52.1593961],[-9.8656081,52.159517],[-9.8648324,52.1596166],[-9.8644516,52.1596057],[-9.8637425,52.1595843],[-9.8630874,52.1594311],[-9.8626086,52.1592704],[-9.8622382,52.1592344],[-9.8620026,52.1594872],[-9.8619269,52.1597741],[-9.8618994,52.1608668],[-9.8619819,52.1610988],[-9.8621332,52.1614722],[-9.862147,52.1618097],[-9.8620576,52.162375],[-9.8623395,52.1627336],[-9.8624589,52.1629199],[-9.8625552,52.1635274],[-9.8626377,52.164118],[-9.862789,52.1646326],[-9.8629403,52.1651473],[-9.8631604,52.1655522],[-9.8630778,52.1660922],[-9.8629403,52.1668515],[-9.8634492,52.1673071],[-9.8638893,52.1678554],[-9.8640131,52.1686569],[-9.8641919,52.1688931],[-9.8642607,52.169163],[-9.864522,52.1694414],[-9.8647009,52.1700319],[-9.8648797,52.1709768],[-9.8649347,52.1713395],[-9.8655261,52.1719047],[-9.8654574,52.1722927],[-9.866599,52.173946],[-9.869845,52.1781297],[-9.8700376,52.1785683],[-9.8698726,52.1788719],[-9.8696584,52.1791465],[-9.8685718,52.1817695],[-9.8682417,52.1821912],[-9.8679814,52.182303],[-9.8674301,52.1825454],[-9.8670863,52.1828574],[-9.8664261,52.1832791],[-9.8658817,52.1835223],[-9.8657087,52.1840943],[-9.8654741,52.1845806],[-9.864484,52.1861438],[-9.8640634,52.186294],[-9.8636613,52.1865299],[-9.8635183,52.1866827],[-9.8632071,52.1870345],[-9.8631487,52.1873565],[-9.8627791,52.1881197],[-9.8624874,52.1885669],[-9.861612,52.1893719],[-9.8612716,52.1897535],[-9.861223,52.1904093],[-9.8616801,52.1904868],[-9.8619135,52.1905465],[-9.862429,52.1909877],[-9.8625943,52.19125],[-9.862429,52.1915183],[-9.8618843,52.1921861],[-9.8614759,52.1929433],[-9.8614953,52.1934798],[-9.8613494,52.1945887],[-9.8614856,52.1952803],[-9.8619038,52.1970986],[-9.8619948,52.1973004],[-9.8620302,52.1973788],[-9.8623998,52.197808],[-9.8625467,52.1978714],[-9.8626624,52.1979213],[-9.8619622,52.1986128],[-9.8615439,52.1991552],[-9.8613689,52.199501],[-9.8600141,52.2003383],[-9.8594164,52.2008506],[-9.8593889,52.2015419],[-9.8586736,52.2018285],[-9.8572156,52.2025113],[-9.8567893,52.2030424],[-9.8560939,52.2039575],[-9.8550973,52.2036283],[-9.8549846,52.2033175],[-9.8546653,52.2031909],[-9.8538765,52.2029953],[-9.85367,52.2025809],[-9.8526746,52.2020399],[-9.851529,52.2018212],[-9.8504397,52.2016716],[-9.8490688,52.2017982],[-9.8475794,52.2020085],[-9.8468828,52.2021643],[-9.8458646,52.2026344],[-9.8448397,52.2028549],[-9.8443238,52.2030213],[-9.843774,52.2030379],[-9.8430749,52.2029713],[-9.8411132,52.2035995],[-9.833532,52.2059823],[-9.8314686,52.206598],[-9.8290793,52.2077127],[-9.8193322,52.2058177],[-9.8169132,52.2054942],[-9.8147342,52.2048824],[-9.8104859,52.2057958],[-9.8094449,52.2061732],[-9.8091229,52.2062899],[-9.8082589,52.2065488],[-9.7997348,52.2085488],[-9.7975653,52.210137],[-9.8002915,52.2158541],[-9.8026721,52.2218762],[-9.8047456,52.2261335],[-9.8058527,52.2333498],[-9.806002,52.2339276],[-9.8058892,52.2344193],[-9.8058213,52.2349306],[-9.8060928,52.235471],[-9.8061403,52.2358327],[-9.806344,52.2366225],[-9.8062421,52.2373832],[-9.8064933,52.2386801],[-9.8064865,52.2394657],[-9.8065272,52.2396901],[-9.8063779,52.240031],[-9.8064593,52.24043],[-9.8063779,52.2408789],[-9.8063643,52.2414524],[-9.8067037,52.243381],[-9.8068327,52.2438794],[-9.80702,52.24382],[-9.8073613,52.2439507],[-9.8076683,52.2440933],[-9.8077162,52.2442476],[-9.8076555,52.2443859],[-9.8079578,52.2444992],[-9.8083044,52.2446096],[-9.80871,52.24458],[-9.80914,52.24457],[-9.81455,52.24428],[-9.81746,52.244],[-9.81871,52.24374],[-9.81954,52.24348],[-9.8216058,52.2431883],[-9.8224217,52.2430844],[-9.82454,52.2428],[-9.82476,52.24357],[-9.8252353,52.2438145],[-9.8255943,52.2439257],[-9.8257906,52.2442957],[-9.8265067,52.2451824],[-9.8271488,52.2459004],[-9.8280348,52.2459712],[-9.8292976,52.2463102],[-9.8303044,52.2465116],[-9.8310109,52.2469906],[-9.8314074,52.2471644]]],[[[-10.0461797,52.3122189],[-10.0458745,52.3122323],[-10.0456082,52.3123786],[-10.045508,52.3128324],[-10.0456024,52.3128564],[-10.0457456,52.3128389],[-10.0458028,52.3128914],[-10.0456912,52.3130769],[-10.0457484,52.3131101],[-10.0459496,52.3130318],[-10.0460062,52.313064],[-10.0459374,52.3133461],[-10.0461034,52.3135466],[-10.046241,52.3135763],[-10.0462613,52.313752],[-10.0463626,52.3138245],[-10.0470547,52.3134957],[-10.0475122,52.3131407],[-10.0472604,52.3128873],[-10.0470438,52.312524],[-10.0461797,52.3122189]]],[[[-10.0320718,52.3150161],[-10.0319022,52.3150318],[-10.0317736,52.3151009],[-10.0316811,52.3151072],[-10.031532,52.3150695],[-10.0313623,52.3150883],[-10.0311772,52.3152046],[-10.0311155,52.3153084],[-10.0311412,52.3153618],[-10.0312852,52.3152895],[-10.0315371,52.3152329],[-10.0316451,52.3152487],[-10.0317119,52.3152927],[-10.0317428,52.315343],[-10.0316759,52.3154435],[-10.0316914,52.3157924],[-10.0317582,52.3158301],[-10.0319742,52.3157484],[-10.0320359,52.3157956],[-10.0321181,52.3158144],[-10.0324832,52.3157987],[-10.0328894,52.3156793],[-10.0329665,52.3157013],[-10.0331156,52.3156384],[-10.0331568,52.3155913],[-10.033131,52.315541],[-10.0330179,52.3154781],[-10.0330899,52.3153838],[-10.0330693,52.3153367],[-10.0331619,52.3152549],[-10.0333316,52.3152424],[-10.0329357,52.3149626],[-10.0325809,52.3148149],[-10.0323341,52.3147835],[-10.0322004,52.31484],[-10.0321181,52.3149909],[-10.0320718,52.3150161]]],[[[-10.0254062,52.3241815],[-10.0251609,52.3241149],[-10.0249919,52.3241185],[-10.0249624,52.3242662],[-10.0248631,52.3242239],[-10.0243253,52.3242551],[-10.0241798,52.3244216],[-10.0239836,52.3245114],[-10.0237944,52.3244218],[-10.0234959,52.3244607],[-10.0233691,52.3243225],[-10.0230132,52.3243921],[-10.0231043,52.3246198],[-10.0227447,52.3247228],[-10.0226089,52.3248141],[-10.022415,52.3248589],[-10.0220379,52.3248459],[-10.0216447,52.3248426],[-10.0211925,52.3249344],[-10.0208047,52.3250428],[-10.0205242,52.3251269],[-10.0203571,52.3252798],[-10.0200314,52.3255923],[-10.0197027,52.3257846],[-10.0195065,52.3259532],[-10.0192207,52.32609],[-10.0192333,52.3262272],[-10.0194444,52.3263284],[-10.0195111,52.326608],[-10.0197119,52.3269138],[-10.0198936,52.3272656],[-10.0198481,52.3276095],[-10.0198347,52.3279928],[-10.0200447,52.3282528],[-10.0204432,52.3282937],[-10.0207506,52.3284461],[-10.0209805,52.3286971],[-10.0210756,52.3290138],[-10.0212204,52.3292306],[-10.0215692,52.3293949],[-10.0218742,52.3295036],[-10.0222436,52.3295008],[-10.0226864,52.3295552],[-10.0232901,52.3295374],[-10.0236712,52.329513],[-10.0239343,52.3293772],[-10.0243299,52.3293199],[-10.0245374,52.3292753],[-10.0247556,52.3291126],[-10.0247952,52.3288398],[-10.0250125,52.3284849],[-10.0250715,52.3283103],[-10.0247956,52.3281738],[-10.0248684,52.3280175],[-10.0244446,52.3280198],[-10.0244424,52.3277391],[-10.0244564,52.3271503],[-10.0238245,52.3263333],[-10.0243521,52.326123],[-10.0247081,52.3257193],[-10.0249586,52.3255839],[-10.025039,52.3257261],[-10.0249907,52.3258946],[-10.0253124,52.3259494],[-10.0254354,52.3256428],[-10.0257649,52.3249843],[-10.0260239,52.3247276],[-10.0257418,52.3244152],[-10.0254062,52.3241815]]],[[[-10.0169398,52.3291211],[-10.0168328,52.3292694],[-10.0168759,52.3293402],[-10.0169314,52.3297122],[-10.0168561,52.3298159],[-10.0168288,52.330007],[-10.0166607,52.3299895],[-10.0165691,52.3301216],[-10.0164442,52.3302106],[-10.0164681,52.3303492],[-10.0165909,52.3303828],[-10.0166277,52.3304937],[-10.0169356,52.3304841],[-10.0171408,52.3304667],[-10.0175809,52.3304093],[-10.0179292,52.3304141],[-10.0180641,52.3304345],[-10.0180832,52.3305512],[-10.0183191,52.3305558],[-10.0183824,52.3304777],[-10.0186275,52.3305671],[-10.0191561,52.3305435],[-10.0195772,52.3302574],[-10.019894,52.3300071],[-10.0201066,52.3298202],[-10.0202316,52.3296075],[-10.0199107,52.3294461],[-10.0197746,52.3292935],[-10.0194167,52.329107],[-10.0187133,52.3291923],[-10.0184799,52.3292868],[-10.0181456,52.3293636],[-10.0178726,52.3293456],[-10.0176794,52.3293223],[-10.0174045,52.3292778],[-10.0169398,52.3291211]]],[[[-10.02745,52.3297938],[-10.0271835,52.3297903],[-10.0268928,52.3298066],[-10.0265646,52.3298093],[-10.0259201,52.3296651],[-10.0255293,52.3297143],[-10.0253245,52.3299987],[-10.0252785,52.3305],[-10.0250862,52.3308514],[-10.0255062,52.3311014],[-10.0256279,52.3311961],[-10.0258632,52.3312303],[-10.0260753,52.3312688],[-10.0261263,52.3313587],[-10.0262113,52.3314518],[-10.0263374,52.3314537],[-10.0264028,52.3313706],[-10.0266383,52.331326],[-10.0267628,52.331287],[-10.0267558,52.3311867],[-10.026682,52.3310777],[-10.0268671,52.3310221],[-10.0270144,52.3309018],[-10.0269662,52.3308314],[-10.0270028,52.330616],[-10.026954,52.3305088],[-10.0270578,52.3303957],[-10.0268921,52.3304084],[-10.0268784,52.33033],[-10.0270613,52.3301742],[-10.0271562,52.3300614],[-10.0271316,52.3299869],[-10.02745,52.3297938]]],[[[-10.0468337,52.3316034],[-10.0466437,52.3317334],[-10.0464237,52.3318635],[-10.0462137,52.3319935],[-10.0460137,52.3321235],[-10.0457508,52.3324235],[-10.0455301,52.3332724],[-10.0456337,52.3340535],[-10.0452237,52.3340535],[-10.0454437,52.3345635],[-10.0456637,52.3350735],[-10.0460737,52.3349435],[-10.0464837,52.3349335],[-10.0473337,52.3349335],[-10.0477437,52.3346735],[-10.0485737,52.3345335],[-10.0485637,52.3340235],[-10.0489837,52.3341535],[-10.0498237,52.3341535],[-10.0502337,52.3340135],[-10.0502237,52.3334935],[-10.0510637,52.3334935],[-10.0512537,52.3327235],[-10.0520025,52.3325892],[-10.0522937,52.3323235],[-10.0527037,52.3321935],[-10.0526937,52.3319335],[-10.0518637,52.3318235],[-10.0514337,52.3318235],[-10.0510237,52.3318235],[-10.0500592,52.3316725],[-10.0499764,52.3320765],[-10.0496007,52.3320765],[-10.0492751,52.3316254],[-10.0485037,52.3315934],[-10.0480837,52.3315934],[-10.0468337,52.3316034]]],[[[-10.0718075,52.3247526],[-10.0710807,52.3249492],[-10.0706483,52.3251862],[-10.0702843,52.3253941],[-10.0702847,52.3255449],[-10.0704405,52.3256006],[-10.0701027,52.3257088],[-10.0699447,52.3258856],[-10.0698544,52.3259362],[-10.0698961,52.3259948],[-10.0697715,52.3260992],[-10.0695258,52.3262078],[-10.069721,52.3263104],[-10.0696576,52.3264158],[-10.0695508,52.3263357],[-10.0694974,52.3264907],[-10.0694278,52.3265699],[-10.0692322,52.3267654],[-10.0692937,52.3268414],[-10.0695081,52.3266763],[-10.0695466,52.3268756],[-10.0697675,52.3272126],[-10.0699427,52.3271781],[-10.0699946,52.3272353],[-10.0700661,52.3272055],[-10.0700912,52.3273067],[-10.0701627,52.3274008],[-10.0704989,52.3273398],[-10.0709479,52.3271572],[-10.071628,52.3269745],[-10.0723765,52.3265913],[-10.0725265,52.3264966],[-10.0725907,52.3263444],[-10.0728267,52.3262437],[-10.0729206,52.325966],[-10.0728905,52.3257437],[-10.0727505,52.3255018],[-10.0726297,52.325188],[-10.0723185,52.32512],[-10.0718075,52.3247526]]],[[[-10.0520623,52.3371348],[-10.0523019,52.3369721],[-10.0521727,52.3371366],[-10.0520842,52.3372492],[-10.0520349,52.3373674],[-10.0518505,52.3376235],[-10.0518625,52.33768],[-10.0521173,52.3375965],[-10.0519886,52.3377014],[-10.052069,52.33778],[-10.0522985,52.3377342],[-10.0524262,52.3377245],[-10.0525367,52.3376198],[-10.0525753,52.3377316],[-10.0527034,52.3376438],[-10.0528953,52.3376288],[-10.0530753,52.3375005],[-10.0531562,52.3375291],[-10.0532108,52.3375993],[-10.0534381,52.3375497],[-10.0535922,52.337398],[-10.0537019,52.3373765],[-10.0537764,52.3372647],[-10.0539201,52.3372311],[-10.0540574,52.3370821],[-10.0541763,52.3370397],[-10.0540172,52.3372532],[-10.0542569,52.337264],[-10.0543049,52.3373019],[-10.054125,52.3375643],[-10.0543444,52.3375713],[-10.0545954,52.3372084],[-10.054722,52.3371905],[-10.0546426,52.3374333],[-10.0550042,52.3373256],[-10.0552456,52.3368776],[-10.0550471,52.3367978],[-10.0551276,52.3367694],[-10.0552805,52.3367732],[-10.0553838,52.3365834],[-10.0554441,52.3366623],[-10.0555996,52.3364099],[-10.0557149,52.3364246],[-10.0563104,52.3356609],[-10.0563725,52.3352681],[-10.0562603,52.3349226],[-10.0561776,52.3346262],[-10.056142,52.3344754],[-10.0557292,52.3347819],[-10.0554451,52.3350066],[-10.0552524,52.3351968],[-10.0550227,52.3354037],[-10.0548905,52.3355814],[-10.0547155,52.3357143],[-10.0545057,52.335775],[-10.0544079,52.33569],[-10.0542875,52.335769],[-10.0538475,52.3360038],[-10.0536796,52.3360539],[-10.0535439,52.3359794],[-10.0533691,52.3360599],[-10.0533574,52.3360112],[-10.0533073,52.3360186],[-10.053282,52.3359809],[-10.0532422,52.3359285],[-10.0531037,52.3359843],[-10.053025,52.3359353],[-10.0528409,52.3359455],[-10.0525264,52.3360807],[-10.0525892,52.3359176],[-10.0523113,52.3359676],[-10.0518442,52.3362524],[-10.0517844,52.3363951],[-10.0515554,52.3365441],[-10.0516242,52.3365997],[-10.0515792,52.3366814],[-10.0515028,52.3367809],[-10.0515691,52.3368883],[-10.0515549,52.3369695],[-10.0514078,52.3371164],[-10.051353,52.3371891],[-10.0513519,52.3372453],[-10.0513741,52.3373326],[-10.0515958,52.3371925],[-10.0514381,52.3374302],[-10.0517204,52.337367],[-10.0520623,52.3371348]]]]}},{"type":"Feature","properties":{"@id":"relation/6168494","boundary":"administrative","logainm:ref":"8299","name":"Garranes","name:en":"Garranes","name:ga":"An Garrán","wikidata":"Q104295278"},"geometry":{"type":"Polygon","coordinates":[[[-8.7458895,51.8041027],[-8.7458084,51.8042147],[-8.7457387,51.8045331],[-8.7457226,51.804626],[-8.7457172,51.804815],[-8.7456958,51.8050174],[-8.7456046,51.8052098],[-8.7454007,51.8057106],[-8.7454168,51.8059793],[-8.7453954,51.8061551],[-8.7454115,51.8062579],[-8.7457709,51.8062314],[-8.7458299,51.8065233],[-8.7458943,51.8066527],[-8.7459265,51.8067289],[-8.7461625,51.8070076],[-8.7462912,51.807452],[-8.7463073,51.8077771],[-8.7463127,51.8080457],[-8.7463449,51.8081784],[-8.7462966,51.8085532],[-8.7460391,51.8093194],[-8.7459318,51.8095416],[-8.7458621,51.8097638],[-8.7458138,51.8100258],[-8.7458192,51.8102845],[-8.7458406,51.810646],[-8.7459372,51.810918],[-8.7461357,51.811316],[-8.7464307,51.8118367],[-8.7468384,51.8122347],[-8.7469511,51.8122844],[-8.7472139,51.8124436],[-8.7475787,51.8127985],[-8.7477825,51.8130041],[-8.7477825,51.8132959],[-8.7476914,51.8137039],[-8.7476753,51.814125],[-8.7476753,51.8143738],[-8.7475894,51.8146225],[-8.7473319,51.814838],[-8.7474875,51.8151597],[-8.7474714,51.8153488],[-8.7473266,51.8155842],[-8.7472354,51.8156572],[-8.7468921,51.8159656],[-8.7467955,51.8161447],[-8.7467418,51.81641],[-8.7467955,51.8168311],[-8.746833,51.8172589],[-8.7468277,51.8176038],[-8.746774,51.818015],[-8.7471817,51.8183532],[-8.7474339,51.8187213],[-8.7475572,51.8189501],[-8.7477611,51.8192452],[-8.7480937,51.8196067],[-8.7483029,51.819852],[-8.7482975,51.8199681],[-8.7482653,51.8200245],[-8.7484209,51.8200676],[-8.7484424,51.8201737],[-8.7483941,51.820293],[-8.7482224,51.8203063],[-8.7481581,51.8203196],[-8.7481044,51.8203627],[-8.7480347,51.8206644],[-8.7480239,51.8209032],[-8.7479649,51.8210159],[-8.7485926,51.8213177],[-8.7487642,51.8215033],[-8.749011,51.8217023],[-8.7499766,51.8221864],[-8.7504165,51.8224782],[-8.7508134,51.8228031],[-8.7515001,51.8230352],[-8.7520043,51.823201],[-8.7524013,51.8233137],[-8.7522296,51.8237448],[-8.7521331,51.8241559],[-8.752058,51.824461],[-8.7521009,51.8246068],[-8.7521063,51.8248257],[-8.7521063,51.8250478],[-8.7522779,51.8258137],[-8.7523262,51.8259894],[-8.7526749,51.8259695],[-8.7532757,51.8259032],[-8.7537424,51.8258469],[-8.7538712,51.8257971],[-8.754016,51.8259861],[-8.7541501,51.8260889],[-8.7542038,51.8264702],[-8.7542413,51.8267221],[-8.7543593,51.8271565],[-8.7541072,51.8274449],[-8.7540911,51.8275311],[-8.7541716,51.8279986],[-8.7542735,51.8284528],[-8.754311,51.8287246],[-8.7543164,51.8291158],[-8.7542789,51.8295236],[-8.7543094,51.8297533],[-8.7541037,51.8312011],[-8.7543701,51.8311944],[-8.7552069,51.8311878],[-8.755915,51.8311149],[-8.7565158,51.8309889],[-8.7572776,51.8307303],[-8.7584256,51.8304187],[-8.7598096,51.8300673],[-8.7602495,51.8299678],[-8.7608963,51.8297869],[-8.7617193,51.8295567],[-8.7628458,51.8293844],[-8.765241,51.8291653],[-8.7663758,51.8291717],[-8.768693,51.8290595],[-8.7692617,51.8289932],[-8.7697874,51.8288141],[-8.7703775,51.8286948],[-8.7710105,51.8284959],[-8.771504,51.8282041],[-8.7718902,51.8277665],[-8.7719841,51.8275213],[-8.7720512,51.8272957],[-8.7719975,51.8269774],[-8.7718795,51.8265199],[-8.7714933,51.8259828],[-8.7712465,51.8254722],[-8.770635,51.8244178],[-8.7704526,51.824199],[-8.7704418,51.8240001],[-8.7705921,51.8239139],[-8.7706886,51.8235889],[-8.7708066,51.8232905],[-8.7713323,51.8230319],[-8.7723301,51.8227865],[-8.7728022,51.8224881],[-8.7731672,51.8223957],[-8.7768877,51.8214538],[-8.7783275,51.8211286],[-8.7791751,51.8210424],[-8.7803338,51.8203759],[-8.7808381,51.8202003],[-8.7811814,51.8200808],[-8.782147,51.8198056],[-8.7821095,51.8197327],[-8.7818949,51.819474],[-8.7817125,51.8193215],[-8.7814014,51.8189799],[-8.7810258,51.8185886],[-8.7802319,51.8178392],[-8.7793629,51.8173816],[-8.7793409,51.8173704],[-8.7786562,51.8170235],[-8.7783222,51.8168543],[-8.7780978,51.8167223],[-8.777994,51.8166612],[-8.777657,51.816463],[-8.777437,51.8162276],[-8.7773834,51.8159987],[-8.7772547,51.8156008],[-8.7770669,51.8153488],[-8.7769221,51.8150005],[-8.7767343,51.8145164],[-8.7766431,51.8142444],[-8.7766089,51.8138824],[-8.7763224,51.8137258],[-8.7760602,51.8135567],[-8.775513,51.8132371],[-8.7748118,51.8129016],[-8.7745324,51.812808],[-8.7745752,51.8126956],[-8.7747709,51.8121816],[-8.7752323,51.8111601],[-8.7756624,51.8100353],[-8.7760678,51.808975],[-8.7761657,51.808719],[-8.7756078,51.8081552],[-8.775522,51.8078699],[-8.7750606,51.8075383],[-8.774492,51.8070673],[-8.7743632,51.8069479],[-8.773977,51.8067621],[-8.7736551,51.8064968],[-8.7732796,51.8061352],[-8.772888,51.8058699],[-8.7723516,51.8056874],[-8.7723569,51.8055017],[-8.7717561,51.8050738],[-8.7713323,51.8047885],[-8.7711821,51.804553],[-8.7709837,51.8044767],[-8.7706672,51.8042777],[-8.7701575,51.8041649],[-8.7700181,51.8040853],[-8.7697606,51.803863],[-8.7692617,51.8037337],[-8.7687199,51.8037038],[-8.768398,51.8038067],[-8.7678186,51.8040422],[-8.7671427,51.804407],[-8.7664775,51.8046857],[-8.765469,51.8052031],[-8.7644498,51.8058433],[-8.7649111,51.8064901],[-8.7653671,51.8070009],[-8.7655369,51.8072438],[-8.7635875,51.8067999],[-8.7630758,51.8067032],[-8.7625531,51.8066599],[-8.7612593,51.8066202],[-8.7607065,51.8065998],[-8.7601433,51.8065344],[-8.7593681,51.8063931],[-8.7590368,51.8063638],[-8.7583552,51.8063358],[-8.7568769,51.8063107],[-8.7564262,51.8063031],[-8.755896,51.8062701],[-8.75543,51.8061898],[-8.755195,51.8061199],[-8.7550087,51.8060396],[-8.7543743,51.8056975],[-8.7543107,51.8056632],[-8.753881,51.8054938],[-8.7534097,51.8053548],[-8.7529167,51.805246],[-8.7524328,51.805147],[-8.7521867,51.8051137],[-8.7510563,51.8050663],[-8.7507774,51.8050498],[-8.7507152,51.8050375],[-8.7506041,51.8050156],[-8.7505065,51.8049964],[-8.7493984,51.8047693],[-8.7478365,51.8043934],[-8.7474055,51.8043405],[-8.746519,51.804238],[-8.7461449,51.8041707],[-8.7458895,51.8041027]]]}},{"type":"Feature","properties":{"@id":"relation/6408043","boundary":"barony","logainm:ref":"31","name":"Kinalmeaky","name:en":"Kinalmeaky","name:ga":"Cineál mBéice"},"geometry":{"type":"Polygon","coordinates":[[[-8.8700163,51.7394126],[-8.8703149,51.7393106],[-8.8712342,51.7387178],[-8.8717633,51.7380996],[-8.8722221,51.7377375],[-8.8727837,51.7376741],[-8.8737006,51.7383436],[-8.8740972,51.7384489],[-8.8743778,51.7384093],[-8.87511,51.7380193],[-8.8753607,51.7378589],[-8.8758784,51.7370199],[-8.8761679,51.7365843],[-8.8768069,51.7364231],[-8.8769751,51.7361886],[-8.8772303,51.7360748],[-8.8774062,51.7359941],[-8.8775355,51.7358785],[-8.8779373,51.7355248],[-8.8778782,51.7350962],[-8.8778107,51.7348401],[-8.8777685,51.7345421],[-8.8776588,51.7341605],[-8.8773718,51.7340403],[-8.8765869,51.7337476],[-8.8761057,51.7335123],[-8.8759116,51.7334026],[-8.8750254,51.7329373],[-8.8746034,51.7328066],[-8.8743839,51.7325453],[-8.8740547,51.7321846],[-8.8739197,51.7319337],[-8.8737593,51.731437],[-8.873734,51.7311887],[-8.8738311,51.7309352],[-8.873983,51.7307235],[-8.8740214,51.7306039],[-8.8740463,51.7305039],[-8.8740251,51.7303273],[-8.8739416,51.7301979],[-8.87387,51.7299318],[-8.8738103,51.7296471],[-8.873679,51.7294068],[-8.8735715,51.7292996],[-8.8735238,51.7291998],[-8.8734701,51.7290483],[-8.8734522,51.7288634],[-8.8735178,51.728723],[-8.873482,51.7284827],[-8.8733746,51.7282535],[-8.8731955,51.7281758],[-8.8733149,51.7281278],[-8.873303,51.7280243],[-8.8731776,51.7279023],[-8.8730404,51.7277064],[-8.8727957,51.7275585],[-8.8727539,51.7274143],[-8.8727539,51.7273293],[-8.8726524,51.7272073],[-8.8724793,51.7270262],[-8.8724853,51.7268672],[-8.8723898,51.7266787],[-8.8724495,51.7265825],[-8.8724734,51.7264421],[-8.8724077,51.7263792],[-8.8722705,51.7262276],[-8.8719959,51.7261352],[-8.8716557,51.7260317],[-8.8713692,51.7259097],[-8.8710828,51.7258136],[-8.8710052,51.725614],[-8.8707963,51.7255696],[-8.87048,51.7253626],[-8.8699727,51.7252664],[-8.8696146,51.7253034],[-8.8692505,51.7253884],[-8.8689043,51.7254993],[-8.8684866,51.7254993],[-8.8681285,51.7254143],[-8.8677942,51.7253478],[-8.8674839,51.7253367],[-8.8669945,51.7253958],[-8.8665111,51.7254254],[-8.8656039,51.7254568],[-8.8654189,51.7254698],[-8.8651413,51.725516],[-8.8647922,51.7255437],[-8.8645982,51.725564],[-8.8643028,51.7256158],[-8.8640103,51.7256916],[-8.8637865,51.7257766],[-8.863503,51.7258746],[-8.8631808,51.7259652],[-8.8629331,51.726004],[-8.8627421,51.7259726],[-8.8625392,51.7259005],[-8.8622736,51.7258339],[-8.8620587,51.7258154],[-8.8618528,51.7257581],[-8.8615962,51.7256565],[-8.8612232,51.7255714],[-8.8608919,51.7255345],[-8.8607069,51.7254753],[-8.8602742,51.7253718],[-8.8594565,51.7251444],[-8.8590865,51.725015],[-8.858618,51.7248357],[-8.858251,51.7246435],[-8.8578899,51.7243958],[-8.857669,51.7242535],[-8.8573617,51.7240963],[-8.8568216,51.7237893],[-8.8566276,51.7236692],[-8.8562934,51.7234196],[-8.8559293,51.7231109],[-8.8556846,51.722963],[-8.8554907,51.7228447],[-8.8551564,51.7226987],[-8.85487,51.7224676],[-8.854633,51.722295],[-8.8545541,51.7222254],[-8.8543848,51.722005],[-8.8542612,51.7218557],[-8.8540075,51.7217115],[-8.8537479,51.7215119],[-8.8534794,51.7212161],[-8.8533958,51.7210072],[-8.8529422,51.720105],[-8.8526766,51.7195652],[-8.8524409,51.7192029],[-8.8523155,51.719079],[-8.8522529,51.7189607],[-8.8521663,51.7188775],[-8.852038,51.7189071],[-8.8517157,51.7189477],[-8.8515068,51.7189588],[-8.8510473,51.7189995],[-8.8505459,51.7190032],[-8.8502833,51.7189477],[-8.8500207,51.7188146],[-8.8499073,51.7187185],[-8.8497522,51.7184929],[-8.8496268,51.7183229],[-8.8493105,51.7180529],[-8.8489464,51.7178311],[-8.8487077,51.7177239],[-8.8483317,51.7176388],[-8.8479318,51.7174243],[-8.8476513,51.7172247],[-8.8473387,51.7173387],[-8.8467226,51.7174903],[-8.8459123,51.7176211],[-8.8454649,51.7176054],[-8.8450679,51.7176505],[-8.8449762,51.7169114],[-8.8449762,51.7165523],[-8.8450148,51.7164086],[-8.8446864,51.7152475],[-8.8447511,51.7145686],[-8.8448381,51.7141616],[-8.8448091,51.7139521],[-8.8446449,51.7135152],[-8.8444227,51.7130483],[-8.8443068,51.7122043],[-8.8441908,51.7117733],[-8.8443454,51.7112765],[-8.8442005,51.7111089],[-8.8438914,51.7108335],[-8.8435436,51.710648],[-8.8433117,51.7103128],[-8.8431861,51.7101092],[-8.8431958,51.7099057],[-8.8434953,51.7096842],[-8.8438044,51.7095047],[-8.8442488,51.7091874],[-8.8443164,51.7088402],[-8.8443551,51.7085948],[-8.844442,51.7084212],[-8.8442971,51.7080081],[-8.8443068,51.7077806],[-8.8442102,51.7074214],[-8.8441329,51.7072179],[-8.8442391,51.7068647],[-8.8442681,51.7066612],[-8.8441812,51.7064995],[-8.843988,51.7061763],[-8.8442295,51.704925],[-8.8445483,51.7040151],[-8.8447222,51.7037217],[-8.8449154,51.7033745],[-8.8454564,51.7031949],[-8.8459394,51.7030093],[-8.8464128,51.7027339],[-8.8468958,51.7024644],[-8.8470986,51.702207],[-8.8472532,51.7020214],[-8.8472919,51.7019017],[-8.8474271,51.7016083],[-8.8473981,51.7013808],[-8.8475624,51.7010994],[-8.8477556,51.7009257],[-8.8478811,51.7006743],[-8.8479198,51.7004707],[-8.8479217,51.7002256],[-8.8475354,51.7001458],[-8.8471921,51.7003586],[-8.8468059,51.7003586],[-8.8465269,51.7004118],[-8.8461836,51.7004251],[-8.8460978,51.7005847],[-8.8459046,51.7007177],[-8.8454969,51.7007443],[-8.8453682,51.7008906],[-8.8450034,51.7010901],[-8.8445099,51.7011034],[-8.8438039,51.7011093],[-8.8432675,51.7011492],[-8.8429027,51.7011492],[-8.8425358,51.7012895],[-8.8421281,51.7012895],[-8.8414651,51.7011359],[-8.8409265,51.700997],[-8.8401776,51.7011758],[-8.8395961,51.7012762],[-8.839212,51.7013088],[-8.838888,51.7012762],[-8.8385447,51.7012762],[-8.8378602,51.7014019],[-8.8373645,51.7013959],[-8.8369375,51.7014684],[-8.8366564,51.7016087],[-8.8363345,51.7018481],[-8.8358423,51.7020268],[-8.8354652,51.7021716],[-8.8352402,51.70238],[-8.834575,51.7025928],[-8.8339098,51.7028189],[-8.8334163,51.7030183],[-8.8330238,51.7031121],[-8.8325387,51.703144],[-8.8320499,51.7032873],[-8.8314014,51.7033302],[-8.8309057,51.7035104],[-8.8305484,51.7036951],[-8.8297885,51.7039323],[-8.8292964,51.7040822],[-8.828655,51.7041416],[-8.8282664,51.7040556],[-8.8276892,51.7038754],[-8.827215,51.7038162],[-8.8267022,51.7039419],[-8.8261443,51.7039153],[-8.8257344,51.7038428],[-8.8250478,51.7038428],[-8.8243563,51.7037361],[-8.8236524,51.7035615],[-8.8235265,51.7035349],[-8.8232609,51.7035618],[-8.8227489,51.7035229],[-8.822203,51.7035618],[-8.8216138,51.7035229],[-8.8207685,51.7035319],[-8.8204787,51.7035648],[-8.8202758,51.7035558],[-8.8198217,51.703469],[-8.819474,51.7035349],[-8.8189764,51.7035648],[-8.8186045,51.7036576],[-8.8182326,51.7037414],[-8.8179331,51.7038522],[-8.8177013,51.7037923],[-8.8174791,51.7037175],[-8.8173148,51.7035738],[-8.8169477,51.7036336],[-8.8165082,51.7036456],[-8.8163053,51.7036157],[-8.8161894,51.7034121],[-8.8157495,51.7025672],[-8.8160793,51.7021809],[-8.8163704,51.7019111],[-8.8166785,51.7016113],[-8.8168623,51.7012231],[-8.8169304,51.7010183],[-8.8163544,51.7008965],[-8.8166635,51.7003696],[-8.8165282,51.7003576],[-8.8165331,51.6995673],[-8.8169243,51.699699],[-8.8169113,51.6987254],[-8.8165611,51.6990644],[-8.8163068,51.6992289],[-8.8160524,51.6996401],[-8.8158424,51.69988],[-8.814615,51.7004625],[-8.8136972,51.7007503],[-8.8129121,51.7009902],[-8.8130558,51.7012849],[-8.8121602,51.7014357],[-8.810977,51.7018674],[-8.8101588,51.7021484],[-8.8094732,51.7024225],[-8.8095506,51.7025458],[-8.8085001,51.7029159],[-8.8084117,51.7028405],[-8.8064434,51.7036423],[-8.8064246,51.7034265],[-8.8063251,51.7031661],[-8.8063072,51.7029071],[-8.8062034,51.7027275],[-8.8059312,51.702402],[-8.8057763,51.7021652],[-8.8056862,51.7020743],[-8.8055887,51.7018964],[-8.8055767,51.7017588],[-8.8055621,51.701446],[-8.8046554,51.7011856],[-8.8038592,51.70098],[-8.8028419,51.700795],[-8.8016477,51.7006579],[-8.8008405,51.7005071],[-8.8003554,51.7004475],[-8.7985516,51.7002261],[-8.7981535,51.7001576],[-8.7972799,51.7001439],[-8.7968487,51.7],[-8.796329,51.6998355],[-8.7958867,51.699623],[-8.795555,51.6994654],[-8.7953006,51.699438],[-8.7942944,51.6989994],[-8.7936531,51.6985608],[-8.7929233,51.6983209],[-8.7922377,51.6983072],[-8.7919834,51.6982112],[-8.7915632,51.6982112],[-8.7910103,51.6981907],[-8.7907339,51.6981496],[-8.789219,51.6977589],[-8.787991,51.6972998],[-8.787682,51.697382],[-8.7872949,51.6974779],[-8.787118,51.6976561],[-8.7869853,51.6978617],[-8.786731,51.6980331],[-8.786731,51.6982181],[-8.7864877,51.698314],[-8.7862998,51.6984991],[-8.7860012,51.6986362],[-8.7858796,51.6988144],[-8.7856363,51.6989583],[-8.7851608,51.6990062],[-8.7849065,51.6991639],[-8.7845969,51.6992324],[-8.784411,51.6992812],[-8.7842783,51.6994389],[-8.7842949,51.6995794],[-8.7842562,51.6996959],[-8.7841898,51.6997473],[-8.7840737,51.6998261],[-8.784035,51.699922],[-8.7838968,51.7000043],[-8.7838028,51.6999906],[-8.783753,51.700042],[-8.7837143,51.7001105],[-8.7837475,51.7002236],[-8.7837254,51.7003127],[-8.7835761,51.700412],[-8.7835374,51.7004566],[-8.7831891,51.700508],[-8.7830369,51.7005577],[-8.7830398,51.700645],[-8.7827687,51.7004466],[-8.7825106,51.7002866],[-8.782319,51.7000749],[-8.7819109,51.6998426],[-8.7806658,51.7003098],[-8.7795455,51.7006892],[-8.7787377,51.7009576],[-8.778138,51.7010608],[-8.7777049,51.7011228],[-8.7769845,51.701306],[-8.7766805,51.701386],[-8.7763661,51.7014305],[-8.7760203,51.7015192],[-8.7750579,51.7016932],[-8.7737613,51.7019583],[-8.7735585,51.7020046],[-8.7731254,51.7022988],[-8.7729588,51.7023814],[-8.7724508,51.7028253],[-8.7722259,51.7029286],[-8.7718428,51.7031453],[-8.7716429,51.7032382],[-8.7715429,51.7033828],[-8.771418,51.7034705],[-8.7712143,51.703516],[-8.7710364,51.7034988],[-8.7707517,51.7034712],[-8.7704578,51.7034025],[-8.7699229,51.7034383],[-8.7696048,51.7033905],[-8.7691808,51.7034741],[-8.7688145,51.7035219],[-8.7686025,51.7035667],[-8.7684146,51.7035906],[-8.768082,51.7036444],[-8.7674893,51.7039848],[-8.767152,51.7042058],[-8.7667183,51.7044268],[-8.7664099,51.704594],[-8.7660292,51.7047852],[-8.7660147,51.704815],[-8.7660485,51.7051047],[-8.7659521,51.7054183],[-8.7651666,51.7056213],[-8.7642366,51.7057856],[-8.763186,51.7058363],[-8.7624969,51.7058214],[-8.7621018,51.7057886],[-8.7614946,51.7057288],[-8.7611043,51.705705],[-8.7599285,51.7056154],[-8.7592635,51.7056213],[-8.7587719,51.7055945],[-8.7578997,51.7055049],[-8.7572347,51.7053794],[-8.7566324,51.705266],[-8.7553637,51.704918],[-8.7542457,51.7045746],[-8.7540289,51.7044671],[-8.7534265,51.7044999],[-8.752371,51.7045758],[-8.7514747,51.7045818],[-8.7499037,51.704761],[-8.7486123,51.7048984],[-8.7475714,51.7050895],[-8.747128,51.7051791],[-8.7467425,51.7051791],[-8.7459069,51.7050958],[-8.745532,51.7050366],[-8.7453889,51.7048297],[-8.745348,51.7047368],[-8.7451436,51.7046988],[-8.744687,51.704589],[-8.7442236,51.7045172],[-8.7436988,51.7043102],[-8.7432218,51.7041286],[-8.7429492,51.7042131],[-8.7425471,51.7041455],[-8.7423426,51.7041159],[-8.7417429,51.7042384],[-8.7415044,51.7041835],[-8.7413,51.7041877],[-8.7410342,51.7042258],[-8.7405367,51.7042638],[-8.7402913,51.7042553],[-8.7401142,51.7042807],[-8.7396099,51.7044116],[-8.7387724,51.7046717],[-8.738223,51.7048419],[-8.7384399,51.7050659],[-8.7385507,51.7051913],[-8.7386904,51.7053914],[-8.7389362,51.7056691],[-8.7390856,51.7059259],[-8.7392061,51.7060723],[-8.7393892,51.7063171],[-8.7396831,51.7069114],[-8.7397988,51.7072399],[-8.7398229,51.7074549],[-8.7399144,51.7079476],[-8.7399964,51.7080969],[-8.7402421,51.7084731],[-8.7407336,51.7090554],[-8.7411818,51.7097661],[-8.7414372,51.7101185],[-8.7412782,51.7103991],[-8.7412734,51.7107306],[-8.7412933,51.7108873],[-8.740271,51.7113265],[-8.7392556,51.7117614],[-8.7386218,51.7122175],[-8.737891,51.7128404],[-8.7377265,51.7129928],[-8.7374983,51.7133749],[-8.7368237,51.7143781],[-8.7367862,51.7147218],[-8.7365783,51.7151673],[-8.7363932,51.7154167],[-8.7363636,51.7154565],[-8.7360263,51.7157605],[-8.7358803,51.7158873],[-8.7357639,51.7159885],[-8.7356208,51.7161933],[-8.7355254,51.7165033],[-8.7355595,51.7169361],[-8.7356549,51.7172865],[-8.7357128,51.7174955],[-8.7356379,51.7176538],[-8.7352221,51.7181542],[-8.7348064,51.7185342],[-8.7342101,51.7189732],[-8.7335457,51.7193511],[-8.7319046,51.7201423],[-8.7312395,51.7205602],[-8.7312829,51.7212618],[-8.7312492,51.7216021],[-8.7311624,51.7218349],[-8.731095,51.7219931],[-8.7309938,51.7221693],[-8.7309263,51.7222767],[-8.7310805,51.7224678],[-8.7313552,51.7227723],[-8.7314998,51.722829],[-8.7317263,51.7236499],[-8.7318314,51.7239144],[-8.7313196,51.7240682],[-8.7313112,51.7241827],[-8.731374,51.7245172],[-8.7314585,51.7247842],[-8.7314925,51.7248575],[-8.7316425,51.7251808],[-8.7317139,51.7253864],[-8.7317889,51.7256021],[-8.7319366,51.7259972],[-8.7319557,51.7260482],[-8.7320552,51.7262042],[-8.7320824,51.7262382],[-8.7322042,51.7263899],[-8.7323309,51.7265321],[-8.7323924,51.7266028],[-8.7325443,51.7267788],[-8.7326805,51.7269955],[-8.7327395,51.7272501],[-8.7328815,51.727541],[-8.7328954,51.7279197],[-8.7329001,51.7283042],[-8.7329834,51.7284505],[-8.7330483,51.7286198],[-8.7330761,51.7288091],[-8.7324137,51.729096],[-8.7317698,51.7293571],[-8.7307693,51.7296784],[-8.7305748,51.7297301],[-8.7303393,51.7297767],[-8.7301635,51.7299767],[-8.7299692,51.7301764],[-8.7298178,51.7303276],[-8.7295683,51.7305383],[-8.7291254,51.7309362],[-8.729082,51.7309752],[-8.7289039,51.7311983],[-8.7288041,51.7314266],[-8.7287768,51.7316764],[-8.7288159,51.7318957],[-8.7288865,51.7321165],[-8.7289777,51.7322926],[-8.7291957,51.7325028],[-8.7293332,51.7326469],[-8.7297849,51.7331203],[-8.7302093,51.7333947],[-8.7307638,51.7337286],[-8.7309212,51.7339114],[-8.7309982,51.7341158],[-8.7310381,51.7343909],[-8.7311041,51.7347384],[-8.7312061,51.7349781],[-8.7312474,51.7350971],[-8.7313681,51.7354454],[-8.7314668,51.7356607],[-8.7316006,51.7358226],[-8.7318219,51.736041],[-8.7321658,51.7364345],[-8.7324105,51.73669],[-8.732397,51.7368113],[-8.7323837,51.7369593],[-8.7323926,51.7370607],[-8.7324412,51.737173],[-8.7325471,51.7372868],[-8.7327411,51.7373875],[-8.7328976,51.7374302],[-8.7332104,51.7374457],[-8.7333054,51.7374004],[-8.7333637,51.7373726],[-8.7334983,51.7374393],[-8.7338244,51.7375526],[-8.7341471,51.737622],[-8.7345371,51.7376771],[-8.7349413,51.7377223],[-8.7353063,51.7377956],[-8.7357054,51.7378859],[-8.7359571,51.7379113],[-8.7361862,51.7379111],[-8.7365331,51.7379016],[-8.7368299,51.7379065],[-8.7370884,51.7379189],[-8.7373805,51.737952],[-8.7376484,51.7379938],[-8.738133,51.7381082],[-8.7384738,51.7382071],[-8.7389761,51.738391],[-8.7392664,51.7385316],[-8.7395104,51.7386966],[-8.73989,51.7389836],[-8.7401545,51.7392351],[-8.7402511,51.7393269],[-8.7402884,51.7393636],[-8.7405284,51.7396002],[-8.7407359,51.7398432],[-8.7408433,51.739969],[-8.7412644,51.7405253],[-8.7413497,51.740638],[-8.7415294,51.7408379],[-8.7416029,51.7409129],[-8.7416006,51.7411264],[-8.741926,51.7413279],[-8.7417007,51.7414287],[-8.7415255,51.7416301],[-8.7413753,51.7417464],[-8.7408747,51.7419246],[-8.7407278,51.7420393],[-8.740299,51.7423741],[-8.7401113,51.7424361],[-8.7397859,51.7426375],[-8.7393164,51.742986],[-8.7391476,51.7431102],[-8.7388097,51.7432187],[-8.7385719,51.7434512],[-8.7385219,51.7436062],[-8.737796,51.7435558],[-8.7374268,51.7436062],[-8.7368011,51.7437224],[-8.7362442,51.7438697],[-8.7350042,51.7442859],[-8.7350308,51.7445379],[-8.7350308,51.7448831],[-8.7350322,51.745024],[-8.7349075,51.745136],[-8.7348723,51.7452116],[-8.7348218,51.7454003],[-8.7348105,51.7455047],[-8.7348611,51.7456925],[-8.7350075,51.7460951],[-8.7351262,51.7463055],[-8.7348912,51.7463518],[-8.7339073,51.7465457],[-8.7326118,51.746729],[-8.7309,51.746835],[-8.7285922,51.7468602],[-8.7277173,51.7469323],[-8.7268155,51.7472541],[-8.7265922,51.747366],[-8.7256822,51.7478223],[-8.7256198,51.7478536],[-8.7232434,51.7485793],[-8.7213856,51.7492758],[-8.7213118,51.7492976],[-8.7205908,51.7497098],[-8.720101,51.7504079],[-8.7199508,51.7510757],[-8.7196456,51.7516622],[-8.719242,51.7521171],[-8.7188988,51.7526213],[-8.7177292,51.7538539],[-8.7159591,51.755095],[-8.7139132,51.7561353],[-8.7127807,51.7563844],[-8.7115925,51.7562831],[-8.7109633,51.7562193],[-8.7103109,51.7563369],[-8.7097268,51.756571],[-8.7095482,51.7566977],[-8.7094305,51.7568573],[-8.7089575,51.7582884],[-8.7085959,51.7586161],[-8.7080804,51.7587825],[-8.706485,51.7589946],[-8.705764,51.7590529],[-8.7054701,51.7590767],[-8.7049401,51.7593599],[-8.7035571,51.7604685],[-8.7025669,51.7614039],[-8.7016442,51.7626782],[-8.7012831,51.7630193],[-8.7007226,51.7635487],[-8.699514,51.7643143],[-8.6979331,51.7649219],[-8.6968715,51.765228],[-8.6964284,51.7654806],[-8.696069,51.7658943],[-8.6958163,51.7664673],[-8.6951683,51.7673297],[-8.6942446,51.7685258],[-8.693282,51.7691298],[-8.6919472,51.7695504],[-8.6910974,51.769542],[-8.6901214,51.7692869],[-8.6876601,51.7688402],[-8.6866021,51.7684088],[-8.6850937,51.7676684],[-8.6844851,51.7672662],[-8.6839478,51.7666734],[-8.6835646,51.7660487],[-8.6830412,51.7656572],[-8.682357,51.7652126],[-8.6814676,51.7650115],[-8.6811939,51.7649895],[-8.6809579,51.7650168],[-8.6805185,51.7651894],[-8.6795348,51.7660065],[-8.6787663,51.7667968],[-8.6791171,51.767028],[-8.6797608,51.7673932],[-8.6800183,51.7676654],[-8.6802007,51.7679575],[-8.6803569,51.7683371],[-8.6805755,51.7686925],[-8.6807258,51.768786],[-8.6808681,51.7688302],[-8.6810733,51.7688503],[-8.6812571,51.7688231],[-8.6813585,51.768827],[-8.6814197,51.7688703],[-8.6814659,51.7689395],[-8.6815096,51.7692788],[-8.6817242,51.7696705],[-8.6819924,51.7699494],[-8.6823143,51.7703942],[-8.6826898,51.7708191],[-8.6832906,51.7712373],[-8.6833121,51.7717419],[-8.6833121,51.7720938],[-8.6830975,51.7724722],[-8.6833443,51.7731361],[-8.6826394,51.7735061],[-8.6824645,51.774258],[-8.6827756,51.7747227],[-8.6835266,51.774809],[-8.6840309,51.7751608],[-8.6845459,51.7754795],[-8.6850037,51.7756172],[-8.6857582,51.775818],[-8.686638,51.7760305],[-8.6867453,51.7761964],[-8.6870672,51.7763889],[-8.6873354,51.776462],[-8.6876036,51.7770727],[-8.687668,51.7773979],[-8.6874963,51.7776303],[-8.6873998,51.7780352],[-8.6877045,51.7784622],[-8.6878931,51.778525],[-8.6879046,51.7786191],[-8.6877975,51.778698],[-8.6876672,51.7787503],[-8.6875871,51.7788362],[-8.6875285,51.7793296],[-8.6876894,51.7796283],[-8.6879898,51.7798673],[-8.6883117,51.7800133],[-8.6886979,51.7799336],[-8.6892558,51.7799005],[-8.6894812,51.7799635],[-8.6899371,51.7800631],[-8.6907793,51.780146],[-8.6916537,51.780531],[-8.6919917,51.7806107],[-8.6920219,51.7808494],[-8.6921077,51.7810485],[-8.6921184,51.781241],[-8.6921721,51.7814467],[-8.692569,51.7816193],[-8.6929231,51.781606],[-8.6933093,51.7815065],[-8.6936312,51.7812609],[-8.6938371,51.7810587],[-8.6947115,51.7811848],[-8.6952908,51.7813939],[-8.6957361,51.7815665],[-8.696243,51.7817391],[-8.6965997,51.7818453],[-8.6974983,51.7822369],[-8.6976082,51.7823331],[-8.6981796,51.782436],[-8.6986838,51.7823929],[-8.6994589,51.7825987],[-8.6999391,51.782816],[-8.7004112,51.7828591],[-8.7007491,51.7829189],[-8.7011246,51.7830184],[-8.7015109,51.7830052],[-8.7023906,51.782889],[-8.7034099,51.7827463],[-8.7035986,51.7827256],[-8.7037539,51.7828373],[-8.7040543,51.7830995],[-8.7042688,51.7834612],[-8.7044781,51.7836006],[-8.7047892,51.7836736],[-8.7049877,51.7837632],[-8.7051808,51.7840088],[-8.7052532,51.7842178],[-8.7053203,51.7844103],[-8.7053498,51.7848185],[-8.7053793,51.7848566],[-8.7054892,51.7850558],[-8.7054678,51.7851022],[-8.705449,51.7852814],[-8.7056019,51.7853577],[-8.7060391,51.7855004],[-8.7062,51.7856697],[-8.7062322,51.7858721],[-8.7061947,51.7860231],[-8.7061571,51.7861791],[-8.7061732,51.7863582],[-8.7064361,51.786481],[-8.7066533,51.7866088],[-8.7067955,51.7867797],[-8.706943,51.7869473],[-8.707002,51.7873289],[-8.7069215,51.7873704],[-8.7067499,51.7875313],[-8.7066721,51.787674],[-8.707112,51.7879594],[-8.7072729,51.7883642],[-8.7074982,51.7886097],[-8.7077879,51.7888686],[-8.708142,51.7890411],[-8.7083673,51.7891937],[-8.7083458,51.7895455],[-8.7080508,51.7899171],[-8.7079086,51.7902356],[-8.7080115,51.7904402],[-8.7082707,51.7905674],[-8.7086033,51.7906935],[-8.7091719,51.7908528],[-8.7097835,51.7911183],[-8.7099229,51.7914401],[-8.7098693,51.7916326],[-8.7098103,51.7920605],[-8.7101161,51.7923725],[-8.7107383,51.7927109],[-8.7107598,51.7930891],[-8.7106632,51.7933745],[-8.7103735,51.7936797],[-8.7104808,51.7938921],[-8.7108456,51.794184],[-8.7108134,51.7944495],[-8.7110709,51.7947215],[-8.7115644,51.7950334],[-8.7118327,51.7952656],[-8.7124979,51.7952723],[-8.7126373,51.7953386],[-8.7127124,51.7955841],[-8.7128036,51.7957517],[-8.7128787,51.7960038],[-8.7128144,51.7963621],[-8.7126749,51.7966143],[-8.7121063,51.7977091],[-8.71172,51.7982664],[-8.7113982,51.7986778],[-8.7109797,51.7990626],[-8.7103789,51.799401],[-8.7100034,51.7997328],[-8.7100034,51.7999716],[-8.7101536,51.8001109],[-8.7104111,51.8002569],[-8.7105935,51.8000645],[-8.710969,51.8001043],[-8.7112265,51.8003631],[-8.7111407,51.8007213],[-8.7107759,51.8009204],[-8.7107817,51.801009],[-8.7106905,51.8011318],[-8.710492,51.8012612],[-8.7103525,51.8014137],[-8.710213,51.8018185],[-8.7101755,51.8021535],[-8.7101755,51.8024089],[-8.7103471,51.8026809],[-8.7103364,51.8028667],[-8.7104813,51.8030889],[-8.7106207,51.8031619],[-8.7106744,51.8034107],[-8.7106154,51.8035003],[-8.7103364,51.8037225],[-8.7103257,51.8038917],[-8.710315,51.8042101],[-8.7098643,51.8045684],[-8.7095961,51.8048404],[-8.7099535,51.8050667],[-8.7103934,51.8052293],[-8.7111069,51.8054979],[-8.7118472,51.8056771],[-8.712389,51.8058694],[-8.7131722,51.8063006],[-8.714111,51.8066721],[-8.715216,51.8071133],[-8.7158115,51.8074715],[-8.7163586,51.8078563],[-8.7167824,51.8080818],[-8.7172277,51.8082874],[-8.7175871,51.80844],[-8.7178821,51.8085826],[-8.7182577,51.8086457],[-8.7189014,51.8087816],[-8.7189658,51.8086025],[-8.7190677,51.8084466],[-8.719234,51.8082775],[-8.7193735,51.8080951],[-8.7193735,51.807969],[-8.7194325,51.8078198],[-8.71947,51.8075942],[-8.7194807,51.8073952],[-8.7195129,51.8071763],[-8.7202157,51.8070967],[-8.7202479,51.8069143],[-8.7203712,51.8066755],[-8.7205804,51.8065196],[-8.7208379,51.80642],[-8.7214066,51.8062244],[-8.721707,51.8061116],[-8.722222,51.8060121],[-8.7223507,51.805949],[-8.7218089,51.8054548],[-8.7222273,51.8052392],[-8.7223722,51.8050136],[-8.7224741,51.8048179],[-8.7226565,51.8045891],[-8.7229462,51.8041844],[-8.7232305,51.8038659],[-8.7234665,51.8035973],[-8.7236596,51.8034115],[-8.7238366,51.803249],[-8.7264652,51.805478],[-8.728096,51.806911],[-8.7283589,51.8072128],[-8.7289168,51.8077866],[-8.7293636,51.8081512],[-8.7294371,51.8082112],[-8.7298448,51.8085926],[-8.7300433,51.8087286],[-8.7298984,51.8088745],[-8.7296409,51.8089773],[-8.7293942,51.8090437],[-8.7288095,51.8090304],[-8.7277849,51.8090669],[-8.7276025,51.8090868],[-8.7275756,51.8092261],[-8.7274523,51.8093787],[-8.7274201,51.8095246],[-8.7275488,51.8097004],[-8.7276615,51.8099425],[-8.7277366,51.8101581],[-8.7279136,51.8105262],[-8.7282194,51.8107982],[-8.7283964,51.8110403],[-8.7285037,51.8111763],[-8.7284769,51.8115709],[-8.7284612,51.8119341],[-8.7287416,51.8119074],[-8.7291923,51.8120732],[-8.7295356,51.8122225],[-8.7299969,51.8122158],[-8.7303027,51.8123452],[-8.7306675,51.8124513],[-8.731043,51.8123352],[-8.7311825,51.8124248],[-8.7315097,51.8123982],[-8.7316974,51.8125408],[-8.7317457,51.8127498],[-8.7317296,51.8129023],[-8.7320622,51.8129919],[-8.7322579,51.8131268],[-8.7322901,51.8135181],[-8.7324081,51.8138498],[-8.7326012,51.8141748],[-8.7326871,51.8144003],[-8.7327193,51.8147054],[-8.7327085,51.8150702],[-8.7325798,51.815309],[-8.7322579,51.8155411],[-8.7323438,51.8157666],[-8.7319682,51.8159523],[-8.731818,51.8162707],[-8.731861,51.8164033],[-8.7320326,51.816715],[-8.7319682,51.8170467],[-8.7319636,51.817163],[-8.7319575,51.8173186],[-8.7320433,51.8174977],[-8.7321995,51.8175973],[-8.7323759,51.8177099],[-8.7323759,51.8178842],[-8.7323759,51.8180349],[-8.7323867,51.8184991],[-8.7325798,51.8186715],[-8.7328051,51.8187777],[-8.7330411,51.8190031],[-8.7331877,51.8190271],[-8.7334059,51.8190628],[-8.7334595,51.8192286],[-8.7336741,51.8193082],[-8.7338458,51.8195752],[-8.7340531,51.8197246],[-8.7341247,51.8198852],[-8.7343179,51.820051],[-8.7343608,51.8201571],[-8.7346505,51.8202632],[-8.7354015,51.8207672],[-8.7353264,51.8211253],[-8.7356053,51.821311],[-8.7357019,51.8215829],[-8.7357126,51.8217752],[-8.7360492,51.8220724],[-8.7361632,51.8221731],[-8.7361954,51.8223721],[-8.736249,51.8227766],[-8.7363241,51.8230816],[-8.736528,51.8233867],[-8.7367748,51.8236254],[-8.7365816,51.8238907],[-8.7370108,51.8239835],[-8.7370108,51.8241758],[-8.7370644,51.824335],[-8.7374185,51.8244344],[-8.7376974,51.8245836],[-8.737853,51.8247129],[-8.738132,51.8247129],[-8.7382071,51.8249119],[-8.7383358,51.8250445],[-8.7385772,51.8251572],[-8.7388776,51.8253429],[-8.738942,51.8256048],[-8.7392478,51.8258535],[-8.7394838,51.8260657],[-8.7396715,51.8262381],[-8.739972,51.8266061],[-8.740031,51.8269045],[-8.7402134,51.8271697],[-8.7407713,51.8275046],[-8.7407927,51.8277267],[-8.7408195,51.8279555],[-8.7409536,51.8282373],[-8.7414633,51.8287942],[-8.7417798,51.8290064],[-8.7420373,51.8291324],[-8.7422187,51.8292209],[-8.7433422,51.8297286],[-8.7439889,51.8297227],[-8.7443477,51.8296031],[-8.7445177,51.8295924],[-8.7447631,51.8295769],[-8.7453957,51.8295098],[-8.7459811,51.8294718],[-8.7465523,51.8295769],[-8.7471322,51.8295083],[-8.7474291,51.8296147],[-8.7476484,51.8295965],[-8.7479274,51.8295335],[-8.7481634,51.8295402],[-8.7485389,51.8295932],[-8.7488232,51.8295766],[-8.7490754,51.8295866],[-8.7494777,51.8296794],[-8.7503092,51.8298452],[-8.7505452,51.829875],[-8.750733,51.8299513],[-8.7509583,51.8299745],[-8.7511997,51.8300673],[-8.7514679,51.8303027],[-8.7517951,51.8304751],[-8.7519882,51.8306077],[-8.7521385,51.8307635],[-8.752235,51.8308132],[-8.7525622,51.8309458],[-8.7527661,51.8310386],[-8.7529378,51.8310917],[-8.7532412,51.8311643],[-8.7541037,51.8312011],[-8.7543701,51.8311944],[-8.7552069,51.8311878],[-8.755915,51.8311149],[-8.7565158,51.8309889],[-8.7572776,51.8307303],[-8.7584256,51.8304187],[-8.7598096,51.8300673],[-8.7602495,51.8299678],[-8.7608963,51.8297869],[-8.7617193,51.8295567],[-8.7628458,51.8293844],[-8.765241,51.8291653],[-8.7663758,51.8291717],[-8.768693,51.8290595],[-8.7692617,51.8289932],[-8.7697874,51.8288141],[-8.7703775,51.8286948],[-8.7710105,51.8284959],[-8.771504,51.8282041],[-8.7718902,51.8277665],[-8.7719841,51.8275213],[-8.7720512,51.8272957],[-8.7719975,51.8269774],[-8.7718795,51.8265199],[-8.7714933,51.8259828],[-8.7712465,51.8254722],[-8.770635,51.8244178],[-8.7704526,51.824199],[-8.7704418,51.8240001],[-8.7705921,51.8239139],[-8.7706886,51.8235889],[-8.7708066,51.8232905],[-8.7713323,51.8230319],[-8.7723301,51.8227865],[-8.7728022,51.8224881],[-8.7731672,51.8223957],[-8.7768877,51.8214538],[-8.7783275,51.8211286],[-8.7791751,51.8210424],[-8.7803338,51.8203759],[-8.7808381,51.8202003],[-8.7811814,51.8200808],[-8.782147,51.8198056],[-8.7823255,51.8198703],[-8.782406,51.8199432],[-8.7827601,51.8201787],[-8.7831141,51.8200991],[-8.784187,51.8198206],[-8.7847181,51.8197277],[-8.7850131,51.8195453],[-8.785464,51.8192903],[-8.7855817,51.8192237],[-8.7860914,51.8189219],[-8.7867136,51.8186765],[-8.7871642,51.8185439],[-8.7877436,51.8181692],[-8.7886556,51.8180896],[-8.7896641,51.8181062],[-8.7901093,51.8181161],[-8.7907691,51.8180697],[-8.7909676,51.8180365],[-8.7910803,51.8178542],[-8.7923624,51.8175922],[-8.7947066,51.8170483],[-8.7970455,51.816468],[-8.7983222,51.8161331],[-8.8025293,51.8151359],[-8.8035686,51.8149193],[-8.8045189,51.8149079],[-8.8051377,51.8148635],[-8.8057788,51.814727],[-8.8058337,51.814809],[-8.8059075,51.8149193],[-8.8059682,51.8150724],[-8.8061117,51.8154259],[-8.8063598,51.8158349],[-8.8064333,51.8161132],[-8.8065514,51.8162228],[-8.8069847,51.8166245],[-8.8074257,51.8170562],[-8.8077198,51.8174765],[-8.8080598,51.817948],[-8.8081695,51.8180767],[-8.80851,51.8184762],[-8.808703,51.8188795],[-8.8095024,51.8195838],[-8.8108164,51.8206573],[-8.8115975,51.8211799],[-8.8126358,51.8214695],[-8.8138488,51.8216911],[-8.8142347,51.8217819],[-8.8144093,51.8218955],[-8.8151628,51.8224976],[-8.8157049,51.821975],[-8.8163389,51.821515],[-8.8168903,51.8214979],[-8.8171384,51.8214695],[-8.8176805,51.821231],[-8.8179745,51.8210152],[-8.8182043,51.8207766],[-8.8184799,51.8206687],[-8.8187556,51.8204358],[-8.819068,51.8201518],[-8.8198491,51.8201177],[-8.8202166,51.8201177],[-8.8200604,51.8197315],[-8.8201523,51.8195611],[-8.8201431,51.8193566],[-8.8199593,51.8192544],[-8.8200053,51.8190215],[-8.8201156,51.8187773],[-8.8202442,51.8186239],[-8.8204923,51.8184649],[-8.8206944,51.8181752],[-8.8207128,51.8179991],[-8.8209425,51.8178741],[-8.8211998,51.8175958],[-8.8213836,51.8174595],[-8.8216133,51.8171584],[-8.8217695,51.8168914],[-8.8219625,51.8167381],[-8.8221761,51.8166248],[-8.8222841,51.8165676],[-8.8226149,51.81642],[-8.8229641,51.8162723],[-8.8230284,51.8159258],[-8.8231387,51.815761],[-8.8233225,51.8155849],[-8.8233337,51.8155008],[-8.8233776,51.8151703],[-8.8233776,51.8150112],[-8.8239105,51.8149146],[-8.8256289,51.8145397],[-8.8272553,51.8141875],[-8.8273288,51.8142727],[-8.8276688,51.8140512],[-8.8280088,51.8137955],[-8.8286244,51.8134888],[-8.8303519,51.8128412],[-8.8308481,51.813307],[-8.8314087,51.8131309],[-8.8323735,51.812756],[-8.8329799,51.8124321],[-8.8339815,51.8119663],[-8.8345512,51.8118356],[-8.8342664,51.8112562],[-8.8350291,51.8113016],[-8.8357345,51.811297],[-8.8358272,51.8112964],[-8.8361409,51.8112505],[-8.8367841,51.8111823],[-8.8373355,51.811046],[-8.8385974,51.8107656],[-8.8390021,51.8110034],[-8.8376019,51.8112959],[-8.8376203,51.8113528],[-8.8378317,51.81158],[-8.8382819,51.8118243],[-8.8385576,51.8119095],[-8.8391457,51.8121083],[-8.8395664,51.8122829],[-8.8400883,51.8117229],[-8.8400976,51.8117127],[-8.840376,51.8118868],[-8.8406157,51.8120039],[-8.8410661,51.8122333],[-8.8411113,51.8121974],[-8.84177,51.811675],[-8.8420402,51.8114607],[-8.8421412,51.8113982],[-8.8421229,51.8099041],[-8.8430693,51.8101711],[-8.8437677,51.8095746],[-8.8441995,51.8091655],[-8.8451276,51.8091939],[-8.8461016,51.8092621],[-8.8469562,51.8093928],[-8.8474524,51.809478],[-8.8478383,51.8094837],[-8.8483805,51.810546],[-8.8472411,51.8109892],[-8.8468276,51.8112278],[-8.8474892,51.8119493],[-8.8479854,51.812648],[-8.8478108,51.8127162],[-8.8478475,51.8129548],[-8.8479027,51.8130911],[-8.8480129,51.8132104],[-8.848408,51.8133127],[-8.8488675,51.8125003],[-8.8492075,51.8123299],[-8.8494648,51.8121822],[-8.8497588,51.8120345],[-8.8503209,51.8118194],[-8.8498694,51.8107875],[-8.8497577,51.8103794],[-8.8492942,51.809464],[-8.8490174,51.8085619],[-8.8490031,51.8085325],[-8.8484681,51.8074342],[-8.8482964,51.8071091],[-8.8499706,51.8067212],[-8.8529562,51.8059231],[-8.8530973,51.8058749],[-8.8533068,51.8058591],[-8.8534629,51.8058094],[-8.853855,51.8057481],[-8.8538776,51.8058846],[-8.8538969,51.8059681],[-8.8539398,51.8065452],[-8.8539575,51.8068463],[-8.8540107,51.8069687],[-8.8539752,51.8071621],[-8.8538969,51.8073678],[-8.8540471,51.807474],[-8.8543046,51.8077526],[-8.8542295,51.8079317],[-8.8542938,51.8081042],[-8.8543904,51.8083629],[-8.8543689,51.8085154],[-8.8546479,51.8087078],[-8.854841,51.8087012],[-8.8551843,51.8089532],[-8.855444,51.8093048],[-8.8555441,51.8094944],[-8.8556243,51.8096692],[-8.8557213,51.8097638],[-8.8558632,51.8098491],[-8.855958,51.809915],[-8.856247,51.8098214],[-8.8564328,51.809717],[-8.8568943,51.8095987],[-8.8573108,51.8095291],[-8.8575022,51.8095569],[-8.8578849,51.8095569],[-8.8580144,51.8095291],[-8.858172,51.8094247],[-8.8584928,51.8093307],[-8.8587911,51.809289],[-8.8590669,51.8092994],[-8.8593639,51.8093209],[-8.8597062,51.809252],[-8.8600644,51.8091585],[-8.8604545,51.8091142],[-8.8607888,51.8090453],[-8.8610117,51.8089271],[-8.861346,51.8091339],[-8.8615848,51.8092126],[-8.8618236,51.8091043],[-8.8620624,51.8090354],[-8.8621738,51.809124],[-8.8624922,51.8091929],[-8.8629539,51.8091634],[-8.8631927,51.8092224],[-8.8636066,51.8090157],[-8.8637658,51.809065],[-8.8642116,51.8092126],[-8.8646733,51.8091043],[-8.8649917,51.8091437],[-8.8659469,51.8092421],[-8.8664722,51.8092421],[-8.8669817,51.8090748],[-8.8678254,51.8088878],[-8.8684304,51.8089764],[-8.8688108,51.8090692],[-8.8690353,51.809124],[-8.8696562,51.8092815],[-8.8703885,51.8095079],[-8.8711527,51.8095965],[-8.8717099,51.8095965],[-8.872283,51.8095866],[-8.8731586,51.809754],[-8.8738432,51.8099114],[-8.8749894,51.8101083],[-8.8755466,51.8101969],[-8.876661,51.8101969],[-8.8773933,51.8103937],[-8.8783326,51.8107087],[-8.878842,51.8109548],[-8.8798927,51.8114075],[-8.8801059,51.8114383],[-8.8803703,51.8114764],[-8.8810708,51.8116339],[-8.8820419,51.8115355],[-8.8826469,51.8114174],[-8.883427,51.8112402],[-8.8839205,51.8115257],[-8.8841593,51.8115847],[-8.8848757,51.8113879],[-8.8853533,51.8111024],[-8.8857513,51.8111516],[-8.8861175,51.8112205],[-8.8863764,51.8116847],[-8.8865115,51.8118726],[-8.8866353,51.8121093],[-8.8866691,51.8123111],[-8.8866803,51.8124085],[-8.8869505,51.8128261],[-8.8871644,51.8130767],[-8.8871756,51.8132506],[-8.8871419,51.8135221],[-8.8870968,51.81371],[-8.8870068,51.813877],[-8.886928,51.8142667],[-8.886928,51.8145381],[-8.8870068,51.8146286],[-8.8869955,51.8147191],[-8.8870968,51.8148443],[-8.8872657,51.8149626],[-8.8873783,51.8151784],[-8.8874571,51.815408],[-8.8876259,51.815575],[-8.8876372,51.8156864],[-8.8876822,51.8158186],[-8.8878623,51.8159787],[-8.8878718,51.8161742],[-8.8879895,51.8161448],[-8.8883578,51.8162479],[-8.8888458,51.8164048],[-8.8890742,51.8163772],[-8.8897526,51.8161508],[-8.8899968,51.815983],[-8.8904581,51.8158992],[-8.8910008,51.8157063],[-8.8915571,51.8153791],[-8.8918535,51.8152168],[-8.8928595,51.8150856],[-8.8935108,51.8151359],[-8.8938902,51.8153601],[-8.8942188,51.8155292],[-8.8947015,51.8155764],[-8.8952474,51.8155553],[-8.8954898,51.8155272],[-8.8956812,51.8153852],[-8.8961267,51.8151759],[-8.8963229,51.8149653],[-8.8969027,51.8145488],[-8.8972017,51.814414],[-8.8975132,51.8141965],[-8.8977032,51.8138778],[-8.8979338,51.8137016],[-8.8981359,51.8135715],[-8.8984727,51.8133911],[-8.8985037,51.8133745],[-8.8985767,51.8133218],[-8.8986665,51.8132571],[-8.8987976,51.8132064],[-8.8991006,51.8130893],[-8.8993451,51.8130097],[-8.8996207,51.8130072],[-8.8998197,51.8130054],[-8.8998445,51.8129846],[-8.9000097,51.8128461],[-8.9005931,51.8127286],[-8.9009143,51.8127225],[-8.9010272,51.8127203],[-8.9010419,51.8126987],[-8.9010917,51.8126256],[-8.9011358,51.8125609],[-8.9011531,51.8125617],[-8.9014437,51.8125751],[-8.9015231,51.8125133],[-8.9015522,51.8124907],[-8.9015057,51.8124569],[-8.9013532,51.812346],[-8.9013257,51.812326],[-8.9015811,51.8122426],[-8.9017667,51.8121821],[-8.9018141,51.8121666],[-8.9017802,51.812108],[-8.9017608,51.8120744],[-8.9018121,51.8120494],[-8.9020705,51.8119231],[-8.9023794,51.8119168],[-8.9026689,51.8119989],[-8.9028724,51.8120073],[-8.903198,51.8118227],[-8.9035456,51.8117556],[-8.9037543,51.811613],[-8.9038357,51.811526],[-8.9038357,51.8115169],[-8.9038357,51.8111685],[-8.9039578,51.8110342],[-8.9039749,51.8110316],[-8.9041206,51.8110091],[-8.9041897,51.8110304],[-8.9043106,51.8110678],[-8.904989,51.8109252],[-8.9051878,51.8108397],[-8.905301,51.810791],[-8.9056131,51.8109],[-8.9056945,51.8110426],[-8.9060528,51.8109024],[-8.9060937,51.8108788],[-8.9063946,51.8107048],[-8.9065357,51.8106232],[-8.9068884,51.8105226],[-8.9073265,51.8105529],[-8.9073568,51.810555],[-8.9073788,51.8104225],[-8.907383,51.8103971],[-8.9073528,51.810367],[-8.907315,51.8103292],[-8.9072289,51.8102431],[-8.9071055,51.8101199],[-8.9071598,51.8098934],[-8.9072954,51.8095998],[-8.9073382,51.8095204],[-8.9073497,51.8094992],[-8.9072995,51.8094868],[-8.9071462,51.8094488],[-8.9072547,51.8092391],[-8.907264,51.8092002],[-8.90728,51.809133],[-8.9073226,51.8089539],[-8.9074721,51.8088643],[-8.9077567,51.8086939],[-8.9080255,51.8085261],[-8.9092494,51.8078828],[-8.9096475,51.8081192],[-8.9098602,51.8080982],[-8.91014,51.8079193],[-8.9108366,51.807511],[-8.9108663,51.8075207],[-8.910945,51.8075463],[-8.9110003,51.8075643],[-8.9110229,51.8075584],[-8.9111049,51.8075369],[-8.9111418,51.8075272],[-8.9112843,51.8072678],[-8.9119996,51.8072317],[-8.9124302,51.8072661],[-8.9124511,51.8072678],[-8.9124963,51.8072835],[-8.9125736,51.8073104],[-8.9126682,51.8073433],[-8.9128293,51.8072713],[-8.9129104,51.807175],[-8.9129593,51.807117],[-8.9130243,51.807124],[-8.913159,51.8071386],[-8.9131722,51.80714],[-8.9132104,51.8071668],[-8.9133012,51.8072308],[-8.913353,51.8072672],[-8.9133869,51.8072824],[-8.9134599,51.8073151],[-8.913523,51.8073433],[-8.9139028,51.8072594],[-8.9141195,51.807313],[-8.9143777,51.8073768],[-8.9145616,51.8073969],[-8.9146084,51.807402],[-8.91469,51.807391],[-8.9149204,51.80736],[-8.9153003,51.8073936],[-8.915748,51.8076033],[-8.9161415,51.8075698],[-8.9162772,51.8075169],[-8.9163946,51.8075041],[-8.9165485,51.8075614],[-8.9166085,51.8076134],[-8.9166449,51.807645],[-8.9166571,51.8076556],[-8.9167807,51.8076666],[-8.9170155,51.8077108],[-8.9172145,51.8076851],[-8.9172623,51.8076789],[-8.9172738,51.8076784],[-8.9174254,51.8076715],[-8.9174501,51.8076556],[-8.917521,51.80761],[-8.9175105,51.8075883],[-8.9174851,51.8075361],[-8.9174135,51.8074352],[-8.917513,51.807386],[-8.9177677,51.8073368],[-8.9180167,51.8072916],[-8.9182015,51.8072581],[-8.9182839,51.8072571],[-8.9184005,51.8072556],[-8.91843,51.8072356],[-8.9185135,51.807179],[-8.9185239,51.8071719],[-8.9186739,51.8071374],[-8.9187269,51.8071252],[-8.9187696,51.8071379],[-8.9188831,51.8071718],[-8.9190731,51.8072285],[-8.9191429,51.807264],[-8.9192522,51.8073196],[-8.91945,51.8074032],[-8.9194791,51.8074155],[-8.9195091,51.8074115],[-8.9196264,51.8073959],[-8.9198667,51.8072388],[-8.9201624,51.8069984],[-8.9202776,51.8069047],[-8.9204352,51.8067481],[-8.9205992,51.8066498],[-8.9206153,51.8066402],[-8.9206538,51.8065967],[-8.9207167,51.8065254],[-8.9208517,51.8062818],[-8.9209812,51.8061008],[-8.9209305,51.805972],[-8.9209812,51.8057319],[-8.9210769,51.8055753],[-8.9209756,51.8053212],[-8.9210544,51.8051193],[-8.9210881,51.805001],[-8.9210656,51.8048792],[-8.9210093,51.8047052],[-8.9209868,51.8045903],[-8.9210375,51.8044546],[-8.921257,51.8043606],[-8.9213921,51.8042353],[-8.9215722,51.8040752],[-8.9217242,51.8039047],[-8.9217805,51.8038072],[-8.9220056,51.8036819],[-8.9220506,51.8035706],[-8.9221238,51.8034418],[-8.9222082,51.8032051],[-8.9223321,51.803045],[-8.9224559,51.8030485],[-8.9224784,51.8029963],[-8.9226135,51.8030276],[-8.9226473,51.8029963],[-8.9227598,51.8029928],[-8.9228443,51.8029023],[-8.9229962,51.8028188],[-8.9233565,51.8027144],[-8.9237448,51.8027283],[-8.9239531,51.8027283],[-8.9243977,51.8026517],[-8.9247805,51.8026308],[-8.9250056,51.8025647],[-8.9255122,51.8025055],[-8.9257655,51.8025821],[-8.9260244,51.8026169],[-8.9262495,51.8026796],[-8.9264296,51.8026239],[-8.9267223,51.8026447],[-8.9269418,51.8026343],[-8.9273077,51.8025403],[-8.9277918,51.8024011],[-8.9280282,51.8023071],[-8.9282646,51.8022619],[-8.928546,51.8021714],[-8.9288837,51.8020844],[-8.9292439,51.8019521],[-8.9293678,51.8019486],[-8.9294353,51.8019069],[-8.9298856,51.801792],[-8.9303021,51.8016528],[-8.9308537,51.8014892],[-8.9311802,51.8014439],[-8.931394,51.8013186],[-8.9316192,51.801169],[-8.9317824,51.8010576],[-8.9320132,51.8010054],[-8.9323622,51.8010019],[-8.9328124,51.8009915],[-8.933167,51.8009358],[-8.9333528,51.8008905],[-8.9335441,51.8007896],[-8.9336455,51.800706],[-8.9337805,51.8005216],[-8.9339044,51.8003545],[-8.9341183,51.8003197],[-8.9343336,51.8004231],[-8.9348965,51.8004023],[-8.9350419,51.7999371],[-8.9352531,51.7989577],[-8.9354431,51.7981872],[-8.9354959,51.7975506],[-8.9340019,51.7970707],[-8.932793,51.7966919],[-8.9324174,51.7965533],[-8.932227,51.7964333],[-8.9319321,51.7963155],[-8.9317641,51.7962509],[-8.9314767,51.796207],[-8.9312602,51.7962024],[-8.9310474,51.7961816],[-8.9307749,51.7961308],[-8.9304949,51.7960593],[-8.9302933,51.7959462],[-8.9296961,51.7957253],[-8.9291947,51.7955229],[-8.9290892,51.7954673],[-8.9289622,51.7954019],[-8.9286562,51.7952518],[-8.9283925,51.7951441],[-8.9281866,51.7950435],[-8.928081,51.7948051],[-8.9279121,51.7946451],[-8.9276373,51.794521],[-8.9274577,51.7944624],[-8.9270252,51.7943285],[-8.9265663,51.7942536],[-8.9260222,51.7940216],[-8.9255365,51.7938225],[-8.9253307,51.793744],[-8.92504,51.7937081],[-8.9248923,51.7936264],[-8.9247289,51.7935579],[-8.9245639,51.7935573],[-8.9241797,51.7934533],[-8.9238788,51.7933815],[-8.9236518,51.7933554],[-8.9234723,51.7932672],[-8.9230025,51.7929962],[-8.9228125,51.7928166],[-8.9224376,51.7925032],[-8.9220575,51.7921668],[-8.9218675,51.7919775],[-8.9214028,51.7917345],[-8.9211788,51.791656],[-8.9210967,51.7917669],[-8.9208429,51.7916329],[-8.9205293,51.7914344],[-8.9201261,51.7912127],[-8.9197379,51.7910142],[-8.9194766,51.7907925],[-8.9193273,51.7905847],[-8.9192004,51.7904092],[-8.9191929,51.7900952],[-8.9192377,51.7897627],[-8.91929,51.7895364],[-8.9192974,51.7894025],[-8.9190361,51.7892178],[-8.9189018,51.7890654],[-8.9186797,51.7888429],[-8.9183866,51.7887467],[-8.9178903,51.7887199],[-8.9176644,51.7887994],[-8.9174683,51.7887698],[-8.9171324,51.7888253],[-8.9165575,51.7888253],[-8.9158632,51.7887421],[-8.9150569,51.7886359],[-8.9145119,51.7885066],[-8.9143476,51.7884235],[-8.9140042,51.7882572],[-8.9131232,51.7880402],[-8.9124662,51.7878832],[-8.9117197,51.7878231],[-8.9109581,51.7876199],[-8.9104878,51.7875045],[-8.9102414,51.787546],[-8.909872,51.7875852],[-8.9094539,51.787419],[-8.9084535,51.7868001],[-8.9080354,51.7864214],[-8.9079335,51.7863548],[-8.9076537,51.7863124],[-8.9075587,51.7861491],[-8.9073211,51.7860348],[-8.9067193,51.7857931],[-8.9062864,51.7855939],[-8.9059485,51.7854078],[-8.9055209,51.7851531],[-8.9054159,51.7849029],[-8.9053784,51.7848134],[-8.9052781,51.7847481],[-8.9050036,51.7847448],[-8.904803,51.7845685],[-8.904539,51.7843138],[-8.9041695,51.7840884],[-8.9041386,51.7840201],[-8.9037653,51.7838076],[-8.9035115,51.7836829],[-8.9033771,51.7835212],[-8.9032249,51.7833135],[-8.9031087,51.7830554],[-8.9030401,51.7829575],[-8.9029715,51.7827583],[-8.9029416,51.7827063],[-8.9029398,51.7826603],[-8.9028791,51.7825656],[-8.9028369,51.7823337],[-8.9026521,51.7821834],[-8.9025676,51.78203],[-8.9025333,51.7818144],[-8.9025307,51.7816119],[-8.9024866,51.7815463],[-8.902433,51.7814666],[-8.9023301,51.7813719],[-8.9022139,51.7811334],[-8.9021374,51.7809652],[-8.9020793,51.7808787],[-8.9021319,51.780834],[-8.902166,51.7807166],[-8.9019986,51.7805243],[-8.9019059,51.7803531],[-8.9019525,51.7802009],[-8.9019568,51.780102],[-8.9018126,51.7798127],[-8.9015976,51.7795147],[-8.9015678,51.7793281],[-8.9016248,51.779081],[-8.9015653,51.7787761],[-8.901729,51.7782022],[-8.9017714,51.7778837],[-8.9017699,51.7776566],[-8.9018678,51.7774108],[-8.9021011,51.7770486],[-8.9022453,51.7767554],[-8.9024205,51.77629],[-8.9024936,51.7761349],[-8.9024617,51.7760542],[-8.9025029,51.7757928],[-8.9026622,51.775576],[-8.9027275,51.7753134],[-8.9027825,51.7748534],[-8.9027384,51.7747747],[-8.9028623,51.7743667],[-8.9028551,51.7740681],[-8.9030945,51.7738725],[-8.9035416,51.7736106],[-8.90367,51.7734213],[-8.9035816,51.7731558],[-8.9031623,51.7728475],[-8.9030799,51.7726881],[-8.9027811,51.7723948],[-8.9027708,51.7719677],[-8.9026241,51.7716738],[-8.9024364,51.7715042],[-8.9020618,51.7713686],[-8.9018132,51.7712428],[-8.9017937,51.7710774],[-8.901895,51.7707882],[-8.9018023,51.7705715],[-8.9017817,51.7704312],[-8.9018458,51.7700653],[-8.9016999,51.7697638],[-8.9015393,51.7693985],[-8.9013126,51.7688768],[-8.901269,51.7686644],[-8.9014471,51.7683736],[-8.9014978,51.768182],[-8.9014561,51.7680374],[-8.9015562,51.7677829],[-8.9015931,51.7675826],[-8.9015387,51.7671747],[-8.9015794,51.7670607],[-8.9017644,51.7668755],[-8.9017759,51.7667342],[-8.9015756,51.7665865],[-8.9017096,51.7662805],[-8.9015504,51.7660665],[-8.9016,51.7657934],[-8.9013275,51.7656073],[-8.9011781,51.7654235],[-8.9004278,51.7652757],[-8.9004588,51.7650393],[-8.9003452,51.7648155],[-8.9003452,51.7646365],[-8.8998597,51.7645406],[-8.8996119,51.7644384],[-8.8995085,51.7641507],[-8.8992917,51.7638055],[-8.8991264,51.763358],[-8.8987339,51.763064],[-8.8986719,51.7626484],[-8.8984653,51.7623416],[-8.8982072,51.7621691],[-8.8982382,51.7619709],[-8.8977527,51.7617151],[-8.8974945,51.7613252],[-8.897195,51.7611014],[-8.897071,51.7609032],[-8.8970503,51.7605388],[-8.8965752,51.7602192],[-8.8964099,51.7598804],[-8.8959443,51.759358],[-8.8957635,51.7592461],[-8.8955312,51.7590352],[-8.8952316,51.7587539],[-8.894519,51.7581785],[-8.8942917,51.7580219],[-8.8939561,51.7578141],[-8.8940161,51.7579555],[-8.8939679,51.7582112],[-8.8938203,51.7585582],[-8.8936084,51.758706],[-8.8934475,51.7587491],[-8.8930505,51.7588122],[-8.892675,51.7588222],[-8.8922512,51.758852],[-8.8911891,51.7590314],[-8.8906312,51.7593435],[-8.8898587,51.7599212],[-8.889451,51.7602765],[-8.8888663,51.7606583],[-8.8885552,51.7609538],[-8.8884334,51.7610141],[-8.8879651,51.761246],[-8.8871658,51.7615017],[-8.8866293,51.7616876],[-8.8862538,51.7616743],[-8.8855779,51.7617905],[-8.8843816,51.7621093],[-8.8841843,51.7621042],[-8.8841287,51.7621114],[-8.8837999,51.7621534],[-8.8832975,51.7621946],[-8.8826333,51.7621909],[-8.8822996,51.7621847],[-8.8821095,51.762193],[-8.8819093,51.7622272],[-8.8815646,51.762312],[-8.8810711,51.7624482],[-8.8807757,51.7625206],[-8.8805983,51.7625521],[-8.8803179,51.7625819],[-8.8797175,51.7626177],[-8.8793968,51.7626428],[-8.8790866,51.7626932],[-8.8786854,51.7627856],[-8.8784539,51.7628668],[-8.8783786,51.7628983],[-8.8781022,51.7630465],[-8.8778544,51.7631908],[-8.8773596,51.7633145],[-8.8761902,51.7636531],[-8.8751066,51.7640117],[-8.8729501,51.7644831],[-8.8712066,51.7648317],[-8.8705587,51.764961],[-8.8704958,51.7649736],[-8.8700694,51.7650708],[-8.8685942,51.7654061],[-8.8683098,51.7651571],[-8.8681436,51.7648849],[-8.8680202,51.7646857],[-8.8679666,51.7644964],[-8.8677413,51.7641245],[-8.8675749,51.7639254],[-8.8673442,51.7634838],[-8.8673154,51.7632899],[-8.8672423,51.7631883],[-8.8668937,51.7629427],[-8.8665482,51.7627705],[-8.8665074,51.7627501],[-8.8662443,51.7628103],[-8.865484,51.7627006],[-8.8648546,51.7625887],[-8.8646856,51.7625255],[-8.8645899,51.7624444],[-8.8645425,51.762381],[-8.864537,51.7622821],[-8.8646821,51.7620097],[-8.8647379,51.7617776],[-8.8647377,51.7614816],[-8.8647236,51.7611508],[-8.8647647,51.7608625],[-8.8649444,51.7605001],[-8.8651694,51.7602141],[-8.8654128,51.7600228],[-8.8657882,51.7597614],[-8.8659377,51.759622],[-8.866119,51.7593442],[-8.8663639,51.7589005],[-8.8664558,51.7586636],[-8.8664962,51.7584345],[-8.8664251,51.7581929],[-8.8662612,51.7578594],[-8.866154,51.7576852],[-8.8659875,51.7574713],[-8.8655585,51.7570245],[-8.8653421,51.7568289],[-8.8646444,51.7560906],[-8.8643318,51.755743],[-8.8641619,51.755401],[-8.8640449,51.7551089],[-8.86409,51.7549689],[-8.8640746,51.7548009],[-8.8640403,51.7546779],[-8.8639941,51.754573],[-8.8640163,51.7544204],[-8.8639873,51.7542868],[-8.8640968,51.7542074],[-8.8640865,51.7540972],[-8.864018,51.7539997],[-8.8639324,51.753881],[-8.8638777,51.7537156],[-8.8638378,51.7536326],[-8.8649533,51.7535495],[-8.865697,51.7534472],[-8.8663064,51.7534343],[-8.8666814,51.7534571],[-8.8668278,51.753399],[-8.8669994,51.7533422],[-8.8672488,51.7532861],[-8.8675547,51.7532324],[-8.867564,51.7530156],[-8.8676223,51.7528262],[-8.8678335,51.7524564],[-8.8678263,51.752285],[-8.8677097,51.752037],[-8.8674474,51.7517979],[-8.8673673,51.7517168],[-8.867258,51.7514822],[-8.8672143,51.7512883],[-8.8671342,51.7510402],[-8.8671633,51.7508779],[-8.8672289,51.7507155],[-8.867156,51.7505306],[-8.866697,51.7503005],[-8.8663546,51.7501066],[-8.8662235,51.7499803],[-8.8661069,51.7497909],[-8.8661923,51.7496294],[-8.8662381,51.7495428],[-8.8664493,51.7492993],[-8.8665659,51.7491639],[-8.8666606,51.7489971],[-8.8667262,51.7488212],[-8.8667699,51.7486407],[-8.8667845,51.7485866],[-8.8683581,51.7481581],[-8.8693489,51.7477116],[-8.8692256,51.7474981],[-8.8699622,51.7471967],[-8.8697304,51.7469304],[-8.8695604,51.7467214],[-8.8696377,51.7465875],[-8.8698437,51.746479],[-8.8699931,51.7463897],[-8.870055,51.7463387],[-8.8701116,51.7462175],[-8.8700807,51.7461091],[-8.8701013,51.7460421],[-8.8702765,51.7459719],[-8.8703898,51.7458284],[-8.8703898,51.7456817],[-8.8702662,51.7455477],[-8.8702043,51.7454616],[-8.8701631,51.7453372],[-8.8701734,51.745216],[-8.8702353,51.7450788],[-8.8703177,51.7449672],[-8.8703177,51.7448268],[-8.8702353,51.7446865],[-8.8702662,51.7445557],[-8.8702816,51.7445017],[-8.8703125,51.7443931],[-8.8702404,51.744224],[-8.8702353,51.7440868],[-8.8704053,51.7437806],[-8.8706062,51.743602],[-8.8708122,51.7434904],[-8.8710286,51.74335],[-8.871178,51.7432033],[-8.871281,51.7430853],[-8.8713737,51.7429513],[-8.8714253,51.7428397],[-8.8714665,51.7427344],[-8.8714974,51.7426387],[-8.8715592,51.7425685],[-8.8716365,51.7424696],[-8.8711883,51.742122],[-8.8710853,51.7419082],[-8.8708895,51.741602],[-8.8707556,51.7414425],[-8.8705598,51.7411299],[-8.8704568,51.7409258],[-8.8704516,51.7406259],[-8.870498,51.7404313],[-8.8705083,51.7402272],[-8.8703795,51.7399018],[-8.8703074,51.7397678],[-8.8701631,51.7395413],[-8.8700163,51.7394126]]]}},{"type":"Feature","properties":{"@id":"way/1252604956","fortification_type":"ringfort","historic":"archaeological_site"},"geometry":{"type":"Polygon","coordinates":[[[-8.7656468,51.816755],[-8.7654537,51.8167036],[-8.7653384,51.8167036],[-8.7652311,51.8167268],[-8.765156,51.8167849],[-8.7651238,51.8169208],[-8.7656468,51.816755]]]}}]}
