{
 "type": "FeatureCollection",
 "copyright": "The data included in this document is from www.openstreetmap.org. The data is made available under ODbL.",
 "note": "Overpass export, tags reduced, rings simplified (Douglas-Peucker, tolerance 0.0012 deg) and rounded to 5 decimals.",
 "features": [
  {
   "type": "Feature",
   "properties": {
    "@id": "relation/7219477",
    "name": "Flores",
    "name:de": "Flores",
    "name:el": "Φλόρες",
    "name:en": "Flores",
    "name:id": "Pulau Flores",
    "name:it": "Flores",
    "place": "island",
    "type": "multipolygon",
    "wikidata": "Q148440",
    "wikipedia": "id:Pulau Flores"
   },
   "geometry": {
    "type": "Polygon",
    "coordinates": [
     [
      [
       120.084,
       -8.43498
      ],
      [
       120.08228,
       -8.43002
      ],
      [
       120.07862,
       -8.42725
      ],
      [
       120.08724,
       -8.42081
      ],
      [
       120.09023,
       -8.41981
      ],
      [
       120.09107,
       -8.42183
      ],
      [
       120.09248,
       -8.42119
      ],
      [
       120.09615,
       -8.41388
      ],
      [
       120.09376,
       -8.41474
      ],
      [
       120.09466,
       -8.40729
      ],
      [
       120.09173,
       -8.40749
      ],
      [
       120.08764,
       -8.41537
      ],
      [
       120.08183,
       -8.41955
      ],
      [
       120.07785,
       -8.42082
      ],
      [
       120.07244,
       -8.41867
      ],
      [
       120.07887,
       -8.41603
      ],
      [
       120.08031,
       -8.41137
      ],
      [
       120.08509,
       -8.40884
      ],
      [
       120.07625,
       -8.41202
      ],
      [
       120.07362,
       -8.409
      ],
      [
       120.07848,
       -8.40925
      ],
      [
       120.07902,
       -8.40669
      ],
      [
       120.08367,
       -8.40369
      ],
      [
       120.08506,
       -8.39855
      ],
      [
       120.08046,
       -8.39816
      ],
      [
       120.08555,
       -8.39362
      ],
      [
       120.08417,
       -8.39107
      ],
      [
       120.08655,
       -8.38807
      ],
      [
       120.08451,
       -8.38699
      ],
      [
       120.07998,
       -8.3907
      ],
      [
       120.07818,
       -8.38952
      ],
      [
       120.07066,
       -8.39331
      ],
      [
       120.0707,
       -8.3992
      ],
      [
       120.06736,
       -8.39635
      ],
      [
       120.06377,
       -8.40334
      ],
      [
       120.06195,
       -8.40254
      ],
      [
       120.05784,
       -8.40512
      ],
      [
       120.05509,
       -8.40362
      ],
      [
       120.055,
       -8.40834
      ],
      [
       120.04918,
       -8.4061
      ],
      [
       120.05087,
       -8.40218
      ],
      [
       120.04757,
       -8.40333
      ],
      [
       120.04769,
       -8.40135
      ],
      [
       120.04401,
       -8.4007
      ],
      [
       120.05179,
       -8.39717
      ],
      [
       120.05319,
       -8.39868
      ],
      [
       120.05346,
       -8.39597
      ],
      [
       120.05985,
       -8.39864
      ],
      [
       120.05748,
       -8.39374
      ],
      [
       120.06269,
       -8.3923
      ],
      [
       120.06272,
       -8.3891
      ],
      [
       120.06517,
       -8.39019
      ],
      [
       120.07315,
       -8.38348
      ],
      [
       120.07258,
       -8.38103
      ],
      [
       120.07512,
       -8.37711
      ],
      [
       120.07017,
       -8.37797
      ],
      [
       120.06727,
       -8.38182
      ],
      [
       120.06865,
       -8.38385
      ],
      [
       120.06591,
       -8.38278
      ],
      [
       120.06474,
       -8.38561
      ],
      [
       120.0665,
       -8.3782
      ],
      [
       120.06363,
       -8.37853
      ],
      [
       120.05986,
       -8.38296
      ],
      [
       120.05902,
       -8.38775
      ],
      [
       120.05387,
       -8.38973
      ],
      [
       120.05338,
       -8.39439
      ],
      [
       120.04443,
       -8.39405
      ],
      [
       120.04368,
       -8.39762
      ],
      [
       120.04053,
       -8.3979
      ],
      [
       120.03887,
       -8.40088
      ],
      [
       120.03619,
       -8.39209
      ],
      [
       120.04203,
       -8.38955
      ],
      [
       120.04299,
       -8.38605
      ],
      [
       120.03726,
       -8.38701
      ],
      [
       120.03067,
       -8.38212
      ],
      [
       120.02222,
       -8.38222
      ],
      [
       120.01927,
       -8.38406
      ],
      [
       120.02079,
       -8.38609
      ],
      [
       120.01905,
       -8.39196
      ],
      [
       120.0115,
       -8.39984
      ],
      [
       120.01251,
       -8.40367
      ],
      [
       120.01773,
       -8.40831
      ],
      [
       120.01733,
       -8.41344
      ],
      [
       120.01343,
       -8.41537
      ],
      [
       120.00867,
       -8.41164
      ],
      [
       120.0007,
       -8.41384
      ],
      [
       119.998,
       -8.41731
      ],
      [
       120.00109,
       -8.42192
      ],
      [
       120.00289,
       -8.43054
      ],
      [
       120.01495,
       -8.43529
      ],
      [
       120.01324,
       -8.4325
      ],
      [
       120.0187,
       -8.43525
      ],
      [
       120.02067,
       -8.43865
      ],
      [
       120.01275,
       -8.44713
      ],
      [
       120.00788,
       -8.44782
      ],
      [
       120.0068,
       -8.44626
      ],
      [
       120.00377,
       -8.45037
      ],
      [
       120.00384,
       -8.4571
      ],
      [
       120.00116,
       -8.46144
      ],
      [
       120.00121,
       -8.45957
      ],
      [
       119.99772,
       -8.46126
      ],
      [
       119.99346,
       -8.46049
      ],
      [
       119.99242,
       -8.46282
      ],
      [
       119.99307,
       -8.46043
      ],
      [
       119.98965,
       -8.4605
      ],
      [
       119.98842,
       -8.45665
      ],
      [
       119.98439,
       -8.45713
      ],
      [
       119.9816,
       -8.45434
      ],
      [
       119.98334,
       -8.44661
      ],
      [
       119.98204,
       -8.44298
      ],
      [
       119.98066,
       -8.44396
      ],
      [
       119.98147,
       -8.44863
      ],
      [
       119.97819,
       -8.4448
      ],
      [
       119.9738,
       -8.44563
      ],
      [
       119.97262,
       -8.44228
      ],
      [
       119.97695,
       -8.43296
      ],
      [
       119.97493,
       -8.43174
      ],
      [
       119.9731,
       -8.43333
      ],
      [
       119.96937,
       -8.42808
      ],
      [
       119.96743,
       -8.43127
      ],
      [
       119.96355,
       -8.4314
      ],
      [
       119.96276,
       -8.4351
      ],
      [
       119.96881,
       -8.43873
      ],
      [
       119.96707,
       -8.44089
      ],
      [
       119.96444,
       -8.4425
      ],
      [
       119.9614,
       -8.43977
      ],
      [
       119.95899,
       -8.44009
      ],
      [
       119.95681,
       -8.44328
      ],
      [
       119.95882,
       -8.44364
      ],
      [
       119.96176,
       -8.45057
      ],
      [
       119.95798,
       -8.45317
      ],
      [
       119.95907,
       -8.46102
      ],
      [
       119.95683,
       -8.45962
      ],
      [
       119.95868,
       -8.45185
      ],
      [
       119.95714,
       -8.44951
      ],
      [
       119.95244,
       -8.45489
      ],
      [
       119.94465,
       -8.459
      ],
      [
       119.94165,
       -8.45906
      ],
      [
       119.93941,
       -8.45543
      ],
      [
       119.93341,
       -8.45753
      ],
      [
       119.92262,
       -8.46647
      ],
      [
       119.92309,
       -8.46275
      ],
      [
       119.92136,
       -8.46341
      ],
      [
       119.91987,
       -8.45993
      ],
      [
       119.92229,
       -8.46653
      ],
      [
       119.91627,
       -8.46642
      ],
      [
       119.9164,
       -8.46906
      ],
      [
       119.90797,
       -8.47566
      ],
      [
       119.90276,
       -8.47239
      ],
      [
       119.90351,
       -8.46891
      ],
      [
       119.89993,
       -8.46509
      ],
      [
       119.89217,
       -8.46411
      ],
      [
       119.88658,
       -8.4608
      ],
      [
       119.88357,
       -8.46461
      ],
      [
       119.87938,
       -8.46442
      ],
      [
       119.87825,
       -8.46087
      ],
      [
       119.87618,
       -8.46039
      ],
      [
       119.87702,
       -8.44992
      ],
      [
       119.88214,
       -8.44624
      ],
      [
       119.88792,
       -8.44539
      ],
      [
       119.89012,
       -8.44264
      ],
      [
       119.88766,
       -8.4419
      ],
      [
       119.88739,
       -8.44346
      ],
      [
       119.88197,
       -8.44453
      ],
      [
       119.87566,
       -8.44358
      ],
      [
       119.87613,
       -8.44141
      ],
      [
       119.87811,
       -8.44125
      ],
      [
       119.87687,
       -8.43903
      ],
      [
       119.88274,
       -8.43866
      ],
      [
       119.87913,
       -8.43494
      ],
      [
       119.88172,
       -8.43025
      ],
      [
       119.87996,
       -8.42724
      ],
      [
       119.87122,
       -8.42746
      ],
      [
       119.86022,
       -8.43229
      ],
      [
       119.85729,
       -8.43003
      ],
      [
       119.86278,
       -8.44102
      ],
      [
       119.86059,
       -8.45307
      ],
      [
       119.8673,
       -8.45379
      ],
      [
       119.87088,
       -8.45704
      ],
      [
       119.87155,
       -8.46497
      ],
      [
       119.88089,
       -8.47727
      ],
      [
       119.8803,
       -8.4811
      ],
      [
       119.87794,
       -8.48226
      ],
      [
       119.87807,
       -8.48564
      ],
      [
       119.87464,
       -8.48951
      ],
      [
       119.87629,
       -8.49251
      ],
      [
       119.87495,
       -8.49311
      ],
      [
       119.87763,
       -8.49469
      ],
      [
       119.87851,
       -8.4982
      ],
      [
       119.88071,
       -8.49844
      ],
      [
       119.87804,
       -8.49934
      ],
      [
       119.87802,
       -8.50528
      ],
      [
       119.87324,
       -8.51198
      ],
      [
       119.87272,
       -8.51534
      ],
      [
       119.87408,
       -8.51542
      ],
      [
       119.87231,
       -8.5189
      ],
      [
       119.86252,
       -8.5301
      ],
      [
       119.86325,
       -8.52706
      ],
      [
       119.85444,
       -8.53356
      ],
      [
       119.85106,
       -8.53127
      ],
      [
       119.85033,
       -8.53427
      ],
      [
       119.84554,
       -8.53623
      ],
      [
       119.84636,
       -8.53858
      ],
      [
       119.84396,
       -8.53994
      ],
      [
       119.83339,
       -8.53933
      ],
      [
       119.83237,
       -8.54176
      ],
      [
       119.83483,
       -8.54452
      ],
      [
       119.82635,
       -8.55716
      ],
      [
       119.82156,
       -8.55677
      ],
      [
       119.81964,
       -8.56058
      ],
      [
       119.81338,
       -8.56055
      ],
      [
       119.81318,
       -8.56371
      ],
      [
       119.80979,
       -8.56471
      ],
      [
       119.80793,
       -8.57127
      ],
      [
       119.80465,
       -8.57172
      ],
      [
       119.80475,
       -8.58273
      ],
      [
       119.80771,
       -8.58377
      ],
      [
       119.80802,
       -8.58702
      ],
      [
       119.80004,
       -8.59057
      ],
      [
       119.79835,
       -8.5988
      ],
      [
       119.80334,
       -8.60052
      ],
      [
       119.8052,
       -8.6038
      ],
      [
       119.80743,
       -8.60105
      ],
      [
       119.8113,
       -8.60254
      ],
      [
       119.80991,
       -8.60877
      ],
      [
       119.80632,
       -8.61136
      ],
      [
       119.80628,
       -8.6159
      ],
      [
       119.81001,
       -8.62517
      ],
      [
       119.80953,
       -8.62726
      ],
      [
       119.80793,
       -8.62701
      ],
      [
       119.80651,
       -8.63616
      ],
      [
       119.80865,
       -8.63547
      ],
      [
       119.80942,
       -8.63759
      ],
      [
       119.8075,
       -8.64308
      ],
      [
       119.81146,
       -8.66215
      ],
      [
       119.80934,
       -8.6646
      ],
      [
       119.81263,
       -8.67092
      ],
      [
       119.80398,
       -8.67119
      ],
      [
       119.80418,
       -8.67336
      ],
      [
       119.79981,
       -8.67837
      ],
      [
       119.80069,
       -8.68444
      ],
      [
       119.79857,
       -8.69079
      ],
      [
       119.79585,
       -8.69152
      ],
      [
       119.79862,
       -8.69543
      ],
      [
       119.79656,
       -8.70194
      ],
      [
       119.80354,
       -8.70928
      ],
      [
       119.80181,
       -8.72176
      ],
      [
       119.79853,
       -8.72336
      ],
      [
       119.79963,
       -8.7262
      ],
      [
       119.79686,
       -8.72771
      ],
      [
       119.79917,
       -8.72971
      ],
      [
       119.80218,
       -8.72753
      ],
      [
       119.80647,
       -8.72982
      ],
      [
       119.80759,
       -8.7331
      ],
      [
       119.80584,
       -8.73833
      ],
      [
       119.79623,
       -8.7416
      ],
      [
       119.80132,
       -8.74365
      ],
      [
       119.79845,
       -8.74677
      ],
      [
       119.80186,
       -8.74763
      ],
      [
       119.80216,
       -8.75023
      ],
      [
       119.80665,
       -8.74883
      ],
      [
       119.80884,
       -8.75096
      ],
      [
       119.80856,
       -8.75566
      ],
      [
       119.80155,
       -8.75727
      ],
      [
       119.79985,
       -8.75968
      ],
      [
       119.80141,
       -8.7608
      ],
      [
       119.80057,
       -8.76475
      ],
      [
       119.80333,
       -8.7658
      ],
      [
       119.80324,
       -8.76994
      ],
      [
       119.8083,
       -8.76923
      ],
      [
       119.81048,
       -8.77295
      ],
      [
       119.80823,
       -8.77581
      ],
      [
       119.81382,
       -8.77577
      ],
      [
       119.81428,
       -8.78045
      ],
      [
       119.81546,
       -8.77914
      ],
      [
       119.81917,
       -8.78042
      ],
      [
       119.82004,
       -8.77768
      ],
      [
       119.8227,
       -8.77791
      ],
      [
       119.82218,
       -8.7828
      ],
      [
       119.81886,
       -8.78326
      ],
      [
       119.81728,
       -8.7865
      ],
      [
       119.82361,
       -8.78942
      ],
      [
       119.82714,
       -8.78676
      ],
      [
       119.82968,
       -8.78726
      ],
      [
       119.83058,
       -8.79397
      ],
      [
       119.83242,
       -8.79367
      ],
      [
       119.83237,
       -8.79682
      ],
      [
       119.83705,
       -8.80086
      ],
      [
       119.83278,
       -8.80615
      ],
      [
       119.83812,
       -8.80717
      ],
      [
       119.842,
       -8.79736
      ],
      [
       119.84422,
       -8.79678
      ],
      [
       119.84674,
       -8.7981
      ],
      [
       119.84801,
       -8.80432
      ],
      [
       119.86016,
       -8.80228
      ],
      [
       119.86019,
       -8.80496
      ],
      [
       119.86402,
       -8.80888
      ],
      [
       119.86256,
       -8.8136
      ],
      [
       119.87012,
       -8.80732
      ],
      [
       119.87186,
       -8.81083
      ],
      [
       119.87646,
       -8.81183
      ],
      [
       119.88347,
       -8.80908
      ],
      [
       119.88502,
       -8.81302
      ],
      [
       119.89035,
       -8.81263
      ],
      [
       119.89047,
       -8.81488
      ],
      [
       119.8869,
       -8.81516
      ],
      [
       119.88356,
       -8.82054
      ],
      [
       119.88805,
       -8.82015
      ],
      [
       119.88709,
       -8.82335
      ],
      [
       119.88331,
       -8.82453
      ],
      [
       119.88745,
       -8.82947
      ],
      [
       119.88286,
       -8.82932
      ],
      [
       119.88567,
       -8.83295
      ],
      [
       119.88309,
       -8.83341
      ],
      [
       119.88442,
       -8.84084
      ],
      [
       119.89325,
       -8.84156
      ],
      [
       119.89539,
       -8.84396
      ],
      [
       119.89071,
       -8.84561
      ],
      [
       119.88983,
       -8.84876
      ],
      [
       119.88656,
       -8.85054
      ],
      [
       119.8872,
       -8.85429
      ],
      [
       119.89232,
       -8.85312
      ],
      [
       119.88949,
       -8.85866
      ],
      [
       119.89305,
       -8.86034
      ],
      [
       119.89896,
       -8.85814
      ],
      [
       119.89877,
       -8.86339
      ],
      [
       119.90014,
       -8.86077
      ],
      [
       119.90301,
       -8.86277
      ],
      [
       119.90462,
       -8.86167
      ],
      [
       119.90591,
       -8.86697
      ],
      [
       119.90836,
       -8.86463
      ],
      [
       119.91134,
       -8.86727
      ],
      [
       119.91316,
       -8.8629
      ],
      [
       119.91647,
       -8.86631
      ],
      [
       119.91916,
       -8.86586
      ],
      [
       119.92196,
       -8.86133
      ],
      [
       119.92006,
       -8.85444
      ],
      [
       119.91709,
       -8.85254
      ],
      [
       119.91652,
       -8.84622
      ],
      [
       119.91137,
       -8.84468
      ],
      [
       119.90917,
       -8.84007
      ],
      [
       119.90915,
       -8.84161
      ],
      [
       119.90632,
       -8.84203
      ],
      [
       119.90615,
       -8.83967
      ],
      [
       119.91159,
       -8.83645
      ],
      [
       119.91418,
       -8.84001
      ],
      [
       119.9228,
       -8.84342
      ],
      [
       119.9253,
       -8.83286
      ],
      [
       119.94441,
       -8.82045
      ],
      [
       119.96475,
       -8.82333
      ],
      [
       119.96912,
       -8.82587
      ],
      [
       119.97682,
       -8.82105
      ],
      [
       120.0059,
       -8.81732
      ],
      [
       120.01633,
       -8.81912
      ],
      [
       120.02116,
       -8.81499
      ],
      [
       120.02643,
       -8.81365
      ],
      [
       120.04548,
       -8.81359
      ],
      [
       120.05233,
       -8.81214
      ],
      [
       120.05793,
       -8.80806
      ],
      [
       120.08008,
       -8.80282
      ],
      [
       120.08387,
       -8.79886
      ],
      [
       120.10093,
       -8.79273
      ],
      [
       120.12744,
       -8.78936
      ],
      [
       120.13236,
       -8.78476
      ],
      [
       120.13673,
       -8.78692
      ],
      [
       120.153,
       -8.78417
      ],
      [
       120.16618,
       -8.78774
      ],
      [
       120.18315,
       -8.80307
      ],
      [
       120.18994,
       -8.81293
      ],
      [
       120.1977,
       -8.81885
      ],
      [
       120.19925,
       -8.8227
      ],
      [
       120.20338,
       -8.82143
      ],
      [
       120.2096,
       -8.8268
      ],
      [
       120.21286,
       -8.83125
      ],
      [
       120.21377,
       -8.83664
      ],
      [
       120.22323,
       -8.83617
      ],
      [
       120.23049,
       -8.84305
      ],
      [
       120.24518,
       -8.84467
      ],
      [
       120.24996,
       -8.84817
      ],
      [
       120.25942,
       -8.84599
      ],
      [
       120.2679,
       -8.84695
      ],
      [
       120.27713,
       -8.85361
      ],
      [
       120.29714,
       -8.84432
      ],
      [
       120.30664,
       -8.84948
      ],
      [
       120.31179,
       -8.85525
      ],
      [
       120.31433,
       -8.85523
      ],
      [
       120.33823,
       -8.83304
      ],
      [
       120.35143,
       -8.83205
      ],
      [
       120.36484,
       -8.82429
      ],
      [
       120.36675,
       -8.82124
      ],
      [
       120.36563,
       -8.81681
      ],
      [
       120.3675,
       -8.81527
      ],
      [
       120.36977,
       -8.81763
      ],
      [
       120.38442,
       -8.81767
      ],
      [
       120.39119,
       -8.82412
      ],
      [
       120.40083,
       -8.82501
      ],
      [
       120.42077,
       -8.81684
      ],
      [
       120.4274,
       -8.81977
      ],
      [
       120.4281,
       -8.81821
      ],
      [
       120.42996,
       -8.81919
      ],
      [
       120.43813,
       -8.81362
      ],
      [
       120.44571,
       -8.81398
      ],
      [
       120.44566,
       -8.81594
      ],
      [
       120.45079,
       -8.81716
      ],
      [
       120.47081,
       -8.81708
      ],
      [
       120.47824,
       -8.82033
      ],
      [
       120.48602,
       -8.81951
      ],
      [
       120.48976,
       -8.82103
      ],
      [
       120.50757,
       -8.81862
      ],
      [
       120.51425,
       -8.82076
      ],
      [
       120.52804,
       -8.81299
      ],
      [
       120.53806,
       -8.81137
      ],
      [
       120.54507,
       -8.81228
      ],
      [
       120.54962,
       -8.81606
      ],
      [
       120.56414,
       -8.81735
      ],
      [
       120.57283,
       -8.8163
      ],
      [
       120.58004,
       -8.81813
      ],
      [
       120.58589,
       -8.81549
      ],
      [
       120.59596,
       -8.81492
      ],
      [
       120.60683,
       -8.82255
      ],
      [
       120.60652,
       -8.81882
      ],
      [
       120.61251,
       -8.82773
      ],
      [
       120.61418,
       -8.83655
      ],
      [
       120.61994,
       -8.84385
      ],
      [
       120.62821,
       -8.8499
      ],
      [
       120.63251,
       -8.85701
      ],
      [
       120.64704,
       -8.86731
      ],
      [
       120.65755,
       -8.87028
      ],
      [
       120.68931,
       -8.8707
      ],
      [
       120.7026,
       -8.88166
      ],
      [
       120.71141,
       -8.88186
      ],
      [
       120.71863,
       -8.88653
      ],
      [
       120.72549,
       -8.88532
      ],
      [
       120.7336,
       -8.88989
      ],
      [
       120.73983,
       -8.88891
      ],
      [
       120.74581,
       -8.89344
      ],
      [
       120.74769,
       -8.89179
      ],
      [
       120.75454,
       -8.89269
      ],
      [
       120.76923,
       -8.88689
      ],
      [
       120.77388,
       -8.88771
      ],
      [
       120.77326,
       -8.88493
      ],
      [
       120.77617,
       -8.88017
      ],
      [
       120.78042,
       -8.8753
      ],
      [
       120.78548,
       -8.87296
      ],
      [
       120.78596,
       -8.84717
      ],
      [
       120.79008,
       -8.83974
      ],
      [
       120.81651,
       -8.84147
      ],
      [
       120.81991,
       -8.83674
      ],
      [
       120.8177,
       -8.83472
      ],
      [
       120.825,
       -8.83417
      ],
      [
       120.83766,
       -8.82928
      ],
      [
       120.84943,
       -8.83465
      ],
      [
       120.85473,
       -8.84081
      ],
      [
       120.85828,
       -8.85475
      ],
      [
       120.8673,
       -8.8659
      ],
      [
       120.8677,
       -8.87937
      ],
      [
       120.87295,
       -8.8866
      ],
      [
       120.88091,
       -8.88719
      ],
      [
       120.88432,
       -8.88946
      ],
      [
       120.88961,
       -8.89781
      ],
      [
       120.90114,
       -8.90525
      ],
      [
       120.90367,
       -8.91177
      ],
      [
       120.90959,
       -8.91526
      ],
      [
       120.91377,
       -8.92086
      ],
      [
       120.92899,
       -8.92846
      ],
      [
       120.93104,
       -8.93298
      ],
      [
       120.93566,
       -8.93344
      ],
      [
       120.94654,
       -8.93989
      ],
      [
       120.96457,
       -8.94612
      ],
      [
       120.97063,
       -8.94634
      ],
      [
       120.9794,
       -8.94347
      ],
      [
       120.98711,
       -8.95159
      ],
      [
       120.99507,
       -8.95218
      ],
      [
       121.0011,
       -8.95605
      ],
      [
       121.00578,
       -8.95461
      ],
      [
       121.01538,
       -8.95639
      ],
      [
       121.0169,
       -8.95425
      ],
      [
       121.02209,
       -8.95341
      ],
      [
       121.02962,
       -8.95658
      ],
      [
       121.03874,
       -8.95436
      ],
      [
       121.04319,
       -8.94975
      ],
      [
       121.05,
       -8.94676
      ],
      [
       121.05793,
       -8.94754
      ],
      [
       121.06662,
       -8.93671
      ],
      [
       121.07049,
       -8.93556
      ],
      [
       121.0751,
       -8.93096
      ],
      [
       121.0816,
       -8.93027
      ],
      [
       121.08445,
       -8.92609
      ],
      [
       121.09584,
       -8.92005
      ],
      [
       121.10294,
       -8.91926
      ],
      [
       121.10648,
       -8.91607
      ],
      [
       121.11357,
       -8.91598
      ],
      [
       121.11575,
       -8.91274
      ],
      [
       121.1248,
       -8.90822
      ],
      [
       121.12893,
       -8.90892
      ],
      [
       121.13114,
       -8.90524
      ],
      [
       121.13581,
       -8.90289
      ],
      [
       121.13477,
       -8.90045
      ],
      [
       121.13801,
       -8.9025
      ],
      [
       121.13899,
       -8.89806
      ],
      [
       121.14852,
       -8.89806
      ],
      [
       121.15708,
       -8.89358
      ],
      [
       121.16458,
       -8.89484
      ],
      [
       121.17007,
       -8.88757
      ],
      [
       121.17894,
       -8.88542
      ],
      [
       121.18543,
       -8.88556
      ],
      [
       121.19284,
       -8.89297
      ],
      [
       121.19906,
       -8.89441
      ],
      [
       121.20465,
       -8.89121
      ],
      [
       121.20824,
       -8.89389
      ],
      [
       121.20974,
       -8.89209
      ],
      [
       121.22576,
       -8.88936
      ],
      [
       121.23102,
       -8.89189
      ],
      [
       121.23385,
       -8.8959
      ],
      [
       121.23715,
       -8.88994
      ],
      [
       121.2453,
       -8.88924
      ],
      [
       121.25239,
       -8.89112
      ],
      [
       121.25327,
       -8.8963
      ],
      [
       121.2569,
       -8.89781
      ],
      [
       121.2559,
       -8.89387
      ],
      [
       121.25902,
       -8.8888
      ],
      [
       121.27013,
       -8.88662
      ],
      [
       121.27477,
       -8.89131
      ],
      [
       121.2844,
       -8.89272
      ],
      [
       121.29186,
       -8.90318
      ],
      [
       121.29987,
       -8.9078
      ],
      [
       121.30629,
       -8.90797
      ],
      [
       121.31481,
       -8.91107
      ],
      [
       121.32017,
       -8.91032
      ],
      [
       121.32457,
       -8.90609
      ],
      [
       121.32993,
       -8.90794
      ],
      [
       121.34237,
       -8.90567
      ],
      [
       121.34733,
       -8.89848
      ],
      [
       121.35643,
       -8.89105
      ],
      [
       121.35722,
       -8.8877
      ],
      [
       121.36086,
       -8.88643
      ],
      [
       121.36111,
       -8.88772
      ],
      [
       121.36631,
       -8.88439
      ],
      [
       121.36931,
       -8.87899
      ],
      [
       121.37241,
       -8.85195
      ],
      [
       121.36897,
       -8.83905
      ],
      [
       121.37287,
       -8.83649
      ],
      [
       121.3699,
       -8.8339
      ],
      [
       121.36751,
       -8.82485
      ],
      [
       121.37116,
       -8.81695
      ],
      [
       121.37037,
       -8.81278
      ],
      [
       121.37288,
       -8.80968
      ],
      [
       121.37236,
       -8.80534
      ],
      [
       121.37534,
       -8.8048
      ],
      [
       121.37461,
       -8.80254
      ],
      [
       121.37741,
       -8.79642
      ],
      [
       121.38815,
       -8.78863
      ],
      [
       121.40687,
       -8.79089
      ],
      [
       121.41385,
       -8.7944
      ],
      [
       121.42573,
       -8.79358
      ],
      [
       121.42913,
       -8.79537
      ],
      [
       121.46158,
       -8.79885
      ],
      [
       121.46452,
       -8.79673
      ],
      [
       121.46525,
       -8.79867
      ],
      [
       121.48513,
       -8.79875
      ],
      [
       121.50344,
       -8.80456
      ],
      [
       121.54479,
       -8.80932
      ],
      [
       121.54861,
       -8.80533
      ],
      [
       121.56802,
       -8.79675
      ],
      [
       121.58747,
       -8.80287
      ],
      [
       121.5947,
       -8.8075
      ],
      [
       121.59552,
       -8.81217
      ],
      [
       121.60567,
       -8.8232
      ],
      [
       121.61822,
       -8.82911
      ],
      [
       121.63406,
       -8.83351
      ],
      [
       121.64125,
       -8.83988
      ],
      [
       121.64282,
       -8.84807
      ],
      [
       121.62914,
       -8.87719
      ],
      [
       121.62491,
       -8.893
      ],
      [
       121.62745,
       -8.89904
      ],
      [
       121.63234,
       -8.89981
      ],
      [
       121.63335,
       -8.90255
      ],
      [
       121.63542,
       -8.90132
      ],
      [
       121.63963,
       -8.90551
      ],
      [
       121.64425,
       -8.90586
      ],
      [
       121.65228,
       -8.89979
      ],
      [
       121.65708,
       -8.88957
      ],
      [
       121.66259,
       -8.88951
      ],
      [
       121.66449,
       -8.87299
      ],
      [
       121.66163,
       -8.86586
      ],
      [
       121.66136,
       -8.85529
      ],
      [
       121.67083,
       -8.84808
      ],
      [
       121.68308,
       -8.84616
      ],
      [
       121.68577,
       -8.84874
      ],
      [
       121.68827,
       -8.84769
      ],
      [
       121.70134,
       -8.85164
      ],
      [
       121.72275,
       -8.86331
      ],
      [
       121.72869,
       -8.8682
      ],
      [
       121.73374,
       -8.87674
      ],
      [
       121.74333,
       -8.8769
      ],
      [
       121.75112,
       -8.87829
      ],
      [
       121.7511,
       -8.87963
      ],
      [
       121.75453,
       -8.87705
      ],
      [
       121.75791,
       -8.88001
      ],
      [
       121.77558,
       -8.88242
      ],
      [
       121.78515,
       -8.87731
      ],
      [
       121.79933,
       -8.87294
      ],
      [
       121.79994,
       -8.87134
      ],
      [
       121.80528,
       -8.87028
      ],
      [
       121.81002,
       -8.87241
      ],
      [
       121.81461,
       -8.87044
      ],
      [
       121.81953,
       -8.86639
      ],
      [
       121.82068,
       -8.86164
      ],
      [
       121.82424,
       -8.85823
      ],
      [
       121.83196,
       -8.85664
      ],
      [
       121.83566,
       -8.85246
      ],
      [
       121.8407,
       -8.85064
      ],
      [
       121.84958,
       -8.85079
      ],
      [
       121.85456,
       -8.84519
      ],
      [
       121.85787,
       -8.83702
      ],
      [
       121.86166,
       -8.83475
      ],
      [
       121.86768,
       -8.83336
      ],
      [
       121.86886,
       -8.83459
      ],
      [
       121.87145,
       -8.83193
      ],
      [
       121.87427,
       -8.83251
      ],
      [
       121.88513,
       -8.82763
      ],
      [
       121.89429,
       -8.83022
      ],
      [
       121.9044,
       -8.82936
      ],
      [
       121.90781,
       -8.83184
      ],
      [
       121.91593,
       -8.83012
      ],
      [
       121.92429,
       -8.83137
      ],
      [
       121.93558,
       -8.82622
      ],
      [
       121.94344,
       -8.82503
      ],
      [
       121.95276,
       -8.81938
      ],
      [
       121.96306,
       -8.81687
      ],
      [
       121.96858,
       -8.81208
      ],
      [
       121.9764,
       -8.8141
      ],
      [
       121.97986,
       -8.81038
      ],
      [
       121.99526,
       -8.80561
      ],
      [
       122.00077,
       -8.80722
      ],
      [
       122.00449,
       -8.80147
      ],
      [
       122.01142,
       -8.79898
      ],
      [
       122.01523,
       -8.79459
      ],
      [
       122.02005,
       -8.79561
      ],
      [
       122.02113,
       -8.79849
      ],
      [
       122.02446,
       -8.79454
      ],
      [
       122.03018,
       -8.79483
      ],
      [
       122.03631,
       -8.78358
      ],
      [
       122.04743,
       -8.77715
      ],
      [
       122.05277,
       -8.76769
      ],
      [
       122.07439,
       -8.75929
      ],
      [
       122.0786,
       -8.74633
      ],
      [
       122.08332,
       -8.74177
      ],
      [
       122.09599,
       -8.73633
      ],
      [
       122.10887,
       -8.73483
      ],
      [
       122.11526,
       -8.72975
      ],
      [
       122.12329,
       -8.73032
      ],
      [
       122.1256,
       -8.7281
      ],
      [
       122.12459,
       -8.73005
      ],
      [
       122.12834,
       -8.73081
      ],
      [
       122.14671,
       -8.72808
      ],
      [
       122.17598,
       -8.72995
      ],
      [
       122.18311,
       -8.73371
      ],
      [
       122.1969,
       -8.75029
      ],
      [
       122.20094,
       -8.74821
      ],
      [
       122.20569,
       -8.75056
      ],
      [
       122.21268,
       -8.74959
      ],
      [
       122.2168,
       -8.74424
      ],
      [
       122.2318,
       -8.74279
      ],
      [
       122.23467,
       -8.74466
      ],
      [
       122.23821,
       -8.74187
      ],
      [
       122.24102,
       -8.74426
      ],
      [
       122.24557,
       -8.74353
      ],
      [
       122.24992,
       -8.74744
      ],
      [
       122.25504,
       -8.74682
      ],
      [
       122.25731,
       -8.74958
      ],
      [
       122.27975,
       -8.75472
      ],
      [
       122.28397,
       -8.7544
      ],
      [
       122.28661,
       -8.74945
      ],
      [
       122.29187,
       -8.74662
      ],
      [
       122.30066,
       -8.74598
      ],
      [
       122.30699,
       -8.74148
      ],
      [
       122.31255,
       -8.7406
      ],
      [
       122.32329,
       -8.74245
      ],
      [
       122.33037,
       -8.74157
      ],
      [
       122.33285,
       -8.73882
      ],
      [
       122.34739,
       -8.74076
      ],
      [
       122.36224,
       -8.7469
      ],
      [
       122.36878,
       -8.75263
      ],
      [
       122.37179,
       -8.751
      ],
      [
       122.37609,
       -8.75248
      ],
      [
       122.38264,
       -8.74464
      ],
      [
       122.41107,
       -8.74544
      ],
      [
       122.41604,
       -8.74108
      ],
      [
       122.42132,
       -8.7446
      ],
      [
       122.42967,
       -8.73505
      ],
      [
       122.43463,
       -8.73348
      ],
      [
       122.43885,
       -8.73662
      ],
      [
       122.43969,
       -8.73364
      ],
      [
       122.44276,
       -8.73308
      ],
      [
       122.44597,
       -8.73673
      ],
      [
       122.4491,
       -8.73507
      ],
      [
       122.45239,
       -8.73692
      ],
      [
       122.46162,
       -8.73214
      ],
      [
       122.46522,
       -8.73369
      ],
      [
       122.46788,
       -8.7315
      ],
      [
       122.47026,
       -8.73256
      ],
      [
       122.47058,
       -8.72879
      ],
      [
       122.47742,
       -8.72273
      ],
      [
       122.48405,
       -8.72224
      ],
      [
       122.49223,
       -8.71882
      ],
      [
       122.49595,
       -8.71907
      ],
      [
       122.49895,
       -8.72197
      ],
      [
       122.50076,
       -8.71832
      ],
      [
       122.50596,
       -8.71629
      ],
      [
       122.50974,
       -8.71825
      ],
      [
       122.50989,
       -8.71611
      ],
      [
       122.519,
       -8.71183
      ],
      [
       122.52241,
       -8.70786
      ],
      [
       122.52837,
       -8.70916
      ],
      [
       122.53219,
       -8.70392
      ],
      [
       122.53968,
       -8.70122
      ],
      [
       122.54256,
       -8.69232
      ],
      [
       122.54676,
       -8.68825
      ],
      [
       122.54641,
       -8.68472
      ],
      [
       122.55226,
       -8.67838
      ],
      [
       122.55732,
       -8.66614
      ],
      [
       122.56618,
       -8.66441
      ],
      [
       122.57687,
       -8.66539
      ],
      [
       122.58667,
       -8.66249
      ],
      [
       122.59421,
       -8.65513
      ],
      [
       122.60435,
       -8.64911
      ],
      [
       122.61054,
       -8.64968
      ],
      [
       122.61876,
       -8.65517
      ],
      [
       122.62448,
       -8.65064
      ],
      [
       122.62993,
       -8.63982
      ],
      [
       122.64599,
       -8.63656
      ],
      [
       122.64788,
       -8.63786
      ],
      [
       122.6493,
       -8.63597
      ],
      [
       122.65467,
       -8.63701
      ],
      [
       122.66103,
       -8.62833
      ],
      [
       122.67219,
       -8.62273
      ],
      [
       122.67826,
       -8.6218
      ],
      [
       122.69628,
       -8.62678
      ],
      [
       122.69789,
       -8.62281
      ],
      [
       122.70052,
       -8.62274
      ],
      [
       122.71855,
       -8.62921
      ],
      [
       122.72093,
       -8.63401
      ],
      [
       122.72559,
       -8.63342
      ],
      [
       122.72807,
       -8.63203
      ],
      [
       122.72817,
       -8.62666
      ],
      [
       122.72573,
       -8.6241
      ],
      [
       122.72772,
       -8.61737
      ],
      [
       122.73189,
       -8.61252
      ],
      [
       122.73095,
       -8.61077
      ],
      [
       122.73879,
       -8.60792
      ],
      [
       122.74753,
       -8.60781
      ],
      [
       122.75208,
       -8.60512
      ],
      [
       122.77037,
       -8.60808
      ],
      [
       122.77261,
       -8.61234
      ],
      [
       122.77813,
       -8.61036
      ],
      [
       122.78009,
       -8.61258
      ],
      [
       122.78338,
       -8.6071
      ],
      [
       122.79388,
       -8.60181
      ],
      [
       122.80168,
       -8.60263
      ],
      [
       122.81008,
       -8.59634
      ],
      [
       122.81684,
       -8.59765
      ],
      [
       122.83106,
       -8.58994
      ],
      [
       122.83263,
       -8.58827
      ],
      [
       122.83142,
       -8.5841
      ],
      [
       122.84187,
       -8.57172
      ],
      [
       122.84209,
       -8.56656
      ],
      [
       122.84465,
       -8.56256
      ],
      [
       122.84216,
       -8.5595
      ],
      [
       122.84344,
       -8.54678
      ],
      [
       122.8387,
       -8.53102
      ],
      [
       122.83195,
       -8.51766
      ],
      [
       122.82632,
       -8.51557
      ],
      [
       122.81248,
       -8.5012
      ],
      [
       122.80179,
       -8.49674
      ],
      [
       122.79854,
       -8.49384
      ],
      [
       122.79645,
       -8.48688
      ],
      [
       122.79028,
       -8.48424
      ],
      [
       122.79091,
       -8.4813
      ],
      [
       122.78847,
       -8.4788
      ],
      [
       122.78472,
       -8.46168
      ],
      [
       122.77892,
       -8.45745
      ],
      [
       122.77991,
       -8.45097
      ],
      [
       122.78655,
       -8.44701
      ],
      [
       122.78678,
       -8.43941
      ],
      [
       122.78342,
       -8.43511
      ],
      [
       122.78285,
       -8.43044
      ],
      [
       122.78793,
       -8.42655
      ],
      [
       122.78299,
       -8.4229
      ],
      [
       122.79087,
       -8.42253
      ],
      [
       122.79086,
       -8.42103
      ],
      [
       122.79249,
       -8.42252
      ],
      [
       122.79852,
       -8.42205
      ],
      [
       122.80289,
       -8.42493
      ],
      [
       122.80499,
       -8.42337
      ],
      [
       122.81247,
       -8.4239
      ],
      [
       122.80884,
       -8.42983
      ],
      [
       122.80961,
       -8.43228
      ],
      [
       122.81324,
       -8.43189
      ],
      [
       122.81427,
       -8.43357
      ],
      [
       122.81699,
       -8.43241
      ],
      [
       122.81764,
       -8.42726
      ],
      [
       122.82153,
       -8.42829
      ],
      [
       122.82256,
       -8.427
      ],
      [
       122.82256,
       -8.4288
      ],
      [
       122.82567,
       -8.42829
      ],
      [
       122.82774,
       -8.43203
      ],
      [
       122.83214,
       -8.43371
      ],
      [
       122.82864,
       -8.43757
      ],
      [
       122.83913,
       -8.44054
      ],
      [
       122.85983,
       -8.45241
      ],
      [
       122.87252,
       -8.45473
      ],
      [
       122.8878,
       -8.44871
      ],
      [
       122.89019,
       -8.44482
      ],
      [
       122.88928,
       -8.44017
      ],
      [
       122.89181,
       -8.4345
      ],
      [
       122.89337,
       -8.42032
      ],
      [
       122.89053,
       -8.40408
      ],
      [
       122.88911,
       -8.4015
      ],
      [
       122.88212,
       -8.39789
      ],
      [
       122.88134,
       -8.39351
      ],
      [
       122.88354,
       -8.39067
      ],
      [
       122.87863,
       -8.38423
      ],
      [
       122.88275,
       -8.3781
      ],
      [
       122.88476,
       -8.37045
      ],
      [
       122.89258,
       -8.36719
      ],
      [
       122.89119,
       -8.36405
      ],
      [
       122.89345,
       -8.36355
      ],
      [
       122.90184,
       -8.34765
      ],
      [
       122.91,
       -8.34353
      ],
      [
       122.90841,
       -8.33886
      ],
      [
       122.91401,
       -8.33621
      ],
      [
       122.91374,
       -8.32853
      ],
      [
       122.92901,
       -8.32768
      ],
      [
       122.93325,
       -8.33525
      ],
      [
       122.93955,
       -8.33649
      ],
      [
       122.95458,
       -8.34779
      ],
      [
       122.96512,
       -8.35177
      ],
      [
       122.97258,
       -8.34734
      ],
      [
       122.9817,
       -8.34768
      ],
      [
       122.98899,
       -8.3432
      ],
      [
       122.99243,
       -8.33675
      ],
      [
       123.0019,
       -8.33261
      ],
      [
       123.01971,
       -8.31748
      ],
      [
       123.02104,
       -8.30693
      ],
      [
       123.01842,
       -8.29907
      ],
      [
       123.01808,
       -8.28115
      ],
      [
       123.0119,
       -8.2793
      ],
      [
       123.00793,
       -8.27588
      ],
      [
       123.0113,
       -8.27526
      ],
      [
       123.00394,
       -8.27406
      ],
      [
       122.99892,
       -8.27076
      ],
      [
       122.99285,
       -8.26372
      ],
      [
       122.98942,
       -8.25405
      ],
      [
       122.98271,
       -8.25078
      ],
      [
       122.98062,
       -8.2451
      ],
      [
       122.98411,
       -8.23704
      ],
      [
       122.97853,
       -8.22495
      ],
      [
       122.97825,
       -8.21326
      ],
      [
       122.96944,
       -8.20803
      ],
      [
       122.96677,
       -8.20398
      ],
      [
       122.96107,
       -8.20258
      ],
      [
       122.95989,
       -8.19608
      ],
      [
       122.95563,
       -8.19962
      ],
      [
       122.95194,
       -8.19657
      ],
      [
       122.96404,
       -8.19346
      ],
      [
       122.96622,
       -8.18098
      ],
      [
       122.97032,
       -8.178
      ],
      [
       122.97221,
       -8.15539
      ],
      [
       122.97006,
       -8.15132
      ],
      [
       122.97273,
       -8.14334
      ],
      [
       122.96872,
       -8.13118
      ],
      [
       122.97097,
       -8.13462
      ],
      [
       122.97145,
       -8.13301
      ],
      [
       122.96811,
       -8.1296
      ],
      [
       122.96221,
       -8.12826
      ],
      [
       122.95473,
       -8.12052
      ],
      [
       122.94197,
       -8.1158
      ],
      [
       122.94043,
       -8.11219
      ],
      [
       122.93375,
       -8.10789
      ],
      [
       122.92176,
       -8.10471
      ],
      [
       122.89926,
       -8.09159
      ],
      [
       122.89619,
       -8.08794
      ],
      [
       122.89149,
       -8.0874
      ],
      [
       122.88767,
       -8.08314
      ],
      [
       122.88547,
       -8.07618
      ],
      [
       122.86995,
       -8.06847
      ],
      [
       122.86731,
       -8.06375
      ],
      [
       122.8509,
       -8.07501
      ],
      [
       122.8441,
       -8.07016
      ],
      [
       122.84214,
       -8.07351
      ],
      [
       122.846,
       -8.07615
      ],
      [
       122.84548,
       -8.0795
      ],
      [
       122.83901,
       -8.08156
      ],
      [
       122.83058,
       -8.09652
      ],
      [
       122.81603,
       -8.09672
      ],
      [
       122.81451,
       -8.09523
      ],
      [
       122.81111,
       -8.0993
      ],
      [
       122.80265,
       -8.10112
      ],
      [
       122.80282,
       -8.10517
      ],
      [
       122.79718,
       -8.10886
      ],
      [
       122.79125,
       -8.10646
      ],
      [
       122.78948,
       -8.10355
      ],
      [
       122.7827,
       -8.10797
      ],
      [
       122.78066,
       -8.11247
      ],
      [
       122.78156,
       -8.11949
      ],
      [
       122.7783,
       -8.13583
      ],
      [
       122.78245,
       -8.14046
      ],
      [
       122.78485,
       -8.15007
      ],
      [
       122.78233,
       -8.15191
      ],
      [
       122.7815,
       -8.15694
      ],
      [
       122.77785,
       -8.16233
      ],
      [
       122.7613,
       -8.17899
      ],
      [
       122.75974,
       -8.19388
      ],
      [
       122.75019,
       -8.19833
      ],
      [
       122.74581,
       -8.2049
      ],
      [
       122.73275,
       -8.21506
      ],
      [
       122.73026,
       -8.21956
      ],
      [
       122.73052,
       -8.22372
      ],
      [
       122.73407,
       -8.22792
      ],
      [
       122.74123,
       -8.22888
      ],
      [
       122.74952,
       -8.22617
      ],
      [
       122.75585,
       -8.22997
      ],
      [
       122.76288,
       -8.22486
      ],
      [
       122.76792,
       -8.22744
      ],
      [
       122.7696,
       -8.23169
      ],
      [
       122.77629,
       -8.23135
      ],
      [
       122.78099,
       -8.23544
      ],
      [
       122.78782,
       -8.23527
      ],
      [
       122.79119,
       -8.22715
      ],
      [
       122.79768,
       -8.22256
      ],
      [
       122.79705,
       -8.21436
      ],
      [
       122.79911,
       -8.20735
      ],
      [
       122.80929,
       -8.19812
      ],
      [
       122.81986,
       -8.19421
      ],
      [
       122.81977,
       -8.1871
      ],
      [
       122.82118,
       -8.18662
      ],
      [
       122.82323,
       -8.19471
      ],
      [
       122.83232,
       -8.19288
      ],
      [
       122.83711,
       -8.18882
      ],
      [
       122.84174,
       -8.18768
      ],
      [
       122.84583,
       -8.18417
      ],
      [
       122.84596,
       -8.18043
      ],
      [
       122.84971,
       -8.18048
      ],
      [
       122.84747,
       -8.18606
      ],
      [
       122.84917,
       -8.18801
      ],
      [
       122.85568,
       -8.18791
      ],
      [
       122.8615,
       -8.18292
      ],
      [
       122.86521,
       -8.17314
      ],
      [
       122.86952,
       -8.17749
      ],
      [
       122.87739,
       -8.17574
      ],
      [
       122.8819,
       -8.18056
      ],
      [
       122.88549,
       -8.17543
      ],
      [
       122.89015,
       -8.17488
      ],
      [
       122.89861,
       -8.17864
      ],
      [
       122.89874,
       -8.1752
      ],
      [
       122.90054,
       -8.17461
      ],
      [
       122.90143,
       -8.17949
      ],
      [
       122.91204,
       -8.18784
      ],
      [
       122.9157,
       -8.1879
      ],
      [
       122.91582,
       -8.19089
      ],
      [
       122.9191,
       -8.19191
      ],
      [
       122.92004,
       -8.18957
      ],
      [
       122.9225,
       -8.18932
      ],
      [
       122.927,
       -8.19289
      ],
      [
       122.93252,
       -8.19381
      ],
      [
       122.93936,
       -8.19218
      ],
      [
       122.93847,
       -8.19804
      ],
      [
       122.93999,
       -8.19945
      ],
      [
       122.93278,
       -8.20486
      ],
      [
       122.92513,
       -8.20391
      ],
      [
       122.91892,
       -8.20816
      ],
      [
       122.91245,
       -8.21744
      ],
      [
       122.90857,
       -8.22496
      ],
      [
       122.90796,
       -8.23686
      ],
      [
       122.9033,
       -8.24246
      ],
      [
       122.90037,
       -8.25084
      ],
      [
       122.89492,
       -8.2567
      ],
      [
       122.8938,
       -8.27659
      ],
      [
       122.88693,
       -8.28183
      ],
      [
       122.88437,
       -8.28716
      ],
      [
       122.87222,
       -8.29384
      ],
      [
       122.8511,
       -8.29018
      ],
      [
       122.84659,
       -8.29266
      ],
      [
       122.84225,
       -8.2921
      ],
      [
       122.83509,
       -8.29634
      ],
      [
       122.82681,
       -8.29292
      ],
      [
       122.8173,
       -8.2992
      ],
      [
       122.8108,
       -8.29805
      ],
      [
       122.80748,
       -8.30367
      ],
      [
       122.80243,
       -8.30653
      ],
      [
       122.79816,
       -8.31224
      ],
      [
       122.79313,
       -8.31301
      ],
      [
       122.78892,
       -8.31691
      ],
      [
       122.78173,
       -8.33229
      ],
      [
       122.77425,
       -8.34239
      ],
      [
       122.77294,
       -8.35008
      ],
      [
       122.76556,
       -8.36333
      ],
      [
       122.7586,
       -8.36368
      ],
      [
       122.74702,
       -8.35849
      ],
      [
       122.74177,
       -8.35982
      ],
      [
       122.73458,
       -8.35799
      ],
      [
       122.72399,
       -8.36039
      ],
      [
       122.70532,
       -8.37434
      ],
      [
       122.68899,
       -8.37824
      ],
      [
       122.68529,
       -8.38338
      ],
      [
       122.66901,
       -8.38917
      ],
      [
       122.65624,
       -8.39062
      ],
      [
       122.6504,
       -8.38711
      ],
      [
       122.63364,
       -8.38205
      ],
      [
       122.62514,
       -8.38475
      ],
      [
       122.62002,
       -8.38385
      ],
      [
       122.61536,
       -8.38928
      ],
      [
       122.61736,
       -8.39622
      ],
      [
       122.61066,
       -8.40001
      ],
      [
       122.60705,
       -8.39935
      ],
      [
       122.60562,
       -8.39606
      ],
      [
       122.60904,
       -8.39891
      ],
      [
       122.60365,
       -8.39475
      ],
      [
       122.60358,
       -8.3924
      ],
      [
       122.59705,
       -8.39302
      ],
      [
       122.59585,
       -8.39559
      ],
      [
       122.59823,
       -8.39741
      ],
      [
       122.59787,
       -8.40028
      ],
      [
       122.59012,
       -8.41124
      ],
      [
       122.59181,
       -8.42403
      ],
      [
       122.5822,
       -8.4293
      ],
      [
       122.57603,
       -8.42676
      ],
      [
       122.57127,
       -8.42839
      ],
      [
       122.56779,
       -8.43812
      ],
      [
       122.56362,
       -8.44403
      ],
      [
       122.55998,
       -8.44579
      ],
      [
       122.55558,
       -8.45551
      ],
      [
       122.54941,
       -8.46064
      ],
      [
       122.5469,
       -8.46535
      ],
      [
       122.54283,
       -8.46451
      ],
      [
       122.54244,
       -8.46285
      ],
      [
       122.53502,
       -8.46328
      ],
      [
       122.53287,
       -8.47073
      ],
      [
       122.53273,
       -8.46839
      ],
      [
       122.5337,
       -8.47011
      ],
      [
       122.53463,
       -8.46706
      ],
      [
       122.53777,
       -8.46605
      ],
      [
       122.53462,
       -8.47234
      ],
      [
       122.52483,
       -8.46994
      ],
      [
       122.52322,
       -8.46783
      ],
      [
       122.52776,
       -8.46951
      ],
      [
       122.52392,
       -8.46726
      ],
      [
       122.51718,
       -8.46734
      ],
      [
       122.50786,
       -8.46859
      ],
      [
       122.49298,
       -8.4743
      ],
      [
       122.48014,
       -8.4926
      ],
      [
       122.48759,
       -8.50544
      ],
      [
       122.49754,
       -8.51512
      ],
      [
       122.50906,
       -8.51926
      ],
      [
       122.51505,
       -8.52653
      ],
      [
       122.51783,
       -8.52595
      ],
      [
       122.51525,
       -8.54273
      ],
      [
       122.51744,
       -8.54747
      ],
      [
       122.51373,
       -8.54945
      ],
      [
       122.5114,
       -8.55442
      ],
      [
       122.50596,
       -8.55722
      ],
      [
       122.49513,
       -8.58008
      ],
      [
       122.4918,
       -8.58027
      ],
      [
       122.49041,
       -8.58335
      ],
      [
       122.48611,
       -8.58452
      ],
      [
       122.48467,
       -8.59446
      ],
      [
       122.47375,
       -8.60897
      ],
      [
       122.47082,
       -8.6092
      ],
      [
       122.46137,
       -8.60337
      ],
      [
       122.45327,
       -8.60319
      ],
      [
       122.44175,
       -8.60469
      ],
      [
       122.43293,
       -8.60829
      ],
      [
       122.41926,
       -8.60759
      ],
      [
       122.40824,
       -8.61229
      ],
      [
       122.39877,
       -8.60812
      ],
      [
       122.39416,
       -8.61017
      ],
      [
       122.38328,
       -8.60891
      ],
      [
       122.37569,
       -8.61187
      ],
      [
       122.36385,
       -8.6114
      ],
      [
       122.35457,
       -8.61519
      ],
      [
       122.35171,
       -8.61879
      ],
      [
       122.34177,
       -8.61848
      ],
      [
       122.33865,
       -8.61664
      ],
      [
       122.3344,
       -8.6191
      ],
      [
       122.3296,
       -8.61859
      ],
      [
       122.31939,
       -8.62894
      ],
      [
       122.31785,
       -8.63267
      ],
      [
       122.31272,
       -8.63223
      ],
      [
       122.30773,
       -8.63659
      ],
      [
       122.29379,
       -8.64244
      ],
      [
       122.28923,
       -8.64191
      ],
      [
       122.27978,
       -8.63653
      ],
      [
       122.27104,
       -8.63673
      ],
      [
       122.26663,
       -8.63453
      ],
      [
       122.26663,
       -8.63288
      ],
      [
       122.26212,
       -8.6341
      ],
      [
       122.25087,
       -8.63289
      ],
      [
       122.22094,
       -8.62026
      ],
      [
       122.21861,
       -8.61669
      ],
      [
       122.21982,
       -8.61436
      ],
      [
       122.21792,
       -8.61361
      ],
      [
       122.21784,
       -8.61537
      ],
      [
       122.2151,
       -8.60948
      ],
      [
       122.21168,
       -8.60777
      ],
      [
       122.20551,
       -8.60962
      ],
      [
       122.2056,
       -8.60757
      ],
      [
       122.20329,
       -8.60732
      ],
      [
       122.20123,
       -8.60444
      ],
      [
       122.20405,
       -8.59813
      ],
      [
       122.2003,
       -8.6024
      ],
      [
       122.19963,
       -8.59988
      ],
      [
       122.19612,
       -8.59953
      ],
      [
       122.19134,
       -8.59084
      ],
      [
       122.18498,
       -8.58792
      ],
      [
       122.18171,
       -8.57891
      ],
      [
       122.17475,
       -8.57434
      ],
      [
       122.15871,
       -8.55488
      ],
      [
       122.1386,
       -8.54991
      ],
      [
       122.13195,
       -8.54333
      ],
      [
       122.12708,
       -8.54431
      ],
      [
       122.10554,
       -8.5314
      ],
      [
       122.10488,
       -8.52935
      ],
      [
       122.09772,
       -8.52973
      ],
      [
       122.09554,
       -8.53378
      ],
      [
       122.09092,
       -8.53239
      ],
      [
       122.08832,
       -8.52771
      ],
      [
       122.08904,
       -8.53727
      ],
      [
       122.09264,
       -8.5358
      ],
      [
       122.09196,
       -8.54039
      ],
      [
       122.08991,
       -8.54304
      ],
      [
       122.08316,
       -8.54441
      ],
      [
       122.07906,
       -8.54225
      ],
      [
       122.08001,
       -8.53018
      ],
      [
       122.07764,
       -8.52673
      ],
      [
       122.07281,
       -8.5253
      ],
      [
       122.07117,
       -8.52276
      ],
      [
       122.06747,
       -8.52448
      ],
      [
       122.06501,
       -8.52113
      ],
      [
       122.06356,
       -8.52389
      ],
      [
       122.0618,
       -8.524
      ],
      [
       122.0615,
       -8.52217
      ],
      [
       122.06046,
       -8.52315
      ],
      [
       122.06156,
       -8.52769
      ],
      [
       122.05869,
       -8.53036
      ],
      [
       122.04656,
       -8.52521
      ],
      [
       122.04225,
       -8.51931
      ],
      [
       122.04078,
       -8.52589
      ],
      [
       122.03712,
       -8.5287
      ],
      [
       122.03122,
       -8.52911
      ],
      [
       122.02461,
       -8.52575
      ],
      [
       122.02033,
       -8.53039
      ],
      [
       122.01568,
       -8.5295
      ],
      [
       122.00977,
       -8.52083
      ],
      [
       122.01023,
       -8.51353
      ],
      [
       122.00737,
       -8.51538
      ],
      [
       122.00541,
       -8.51408
      ],
      [
       122.00676,
       -8.50816
      ],
      [
       122.01221,
       -8.50538
      ],
      [
       122.00823,
       -8.49043
      ],
      [
       122.01406,
       -8.48903
      ],
      [
       122.01299,
       -8.48737
      ],
      [
       122.00737,
       -8.48722
      ],
      [
       122.0138,
       -8.48212
      ],
      [
       122.01603,
       -8.47469
      ],
      [
       122.01902,
       -8.47268
      ],
      [
       122.01016,
       -8.46433
      ],
      [
       122.0119,
       -8.4633
      ],
      [
       122.0186,
       -8.46698
      ],
      [
       122.01795,
       -8.46239
      ],
      [
       122.01432,
       -8.45945
      ],
      [
       122.02244,
       -8.45755
      ],
      [
       122.01986,
       -8.45253
      ],
      [
       122.02081,
       -8.45091
      ],
      [
       122.02324,
       -8.45131
      ],
      [
       122.02312,
       -8.44832
      ],
      [
       122.02527,
       -8.44706
      ],
      [
       122.02402,
       -8.44035
      ],
      [
       122.02063,
       -8.44301
      ],
      [
       122.01605,
       -8.44256
      ],
      [
       122.0138,
       -8.44039
      ],
      [
       122.00812,
       -8.44194
      ],
      [
       122.00622,
       -8.44776
      ],
      [
       121.9991,
       -8.45041
      ],
      [
       121.9959,
       -8.4487
      ],
      [
       121.99212,
       -8.45278
      ],
      [
       121.98338,
       -8.4466
      ],
      [
       121.98226,
       -8.45191
      ],
      [
       121.97757,
       -8.45286
      ],
      [
       121.97591,
       -8.45587
      ],
      [
       121.96841,
       -8.45749
      ],
      [
       121.96524,
       -8.46109
      ],
      [
       121.96255,
       -8.46907
      ],
      [
       121.95606,
       -8.47335
      ],
      [
       121.95273,
       -8.46842
      ],
      [
       121.95831,
       -8.46237
      ],
      [
       121.95456,
       -8.45838
      ],
      [
       121.95054,
       -8.45952
      ],
      [
       121.94885,
       -8.45724
      ],
      [
       121.96072,
       -8.44713
      ],
      [
       121.95793,
       -8.44288
      ],
      [
       121.95585,
       -8.44772
      ],
      [
       121.94514,
       -8.45365
      ],
      [
       121.94411,
       -8.4577
      ],
      [
       121.94187,
       -8.45892
      ],
      [
       121.94556,
       -8.45879
      ],
      [
       121.94622,
       -8.46169
      ],
      [
       121.94203,
       -8.46575
      ],
      [
       121.94215,
       -8.46919
      ],
      [
       121.93316,
       -8.4768
      ],
      [
       121.93177,
       -8.48243
      ],
      [
       121.92247,
       -8.49078
      ],
      [
       121.91311,
       -8.49597
      ],
      [
       121.90552,
       -8.49375
      ],
      [
       121.89893,
       -8.49707
      ],
      [
       121.89517,
       -8.49476
      ],
      [
       121.88447,
       -8.49884
      ],
      [
       121.88131,
       -8.49611
      ],
      [
       121.87155,
       -8.49901
      ],
      [
       121.86194,
       -8.49418
      ],
      [
       121.85405,
       -8.49384
      ],
      [
       121.84554,
       -8.48698
      ],
      [
       121.84349,
       -8.48211
      ],
      [
       121.83304,
       -8.48912
      ],
      [
       121.8299,
       -8.4982
      ],
      [
       121.83122,
       -8.49724
      ],
      [
       121.83176,
       -8.49902
      ],
      [
       121.8301,
       -8.50055
      ],
      [
       121.82749,
       -8.49961
      ],
      [
       121.82012,
       -8.50388
      ],
      [
       121.81485,
       -8.50167
      ],
      [
       121.81041,
       -8.50769
      ],
      [
       121.79972,
       -8.5107
      ],
      [
       121.78674,
       -8.50809
      ],
      [
       121.78538,
       -8.50467
      ],
      [
       121.7865,
       -8.50039
      ],
      [
       121.77458,
       -8.50094
      ],
      [
       121.77116,
       -8.50302
      ],
      [
       121.76698,
       -8.50093
      ],
      [
       121.76064,
       -8.50122
      ],
      [
       121.75419,
       -8.49776
      ],
      [
       121.74387,
       -8.49805
      ],
      [
       121.7297,
       -8.49475
      ],
      [
       121.72406,
       -8.49515
      ],
      [
       121.72184,
       -8.49798
      ],
      [
       121.7087,
       -8.50171
      ],
      [
       121.69608,
       -8.51
      ],
      [
       121.67821,
       -8.5117
      ],
      [
       121.67412,
       -8.50974
      ],
      [
       121.66713,
       -8.50202
      ],
      [
       121.66476,
       -8.49296
      ],
      [
       121.66193,
       -8.49437
      ],
      [
       121.66031,
       -8.49311
      ],
      [
       121.65919,
       -8.49718
      ],
      [
       121.65388,
       -8.50082
      ],
      [
       121.6481,
       -8.50129
      ],
      [
       121.63951,
       -8.49755
      ],
      [
       121.63766,
       -8.48651
      ],
      [
       121.64338,
       -8.4835
      ],
      [
       121.64512,
       -8.48022
      ],
      [
       121.64061,
       -8.47413
      ],
      [
       121.63689,
       -8.47483
      ],
      [
       121.62969,
       -8.47141
      ],
      [
       121.62523,
       -8.475
      ],
      [
       121.6252,
       -8.47764
      ],
      [
       121.62273,
       -8.47831
      ],
      [
       121.62098,
       -8.47255
      ],
      [
       121.61906,
       -8.47186
      ],
      [
       121.6149,
       -8.47587
      ],
      [
       121.61584,
       -8.47737
      ],
      [
       121.61284,
       -8.48147
      ],
      [
       121.61309,
       -8.48421
      ],
      [
       121.61032,
       -8.48437
      ],
      [
       121.60923,
       -8.47967
      ],
      [
       121.60696,
       -8.47924
      ],
      [
       121.60503,
       -8.49308
      ],
      [
       121.60689,
       -8.49736
      ],
      [
       121.60383,
       -8.50357
      ],
      [
       121.60465,
       -8.49914
      ],
      [
       121.6027,
       -8.5068
      ],
      [
       121.60716,
       -8.51498
      ],
      [
       121.60208,
       -8.52448
      ],
      [
       121.60156,
       -8.54122
      ],
      [
       121.60268,
       -8.54393
      ],
      [
       121.60889,
       -8.54731
      ],
      [
       121.61209,
       -8.55371
      ],
      [
       121.61161,
       -8.55878
      ],
      [
       121.60523,
       -8.55961
      ],
      [
       121.59393,
       -8.5502
      ],
      [
       121.59123,
       -8.54607
      ],
      [
       121.59211,
       -8.54245
      ],
      [
       121.58667,
       -8.54387
      ],
      [
       121.58083,
       -8.54034
      ],
      [
       121.57892,
       -8.54176
      ],
      [
       121.57683,
       -8.53879
      ],
      [
       121.57741,
       -8.53507
      ],
      [
       121.57118,
       -8.53058
      ],
      [
       121.56407,
       -8.54003
      ],
      [
       121.56615,
       -8.54305
      ],
      [
       121.56545,
       -8.55242
      ],
      [
       121.5733,
       -8.55954
      ],
      [
       121.57886,
       -8.5607
      ],
      [
       121.58146,
       -8.56451
      ],
      [
       121.5813,
       -8.56996
      ],
      [
       121.5779,
       -8.57516
      ],
      [
       121.57431,
       -8.57638
      ],
      [
       121.56582,
       -8.57414
      ],
      [
       121.56005,
       -8.57672
      ],
      [
       121.55298,
       -8.57608
      ],
      [
       121.54119,
       -8.58535
      ],
      [
       121.54226,
       -8.58877
      ],
      [
       121.5401,
       -8.59302
      ],
      [
       121.54062,
       -8.60019
      ],
      [
       121.53781,
       -8.60176
      ],
      [
       121.53159,
       -8.60102
      ],
      [
       121.52914,
       -8.59858
      ],
      [
       121.53116,
       -8.59654
      ],
      [
       121.53027,
       -8.59489
      ],
      [
       121.5257,
       -8.59568
      ],
      [
       121.5263,
       -8.59848
      ],
      [
       121.52265,
       -8.60101
      ],
      [
       121.52878,
       -8.60744
      ],
      [
       121.52592,
       -8.61058
      ],
      [
       121.52658,
       -8.61215
      ],
      [
       121.51617,
       -8.61561
      ],
      [
       121.50558,
       -8.6144
      ],
      [
       121.50515,
       -8.6098
      ],
      [
       121.51339,
       -8.60834
      ],
      [
       121.50519,
       -8.60048
      ],
      [
       121.50273,
       -8.60129
      ],
      [
       121.49986,
       -8.59918
      ],
      [
       121.50208,
       -8.59358
      ],
      [
       121.49773,
       -8.58862
      ],
      [
       121.50214,
       -8.58283
      ],
      [
       121.50095,
       -8.5784
      ],
      [
       121.49756,
       -8.577
      ],
      [
       121.4859,
       -8.58116
      ],
      [
       121.48234,
       -8.57744
      ],
      [
       121.48088,
       -8.57233
      ],
      [
       121.47691,
       -8.57102
      ],
      [
       121.47626,
       -8.56416
      ],
      [
       121.462,
       -8.56083
      ],
      [
       121.46085,
       -8.56427
      ],
      [
       121.44074,
       -8.57576
      ],
      [
       121.44009,
       -8.57835
      ],
      [
       121.43132,
       -8.58631
      ],
      [
       121.42463,
       -8.58743
      ],
      [
       121.42107,
       -8.58429
      ],
      [
       121.42038,
       -8.58601
      ],
      [
       121.42503,
       -8.59048
      ],
      [
       121.41812,
       -8.5935
      ],
      [
       121.41565,
       -8.58349
      ],
      [
       121.40833,
       -8.57429
      ],
      [
       121.40384,
       -8.57236
      ],
      [
       121.39295,
       -8.57289
      ],
      [
       121.38284,
       -8.56526
      ],
      [
       121.37826,
       -8.56531
      ],
      [
       121.37451,
       -8.5683
      ],
      [
       121.36811,
       -8.56532
      ],
      [
       121.36529,
       -8.56623
      ],
      [
       121.36537,
       -8.56318
      ],
      [
       121.36341,
       -8.5633
      ],
      [
       121.36521,
       -8.56159
      ],
      [
       121.37042,
       -8.56555
      ],
      [
       121.37687,
       -8.56568
      ],
      [
       121.36823,
       -8.56304
      ],
      [
       121.35902,
       -8.55475
      ],
      [
       121.34612,
       -8.54911
      ],
      [
       121.33494,
       -8.53741
      ],
      [
       121.32979,
       -8.528
      ],
      [
       121.32603,
       -8.52484
      ],
      [
       121.32488,
       -8.51938
      ],
      [
       121.32365,
       -8.52092
      ],
      [
       121.32752,
       -8.51605
      ],
      [
       121.32401,
       -8.51471
      ],
      [
       121.31914,
       -8.50832
      ],
      [
       121.30715,
       -8.48015
      ],
      [
       121.30522,
       -8.48095
      ],
      [
       121.28396,
       -8.47441
      ],
      [
       121.28529,
       -8.47569
      ],
      [
       121.28335,
       -8.47566
      ],
      [
       121.26496,
       -8.46615
      ],
      [
       121.26477,
       -8.46955
      ],
      [
       121.26269,
       -8.46985
      ],
      [
       121.25277,
       -8.46592
      ],
      [
       121.25094,
       -8.47097
      ],
      [
       121.25094,
       -8.46902
      ],
      [
       121.24526,
       -8.47273
      ],
      [
       121.24571,
       -8.47479
      ],
      [
       121.24225,
       -8.47528
      ],
      [
       121.23356,
       -8.47019
      ],
      [
       121.22969,
       -8.46556
      ],
      [
       121.22279,
       -8.4623
      ],
      [
       121.21641,
       -8.46243
      ],
      [
       121.21103,
       -8.45934
      ],
      [
       121.19791,
       -8.44579
      ],
      [
       121.1888,
       -8.44132
      ],
      [
       121.17557,
       -8.44203
      ],
      [
       121.17328,
       -8.44068
      ],
      [
       121.17289,
       -8.44415
      ],
      [
       121.16341,
       -8.44423
      ],
      [
       121.15543,
       -8.43979
      ],
      [
       121.15432,
       -8.43832
      ],
      [
       121.15633,
       -8.4376
      ],
      [
       121.15579,
       -8.43509
      ],
      [
       121.1503,
       -8.43473
      ],
      [
       121.14435,
       -8.42989
      ],
      [
       121.14275,
       -8.42468
      ],
      [
       121.1404,
       -8.42808
      ],
      [
       121.1292,
       -8.42617
      ],
      [
       121.11468,
       -8.42844
      ],
      [
       121.10366,
       -8.42537
      ],
      [
       121.09408,
       -8.41822
      ],
      [
       121.08783,
       -8.42054
      ],
      [
       121.06731,
       -8.41153
      ],
      [
       121.04846,
       -8.41268
      ],
      [
       121.04562,
       -8.41571
      ],
      [
       121.04254,
       -8.41479
      ],
      [
       121.04055,
       -8.4166
      ],
      [
       121.02818,
       -8.41284
      ],
      [
       121.02361,
       -8.41554
      ],
      [
       121.01823,
       -8.40797
      ],
      [
       121.02223,
       -8.40558
      ],
      [
       121.0185,
       -8.40223
      ],
      [
       121.01221,
       -8.40239
      ],
      [
       121.01151,
       -8.40016
      ],
      [
       121.01477,
       -8.40061
      ],
      [
       121.0146,
       -8.39783
      ],
      [
       121.0121,
       -8.39702
      ],
      [
       121.01022,
       -8.39885
      ],
      [
       121.00983,
       -8.39715
      ],
      [
       121.00649,
       -8.3969
      ],
      [
       121.00899,
       -8.39573
      ],
      [
       121.00931,
       -8.39327
      ],
      [
       121.01106,
       -8.39358
      ],
      [
       121.00996,
       -8.39211
      ],
      [
       121.00275,
       -8.39393
      ],
      [
       121.00297,
       -8.39526
      ],
      [
       121.00014,
       -8.39381
      ],
      [
       120.9972,
       -8.39828
      ],
      [
       120.99636,
       -8.39287
      ],
      [
       120.98911,
       -8.39361
      ],
      [
       120.989,
       -8.39116
      ],
      [
       120.99219,
       -8.39086
      ],
      [
       120.99199,
       -8.38957
      ],
      [
       120.99,
       -8.38868
      ],
      [
       120.99043,
       -8.38404
      ],
      [
       120.98499,
       -8.38242
      ],
      [
       120.98749,
       -8.38045
      ],
      [
       120.98517,
       -8.3788
      ],
      [
       120.98508,
       -8.37464
      ],
      [
       120.97876,
       -8.37661
      ],
      [
       120.97856,
       -8.38111
      ],
      [
       120.97589,
       -8.38463
      ],
      [
       120.97163,
       -8.38165
      ],
      [
       120.97212,
       -8.37782
      ],
      [
       120.96786,
       -8.37664
      ],
      [
       120.97166,
       -8.37227
      ],
      [
       120.96823,
       -8.37266
      ],
      [
       120.96552,
       -8.37055
      ],
      [
       120.96332,
       -8.37167
      ],
      [
       120.96395,
       -8.36299
      ],
      [
       120.96901,
       -8.36502
      ],
      [
       120.9687,
       -8.36698
      ],
      [
       120.97181,
       -8.36567
      ],
      [
       120.97408,
       -8.37059
      ],
      [
       120.97873,
       -8.36923
      ],
      [
       120.98083,
       -8.36546
      ],
      [
       120.97995,
       -8.36349
      ],
      [
       120.98256,
       -8.36285
      ],
      [
       120.98136,
       -8.35938
      ],
      [
       120.98444,
       -8.35798
      ],
      [
       120.98579,
       -8.35251
      ],
      [
       120.98408,
       -8.34952
      ],
      [
       120.97757,
       -8.34637
      ],
      [
       120.95752,
       -8.34373
      ],
      [
       120.94446,
       -8.34418
      ],
      [
       120.94386,
       -8.34813
      ],
      [
       120.95291,
       -8.36067
      ],
      [
       120.95507,
       -8.36598
      ],
      [
       120.95382,
       -8.36727
      ],
      [
       120.95646,
       -8.36947
      ],
      [
       120.95371,
       -8.37181
      ],
      [
       120.94858,
       -8.37059
      ],
      [
       120.94724,
       -8.37298
      ],
      [
       120.94524,
       -8.36907
      ],
      [
       120.94718,
       -8.36613
      ],
      [
       120.9469,
       -8.36201
      ],
      [
       120.94335,
       -8.3629
      ],
      [
       120.93675,
       -8.35553
      ],
      [
       120.93695,
       -8.35262
      ],
      [
       120.93874,
       -8.35533
      ],
      [
       120.94312,
       -8.35243
      ],
      [
       120.94514,
       -8.3541
      ],
      [
       120.94,
       -8.34849
      ],
      [
       120.92083,
       -8.35637
      ],
      [
       120.90536,
       -8.35718
      ],
      [
       120.89829,
       -8.35315
      ],
      [
       120.89357,
       -8.35301
      ],
      [
       120.88738,
       -8.35917
      ],
      [
       120.89146,
       -8.36039
      ],
      [
       120.89216,
       -8.36529
      ],
      [
       120.89051,
       -8.36553
      ],
      [
       120.89011,
       -8.36163
      ],
      [
       120.88943,
       -8.36523
      ],
      [
       120.88735,
       -8.36544
      ],
      [
       120.88383,
       -8.37249
      ],
      [
       120.88262,
       -8.36601
      ],
      [
       120.88415,
       -8.36379
      ],
      [
       120.88184,
       -8.36103
      ],
      [
       120.88279,
       -8.36182
      ],
      [
       120.88629,
       -8.35417
      ],
      [
       120.88141,
       -8.34937
      ],
      [
       120.85459,
       -8.35754
      ],
      [
       120.83936,
       -8.35108
      ],
      [
       120.83633,
       -8.34793
      ],
      [
       120.83037,
       -8.34621
      ],
      [
       120.82183,
       -8.34704
      ],
      [
       120.80855,
       -8.33866
      ],
      [
       120.7949,
       -8.34065
      ],
      [
       120.79079,
       -8.34359
      ],
      [
       120.78212,
       -8.34562
      ],
      [
       120.76861,
       -8.34188
      ],
      [
       120.76297,
       -8.33677
      ],
      [
       120.75956,
       -8.3374
      ],
      [
       120.75707,
       -8.34301
      ],
      [
       120.74911,
       -8.34824
      ],
      [
       120.7347,
       -8.34929
      ],
      [
       120.7164,
       -8.33658
      ],
      [
       120.71479,
       -8.32605
      ],
      [
       120.70268,
       -8.32921
      ],
      [
       120.69949,
       -8.32809
      ],
      [
       120.69024,
       -8.32993
      ],
      [
       120.67793,
       -8.32306
      ],
      [
       120.67579,
       -8.31286
      ],
      [
       120.67723,
       -8.30958
      ],
      [
       120.67395,
       -8.3075
      ],
      [
       120.66627,
       -8.30843
      ],
      [
       120.65962,
       -8.30357
      ],
      [
       120.65516,
       -8.28873
      ],
      [
       120.62268,
       -8.26553
      ],
      [
       120.61242,
       -8.26364
      ],
      [
       120.60294,
       -8.25579
      ],
      [
       120.59456,
       -8.25703
      ],
      [
       120.59373,
       -8.25441
      ],
      [
       120.59101,
       -8.25998
      ],
      [
       120.59337,
       -8.26675
      ],
      [
       120.59641,
       -8.26996
      ],
      [
       120.60152,
       -8.27133
      ],
      [
       120.60552,
       -8.27692
      ],
      [
       120.60051,
       -8.28931
      ],
      [
       120.59052,
       -8.29723
      ],
      [
       120.57055,
       -8.29647
      ],
      [
       120.56174,
       -8.30105
      ],
      [
       120.54189,
       -8.28897
      ],
      [
       120.53679,
       -8.28084
      ],
      [
       120.5321,
       -8.27814
      ],
      [
       120.53012,
       -8.28045
      ],
      [
       120.53039,
       -8.27613
      ],
      [
       120.53112,
       -8.27749
      ],
      [
       120.53249,
       -8.27412
      ],
      [
       120.53059,
       -8.27288
      ],
      [
       120.52653,
       -8.2745
      ],
      [
       120.52368,
       -8.27954
      ],
      [
       120.52164,
       -8.278
      ],
      [
       120.508,
       -8.28478
      ],
      [
       120.50579,
       -8.28301
      ],
      [
       120.50388,
       -8.28824
      ],
      [
       120.49603,
       -8.29375
      ],
      [
       120.46482,
       -8.29496
      ],
      [
       120.45898,
       -8.28709
      ],
      [
       120.45142,
       -8.28527
      ],
      [
       120.45007,
       -8.28308
      ],
      [
       120.45229,
       -8.27295
      ],
      [
       120.4517,
       -8.26572
      ],
      [
       120.4466,
       -8.25469
      ],
      [
       120.44432,
       -8.25433
      ],
      [
       120.4442,
       -8.25023
      ],
      [
       120.42862,
       -8.24096
      ],
      [
       120.41941,
       -8.24421
      ],
      [
       120.41379,
       -8.25143
      ],
      [
       120.41478,
       -8.26272
      ],
      [
       120.4125,
       -8.26882
      ],
      [
       120.41328,
       -8.27276
      ],
      [
       120.40791,
       -8.28089
      ],
      [
       120.39518,
       -8.28324
      ],
      [
       120.38446,
       -8.28898
      ],
      [
       120.37822,
       -8.28682
      ],
      [
       120.37123,
       -8.29384
      ],
      [
       120.36935,
       -8.29268
      ],
      [
       120.36081,
       -8.29546
      ],
      [
       120.35241,
       -8.2889
      ],
      [
       120.34042,
       -8.28736
      ],
      [
       120.33666,
       -8.28228
      ],
      [
       120.33558,
       -8.28384
      ],
      [
       120.33321,
       -8.28207
      ],
      [
       120.32187,
       -8.28395
      ],
      [
       120.30716,
       -8.28226
      ],
      [
       120.30057,
       -8.28382
      ],
      [
       120.29987,
       -8.28591
      ],
      [
       120.29134,
       -8.28068
      ],
      [
       120.28895,
       -8.28329
      ],
      [
       120.28327,
       -8.282
      ],
      [
       120.27567,
       -8.28467
      ],
      [
       120.26349,
       -8.28453
      ],
      [
       120.2613,
       -8.28272
      ],
      [
       120.24474,
       -8.29492
      ],
      [
       120.23893,
       -8.30208
      ],
      [
       120.22346,
       -8.30552
      ],
      [
       120.21613,
       -8.31007
      ],
      [
       120.21026,
       -8.30899
      ],
      [
       120.20877,
       -8.3058
      ],
      [
       120.20038,
       -8.30574
      ],
      [
       120.19058,
       -8.32187
      ],
      [
       120.1918,
       -8.32369
      ],
      [
       120.1898,
       -8.32789
      ],
      [
       120.19165,
       -8.32699
      ],
      [
       120.18317,
       -8.33662
      ],
      [
       120.18316,
       -8.33982
      ],
      [
       120.18623,
       -8.34281
      ],
      [
       120.18547,
       -8.34854
      ],
      [
       120.17702,
       -8.35123
      ],
      [
       120.17112,
       -8.34854
      ],
      [
       120.16744,
       -8.35909
      ],
      [
       120.16367,
       -8.36242
      ],
      [
       120.16243,
       -8.36937
      ],
      [
       120.16662,
       -8.37391
      ],
      [
       120.16957,
       -8.37336
      ],
      [
       120.16973,
       -8.37169
      ],
      [
       120.17038,
       -8.37306
      ],
      [
       120.16956,
       -8.37633
      ],
      [
       120.16762,
       -8.37566
      ],
      [
       120.16856,
       -8.37957
      ],
      [
       120.16474,
       -8.37752
      ],
      [
       120.16533,
       -8.38225
      ],
      [
       120.16288,
       -8.3793
      ],
      [
       120.15948,
       -8.38466
      ],
      [
       120.15803,
       -8.38342
      ],
      [
       120.16098,
       -8.37638
      ],
      [
       120.15943,
       -8.37411
      ],
      [
       120.1574,
       -8.3747
      ],
      [
       120.15211,
       -8.37838
      ],
      [
       120.14886,
       -8.39009
      ],
      [
       120.14426,
       -8.39422
      ],
      [
       120.14314,
       -8.39236
      ],
      [
       120.14107,
       -8.39373
      ],
      [
       120.13976,
       -8.39018
      ],
      [
       120.14479,
       -8.38525
      ],
      [
       120.14372,
       -8.38315
      ],
      [
       120.14548,
       -8.37865
      ],
      [
       120.1424,
       -8.37311
      ],
      [
       120.14467,
       -8.37327
      ],
      [
       120.14386,
       -8.36835
      ],
      [
       120.14074,
       -8.3697
      ],
      [
       120.1424,
       -8.3663
      ],
      [
       120.14045,
       -8.3645
      ],
      [
       120.13971,
       -8.36775
      ],
      [
       120.13658,
       -8.36537
      ],
      [
       120.13783,
       -8.36911
      ],
      [
       120.13551,
       -8.3676
      ],
      [
       120.13276,
       -8.37045
      ],
      [
       120.1303,
       -8.36944
      ],
      [
       120.13054,
       -8.36588
      ],
      [
       120.12896,
       -8.36715
      ],
      [
       120.12694,
       -8.36601
      ],
      [
       120.12786,
       -8.36106
      ],
      [
       120.12553,
       -8.35646
      ],
      [
       120.12134,
       -8.3565
      ],
      [
       120.12083,
       -8.35834
      ],
      [
       120.12346,
       -8.36035
      ],
      [
       120.12443,
       -8.35845
      ],
      [
       120.12632,
       -8.36086
      ],
      [
       120.12481,
       -8.36158
      ],
      [
       120.12734,
       -8.36337
      ],
      [
       120.12604,
       -8.36708
      ],
      [
       120.12231,
       -8.36603
      ],
      [
       120.12129,
       -8.37001
      ],
      [
       120.11995,
       -8.37065
      ],
      [
       120.11944,
       -8.36835
      ],
      [
       120.11679,
       -8.37176
      ],
      [
       120.11766,
       -8.37688
      ],
      [
       120.11849,
       -8.3759
      ],
      [
       120.12025,
       -8.37867
      ],
      [
       120.11678,
       -8.379
      ],
      [
       120.11805,
       -8.382
      ],
      [
       120.11708,
       -8.39823
      ],
      [
       120.12028,
       -8.40198
      ],
      [
       120.12284,
       -8.41271
      ],
      [
       120.12718,
       -8.41688
      ],
      [
       120.1167,
       -8.43265
      ],
      [
       120.11589,
       -8.44224
      ],
      [
       120.10924,
       -8.44752
      ],
      [
       120.10149,
       -8.4504
      ],
      [
       120.10228,
       -8.45258
      ],
      [
       120.09805,
       -8.45188
      ],
      [
       120.09528,
       -8.4565
      ],
      [
       120.08951,
       -8.45944
      ],
      [
       120.08521,
       -8.45762
      ],
      [
       120.08621,
       -8.43967
      ],
      [
       120.084,
       -8.43498
      ]
     ]
    ]
   }
  },
  {
   "type": "Feature",
   "properties": {
    "@id": "relation/11228382",
    "admin_level": "5",
    "boundary": "administrative",
    "name": "Manggarai",
    "type": "boundary",
    "wikidata": "Q14143",
    "wikipedia": "id:Kabupaten Manggarai"
   },
   "geometry": {
    "type": "MultiPolygon",
    "coordinates": [
     [
      [
       [
        120.34102,
        -8.28737
       ],
       [
        120.33666,
        -8.28228
       ],
       [
        120.33558,
        -8.28384
       ],
       [
        120.33321,
        -8.28207
       ],
       [
        120.32187,
        -8.28395
       ],
       [
        120.30716,
        -8.28226
       ],
       [
        120.3008,
        -8.28371
       ],
       [
        120.29945,
        -8.2859
       ],
       [
        120.2996,
        -8.28444
       ],
       [
        120.29664,
        -8.2846
       ],
       [
        120.29134,
        -8.28068
       ],
       [
        120.28876,
        -8.29879
       ],
       [
        120.29262,
        -8.31309
       ],
       [
        120.29084,
        -8.31773
       ],
       [
        120.29104,
        -8.32746
       ],
       [
        120.28804,
        -8.33146
       ],
       [
        120.28612,
        -8.33981
       ],
       [
        120.2889,
        -8.34483
       ],
       [
        120.28897,
        -8.35709
       ],
       [
        120.28577,
        -8.38616
       ],
       [
        120.28288,
        -8.39302
       ],
       [
        120.28482,
        -8.40549
       ],
       [
        120.28302,
        -8.41774
       ],
       [
        120.28403,
        -8.42261
       ],
       [
        120.29309,
        -8.43134
       ],
       [
        120.29581,
        -8.43969
       ],
       [
        120.30629,
        -8.45138
       ],
       [
        120.30879,
        -8.44938
       ],
       [
        120.31257,
        -8.45005
       ],
       [
        120.31737,
        -8.44473
       ],
       [
        120.32177,
        -8.4445
       ],
       [
        120.32688,
        -8.43686
       ],
       [
        120.3313,
        -8.43577
       ],
       [
        120.33126,
        -8.44109
       ],
       [
        120.33335,
        -8.44052
       ],
       [
        120.3382,
        -8.43649
       ],
       [
        120.33702,
        -8.43355
       ],
       [
        120.34588,
        -8.42614
       ],
       [
        120.34983,
        -8.42764
       ],
       [
        120.35255,
        -8.42582
       ],
       [
        120.35713,
        -8.42961
       ],
       [
        120.36442,
        -8.42893
       ],
       [
        120.36929,
        -8.43111
       ],
       [
        120.377,
        -8.42889
       ],
       [
        120.38687,
        -8.42925
       ],
       [
        120.38612,
        -8.42609
       ],
       [
        120.38943,
        -8.42531
       ],
       [
        120.39058,
        -8.43039
       ],
       [
        120.39177,
        -8.42794
       ],
       [
        120.39573,
        -8.4294
       ],
       [
        120.39565,
        -8.43326
       ],
       [
        120.39809,
        -8.43705
       ],
       [
        120.39591,
        -8.43861
       ],
       [
        120.39928,
        -8.44386
       ],
       [
        120.39879,
        -8.45077
       ],
       [
        120.39278,
        -8.45429
       ],
       [
        120.39908,
        -8.461
       ],
       [
        120.39013,
        -8.45837
       ],
       [
        120.38955,
        -8.46564
       ],
       [
        120.39176,
        -8.46693
       ],
       [
        120.38699,
        -8.47498
       ],
       [
        120.38756,
        -8.48335
       ],
       [
        120.38935,
        -8.48512
       ],
       [
        120.38057,
        -8.48817
       ],
       [
        120.38095,
        -8.4943
       ],
       [
        120.37571,
        -8.5
       ],
       [
        120.37386,
        -8.50599
       ],
       [
        120.37531,
        -8.50757
       ],
       [
        120.37279,
        -8.51023
       ],
       [
        120.37371,
        -8.51201
       ],
       [
        120.37122,
        -8.51238
       ],
       [
        120.37247,
        -8.51471
       ],
       [
        120.35237,
        -8.52439
       ],
       [
        120.36054,
        -8.54706
       ],
       [
        120.3584,
        -8.55915
       ],
       [
        120.36115,
        -8.56851
       ],
       [
        120.35171,
        -8.57187
       ],
       [
        120.34361,
        -8.57144
       ],
       [
        120.33251,
        -8.55835
       ],
       [
        120.33041,
        -8.55875
       ],
       [
        120.31909,
        -8.56787
       ],
       [
        120.31513,
        -8.58288
       ],
       [
        120.29889,
        -8.58583
       ],
       [
        120.29092,
        -8.59064
       ],
       [
        120.285,
        -8.59784
       ],
       [
        120.28513,
        -8.60501
       ],
       [
        120.28223,
        -8.60945
       ],
       [
        120.28052,
        -8.62522
       ],
       [
        120.28891,
        -8.6331
       ],
       [
        120.29024,
        -8.63723
       ],
       [
        120.28741,
        -8.64458
       ],
       [
        120.2818,
        -8.64497
       ],
       [
        120.27969,
        -8.64727
       ],
       [
        120.28196,
        -8.64906
       ],
       [
        120.28157,
        -8.65137
       ],
       [
        120.28608,
        -8.6546
       ],
       [
        120.28609,
        -8.65648
       ],
       [
        120.28809,
        -8.6557
       ],
       [
        120.29029,
        -8.66098
       ],
       [
        120.29588,
        -8.66321
       ],
       [
        120.29394,
        -8.66538
       ],
       [
        120.29532,
        -8.66462
       ],
       [
        120.29648,
        -8.66643
       ],
       [
        120.29512,
        -8.66997
       ],
       [
        120.29713,
        -8.67225
       ],
       [
        120.29942,
        -8.67065
       ],
       [
        120.29912,
        -8.67245
       ],
       [
        120.30606,
        -8.67519
       ],
       [
        120.31281,
        -8.66768
       ],
       [
        120.31225,
        -8.66949
       ],
       [
        120.31518,
        -8.67066
       ],
       [
        120.32053,
        -8.68082
       ],
       [
        120.33041,
        -8.68664
       ],
       [
        120.33296,
        -8.69286
       ],
       [
        120.32744,
        -8.70905
       ],
       [
        120.32678,
        -8.71765
       ],
       [
        120.32299,
        -8.72189
       ],
       [
        120.31444,
        -8.72375
       ],
       [
        120.31201,
        -8.73573
       ],
       [
        120.30331,
        -8.74171
       ],
       [
        120.29339,
        -8.75653
       ],
       [
        120.2841,
        -8.75941
       ],
       [
        120.27381,
        -8.75943
       ],
       [
        120.27191,
        -8.76211
       ],
       [
        120.27335,
        -8.76762
       ],
       [
        120.2815,
        -8.77883
       ],
       [
        120.28372,
        -8.78724
       ],
       [
        120.28108,
        -8.789
       ],
       [
        120.26493,
        -8.78982
       ],
       [
        120.26141,
        -8.79514
       ],
       [
        120.2506,
        -8.79494
       ],
       [
        120.24006,
        -8.8029
       ],
       [
        120.2388,
        -8.80849
       ],
       [
        120.23291,
        -8.81234
       ],
       [
        120.23997,
        -8.83004
       ],
       [
        120.22819,
        -8.84169
       ],
       [
        120.23961,
        -8.84521
       ],
       [
        120.24518,
        -8.84467
       ],
       [
        120.24996,
        -8.84817
       ],
       [
        120.25942,
        -8.84599
       ],
       [
        120.2679,
        -8.84695
       ],
       [
        120.27713,
        -8.85361
       ],
       [
        120.29714,
        -8.84432
       ],
       [
        120.30664,
        -8.84948
       ],
       [
        120.31179,
        -8.85525
       ],
       [
        120.31433,
        -8.85523
       ],
       [
        120.33823,
        -8.83304
       ],
       [
        120.35143,
        -8.83205
       ],
       [
        120.36484,
        -8.82429
       ],
       [
        120.36675,
        -8.82124
       ],
       [
        120.36563,
        -8.81681
       ],
       [
        120.3675,
        -8.81527
       ],
       [
        120.36977,
        -8.81763
       ],
       [
        120.38442,
        -8.81767
       ],
       [
        120.39119,
        -8.82412
       ],
       [
        120.39908,
        -8.82501
       ],
       [
        120.42077,
        -8.81684
       ],
       [
        120.4274,
        -8.81977
       ],
       [
        120.4281,
        -8.81821
       ],
       [
        120.42996,
        -8.81919
       ],
       [
        120.43813,
        -8.81362
       ],
       [
        120.44571,
        -8.81398
       ],
       [
        120.44566,
        -8.81594
       ],
       [
        120.45079,
        -8.81716
       ],
       [
        120.47081,
        -8.81708
       ],
       [
        120.47824,
        -8.82033
       ],
       [
        120.48602,
        -8.81951
       ],
       [
        120.48976,
        -8.82103
       ],
       [
        120.50757,
        -8.81862
       ],
       [
        120.51425,
        -8.82076
       ],
       [
        120.51851,
        -8.81832
       ],
       [
        120.51378,
        -8.81564
       ],
       [
        120.51327,
        -8.80835
       ],
       [
        120.51033,
        -8.8035
       ],
       [
        120.50845,
        -8.78565
       ],
       [
        120.50377,
        -8.7817
       ],
       [
        120.5085,
        -8.77374
       ],
       [
        120.50552,
        -8.76338
       ],
       [
        120.50791,
        -8.76216
       ],
       [
        120.50652,
        -8.75633
       ],
       [
        120.50749,
        -8.74678
       ],
       [
        120.49325,
        -8.73023
       ],
       [
        120.49871,
        -8.72533
       ],
       [
        120.49823,
        -8.71457
       ],
       [
        120.49299,
        -8.70461
       ],
       [
        120.4682,
        -8.68618
       ],
       [
        120.47096,
        -8.66731
       ],
       [
        120.47538,
        -8.66616
       ],
       [
        120.47875,
        -8.66125
       ],
       [
        120.4844,
        -8.65899
       ],
       [
        120.48444,
        -8.65467
       ],
       [
        120.48694,
        -8.65155
       ],
       [
        120.49108,
        -8.65032
       ],
       [
        120.49141,
        -8.64566
       ],
       [
        120.4962,
        -8.64573
       ],
       [
        120.49869,
        -8.64344
       ],
       [
        120.50615,
        -8.6426
       ],
       [
        120.51653,
        -8.63825
       ],
       [
        120.52382,
        -8.63807
       ],
       [
        120.5234,
        -8.60947
       ],
       [
        120.52695,
        -8.60589
       ],
       [
        120.52677,
        -8.60259
       ],
       [
        120.5175,
        -8.59269
       ],
       [
        120.5158,
        -8.57997
       ],
       [
        120.51091,
        -8.57766
       ],
       [
        120.51225,
        -8.57097
       ],
       [
        120.51044,
        -8.56525
       ],
       [
        120.51596,
        -8.55838
       ],
       [
        120.51515,
        -8.5539
       ],
       [
        120.51765,
        -8.54733
       ],
       [
        120.52105,
        -8.54471
       ],
       [
        120.52287,
        -8.54538
       ],
       [
        120.53014,
        -8.5379
       ],
       [
        120.53005,
        -8.53347
       ],
       [
        120.53409,
        -8.52677
       ],
       [
        120.53204,
        -8.52327
       ],
       [
        120.54061,
        -8.51861
       ],
       [
        120.54306,
        -8.51517
       ],
       [
        120.54091,
        -8.51185
       ],
       [
        120.54507,
        -8.50612
       ],
       [
        120.54623,
        -8.49963
       ],
       [
        120.5461,
        -8.49274
       ],
       [
        120.54248,
        -8.491
       ],
       [
        120.53804,
        -8.4723
       ],
       [
        120.53578,
        -8.46955
       ],
       [
        120.53699,
        -8.46768
       ],
       [
        120.53223,
        -8.4602
       ],
       [
        120.535,
        -8.45088
       ],
       [
        120.53057,
        -8.44807
       ],
       [
        120.53054,
        -8.44492
       ],
       [
        120.5201,
        -8.43098
       ],
       [
        120.52095,
        -8.42634
       ],
       [
        120.51694,
        -8.42321
       ],
       [
        120.51681,
        -8.4169
       ],
       [
        120.51201,
        -8.41486
       ],
       [
        120.51346,
        -8.40881
       ],
       [
        120.50645,
        -8.40719
       ],
       [
        120.50596,
        -8.40312
       ],
       [
        120.49948,
        -8.4032
       ],
       [
        120.49862,
        -8.39346
       ],
       [
        120.48898,
        -8.38851
       ],
       [
        120.48489,
        -8.38347
       ],
       [
        120.4781,
        -8.382
       ],
       [
        120.47802,
        -8.36672
       ],
       [
        120.47962,
        -8.36255
       ],
       [
        120.47712,
        -8.35879
       ],
       [
        120.47899,
        -8.35326
       ],
       [
        120.48367,
        -8.34977
       ],
       [
        120.48185,
        -8.34148
       ],
       [
        120.48284,
        -8.33217
       ],
       [
        120.47971,
        -8.3287
       ],
       [
        120.4806,
        -8.31887
       ],
       [
        120.48378,
        -8.31323
       ],
       [
        120.49197,
        -8.31562
       ],
       [
        120.49581,
        -8.30655
       ],
       [
        120.49447,
        -8.29388
       ],
       [
        120.46623,
        -8.29543
       ],
       [
        120.46131,
        -8.29175
       ],
       [
        120.45898,
        -8.28709
       ],
       [
        120.45123,
        -8.28518
       ],
       [
        120.44991,
        -8.28165
       ],
       [
        120.45232,
        -8.27108
       ],
       [
        120.44854,
        -8.25821
       ],
       [
        120.4466,
        -8.25469
       ],
       [
        120.44432,
        -8.25433
       ],
       [
        120.44387,
        -8.2499
       ],
       [
        120.42862,
        -8.24096
       ],
       [
        120.41941,
        -8.24421
       ],
       [
        120.41379,
        -8.25143
       ],
       [
        120.41478,
        -8.26272
       ],
       [
        120.4125,
        -8.26882
       ],
       [
        120.41328,
        -8.27276
       ],
       [
        120.40791,
        -8.28089
       ],
       [
        120.39518,
        -8.28324
       ],
       [
        120.38446,
        -8.28898
       ],
       [
        120.37822,
        -8.28682
       ],
       [
        120.37146,
        -8.29377
       ],
       [
        120.36935,
        -8.29268
       ],
       [
        120.361,
        -8.29551
       ],
       [
        120.35241,
        -8.2889
       ],
       [
        120.34102,
        -8.28737
       ]
      ]
     ],
     [
      [
       [
        120.26911,
        -8.88323
       ],
       [
        120.26132,
        -8.89601
       ],
       [
        120.25596,
        -8.90124
       ],
       [
        120.2595,
        -8.90683
       ],
       [
        120.26272,
        -8.90745
       ],
       [
        120.27295,
        -8.9156
       ],
       [
        120.28213,
        -8.91204
       ],
       [
        120.28757,
        -8.91192
       ],
       [
        120.30586,
        -8.90033
       ],
       [
        120.3041,
        -8.89362
       ],
       [
        120.30494,
        -8.88163
       ],
       [
        120.29849,
        -8.87319
       ],
       [
        120.28749,
        -8.86829
       ],
       [
        120.28233,
        -8.86964
       ],
       [
        120.27377,
        -8.87625
       ],
       [
        120.26911,
        -8.88323
       ]
      ]
     ]
    ]
   }
  }
 ]
}
