{
 "type": "FeatureCollection",
 "copyright": "The data included in this document is from www.openstreetmap.org. The data is made available under ODbL.",
 "note": "Overpass export, tags reduced, geometry simplified (Douglas-Peucker, tolerance 8e-05 deg) and rounded to 5 decimals.",
 "features": [
  {
   "type": "Feature",
   "properties": {
    "@id": "relation/62622",
    "admin_level": "6",
    "boundary": "administrative",
    "name": "Landkreis Augsburg",
    "name:de": "Landkreis Augsburg",
    "name:en": "Augsburg (district)",
    "type": "boundary",
    "wikidata": "Q10414",
    "wikipedia": "de:Landkreis Augsburg"
   },
   "geometry": {
    "type": "Polygon",
    "coordinates": [
     [
      [
       10.78634,
       48.15011
      ],
      [
       10.78719,
       48.15035
      ],
      [
       10.79409,
       48.15132
      ],
      [
       10.79872,
       48.15177
      ],
      [
       10.80177,
       48.15199
      ],
      [
       10.80439,
       48.15198
      ],
      [
       10.80494,
       48.15223
      ],
      [
       10.80707,
       48.15214
      ],
      [
       10.80705,
       48.15172
      ],
      [
       10.81097,
       48.15218
      ],
      [
       10.81142,
       48.15245
      ],
      [
       10.81232,
       48.15204
      ],
      [
       10.81408,
       48.15224
      ],
      [
       10.81977,
       48.15115
      ],
      [
       10.82572,
       48.15022
      ],
      [
       10.82976,
       48.14933
      ],
      [
       10.83036,
       48.14879
      ],
      [
       10.83025,
       48.14768
      ],
      [
       10.83448,
       48.1467
      ],
      [
       10.83447,
       48.14728
      ],
      [
       10.83497,
       48.14763
      ],
      [
       10.84125,
       48.14729
      ],
      [
       10.8437,
       48.14692
      ],
      [
       10.84374,
       48.14825
      ],
      [
       10.8441,
       48.14893
      ],
      [
       10.84782,
       48.14806
      ],
      [
       10.84775,
       48.14778
      ],
      [
       10.84853,
       48.14755
      ],
      [
       10.84891,
       48.14821
      ],
      [
       10.8485,
       48.15051
      ],
      [
       10.84882,
       48.15113
      ],
      [
       10.84846,
       48.15112
      ],
      [
       10.84828,
       48.1505
      ],
      [
       10.84294,
       48.15158
      ],
      [
       10.84327,
       48.15226
      ],
      [
       10.84362,
       48.15355
      ],
      [
       10.84546,
       48.15325
      ],
      [
       10.84585,
       48.15449
      ],
      [
       10.84896,
       48.15401
      ],
      [
       10.84906,
       48.15444
      ],
      [
       10.8492,
       48.15454
      ],
      [
       10.85069,
       48.15488
      ],
      [
       10.85118,
       48.15563
      ],
      [
       10.85161,
       48.15669
      ],
      [
       10.84883,
       48.15684
      ],
      [
       10.84804,
       48.15696
      ],
      [
       10.84741,
       48.15724
      ],
      [
       10.84775,
       48.15768
      ],
      [
       10.84813,
       48.15861
      ],
      [
       10.86032,
       48.1573
      ],
      [
       10.86135,
       48.15887
      ],
      [
       10.86356,
       48.16307
      ],
      [
       10.86467,
       48.16438
      ],
      [
       10.86506,
       48.16642
      ],
      [
       10.86595,
       48.16616
      ],
      [
       10.86649,
       48.16568
      ],
      [
       10.86691,
       48.16559
      ],
      [
       10.86674,
       48.16495
      ],
      [
       10.86725,
       48.16475
      ],
      [
       10.8677,
       48.16527
      ],
      [
       10.86784,
       48.16575
      ],
      [
       10.86866,
       48.16658
      ],
      [
       10.87182,
       48.16928
      ],
      [
       10.87226,
       48.16998
      ],
      [
       10.87299,
       48.17241
      ],
      [
       10.8732,
       48.17375
      ],
      [
       10.87375,
       48.17481
      ],
      [
       10.87419,
       48.17622
      ],
      [
       10.87464,
       48.17716
      ],
      [
       10.87542,
       48.17817
      ],
      [
       10.87577,
       48.1789
      ],
      [
       10.87659,
       48.18128
      ],
      [
       10.87727,
       48.18262
      ],
      [
       10.87718,
       48.1831
      ],
      [
       10.87729,
       48.18464
      ],
      [
       10.87721,
       48.18638
      ],
      [
       10.87738,
       48.18859
      ],
      [
       10.87725,
       48.18981
      ],
      [
       10.87751,
       48.1907
      ],
      [
       10.87883,
       48.19082
      ],
      [
       10.87873,
       48.19128
      ],
      [
       10.8789,
       48.19146
      ],
      [
       10.8791,
       48.1914
      ],
      [
       10.88012,
       48.19064
      ],
      [
       10.88254,
       48.18712
      ],
      [
       10.88565,
       48.18859
      ],
      [
       10.89052,
       48.19117
      ],
      [
       10.89161,
       48.19479
      ],
      [
       10.8926,
       48.19752
      ],
      [
       10.89297,
       48.19944
      ],
      [
       10.89329,
       48.19981
      ],
      [
       10.89768,
       48.21012
      ],
      [
       10.89842,
       48.21252
      ],
      [
       10.89889,
       48.21319
      ],
      [
       10.89916,
       48.21472
      ],
      [
       10.89956,
       48.21527
      ],
      [
       10.89982,
       48.21754
      ],
      [
       10.90009,
       48.21876
      ],
      [
       10.90169,
       48.22386
      ],
      [
       10.902,
       48.22613
      ],
      [
       10.90184,
       48.22821
      ],
      [
       10.90187,
       48.22935
      ],
      [
       10.90208,
       48.23027
      ],
      [
       10.9018,
       48.23048
      ],
      [
       10.90379,
       48.23816
      ],
      [
       10.90406,
       48.23822
      ],
      [
       10.90656,
       48.24301
      ],
      [
       10.90694,
       48.24313
      ],
      [
       10.90777,
       48.24443
      ],
      [
       10.90789,
       48.24518
      ],
      [
       10.90952,
       48.2488
      ],
      [
       10.90989,
       48.24927
      ],
      [
       10.91026,
       48.25045
      ],
      [
       10.91113,
       48.25123
      ],
      [
       10.90765,
       48.25136
      ],
      [
       10.90751,
       48.25222
      ],
      [
       10.90761,
       48.25252
      ],
      [
       10.9079,
       48.25279
      ],
      [
       10.91065,
       48.25472
      ],
      [
       10.91085,
       48.25586
      ],
      [
       10.91135,
       48.25674
      ],
      [
       10.91099,
       48.25676
      ],
      [
       10.91084,
       48.25847
      ],
      [
       10.90761,
       48.25838
      ],
      [
       10.9078,
       48.26004
      ],
      [
       10.90772,
       48.26038
      ],
      [
       10.90738,
       48.26053
      ],
      [
       10.9055,
       48.26044
      ],
      [
       10.90564,
       48.26145
      ],
      [
       10.90546,
       48.26253
      ],
      [
       10.90997,
       48.26283
      ],
      [
       10.90951,
       48.26474
      ],
      [
       10.90472,
       48.26518
      ],
      [
       10.90355,
       48.26546
      ],
      [
       10.90175,
       48.26844
      ],
      [
       10.90143,
       48.26945
      ],
      [
       10.9015,
       48.27268
      ],
      [
       10.90171,
       48.27272
      ],
      [
       10.90194,
       48.27313
      ],
      [
       10.90163,
       48.27315
      ],
      [
       10.9018,
       48.27677
      ],
      [
       10.90162,
       48.27772
      ],
      [
       10.9011,
       48.27859
      ],
      [
       10.90003,
       48.27956
      ],
      [
       10.89877,
       48.28019
      ],
      [
       10.89729,
       48.2806
      ],
      [
       10.89857,
       48.28246
      ],
      [
       10.89856,
       48.28335
      ],
      [
       10.89916,
       48.28496
      ],
      [
       10.89929,
       48.28563
      ],
      [
       10.89952,
       48.28599
      ],
      [
       10.89997,
       48.28635
      ],
      [
       10.89993,
       48.28683
      ],
      [
       10.90067,
       48.28891
      ],
      [
       10.90094,
       48.29072
      ],
      [
       10.90077,
       48.29152
      ],
      [
       10.9014,
       48.29289
      ],
      [
       10.8901,
       48.2932
      ],
      [
       10.88841,
       48.29339
      ],
      [
       10.88502,
       48.29344
      ],
      [
       10.88499,
       48.29379
      ],
      [
       10.87994,
       48.29387
      ],
      [
       10.87971,
       48.29337
      ],
      [
       10.87416,
       48.29324
      ],
      [
       10.87164,
       48.29297
      ],
      [
       10.87066,
       48.2926
      ],
      [
       10.86591,
       48.29274
      ],
      [
       10.86516,
       48.29155
      ],
      [
       10.86126,
       48.29213
      ],
      [
       10.85745,
       48.29295
      ],
      [
       10.85717,
       48.29283
      ],
      [
       10.85598,
       48.29326
      ],
      [
       10.85407,
       48.29359
      ],
      [
       10.85385,
       48.2935
      ],
      [
       10.85103,
       48.29418
      ],
      [
       10.85067,
       48.29396
      ],
      [
       10.84964,
       48.29428
      ],
      [
       10.84986,
       48.29466
      ],
      [
       10.84676,
       48.29495
      ],
      [
       10.84649,
       48.29646
      ],
      [
       10.8438,
       48.29664
      ],
      [
       10.843,
       48.29598
      ],
      [
       10.84259,
       48.29589
      ],
      [
       10.84236,
       48.29514
      ],
      [
       10.8396,
       48.29511
      ],
      [
       10.83766,
       48.29292
      ],
      [
       10.83776,
       48.29223
      ],
      [
       10.83706,
       48.29119
      ],
      [
       10.83668,
       48.29093
      ],
      [
       10.83638,
       48.2904
      ],
      [
       10.83539,
       48.2906
      ],
      [
       10.8341,
       48.29212
      ],
      [
       10.83124,
       48.29489
      ],
      [
       10.8306,
       48.29501
      ],
      [
       10.83004,
       48.29569
      ],
      [
       10.82965,
       48.29585
      ],
      [
       10.82876,
       48.29653
      ],
      [
       10.82829,
       48.29666
      ],
      [
       10.82757,
       48.29665
      ],
      [
       10.82648,
       48.2964
      ],
      [
       10.8114,
       48.29959
      ],
      [
       10.81025,
       48.29742
      ],
      [
       10.80775,
       48.29454
      ],
      [
       10.80657,
       48.29358
      ],
      [
       10.80536,
       48.2921
      ],
      [
       10.80446,
       48.29111
      ],
      [
       10.80434,
       48.29111
      ],
      [
       10.80167,
       48.2917
      ],
      [
       10.80071,
       48.29226
      ],
      [
       10.80003,
       48.29245
      ],
      [
       10.79599,
       48.29309
      ],
      [
       10.79618,
       48.2937
      ],
      [
       10.79679,
       48.29435
      ],
      [
       10.79595,
       48.29443
      ],
      [
       10.79669,
       48.29519
      ],
      [
       10.79676,
       48.29558
      ],
      [
       10.79178,
       48.29524
      ],
      [
       10.78748,
       48.2947
      ],
      [
       10.78738,
       48.29485
      ],
      [
       10.78721,
       48.2948
      ],
      [
       10.787,
       48.29497
      ],
      [
       10.78646,
       48.29574
      ],
      [
       10.78442,
       48.29771
      ],
      [
       10.78425,
       48.29818
      ],
      [
       10.78319,
       48.29796
      ],
      [
       10.7825,
       48.29796
      ],
      [
       10.78194,
       48.29777
      ],
      [
       10.78168,
       48.29783
      ],
      [
       10.78106,
       48.29764
      ],
      [
       10.77972,
       48.29757
      ],
      [
       10.77648,
       48.29818
      ],
      [
       10.77545,
       48.29788
      ],
      [
       10.77443,
       48.2978
      ],
      [
       10.773,
       48.29798
      ],
      [
       10.77178,
       48.29754
      ],
      [
       10.77132,
       48.29767
      ],
      [
       10.77071,
       48.29763
      ],
      [
       10.76921,
       48.29719
      ],
      [
       10.76871,
       48.29736
      ],
      [
       10.76594,
       48.29686
      ],
      [
       10.76515,
       48.29798
      ],
      [
       10.76513,
       48.29838
      ],
      [
       10.76472,
       48.29859
      ],
      [
       10.76439,
       48.29917
      ],
      [
       10.76437,
       48.29961
      ],
      [
       10.76487,
       48.30026
      ],
      [
       10.76444,
       48.30019
      ],
      [
       10.76336,
       48.3021
      ],
      [
       10.76346,
       48.30256
      ],
      [
       10.76396,
       48.30276
      ],
      [
       10.76364,
       48.30325
      ],
      [
       10.76414,
       48.30352
      ],
      [
       10.76434,
       48.30416
      ],
      [
       10.76413,
       48.30421
      ],
      [
       10.76469,
       48.30488
      ],
      [
       10.76467,
       48.306
      ],
      [
       10.76493,
       48.30691
      ],
      [
       10.76539,
       48.30689
      ],
      [
       10.76553,
       48.30725
      ],
      [
       10.76653,
       48.30706
      ],
      [
       10.76751,
       48.30704
      ],
      [
       10.76756,
       48.30745
      ],
      [
       10.7669,
       48.30765
      ],
      [
       10.76648,
       48.30807
      ],
      [
       10.76646,
       48.30929
      ],
      [
       10.76745,
       48.31037
      ],
      [
       10.76798,
       48.31077
      ],
      [
       10.76815,
       48.3111
      ],
      [
       10.76804,
       48.31247
      ],
      [
       10.76862,
       48.31321
      ],
      [
       10.76965,
       48.31392
      ],
      [
       10.77083,
       48.3141
      ],
      [
       10.77069,
       48.31449
      ],
      [
       10.76989,
       48.31505
      ],
      [
       10.76983,
       48.31531
      ],
      [
       10.77045,
       48.31537
      ],
      [
       10.77159,
       48.31523
      ],
      [
       10.7771,
       48.31316
      ],
      [
       10.77836,
       48.31323
      ],
      [
       10.78021,
       48.31299
      ],
      [
       10.78032,
       48.31323
      ],
      [
       10.78073,
       48.31326
      ],
      [
       10.78214,
       48.31285
      ],
      [
       10.78235,
       48.31403
      ],
      [
       10.78259,
       48.31444
      ],
      [
       10.78428,
       48.31506
      ],
      [
       10.78454,
       48.31552
      ],
      [
       10.78511,
       48.31603
      ],
      [
       10.78526,
       48.31627
      ],
      [
       10.7852,
       48.3166
      ],
      [
       10.78557,
       48.31692
      ],
      [
       10.79058,
       48.31842
      ],
      [
       10.79062,
       48.3187
      ],
      [
       10.79028,
       48.31942
      ],
      [
       10.79017,
       48.32003
      ],
      [
       10.79068,
       48.32084
      ],
      [
       10.79108,
       48.32122
      ],
      [
       10.7943,
       48.32278
      ],
      [
       10.7919,
       48.3232
      ],
      [
       10.79223,
       48.32357
      ],
      [
       10.79203,
       48.32378
      ],
      [
       10.79207,
       48.32405
      ],
      [
       10.79256,
       48.32463
      ],
      [
       10.79249,
       48.3248
      ],
      [
       10.79205,
       48.32505
      ],
      [
       10.79143,
       48.32512
      ],
      [
       10.79226,
       48.32558
      ],
      [
       10.79419,
       48.32705
      ],
      [
       10.79054,
       48.32881
      ],
      [
       10.78907,
       48.33005
      ],
      [
       10.78833,
       48.33018
      ],
      [
       10.78766,
       48.33054
      ],
      [
       10.78579,
       48.33071
      ],
      [
       10.78347,
       48.33056
      ],
      [
       10.78191,
       48.33023
      ],
      [
       10.78198,
       48.33078
      ],
      [
       10.78089,
       48.33063
      ],
      [
       10.77969,
       48.3309
      ],
      [
       10.77816,
       48.33081
      ],
      [
       10.77576,
       48.331
      ],
      [
       10.77505,
       48.33145
      ],
      [
       10.77485,
       48.33191
      ],
      [
       10.7752,
       48.33356
      ],
      [
       10.77561,
       48.33389
      ],
      [
       10.77633,
       48.33421
      ],
      [
       10.77804,
       48.33397
      ],
      [
       10.77874,
       48.33398
      ],
      [
       10.77954,
       48.33341
      ],
      [
       10.78134,
       48.33292
      ],
      [
       10.78383,
       48.33311
      ],
      [
       10.78371,
       48.33349
      ],
      [
       10.78293,
       48.33406
      ],
      [
       10.78437,
       48.33426
      ],
      [
       10.7843,
       48.33483
      ],
      [
       10.78111,
       48.3348
      ],
      [
       10.78092,
       48.33574
      ],
      [
       10.78143,
       48.33603
      ],
      [
       10.78216,
       48.33616
      ],
      [
       10.78338,
       48.33607
      ],
      [
       10.78378,
       48.33644
      ],
      [
       10.78676,
       48.33713
      ],
      [
       10.78822,
       48.33713
      ],
      [
       10.78944,
       48.33731
      ],
      [
       10.79049,
       48.3366
      ],
      [
       10.79071,
       48.33627
      ],
      [
       10.79161,
       48.33609
      ],
      [
       10.79535,
       48.33666
      ],
      [
       10.79584,
       48.33818
      ],
      [
       10.79716,
       48.33866
      ],
      [
       10.79782,
       48.33913
      ],
      [
       10.79769,
       48.33949
      ],
      [
       10.79692,
       48.34028
      ],
      [
       10.79658,
       48.3413
      ],
      [
       10.79667,
       48.34221
      ],
      [
       10.79714,
       48.34308
      ],
      [
       10.79692,
       48.34356
      ],
      [
       10.79727,
       48.3437
      ],
      [
       10.79827,
       48.34456
      ],
      [
       10.79816,
       48.34495
      ],
      [
       10.80007,
       48.34597
      ],
      [
       10.80077,
       48.34666
      ],
      [
       10.80124,
       48.34686
      ],
      [
       10.80141,
       48.34703
      ],
      [
       10.80143,
       48.34743
      ],
      [
       10.80218,
       48.34801
      ],
      [
       10.80251,
       48.34896
      ],
      [
       10.80307,
       48.34989
      ],
      [
       10.80376,
       48.35065
      ],
      [
       10.80441,
       48.35069
      ],
      [
       10.80556,
       48.34942
      ],
      [
       10.80645,
       48.3487
      ],
      [
       10.80896,
       48.34908
      ],
      [
       10.81184,
       48.34908
      ],
      [
       10.8129,
       48.34932
      ],
      [
       10.81697,
       48.34949
      ],
      [
       10.81824,
       48.34968
      ],
      [
       10.81847,
       48.34991
      ],
      [
       10.81911,
       48.35016
      ],
      [
       10.82052,
       48.3505
      ],
      [
       10.82027,
       48.34994
      ],
      [
       10.82052,
       48.34934
      ],
      [
       10.82052,
       48.34859
      ],
      [
       10.82021,
       48.34823
      ],
      [
       10.8194,
       48.34782
      ],
      [
       10.81935,
       48.34718
      ],
      [
       10.81876,
       48.34651
      ],
      [
       10.8187,
       48.34628
      ],
      [
       10.82005,
       48.3429
      ],
      [
       10.81998,
       48.34206
      ],
      [
       10.82073,
       48.34203
      ],
      [
       10.82179,
       48.34177
      ],
      [
       10.823,
       48.34182
      ],
      [
       10.82369,
       48.34145
      ],
      [
       10.82394,
       48.34159
      ],
      [
       10.82638,
       48.34157
      ],
      [
       10.82782,
       48.34199
      ],
      [
       10.82809,
       48.34227
      ],
      [
       10.82914,
       48.34279
      ],
      [
       10.83106,
       48.3433
      ],
      [
       10.83234,
       48.34295
      ],
      [
       10.83215,
       48.34263
      ],
      [
       10.83305,
       48.34274
      ],
      [
       10.83342,
       48.342
      ],
      [
       10.83517,
       48.3421
      ],
      [
       10.8362,
       48.3433
      ],
      [
       10.83445,
       48.34344
      ],
      [
       10.83486,
       48.34533
      ],
      [
       10.83607,
       48.34632
      ],
      [
       10.83666,
       48.34664
      ],
      [
       10.83854,
       48.34673
      ],
      [
       10.84133,
       48.3466
      ],
      [
       10.84675,
       48.34591
      ],
      [
       10.8469,
       48.34414
      ],
      [
       10.84711,
       48.3441
      ],
      [
       10.84919,
       48.34409
      ],
      [
       10.85117,
       48.34426
      ],
      [
       10.85217,
       48.34407
      ],
      [
       10.853,
       48.3443
      ],
      [
       10.8545,
       48.3443
      ],
      [
       10.85475,
       48.34464
      ],
      [
       10.85475,
       48.34506
      ],
      [
       10.85657,
       48.34566
      ],
      [
       10.85681,
       48.34603
      ],
      [
       10.85701,
       48.34661
      ],
      [
       10.85707,
       48.3483
      ],
      [
       10.85637,
       48.34837
      ],
      [
       10.85599,
       48.34831
      ],
      [
       10.85598,
       48.34808
      ],
      [
       10.85583,
       48.3481
      ],
      [
       10.8563,
       48.35057
      ],
      [
       10.85331,
       48.35085
      ],
      [
       10.85212,
       48.35249
      ],
      [
       10.85324,
       48.35286
      ],
      [
       10.85397,
       48.35334
      ],
      [
       10.85353,
       48.35384
      ],
      [
       10.85204,
       48.3549
      ],
      [
       10.8521,
       48.35587
      ],
      [
       10.85143,
       48.357
      ],
      [
       10.85127,
       48.35802
      ],
      [
       10.8513,
       48.35825
      ],
      [
       10.85252,
       48.36026
      ],
      [
       10.85339,
       48.36096
      ],
      [
       10.85559,
       48.36321
      ],
      [
       10.85723,
       48.36537
      ],
      [
       10.85777,
       48.36778
      ],
      [
       10.85778,
       48.36918
      ],
      [
       10.85747,
       48.36916
      ],
      [
       10.85741,
       48.36959
      ],
      [
       10.85509,
       48.36925
      ],
      [
       10.85495,
       48.36884
      ],
      [
       10.85411,
       48.36878
      ],
      [
       10.85395,
       48.36951
      ],
      [
       10.854,
       48.36997
      ],
      [
       10.85084,
       48.37051
      ],
      [
       10.84863,
       48.37066
      ],
      [
       10.84723,
       48.37095
      ],
      [
       10.84719,
       48.37132
      ],
      [
       10.8485,
       48.37358
      ],
      [
       10.84803,
       48.37371
      ],
      [
       10.84838,
       48.37425
      ],
      [
       10.84715,
       48.37457
      ],
      [
       10.84758,
       48.37525
      ],
      [
       10.84844,
       48.37501
      ],
      [
       10.84883,
       48.37508
      ],
      [
       10.84917,
       48.37573
      ],
      [
       10.84923,
       48.37587
      ],
      [
       10.84863,
       48.37599
      ],
      [
       10.84895,
       48.37682
      ],
      [
       10.84893,
       48.37808
      ],
      [
       10.84917,
       48.37807
      ],
      [
       10.849,
       48.37847
      ],
      [
       10.84964,
       48.37849
      ],
      [
       10.84988,
       48.37871
      ],
      [
       10.84962,
       48.37945
      ],
      [
       10.84638,
       48.37925
      ],
      [
       10.84631,
       48.37962
      ],
      [
       10.84445,
       48.37948
      ],
      [
       10.84281,
       48.37916
      ],
      [
       10.84273,
       48.37975
      ],
      [
       10.83786,
       48.3793
      ],
      [
       10.83224,
       48.37897
      ],
      [
       10.83221,
       48.37938
      ],
      [
       10.83235,
       48.37951
      ],
      [
       10.83228,
       48.37986
      ],
      [
       10.8307,
       48.38228
      ],
      [
       10.83009,
       48.38352
      ],
      [
       10.83033,
       48.38513
      ],
      [
       10.83032,
       48.38588
      ],
      [
       10.83006,
       48.3872
      ],
      [
       10.84138,
       48.38633
      ],
      [
       10.84144,
       48.38666
      ],
      [
       10.84174,
       48.38664
      ],
      [
       10.84137,
       48.38694
      ],
      [
       10.84173,
       48.38717
      ],
      [
       10.84272,
       48.38652
      ],
      [
       10.84107,
       48.38892
      ],
      [
       10.84068,
       48.38929
      ],
      [
       10.84078,
       48.3908
      ],
      [
       10.84068,
       48.39162
      ],
      [
       10.84457,
       48.39138
      ],
      [
       10.84527,
       48.39476
      ],
      [
       10.84535,
       48.39636
      ],
      [
       10.8452,
       48.397
      ],
      [
       10.84551,
       48.40031
      ],
      [
       10.84542,
       48.40118
      ],
      [
       10.84472,
       48.40119
      ],
      [
       10.84472,
       48.4021
      ],
      [
       10.84675,
       48.4024
      ],
      [
       10.8467,
       48.40247
      ],
      [
       10.84934,
       48.40268
      ],
      [
       10.84764,
       48.40416
      ],
      [
       10.85074,
       48.40421
      ],
      [
       10.84996,
       48.40564
      ],
      [
       10.84888,
       48.40689
      ],
      [
       10.85284,
       48.40703
      ],
      [
       10.85283,
       48.40763
      ],
      [
       10.85805,
       48.40724
      ],
      [
       10.85944,
       48.40752
      ],
      [
       10.86496,
       48.40818
      ],
      [
       10.86541,
       48.40646
      ],
      [
       10.8658,
       48.40645
      ],
      [
       10.86634,
       48.40465
      ],
      [
       10.86931,
       48.405
      ],
      [
       10.86922,
       48.40537
      ],
      [
       10.86999,
       48.40543
      ],
      [
       10.87084,
       48.4024
      ],
      [
       10.87301,
       48.40419
      ],
      [
       10.87378,
       48.40505
      ],
      [
       10.87419,
       48.40591
      ],
      [
       10.87379,
       48.40644
      ],
      [
       10.87883,
       48.40634
      ],
      [
       10.87894,
       48.40698
      ],
      [
       10.88022,
       48.40741
      ],
      [
       10.88147,
       48.40742
      ],
      [
       10.88258,
       48.40779
      ],
      [
       10.88445,
       48.40884
      ],
      [
       10.88481,
       48.41216
      ],
      [
       10.88541,
       48.41308
      ],
      [
       10.88537,
       48.41354
      ],
      [
       10.88577,
       48.41388
      ],
      [
       10.88796,
       48.41382
      ],
      [
       10.88839,
       48.41404
      ],
      [
       10.88828,
       48.41437
      ],
      [
       10.88879,
       48.4178
      ],
      [
       10.88894,
       48.42096
      ],
      [
       10.88942,
       48.4236
      ],
      [
       10.88968,
       48.42436
      ],
      [
       10.89007,
       48.43014
      ],
      [
       10.88992,
       48.43202
      ],
      [
       10.88993,
       48.43411
      ],
      [
       10.88728,
       48.4453
      ],
      [
       10.88667,
       48.44718
      ],
      [
       10.88641,
       48.44882
      ],
      [
       10.88566,
       48.45188
      ],
      [
       10.88459,
       48.45527
      ],
      [
       10.88393,
       48.45831
      ],
      [
       10.88291,
       48.46093
      ],
      [
       10.88211,
       48.46495
      ],
      [
       10.87968,
       48.47432
      ],
      [
       10.87905,
       48.47621
      ],
      [
       10.8782,
       48.48025
      ],
      [
       10.87738,
       48.48305
      ],
      [
       10.87725,
       48.48319
      ],
      [
       10.87715,
       48.48295
      ],
      [
       10.87685,
       48.48304
      ],
      [
       10.87699,
       48.48351
      ],
      [
       10.87652,
       48.48467
      ],
      [
       10.87419,
       48.48834
      ],
      [
       10.87169,
       48.49274
      ],
      [
       10.86931,
       48.49636
      ],
      [
       10.86733,
       48.49997
      ],
      [
       10.86515,
       48.50332
      ],
      [
       10.86474,
       48.50408
      ],
      [
       10.86417,
       48.50565
      ],
      [
       10.86414,
       48.50738
      ],
      [
       10.86438,
       48.51025
      ],
      [
       10.87131,
       48.53115
      ],
      [
       10.88654,
       48.53347
      ],
      [
       10.8866,
       48.53412
      ],
      [
       10.88689,
       48.53488
      ],
      [
       10.88921,
       48.53519
      ],
      [
       10.88925,
       48.53502
      ],
      [
       10.89284,
       48.53543
      ],
      [
       10.8935,
       48.53346
      ],
      [
       10.89642,
       48.53387
      ],
      [
       10.89614,
       48.53503
      ],
      [
       10.89974,
       48.53475
      ],
      [
       10.89972,
       48.53582
      ],
      [
       10.90004,
       48.53636
      ],
      [
       10.90309,
       48.5386
      ],
      [
       10.90449,
       48.53883
      ],
      [
       10.90427,
       48.53929
      ],
      [
       10.90722,
       48.53971
      ],
      [
       10.90714,
       48.54001
      ],
      [
       10.9098,
       48.54036
      ],
      [
       10.90984,
       48.54022
      ],
      [
       10.91025,
       48.54024
      ],
      [
       10.91033,
       48.54006
      ],
      [
       10.91288,
       48.54027
      ],
      [
       10.91303,
       48.53881
      ],
      [
       10.91548,
       48.53895
      ],
      [
       10.91541,
       48.53834
      ],
      [
       10.91627,
       48.53828
      ],
      [
       10.91636,
       48.53891
      ],
      [
       10.91667,
       48.53887
      ],
      [
       10.91623,
       48.5393
      ],
      [
       10.91734,
       48.53965
      ],
      [
       10.92003,
       48.53866
      ],
      [
       10.92013,
       48.5388
      ],
      [
       10.92193,
       48.53788
      ],
      [
       10.92265,
       48.53713
      ],
      [
       10.92314,
       48.53704
      ],
      [
       10.92485,
       48.53753
      ],
      [
       10.92513,
       48.53811
      ],
      [
       10.92557,
       48.53806
      ],
      [
       10.92523,
       48.53703
      ],
      [
       10.92572,
       48.53671
      ],
      [
       10.92675,
       48.53633
      ],
      [
       10.92581,
       48.53527
      ],
      [
       10.92872,
       48.53469
      ],
      [
       10.93043,
       48.53474
      ],
      [
       10.93208,
       48.53446
      ],
      [
       10.93329,
       48.53449
      ],
      [
       10.93481,
       48.53391
      ],
      [
       10.93582,
       48.53384
      ],
      [
       10.93723,
       48.53438
      ],
      [
       10.93746,
       48.53466
      ],
      [
       10.93961,
       48.53488
      ],
      [
       10.94076,
       48.53487
      ],
      [
       10.94299,
       48.53626
      ],
      [
       10.94342,
       48.53664
      ],
      [
       10.94333,
       48.5368
      ],
      [
       10.9437,
       48.53736
      ],
      [
       10.94476,
       48.53773
      ],
      [
       10.94391,
       48.53811
      ],
      [
       10.9441,
       48.53824
      ],
      [
       10.94496,
       48.53983
      ],
      [
       10.94729,
       48.53908
      ],
      [
       10.94863,
       48.54008
      ],
      [
       10.94857,
       48.54024
      ],
      [
       10.94993,
       48.54098
      ],
      [
       10.95107,
       48.54127
      ],
      [
       10.95252,
       48.5413
      ],
      [
       10.95263,
       48.54212
      ],
      [
       10.95234,
       48.54258
      ],
      [
       10.95198,
       48.54284
      ],
      [
       10.9518,
       48.54327
      ],
      [
       10.95219,
       48.54364
      ],
      [
       10.95273,
       48.54539
      ],
      [
       10.95318,
       48.54882
      ],
      [
       10.95448,
       48.54879
      ],
      [
       10.95511,
       48.54908
      ],
      [
       10.9557,
       48.54908
      ],
      [
       10.95981,
       48.54817
      ],
      [
       10.95955,
       48.5475
      ],
      [
       10.95956,
       48.54708
      ],
      [
       10.95871,
       48.54654
      ],
      [
       10.95856,
       48.54542
      ],
      [
       10.95823,
       48.54504
      ],
      [
       10.95892,
       48.54448
      ],
      [
       10.9574,
       48.5445
      ],
      [
       10.95709,
       48.54441
      ],
      [
       10.95509,
       48.54493
      ],
      [
       10.95432,
       48.54493
      ],
      [
       10.9535,
       48.5447
      ],
      [
       10.95357,
       48.54439
      ],
      [
       10.95414,
       48.5437
      ],
      [
       10.95467,
       48.54344
      ],
      [
       10.95575,
       48.54328
      ],
      [
       10.95651,
       48.5436
      ],
      [
       10.95772,
       48.5434
      ],
      [
       10.9583,
       48.54349
      ],
      [
       10.95877,
       48.54368
      ],
      [
       10.95901,
       48.54394
      ],
      [
       10.96111,
       48.54372
      ],
      [
       10.96186,
       48.5443
      ],
      [
       10.96243,
       48.54503
      ],
      [
       10.96325,
       48.54556
      ],
      [
       10.96343,
       48.54584
      ],
      [
       10.96405,
       48.54564
      ],
      [
       10.96382,
       48.54547
      ],
      [
       10.96465,
       48.54531
      ],
      [
       10.96565,
       48.54551
      ],
      [
       10.96626,
       48.5454
      ],
      [
       10.96789,
       48.54553
      ],
      [
       10.96845,
       48.54569
      ],
      [
       10.97051,
       48.54563
      ],
      [
       10.97052,
       48.54603
      ],
      [
       10.97096,
       48.54648
      ],
      [
       10.97248,
       48.54635
      ],
      [
       10.97256,
       48.54656
      ],
      [
       10.97626,
       48.5465
      ],
      [
       10.97638,
       48.54606
      ],
      [
       10.97717,
       48.54607
      ],
      [
       10.97773,
       48.54616
      ],
      [
       10.97825,
       48.54644
      ],
      [
       10.97973,
       48.54641
      ],
      [
       10.98253,
       48.54713
      ],
      [
       10.98257,
       48.54678
      ],
      [
       10.98245,
       48.54659
      ],
      [
       10.98167,
       48.54613
      ],
      [
       10.98198,
       48.54598
      ],
      [
       10.9816,
       48.54562
      ],
      [
       10.98257,
       48.54513
      ],
      [
       10.98375,
       48.54497
      ],
      [
       10.98394,
       48.54553
      ],
      [
       10.98465,
       48.54615
      ],
      [
       10.98473,
       48.54646
      ],
      [
       10.98467,
       48.54723
      ],
      [
       10.98509,
       48.54812
      ],
      [
       10.98589,
       48.54903
      ],
      [
       10.98703,
       48.54963
      ],
      [
       10.98662,
       48.54999
      ],
      [
       10.98539,
       48.54939
      ],
      [
       10.98468,
       48.54918
      ],
      [
       10.98438,
       48.54951
      ],
      [
       10.98357,
       48.54942
      ],
      [
       10.9828,
       48.5496
      ],
      [
       10.98289,
       48.55099
      ],
      [
       10.98161,
       48.55213
      ],
      [
       10.97797,
       48.55183
      ],
      [
       10.97758,
       48.55379
      ],
      [
       10.9763,
       48.55674
      ],
      [
       10.97896,
       48.55702
      ],
      [
       10.97726,
       48.55957
      ],
      [
       10.97755,
       48.55963
      ],
      [
       10.97745,
       48.5598
      ],
      [
       10.98018,
       48.5602
      ],
      [
       10.97892,
       48.5621
      ],
      [
       10.97724,
       48.56384
      ],
      [
       10.97656,
       48.56373
      ],
      [
       10.97607,
       48.56507
      ],
      [
       10.97601,
       48.56567
      ],
      [
       10.97618,
       48.566
      ],
      [
       10.97544,
       48.56606
      ],
      [
       10.97479,
       48.56813
      ],
      [
       10.97283,
       48.56963
      ],
      [
       10.96964,
       48.56889
      ],
      [
       10.96889,
       48.57091
      ],
      [
       10.96551,
       48.57009
      ],
      [
       10.96491,
       48.57138
      ],
      [
       10.96555,
       48.57182
      ],
      [
       10.96518,
       48.57226
      ],
      [
       10.96563,
       48.57243
      ],
      [
       10.96523,
       48.57306
      ],
      [
       10.9637,
       48.57291
      ],
      [
       10.96372,
       48.57348
      ],
      [
       10.96241,
       48.57332
      ],
      [
       10.96186,
       48.57508
      ],
      [
       10.95957,
       48.57472
      ],
      [
       10.95962,
       48.57459
      ],
      [
       10.95722,
       48.57457
      ],
      [
       10.95696,
       48.57601
      ],
      [
       10.95586,
       48.57588
      ],
      [
       10.95467,
       48.57521
      ],
      [
       10.95202,
       48.5748
      ],
      [
       10.95192,
       48.57525
      ],
      [
       10.95101,
       48.57553
      ],
      [
       10.95067,
       48.57516
      ],
      [
       10.95029,
       48.57497
      ],
      [
       10.94978,
       48.57426
      ],
      [
       10.94889,
       48.5736
      ],
      [
       10.94644,
       48.57365
      ],
      [
       10.94471,
       48.57412
      ],
      [
       10.9438,
       48.57459
      ],
      [
       10.94285,
       48.57417
      ],
      [
       10.94143,
       48.57383
      ],
      [
       10.94125,
       48.57357
      ],
      [
       10.94033,
       48.57296
      ],
      [
       10.9402,
       48.57184
      ],
      [
       10.93844,
       48.57044
      ],
      [
       10.93696,
       48.56988
      ],
      [
       10.93547,
       48.57
      ],
      [
       10.93256,
       48.5705
      ],
      [
       10.93222,
       48.57065
      ],
      [
       10.93314,
       48.57165
      ],
      [
       10.93338,
       48.57217
      ],
      [
       10.93344,
       48.57304
      ],
      [
       10.93415,
       48.57392
      ],
      [
       10.93412,
       48.57407
      ],
      [
       10.93434,
       48.57433
      ],
      [
       10.93301,
       48.57421
      ],
      [
       10.93301,
       48.57471
      ],
      [
       10.93219,
       48.57495
      ],
      [
       10.93217,
       48.57517
      ],
      [
       10.92984,
       48.57533
      ],
      [
       10.92968,
       48.57611
      ],
      [
       10.93024,
       48.57688
      ],
      [
       10.93109,
       48.57747
      ],
      [
       10.93153,
       48.57819
      ],
      [
       10.93148,
       48.57893
      ],
      [
       10.93106,
       48.57968
      ],
      [
       10.93098,
       48.58006
      ],
      [
       10.93102,
       48.58102
      ],
      [
       10.93129,
       48.58145
      ],
      [
       10.92809,
       48.58506
      ],
      [
       10.92763,
       48.5849
      ],
      [
       10.9273,
       48.58521
      ],
      [
       10.92606,
       48.58469
      ],
      [
       10.92582,
       48.58572
      ],
      [
       10.92494,
       48.58713
      ],
      [
       10.9241,
       48.58718
      ],
      [
       10.9235,
       48.58597
      ],
      [
       10.92153,
       48.58556
      ],
      [
       10.91931,
       48.58485
      ],
      [
       10.91792,
       48.58479
      ],
      [
       10.91577,
       48.58418
      ],
      [
       10.915,
       48.58417
      ],
      [
       10.91457,
       48.58482
      ],
      [
       10.91314,
       48.58471
      ],
      [
       10.91185,
       48.58483
      ],
      [
       10.91177,
       48.58547
      ],
      [
       10.91199,
       48.58626
      ],
      [
       10.91267,
       48.5868
      ],
      [
       10.9128,
       48.58739
      ],
      [
       10.91171,
       48.58823
      ],
      [
       10.9106,
       48.58843
      ],
      [
       10.90887,
       48.5891
      ],
      [
       10.90877,
       48.59015
      ],
      [
       10.90819,
       48.59035
      ],
      [
       10.90856,
       48.59186
      ],
      [
       10.90901,
       48.59265
      ],
      [
       10.90773,
       48.59283
      ],
      [
       10.90716,
       48.59246
      ],
      [
       10.90585,
       48.59051
      ],
      [
       10.90513,
       48.59071
      ],
      [
       10.90473,
       48.59036
      ],
      [
       10.90381,
       48.59007
      ],
      [
       10.90358,
       48.58964
      ],
      [
       10.90102,
       48.59007
      ],
      [
       10.89968,
       48.59107
      ],
      [
       10.89906,
       48.59128
      ],
      [
       10.89803,
       48.5914
      ],
      [
       10.89784,
       48.59163
      ],
      [
       10.89784,
       48.59231
      ],
      [
       10.89747,
       48.59362
      ],
      [
       10.897,
       48.59463
      ],
      [
       10.89702,
       48.5972
      ],
      [
       10.8968,
       48.59828
      ],
      [
       10.89521,
       48.59891
      ],
      [
       10.89382,
       48.59911
      ],
      [
       10.89315,
       48.59882
      ],
      [
       10.8928,
       48.5982
      ],
      [
       10.89175,
       48.59782
      ],
      [
       10.89001,
       48.59774
      ],
      [
       10.8901,
       48.59792
      ],
      [
       10.8887,
       48.59834
      ],
      [
       10.88833,
       48.59874
      ],
      [
       10.88755,
       48.59905
      ],
      [
       10.88739,
       48.59928
      ],
      [
       10.88745,
       48.59957
      ],
      [
       10.88721,
       48.59974
      ],
      [
       10.8874,
       48.60289
      ],
      [
       10.88716,
       48.60288
      ],
      [
       10.8874,
       48.60391
      ],
      [
       10.88696,
       48.60543
      ],
      [
       10.88701,
       48.60588
      ],
      [
       10.88645,
       48.60592
      ],
      [
       10.88607,
       48.61144
      ],
      [
       10.88301,
       48.61102
      ],
      [
       10.88087,
       48.61491
      ],
      [
       10.87991,
       48.61638
      ],
      [
       10.87898,
       48.61749
      ],
      [
       10.8789,
       48.62192
      ],
      [
       10.8809,
       48.62247
      ],
      [
       10.88223,
       48.62228
      ],
      [
       10.88228,
       48.62254
      ],
      [
       10.88257,
       48.62277
      ],
      [
       10.88372,
       48.62302
      ],
      [
       10.88379,
       48.62556
      ],
      [
       10.88341,
       48.62605
      ],
      [
       10.88325,
       48.62724
      ],
      [
       10.88345,
       48.62782
      ],
      [
       10.8838,
       48.62812
      ],
      [
       10.88387,
       48.63044
      ],
      [
       10.88368,
       48.63192
      ],
      [
       10.8839,
       48.63247
      ],
      [
       10.88361,
       48.63303
      ],
      [
       10.88392,
       48.63366
      ],
      [
       10.88406,
       48.63695
      ],
      [
       10.87726,
       48.63823
      ],
      [
       10.87549,
       48.63867
      ],
      [
       10.87589,
       48.63805
      ],
      [
       10.87536,
       48.63791
      ],
      [
       10.87569,
       48.63743
      ],
      [
       10.87164,
       48.63667
      ],
      [
       10.87141,
       48.63652
      ],
      [
       10.86626,
       48.63614
      ],
      [
       10.86628,
       48.63564
      ],
      [
       10.85772,
       48.63527
      ],
      [
       10.85008,
       48.63457
      ],
      [
       10.84964,
       48.63366
      ],
      [
       10.84954,
       48.63317
      ],
      [
       10.85003,
       48.63136
      ],
      [
       10.84172,
       48.62919
      ],
      [
       10.84161,
       48.63251
      ],
      [
       10.84208,
       48.63507
      ],
      [
       10.8349,
       48.63466
      ],
      [
       10.83502,
       48.63046
      ],
      [
       10.834,
       48.63036
      ],
      [
       10.83396,
       48.63019
      ],
      [
       10.83087,
       48.63005
      ],
      [
       10.83089,
       48.62936
      ],
      [
       10.82693,
       48.62881
      ],
      [
       10.82739,
       48.62773
      ],
      [
       10.82297,
       48.62695
      ],
      [
       10.82304,
       48.62469
      ],
      [
       10.8225,
       48.62459
      ],
      [
       10.82248,
       48.62474
      ],
      [
       10.82092,
       48.6245
      ],
      [
       10.81775,
       48.62448
      ],
      [
       10.81777,
       48.62463
      ],
      [
       10.81609,
       48.62468
      ],
      [
       10.81583,
       48.62488
      ],
      [
       10.81541,
       48.62486
      ],
      [
       10.81327,
       48.62429
      ],
      [
       10.81226,
       48.62419
      ],
      [
       10.81124,
       48.62381
      ],
      [
       10.8088,
       48.62388
      ],
      [
       10.80887,
       48.62244
      ],
      [
       10.80548,
       48.6223
      ],
      [
       10.80603,
       48.62346
      ],
      [
       10.80579,
       48.62356
      ],
      [
       10.80427,
       48.62343
      ],
      [
       10.80453,
       48.62419
      ],
      [
       10.80072,
       48.62366
      ],
      [
       10.80082,
       48.62271
      ],
      [
       10.8006,
       48.62216
      ],
      [
       10.79849,
       48.62056
      ],
      [
       10.78708,
       48.61918
      ],
      [
       10.78234,
       48.61909
      ],
      [
       10.78181,
       48.61959
      ],
      [
       10.77825,
       48.61864
      ],
      [
       10.77695,
       48.61799
      ],
      [
       10.77666,
       48.61743
      ],
      [
       10.77712,
       48.61704
      ],
      [
       10.77715,
       48.61647
      ],
      [
       10.77677,
       48.61637
      ],
      [
       10.7765,
       48.61614
      ],
      [
       10.77645,
       48.6158
      ],
      [
       10.77646,
       48.61537
      ],
      [
       10.77696,
       48.61459
      ],
      [
       10.77815,
       48.61397
      ],
      [
       10.77818,
       48.61381
      ],
      [
       10.7789,
       48.61337
      ],
      [
       10.77948,
       48.61362
      ],
      [
       10.78225,
       48.61372
      ],
      [
       10.78226,
       48.61338
      ],
      [
       10.78306,
       48.61214
      ],
      [
       10.78331,
       48.61113
      ],
      [
       10.78433,
       48.61097
      ],
      [
       10.78538,
       48.6105
      ],
      [
       10.78539,
       48.60931
      ],
      [
       10.78557,
       48.60874
      ],
      [
       10.78603,
       48.60837
      ],
      [
       10.78597,
       48.60818
      ],
      [
       10.78583,
       48.608
      ],
      [
       10.78557,
       48.60804
      ],
      [
       10.78242,
       48.6073
      ],
      [
       10.78163,
       48.60676
      ],
      [
       10.77976,
       48.60585
      ],
      [
       10.77907,
       48.60528
      ],
      [
       10.77861,
       48.60526
      ],
      [
       10.77782,
       48.60551
      ],
      [
       10.7766,
       48.60482
      ],
      [
       10.77654,
       48.60475
      ],
      [
       10.77707,
       48.60375
      ],
      [
       10.77749,
       48.60339
      ],
      [
       10.7781,
       48.60315
      ],
      [
       10.7749,
       48.60268
      ],
      [
       10.77358,
       48.6029
      ],
      [
       10.77366,
       48.60258
      ],
      [
       10.77339,
       48.60245
      ],
      [
       10.77201,
       48.60223
      ],
      [
       10.77253,
       48.60049
      ],
      [
       10.77284,
       48.60053
      ],
      [
       10.7731,
       48.59929
      ],
      [
       10.77185,
       48.59935
      ],
      [
       10.76484,
       48.59832
      ],
      [
       10.7652,
       48.59656
      ],
      [
       10.76474,
       48.59646
      ],
      [
       10.76512,
       48.59526
      ],
      [
       10.76432,
       48.59528
      ],
      [
       10.76376,
       48.59383
      ],
      [
       10.76475,
       48.59325
      ],
      [
       10.76476,
       48.59005
      ],
      [
       10.76723,
       48.59142
      ],
      [
       10.76714,
       48.5894
      ],
      [
       10.76745,
       48.58772
      ],
      [
       10.76936,
       48.58802
      ],
      [
       10.76981,
       48.58591
      ],
      [
       10.76943,
       48.58593
      ],
      [
       10.76949,
       48.58562
      ],
      [
       10.76866,
       48.58565
      ],
      [
       10.76884,
       48.58366
      ],
      [
       10.7691,
       48.58371
      ],
      [
       10.76933,
       48.58237
      ],
      [
       10.77024,
       48.58255
      ],
      [
       10.77049,
       48.58136
      ],
      [
       10.76971,
       48.58124
      ],
      [
       10.76984,
       48.5802
      ],
      [
       10.7701,
       48.57985
      ],
      [
       10.77128,
       48.57926
      ],
      [
       10.77181,
       48.57873
      ],
      [
       10.76935,
       48.57801
      ],
      [
       10.76918,
       48.57685
      ],
      [
       10.76933,
       48.57502
      ],
      [
       10.77618,
       48.57622
      ],
      [
       10.77654,
       48.57605
      ],
      [
       10.77645,
       48.57585
      ],
      [
       10.77689,
       48.57068
      ],
      [
       10.77661,
       48.56889
      ],
      [
       10.78037,
       48.56866
      ],
      [
       10.78085,
       48.56449
      ],
      [
       10.78087,
       48.56259
      ],
      [
       10.77734,
       48.56272
      ],
      [
       10.77434,
       48.56253
      ],
      [
       10.77426,
       48.56328
      ],
      [
       10.77288,
       48.56292
      ],
      [
       10.77057,
       48.56254
      ],
      [
       10.77067,
       48.56246
      ],
      [
       10.77051,
       48.56222
      ],
      [
       10.76906,
       48.56051
      ],
      [
       10.76918,
       48.55965
      ],
      [
       10.7696,
       48.55919
      ],
      [
       10.76867,
       48.55882
      ],
      [
       10.76886,
       48.5576
      ],
      [
       10.76567,
       48.55741
      ],
      [
       10.76547,
       48.55727
      ],
      [
       10.76536,
       48.55657
      ],
      [
       10.76409,
       48.55665
      ],
      [
       10.76409,
       48.55618
      ],
      [
       10.76345,
       48.55456
      ],
      [
       10.76157,
       48.55549
      ],
      [
       10.76164,
       48.55477
      ],
      [
       10.76202,
       48.55397
      ],
      [
       10.76293,
       48.55354
      ],
      [
       10.76335,
       48.55309
      ],
      [
       10.76269,
       48.5517
      ],
      [
       10.76251,
       48.551
      ],
      [
       10.76276,
       48.54977
      ],
      [
       10.76331,
       48.5487
      ],
      [
       10.76406,
       48.54817
      ],
      [
       10.76518,
       48.54759
      ],
      [
       10.76744,
       48.5467
      ],
      [
       10.76801,
       48.5455
      ],
      [
       10.76704,
       48.54528
      ],
      [
       10.76599,
       48.54479
      ],
      [
       10.76595,
       48.54431
      ],
      [
       10.76618,
       48.54381
      ],
      [
       10.76623,
       48.5432
      ],
      [
       10.76538,
       48.54208
      ],
      [
       10.76568,
       48.54138
      ],
      [
       10.76692,
       48.54134
      ],
      [
       10.767,
       48.54119
      ],
      [
       10.76778,
       48.54159
      ],
      [
       10.76774,
       48.53973
      ],
      [
       10.77154,
       48.53963
      ],
      [
       10.77153,
       48.53938
      ],
      [
       10.77196,
       48.53934
      ],
      [
       10.77166,
       48.53796
      ],
      [
       10.77272,
       48.53787
      ],
      [
       10.7727,
       48.53704
      ],
      [
       10.77286,
       48.53657
      ],
      [
       10.77345,
       48.53683
      ],
      [
       10.7733,
       48.53617
      ],
      [
       10.77331,
       48.53514
      ],
      [
       10.77323,
       48.53504
      ],
      [
       10.77126,
       48.5348
      ],
      [
       10.77375,
       48.53335
      ],
      [
       10.7727,
       48.53272
      ],
      [
       10.77142,
       48.53237
      ],
      [
       10.77147,
       48.53213
      ],
      [
       10.76905,
       48.53252
      ],
      [
       10.76795,
       48.52993
      ],
      [
       10.77146,
       48.52885
      ],
      [
       10.77135,
       48.52867
      ],
      [
       10.77006,
       48.52903
      ],
      [
       10.76901,
       48.5289
      ],
      [
       10.76742,
       48.52904
      ],
      [
       10.76748,
       48.5289
      ],
      [
       10.76734,
       48.52867
      ],
      [
       10.76592,
       48.52876
      ],
      [
       10.76486,
       48.52895
      ],
      [
       10.76438,
       48.52918
      ],
      [
       10.76298,
       48.52794
      ],
      [
       10.76175,
       48.52609
      ],
      [
       10.76123,
       48.52396
      ],
      [
       10.76086,
       48.52364
      ],
      [
       10.76022,
       48.5234
      ],
      [
       10.76059,
       48.52202
      ],
      [
       10.76111,
       48.5221
      ],
      [
       10.76105,
       48.52156
      ],
      [
       10.76227,
       48.52055
      ],
      [
       10.76101,
       48.52058
      ],
      [
       10.76109,
       48.51903
      ],
      [
       10.7589,
       48.51952
      ],
      [
       10.75847,
       48.5185
      ],
      [
       10.7581,
       48.51798
      ],
      [
       10.75762,
       48.5176
      ],
      [
       10.75644,
       48.51724
      ],
      [
       10.75695,
       48.51695
      ],
      [
       10.757,
       48.51611
      ],
      [
       10.75493,
       48.51594
      ],
      [
       10.75507,
       48.51642
      ],
      [
       10.75503,
       48.51684
      ],
      [
       10.75403,
       48.51595
      ],
      [
       10.75296,
       48.5155
      ],
      [
       10.7553,
       48.51264
      ],
      [
       10.75375,
       48.51207
      ],
      [
       10.75112,
       48.51142
      ],
      [
       10.74991,
       48.51125
      ],
      [
       10.74948,
       48.51103
      ],
      [
       10.74867,
       48.51094
      ],
      [
       10.74872,
       48.51084
      ],
      [
       10.74795,
       48.51052
      ],
      [
       10.74559,
       48.5097
      ],
      [
       10.74522,
       48.50822
      ],
      [
       10.74523,
       48.50689
      ],
      [
       10.74449,
       48.50585
      ],
      [
       10.74425,
       48.50506
      ],
      [
       10.74582,
       48.50428
      ],
      [
       10.74731,
       48.50329
      ],
      [
       10.74791,
       48.50368
      ],
      [
       10.74907,
       48.50402
      ],
      [
       10.75021,
       48.50476
      ],
      [
       10.75057,
       48.50482
      ],
      [
       10.75215,
       48.50442
      ],
      [
       10.75349,
       48.50379
      ],
      [
       10.75436,
       48.50329
      ],
      [
       10.75527,
       48.50245
      ],
      [
       10.75606,
       48.50208
      ],
      [
       10.75906,
       48.50156
      ],
      [
       10.76079,
       48.50151
      ],
      [
       10.7617,
       48.50135
      ],
      [
       10.76328,
       48.50054
      ],
      [
       10.76471,
       48.50011
      ],
      [
       10.76501,
       48.4991
      ],
      [
       10.7648,
       48.49857
      ],
      [
       10.7652,
       48.49773
      ],
      [
       10.76293,
       48.49714
      ],
      [
       10.76019,
       48.49801
      ],
      [
       10.75996,
       48.49814
      ],
      [
       10.75981,
       48.49843
      ],
      [
       10.75733,
       48.49858
      ],
      [
       10.75699,
       48.49848
      ],
      [
       10.75671,
       48.49805
      ],
      [
       10.7565,
       48.49733
      ],
      [
       10.75569,
       48.49742
      ],
      [
       10.75548,
       48.49728
      ],
      [
       10.75461,
       48.49751
      ],
      [
       10.75499,
       48.49776
      ],
      [
       10.75447,
       48.49796
      ],
      [
       10.75417,
       48.49784
      ],
      [
       10.75218,
       48.49852
      ],
      [
       10.75211,
       48.49866
      ],
      [
       10.74866,
       48.49922
      ],
      [
       10.74673,
       48.49978
      ],
      [
       10.74433,
       48.5002
      ],
      [
       10.74336,
       48.50056
      ],
      [
       10.74353,
       48.49994
      ],
      [
       10.7446,
       48.49955
      ],
      [
       10.74553,
       48.49954
      ],
      [
       10.74645,
       48.49924
      ],
      [
       10.74743,
       48.49924
      ],
      [
       10.74812,
       48.49906
      ],
      [
       10.74867,
       48.49872
      ],
      [
       10.74966,
       48.49865
      ],
      [
       10.74942,
       48.49734
      ],
      [
       10.74983,
       48.4958
      ],
      [
       10.7502,
       48.49532
      ],
      [
       10.75023,
       48.49473
      ],
      [
       10.74815,
       48.49452
      ],
      [
       10.74771,
       48.49374
      ],
      [
       10.7471,
       48.49211
      ],
      [
       10.74606,
       48.49186
      ],
      [
       10.74486,
       48.49103
      ],
      [
       10.74314,
       48.49215
      ],
      [
       10.74124,
       48.49281
      ],
      [
       10.74096,
       48.49228
      ],
      [
       10.73855,
       48.49252
      ],
      [
       10.73495,
       48.49253
      ],
      [
       10.73493,
       48.49161
      ],
      [
       10.73341,
       48.49176
      ],
      [
       10.73027,
       48.49168
      ],
      [
       10.72918,
       48.49188
      ],
      [
       10.7267,
       48.4919
      ],
      [
       10.72586,
       48.49135
      ],
      [
       10.72561,
       48.49099
      ],
      [
       10.72541,
       48.49094
      ],
      [
       10.72451,
       48.4899
      ],
      [
       10.72278,
       48.49028
      ],
      [
       10.72209,
       48.49027
      ],
      [
       10.72154,
       48.49016
      ],
      [
       10.72094,
       48.48968
      ],
      [
       10.71799,
       48.4889
      ],
      [
       10.71728,
       48.48848
      ],
      [
       10.7173,
       48.48726
      ],
      [
       10.71846,
       48.48694
      ],
      [
       10.71955,
       48.48641
      ],
      [
       10.71975,
       48.48612
      ],
      [
       10.7198,
       48.48539
      ],
      [
       10.72228,
       48.4856
      ],
      [
       10.72239,
       48.4853
      ],
      [
       10.72231,
       48.48503
      ],
      [
       10.7229,
       48.48446
      ],
      [
       10.7204,
       48.48415
      ],
      [
       10.71887,
       48.48362
      ],
      [
       10.7175,
       48.48439
      ],
      [
       10.71373,
       48.48196
      ],
      [
       10.71355,
       48.48221
      ],
      [
       10.71501,
       48.48315
      ],
      [
       10.71576,
       48.48385
      ],
      [
       10.71487,
       48.48484
      ],
      [
       10.71477,
       48.48525
      ],
      [
       10.71327,
       48.48523
      ],
      [
       10.71303,
       48.48541
      ],
      [
       10.71012,
       48.48514
      ],
      [
       10.70759,
       48.4851
      ],
      [
       10.70737,
       48.48474
      ],
      [
       10.70727,
       48.48382
      ],
      [
       10.70746,
       48.48342
      ],
      [
       10.7072,
       48.48215
      ],
      [
       10.70582,
       48.4815
      ],
      [
       10.70431,
       48.48136
      ],
      [
       10.7013,
       48.48072
      ],
      [
       10.70086,
       48.48045
      ],
      [
       10.70041,
       48.48041
      ],
      [
       10.70158,
       48.48979
      ],
      [
       10.70062,
       48.48989
      ],
      [
       10.69852,
       48.49142
      ],
      [
       10.69805,
       48.49185
      ],
      [
       10.69817,
       48.49204
      ],
      [
       10.69759,
       48.49248
      ],
      [
       10.69718,
       48.49253
      ],
      [
       10.69619,
       48.49318
      ],
      [
       10.695,
       48.49345
      ],
      [
       10.69481,
       48.49356
      ],
      [
       10.69476,
       48.49397
      ],
      [
       10.69437,
       48.49425
      ],
      [
       10.69427,
       48.49381
      ],
      [
       10.69367,
       48.49376
      ],
      [
       10.68759,
       48.49452
      ],
      [
       10.68621,
       48.49427
      ],
      [
       10.68364,
       48.4946
      ],
      [
       10.68199,
       48.4955
      ],
      [
       10.68085,
       48.49637
      ],
      [
       10.68012,
       48.49662
      ],
      [
       10.67776,
       48.49704
      ],
      [
       10.67698,
       48.49768
      ],
      [
       10.67495,
       48.49876
      ],
      [
       10.67457,
       48.49786
      ],
      [
       10.67289,
       48.49812
      ],
      [
       10.67244,
       48.49766
      ],
      [
       10.67228,
       48.49732
      ],
      [
       10.67095,
       48.49807
      ],
      [
       10.67075,
       48.49785
      ],
      [
       10.67056,
       48.49704
      ],
      [
       10.66943,
       48.4973
      ],
      [
       10.66748,
       48.49691
      ],
      [
       10.66626,
       48.4971
      ],
      [
       10.66595,
       48.49742
      ],
      [
       10.66541,
       48.49746
      ],
      [
       10.66488,
       48.4977
      ],
      [
       10.66444,
       48.49754
      ],
      [
       10.66313,
       48.49748
      ],
      [
       10.66109,
       48.49769
      ],
      [
       10.66084,
       48.49775
      ],
      [
       10.66038,
       48.49829
      ],
      [
       10.65697,
       48.49746
      ],
      [
       10.65691,
       48.49767
      ],
      [
       10.65084,
       48.49675
      ],
      [
       10.64996,
       48.4963
      ],
      [
       10.65023,
       48.49558
      ],
      [
       10.6496,
       48.49512
      ],
      [
       10.64957,
       48.49467
      ],
      [
       10.64927,
       48.49442
      ],
      [
       10.64936,
       48.49391
      ],
      [
       10.64977,
       48.49389
      ],
      [
       10.6502,
       48.49325
      ],
      [
       10.64773,
       48.49207
      ],
      [
       10.64784,
       48.49191
      ],
      [
       10.64501,
       48.49065
      ],
      [
       10.64469,
       48.49037
      ],
      [
       10.64357,
       48.49005
      ],
      [
       10.64222,
       48.48989
      ],
      [
       10.64214,
       48.49107
      ],
      [
       10.64174,
       48.49164
      ],
      [
       10.64098,
       48.49317
      ],
      [
       10.63918,
       48.49516
      ],
      [
       10.6387,
       48.49673
      ],
      [
       10.63474,
       48.49741
      ],
      [
       10.63303,
       48.49695
      ],
      [
       10.63118,
       48.49618
      ],
      [
       10.63049,
       48.49709
      ],
      [
       10.62822,
       48.49697
      ],
      [
       10.62814,
       48.49723
      ],
      [
       10.62753,
       48.49726
      ],
      [
       10.62638,
       48.49797
      ],
      [
       10.62401,
       48.49873
      ],
      [
       10.62405,
       48.49921
      ],
      [
       10.62339,
       48.49908
      ],
      [
       10.62312,
       48.49855
      ],
      [
       10.61956,
       48.49798
      ],
      [
       10.61844,
       48.49874
      ],
      [
       10.61859,
       48.49893
      ],
      [
       10.61771,
       48.49892
      ],
      [
       10.61769,
       48.49877
      ],
      [
       10.61733,
       48.49857
      ],
      [
       10.6153,
       48.49807
      ],
      [
       10.61299,
       48.49829
      ],
      [
       10.61251,
       48.49814
      ],
      [
       10.61226,
       48.49755
      ],
      [
       10.61165,
       48.49679
      ],
      [
       10.61149,
       48.49623
      ],
      [
       10.61174,
       48.49596
      ],
      [
       10.61303,
       48.49537
      ],
      [
       10.61321,
       48.49515
      ],
      [
       10.61339,
       48.49458
      ],
      [
       10.61337,
       48.4938
      ],
      [
       10.61315,
       48.49353
      ],
      [
       10.61362,
       48.49251
      ],
      [
       10.61346,
       48.49226
      ],
      [
       10.61308,
       48.49219
      ],
      [
       10.61192,
       48.49251
      ],
      [
       10.61096,
       48.49251
      ],
      [
       10.61082,
       48.49203
      ],
      [
       10.61036,
       48.49134
      ],
      [
       10.61038,
       48.49096
      ],
      [
       10.61073,
       48.49031
      ],
      [
       10.61054,
       48.48999
      ],
      [
       10.61019,
       48.48978
      ],
      [
       10.60947,
       48.48977
      ],
      [
       10.60939,
       48.48998
      ],
      [
       10.60964,
       48.49029
      ],
      [
       10.60958,
       48.49054
      ],
      [
       10.60796,
       48.49043
      ],
      [
       10.60657,
       48.49053
      ],
      [
       10.60624,
       48.49039
      ],
      [
       10.60654,
       48.49116
      ],
      [
       10.60331,
       48.49145
      ],
      [
       10.60252,
       48.4902
      ],
      [
       10.60056,
       48.49053
      ],
      [
       10.60067,
       48.49103
      ],
      [
       10.59831,
       48.49132
      ],
      [
       10.59825,
       48.491
      ],
      [
       10.59775,
       48.49106
      ],
      [
       10.59787,
       48.49176
      ],
      [
       10.59509,
       48.4924
      ],
      [
       10.59227,
       48.49324
      ],
      [
       10.59157,
       48.49206
      ],
      [
       10.59028,
       48.49272
      ],
      [
       10.58844,
       48.49295
      ],
      [
       10.58777,
       48.491
      ],
      [
       10.58907,
       48.49124
      ],
      [
       10.59065,
       48.49112
      ],
      [
       10.59159,
       48.49082
      ],
      [
       10.59141,
       48.49013
      ],
      [
       10.59328,
       48.48973
      ],
      [
       10.59723,
       48.48817
      ],
      [
       10.59697,
       48.48789
      ],
      [
       10.59266,
       48.48955
      ],
      [
       10.59053,
       48.48983
      ],
      [
       10.59015,
       48.48856
      ],
      [
       10.58742,
       48.48878
      ],
      [
       10.58725,
       48.48688
      ],
      [
       10.58397,
       48.48711
      ],
      [
       10.58459,
       48.4858
      ],
      [
       10.58292,
       48.48542
      ],
      [
       10.58198,
       48.48537
      ],
      [
       10.57893,
       48.48551
      ],
      [
       10.57863,
       48.48491
      ],
      [
       10.57813,
       48.48456
      ],
      [
       10.57777,
       48.48386
      ],
      [
       10.57666,
       48.48383
      ],
      [
       10.57665,
       48.48336
      ],
      [
       10.57555,
       48.48318
      ],
      [
       10.57404,
       48.48318
      ],
      [
       10.57216,
       48.48356
      ],
      [
       10.57042,
       48.48409
      ],
      [
       10.56959,
       48.48418
      ],
      [
       10.56866,
       48.48356
      ],
      [
       10.56829,
       48.48276
      ],
      [
       10.5707,
       48.48226
      ],
      [
       10.57057,
       48.48131
      ],
      [
       10.57098,
       48.48136
      ],
      [
       10.57104,
       48.48114
      ],
      [
       10.56839,
       48.48065
      ],
      [
       10.56848,
       48.48042
      ],
      [
       10.56792,
       48.48026
      ],
      [
       10.56816,
       48.47986
      ],
      [
       10.56776,
       48.47973
      ],
      [
       10.56573,
       48.47945
      ],
      [
       10.56579,
       48.47978
      ],
      [
       10.56276,
       48.47982
      ],
      [
       10.5609,
       48.4797
      ],
      [
       10.56098,
       48.47938
      ],
      [
       10.55899,
       48.47942
      ],
      [
       10.55483,
       48.47463
      ],
      [
       10.55236,
       48.47476
      ],
      [
       10.54705,
       48.47674
      ],
      [
       10.54716,
       48.47703
      ],
      [
       10.54784,
       48.47779
      ],
      [
       10.54807,
       48.47842
      ],
      [
       10.54795,
       48.47865
      ],
      [
       10.54648,
       48.47967
      ],
      [
       10.54569,
       48.481
      ],
      [
       10.53805,
       48.47665
      ],
      [
       10.53657,
       48.47599
      ],
      [
       10.53356,
       48.47411
      ],
      [
       10.52792,
       48.47122
      ],
      [
       10.52874,
       48.4713
      ],
      [
       10.52888,
       48.47085
      ],
      [
       10.53151,
       48.46964
      ],
      [
       10.53147,
       48.46932
      ],
      [
       10.53171,
       48.46912
      ],
      [
       10.53352,
       48.46799
      ],
      [
       10.53346,
       48.46724
      ],
      [
       10.53376,
       48.46657
      ],
      [
       10.5335,
       48.46558
      ],
      [
       10.53281,
       48.4642
      ],
      [
       10.53282,
       48.4628
      ],
      [
       10.53264,
       48.46182
      ],
      [
       10.53266,
       48.46125
      ],
      [
       10.53302,
       48.46006
      ],
      [
       10.53321,
       48.45886
      ],
      [
       10.53308,
       48.45725
      ],
      [
       10.53321,
       48.45683
      ],
      [
       10.53388,
       48.4558
      ],
      [
       10.53388,
       48.45534
      ],
      [
       10.53483,
       48.45259
      ],
      [
       10.53484,
       48.45167
      ],
      [
       10.53464,
       48.45059
      ],
      [
       10.5348,
       48.4485
      ],
      [
       10.53531,
       48.44809
      ],
      [
       10.53597,
       48.44726
      ],
      [
       10.53633,
       48.44711
      ],
      [
       10.53667,
       48.44389
      ],
      [
       10.53671,
       48.44183
      ],
      [
       10.53661,
       48.44131
      ],
      [
       10.53678,
       48.44046
      ],
      [
       10.53716,
       48.43965
      ],
      [
       10.53744,
       48.43812
      ],
      [
       10.53728,
       48.43704
      ],
      [
       10.5374,
       48.43579
      ],
      [
       10.5378,
       48.43473
      ],
      [
       10.53776,
       48.43454
      ],
      [
       10.5385,
       48.43319
      ],
      [
       10.53846,
       48.43289
      ],
      [
       10.53985,
       48.43137
      ],
      [
       10.54038,
       48.43021
      ],
      [
       10.54127,
       48.42955
      ],
      [
       10.54222,
       48.42846
      ],
      [
       10.542,
       48.4269
      ],
      [
       10.54218,
       48.42624
      ],
      [
       10.54216,
       48.42579
      ],
      [
       10.54119,
       48.42568
      ],
      [
       10.54028,
       48.42576
      ],
      [
       10.53775,
       48.42545
      ],
      [
       10.53429,
       48.42549
      ],
      [
       10.53546,
       48.42518
      ],
      [
       10.53526,
       48.42487
      ],
      [
       10.53208,
       48.42571
      ],
      [
       10.53234,
       48.42502
      ],
      [
       10.53164,
       48.42421
      ],
      [
       10.53017,
       48.42494
      ],
      [
       10.52584,
       48.42173
      ],
      [
       10.52228,
       48.42028
      ],
      [
       10.51975,
       48.41815
      ],
      [
       10.51796,
       48.41735
      ],
      [
       10.51701,
       48.41657
      ],
      [
       10.51665,
       48.41601
      ],
      [
       10.51499,
       48.41624
      ],
      [
       10.51469,
       48.4161
      ],
      [
       10.51355,
       48.41614
      ],
      [
       10.51304,
       48.41598
      ],
      [
       10.513,
       48.41632
      ],
      [
       10.51248,
       48.41681
      ],
      [
       10.5112,
       48.41688
      ],
      [
       10.50952,
       48.41555
      ],
      [
       10.50812,
       48.41513
      ],
      [
       10.50656,
       48.41425
      ],
      [
       10.50635,
       48.41391
      ],
      [
       10.50577,
       48.41385
      ],
      [
       10.50552,
       48.41295
      ],
      [
       10.50546,
       48.41157
      ],
      [
       10.50578,
       48.40957
      ],
      [
       10.50561,
       48.40947
      ],
      [
       10.50556,
       48.40913
      ],
      [
       10.50917,
       48.40864
      ],
      [
       10.51283,
       48.40791
      ],
      [
       10.51442,
       48.40797
      ],
      [
       10.51465,
       48.40786
      ],
      [
       10.51473,
       48.40757
      ],
      [
       10.51517,
       48.40737
      ],
      [
       10.52367,
       48.40536
      ],
      [
       10.53531,
       48.40206
      ],
      [
       10.53544,
       48.40265
      ],
      [
       10.53486,
       48.40327
      ],
      [
       10.5353,
       48.40395
      ],
      [
       10.53549,
       48.40454
      ],
      [
       10.53627,
       48.40525
      ],
      [
       10.53675,
       48.40511
      ],
      [
       10.53893,
       48.40391
      ],
      [
       10.53965,
       48.40362
      ],
      [
       10.54029,
       48.4036
      ],
      [
       10.5405,
       48.40375
      ],
      [
       10.54125,
       48.40379
      ],
      [
       10.5424,
       48.40453
      ],
      [
       10.54421,
       48.40507
      ],
      [
       10.54424,
       48.40489
      ],
      [
       10.54469,
       48.40439
      ],
      [
       10.54502,
       48.40352
      ],
      [
       10.54552,
       48.40309
      ],
      [
       10.54626,
       48.4028
      ],
      [
       10.54698,
       48.40156
      ],
      [
       10.54786,
       48.40164
      ],
      [
       10.54826,
       48.40154
      ],
      [
       10.54813,
       48.40082
      ],
      [
       10.54869,
       48.39958
      ],
      [
       10.54753,
       48.39907
      ],
      [
       10.5477,
       48.39876
      ],
      [
       10.54826,
       48.39842
      ],
      [
       10.54863,
       48.39743
      ],
      [
       10.54771,
       48.39689
      ],
      [
       10.54427,
       48.39644
      ],
      [
       10.54295,
       48.39644
      ],
      [
       10.54196,
       48.39629
      ],
      [
       10.5415,
       48.39503
      ],
      [
       10.54035,
       48.39415
      ],
      [
       10.53931,
       48.39269
      ],
      [
       10.53813,
       48.39278
      ],
      [
       10.53741,
       48.39266
      ],
      [
       10.5372,
       48.39244
      ],
      [
       10.53734,
       48.39163
      ],
      [
       10.5385,
       48.39088
      ],
      [
       10.5391,
       48.39064
      ],
      [
       10.53907,
       48.39027
      ],
      [
       10.5361,
       48.3895
      ],
      [
       10.53447,
       48.38859
      ],
      [
       10.53327,
       48.38867
      ],
      [
       10.53299,
       48.38896
      ],
      [
       10.53297,
       48.38927
      ],
      [
       10.53263,
       48.38983
      ],
      [
       10.53207,
       48.39008
      ],
      [
       10.52913,
       48.39014
      ],
      [
       10.5276,
       48.39001
      ],
      [
       10.52619,
       48.39005
      ],
      [
       10.52575,
       48.38991
      ],
      [
       10.52541,
       48.38942
      ],
      [
       10.52559,
       48.38867
      ],
      [
       10.52502,
       48.3877
      ],
      [
       10.52443,
       48.38719
      ],
      [
       10.52448,
       48.38517
      ],
      [
       10.52443,
       48.38492
      ],
      [
       10.52405,
       48.38447
      ],
      [
       10.52159,
       48.38465
      ],
      [
       10.52016,
       48.38449
      ],
      [
       10.51935,
       48.38454
      ],
      [
       10.51908,
       48.38378
      ],
      [
       10.51852,
       48.38311
      ],
      [
       10.51551,
       48.38043
      ],
      [
       10.51542,
       48.38013
      ],
      [
       10.51555,
       48.37985
      ],
      [
       10.51584,
       48.37979
      ],
      [
       10.5159,
       48.37934
      ],
      [
       10.5167,
       48.37923
      ],
      [
       10.51681,
       48.37797
      ],
      [
       10.51631,
       48.37793
      ],
      [
       10.51404,
       48.37605
      ],
      [
       10.51347,
       48.37575
      ],
      [
       10.51313,
       48.37539
      ],
      [
       10.51309,
       48.37507
      ],
      [
       10.51275,
       48.37463
      ],
      [
       10.51301,
       48.37413
      ],
      [
       10.51835,
       48.37309
      ],
      [
       10.51962,
       48.37199
      ],
      [
       10.52032,
       48.37094
      ],
      [
       10.52091,
       48.37033
      ],
      [
       10.51929,
       48.36857
      ],
      [
       10.52094,
       48.36729
      ],
      [
       10.52088,
       48.36672
      ],
      [
       10.51946,
       48.3654
      ],
      [
       10.51744,
       48.3641
      ],
      [
       10.51678,
       48.36288
      ],
      [
       10.51651,
       48.36046
      ],
      [
       10.51586,
       48.35661
      ],
      [
       10.51665,
       48.35385
      ],
      [
       10.51551,
       48.35323
      ],
      [
       10.51281,
       48.35377
      ],
      [
       10.51014,
       48.35373
      ],
      [
       10.50739,
       48.35291
      ],
      [
       10.50745,
       48.3527
      ],
      [
       10.50721,
       48.35235
      ],
      [
       10.50781,
       48.3512
      ],
      [
       10.50919,
       48.35054
      ],
      [
       10.51234,
       48.34986
      ],
      [
       10.51299,
       48.34989
      ],
      [
       10.51322,
       48.35032
      ],
      [
       10.51458,
       48.35028
      ],
      [
       10.5151,
       48.34967
      ],
      [
       10.51625,
       48.34902
      ],
      [
       10.51768,
       48.34882
      ],
      [
       10.51815,
       48.34833
      ],
      [
       10.51936,
       48.34811
      ],
      [
       10.51951,
       48.34776
      ],
      [
       10.52088,
       48.3475
      ],
      [
       10.52128,
       48.34725
      ],
      [
       10.51992,
       48.34733
      ],
      [
       10.51826,
       48.34722
      ],
      [
       10.51717,
       48.34474
      ],
      [
       10.51596,
       48.34465
      ],
      [
       10.516,
       48.34451
      ],
      [
       10.51648,
       48.34437
      ],
      [
       10.51638,
       48.34417
      ],
      [
       10.5157,
       48.34404
      ],
      [
       10.5157,
       48.34326
      ],
      [
       10.51541,
       48.34257
      ],
      [
       10.51546,
       48.34187
      ],
      [
       10.51488,
       48.34075
      ],
      [
       10.5145,
       48.3405
      ],
      [
       10.51445,
       48.33988
      ],
      [
       10.51424,
       48.33957
      ],
      [
       10.51448,
       48.33943
      ],
      [
       10.51413,
       48.33919
      ],
      [
       10.51382,
       48.33922
      ],
      [
       10.51332,
       48.33894
      ],
      [
       10.51319,
       48.33851
      ],
      [
       10.51289,
       48.33831
      ],
      [
       10.5128,
       48.33778
      ],
      [
       10.513,
       48.33689
      ],
      [
       10.51207,
       48.33654
      ],
      [
       10.51132,
       48.33608
      ],
      [
       10.51138,
       48.33549
      ],
      [
       10.51083,
       48.33456
      ],
      [
       10.51014,
       48.33421
      ],
      [
       10.5096,
       48.33342
      ],
      [
       10.50403,
       48.333
      ],
      [
       10.50364,
       48.33272
      ],
      [
       10.50306,
       48.33255
      ],
      [
       10.50136,
       48.33263
      ],
      [
       10.50005,
       48.33138
      ],
      [
       10.49904,
       48.33005
      ],
      [
       10.50006,
       48.32935
      ],
      [
       10.50097,
       48.32808
      ],
      [
       10.49826,
       48.32732
      ],
      [
       10.49833,
       48.32712
      ],
      [
       10.49684,
       48.32668
      ],
      [
       10.49658,
       48.32642
      ],
      [
       10.49689,
       48.32326
      ],
      [
       10.49766,
       48.32201
      ],
      [
       10.49685,
       48.32053
      ],
      [
       10.49457,
       48.31793
      ],
      [
       10.49498,
       48.3172
      ],
      [
       10.49564,
       48.31715
      ],
      [
       10.49811,
       48.31651
      ],
      [
       10.50268,
       48.31719
      ],
      [
       10.50419,
       48.31755
      ],
      [
       10.50417,
       48.3173
      ],
      [
       10.50463,
       48.31649
      ],
      [
       10.50454,
       48.31595
      ],
      [
       10.50558,
       48.31549
      ],
      [
       10.50904,
       48.31525
      ],
      [
       10.51084,
       48.31496
      ],
      [
       10.51188,
       48.31509
      ],
      [
       10.51509,
       48.31429
      ],
      [
       10.51641,
       48.31466
      ],
      [
       10.51839,
       48.31462
      ],
      [
       10.51967,
       48.31436
      ],
      [
       10.52045,
       48.31397
      ],
      [
       10.52099,
       48.31394
      ],
      [
       10.52111,
       48.31408
      ],
      [
       10.52175,
       48.3141
      ],
      [
       10.52318,
       48.31502
      ],
      [
       10.52359,
       48.31475
      ],
      [
       10.52313,
       48.31451
      ],
      [
       10.52359,
       48.31402
      ],
      [
       10.52352,
       48.3134
      ],
      [
       10.52423,
       48.31269
      ],
      [
       10.52739,
       48.31199
      ],
      [
       10.52842,
       48.31313
      ],
      [
       10.53093,
       48.31431
      ],
      [
       10.53375,
       48.31368
      ],
      [
       10.53474,
       48.31307
      ],
      [
       10.5375,
       48.31265
      ],
      [
       10.53816,
       48.31205
      ],
      [
       10.53899,
       48.31169
      ],
      [
       10.53902,
       48.31124
      ],
      [
       10.5407,
       48.31053
      ],
      [
       10.54392,
       48.31247
      ],
      [
       10.5466,
       48.31204
      ],
      [
       10.54761,
       48.31262
      ],
      [
       10.54924,
       48.31408
      ],
      [
       10.55034,
       48.31557
      ],
      [
       10.55154,
       48.31635
      ],
      [
       10.552,
       48.31776
      ],
      [
       10.55203,
       48.31846
      ],
      [
       10.55223,
       48.319
      ],
      [
       10.55197,
       48.31909
      ],
      [
       10.55203,
       48.31943
      ],
      [
       10.55185,
       48.31992
      ],
      [
       10.5516,
       48.32005
      ],
      [
       10.54983,
       48.31903
      ],
      [
       10.54696,
       48.3189
      ],
      [
       10.54622,
       48.31898
      ],
      [
       10.5459,
       48.31978
      ],
      [
       10.54588,
       48.32108
      ],
      [
       10.54678,
       48.32166
      ],
      [
       10.54726,
       48.3216
      ],
      [
       10.54898,
       48.3219
      ],
      [
       10.54958,
       48.32207
      ],
      [
       10.55006,
       48.32242
      ],
      [
       10.55075,
       48.3222
      ],
      [
       10.55152,
       48.32231
      ],
      [
       10.55167,
       48.32254
      ],
      [
       10.55281,
       48.32311
      ],
      [
       10.55516,
       48.32352
      ],
      [
       10.55538,
       48.32335
      ],
      [
       10.55566,
       48.32199
      ],
      [
       10.55611,
       48.32165
      ],
      [
       10.55613,
       48.32123
      ],
      [
       10.55928,
       48.3207
      ],
      [
       10.55913,
       48.31916
      ],
      [
       10.5622,
       48.3181
      ],
      [
       10.56202,
       48.31792
      ],
      [
       10.56367,
       48.31716
      ],
      [
       10.56295,
       48.31663
      ],
      [
       10.56339,
       48.31638
      ],
      [
       10.56206,
       48.31526
      ],
      [
       10.56244,
       48.315
      ],
      [
       10.56288,
       48.31538
      ],
      [
       10.56334,
       48.31539
      ],
      [
       10.56437,
       48.31608
      ],
      [
       10.56569,
       48.3161
      ],
      [
       10.56762,
       48.3166
      ],
      [
       10.56921,
       48.31552
      ],
      [
       10.56863,
       48.31497
      ],
      [
       10.5693,
       48.31502
      ],
      [
       10.56927,
       48.31478
      ],
      [
       10.56973,
       48.31394
      ],
      [
       10.57019,
       48.31379
      ],
      [
       10.57273,
       48.31461
      ],
      [
       10.57541,
       48.3152
      ],
      [
       10.57587,
       48.31563
      ],
      [
       10.57673,
       48.3161
      ],
      [
       10.57874,
       48.31653
      ],
      [
       10.57907,
       48.31635
      ],
      [
       10.58225,
       48.31672
      ],
      [
       10.58181,
       48.31608
      ],
      [
       10.58257,
       48.31602
      ],
      [
       10.58228,
       48.31499
      ],
      [
       10.58332,
       48.31482
      ],
      [
       10.58365,
       48.31466
      ],
      [
       10.58383,
       48.31438
      ],
      [
       10.5837,
       48.31421
      ],
      [
       10.58305,
       48.31418
      ],
      [
       10.58282,
       48.31335
      ],
      [
       10.58227,
       48.31283
      ],
      [
       10.58287,
       48.31211
      ],
      [
       10.58375,
       48.31242
      ],
      [
       10.5839,
       48.31271
      ],
      [
       10.58415,
       48.31257
      ],
      [
       10.58583,
       48.31005
      ],
      [
       10.58634,
       48.30854
      ],
      [
       10.58674,
       48.30854
      ],
      [
       10.58644,
       48.30681
      ],
      [
       10.58692,
       48.30679
      ],
      [
       10.58611,
       48.30366
      ],
      [
       10.58756,
       48.30331
      ],
      [
       10.58693,
       48.30246
      ],
      [
       10.58655,
       48.30138
      ],
      [
       10.58622,
       48.29957
      ],
      [
       10.58325,
       48.29943
      ],
      [
       10.58267,
       48.2973
      ],
      [
       10.58198,
       48.29567
      ],
      [
       10.58219,
       48.29529
      ],
      [
       10.58326,
       48.295
      ],
      [
       10.58334,
       48.29464
      ],
      [
       10.58279,
       48.29407
      ],
      [
       10.58322,
       48.29279
      ],
      [
       10.58733,
       48.29339
      ],
      [
       10.58821,
       48.29318
      ],
      [
       10.58888,
       48.29344
      ],
      [
       10.59006,
       48.2907
      ],
      [
       10.59092,
       48.28921
      ],
      [
       10.59005,
       48.28948
      ],
      [
       10.58717,
       48.28952
      ],
      [
       10.58637,
       48.28976
      ],
      [
       10.58594,
       48.28955
      ],
      [
       10.58634,
       48.28899
      ],
      [
       10.58665,
       48.28795
      ],
      [
       10.58657,
       48.2876
      ],
      [
       10.58672,
       48.2872
      ],
      [
       10.58619,
       48.28673
      ],
      [
       10.58676,
       48.28421
      ],
      [
       10.58734,
       48.28406
      ],
      [
       10.58773,
       48.28381
      ],
      [
       10.58855,
       48.28226
      ],
      [
       10.58871,
       48.28251
      ],
      [
       10.58925,
       48.28265
      ],
      [
       10.58995,
       48.28444
      ],
      [
       10.59025,
       48.28482
      ],
      [
       10.59168,
       48.28543
      ],
      [
       10.59253,
       48.28612
      ],
      [
       10.59756,
       48.28738
      ],
      [
       10.59824,
       48.28776
      ],
      [
       10.59928,
       48.28803
      ],
      [
       10.59916,
       48.2876
      ],
      [
       10.59939,
       48.28664
      ],
      [
       10.59878,
       48.28643
      ],
      [
       10.59755,
       48.28562
      ],
      [
       10.59695,
       48.28547
      ],
      [
       10.59677,
       48.28502
      ],
      [
       10.59555,
       48.28445
      ],
      [
       10.5952,
       48.28408
      ],
      [
       10.59364,
       48.28371
      ],
      [
       10.59305,
       48.28373
      ],
      [
       10.59256,
       48.28225
      ],
      [
       10.59214,
       48.28207
      ],
      [
       10.5917,
       48.28128
      ],
      [
       10.59246,
       48.28143
      ],
      [
       10.59252,
       48.28156
      ],
      [
       10.59308,
       48.28159
      ],
      [
       10.59376,
       48.28135
      ],
      [
       10.59499,
       48.28192
      ],
      [
       10.59545,
       48.28191
      ],
      [
       10.59598,
       48.28171
      ],
      [
       10.59675,
       48.28187
      ],
      [
       10.59865,
       48.28189
      ],
      [
       10.59895,
       48.28166
      ],
      [
       10.59851,
       48.28144
      ],
      [
       10.59845,
       48.28129
      ],
      [
       10.59971,
       48.28043
      ],
      [
       10.59913,
       48.2802
      ],
      [
       10.59922,
       48.27933
      ],
      [
       10.59939,
       48.27916
      ],
      [
       10.59896,
       48.27895
      ],
      [
       10.59847,
       48.27792
      ],
      [
       10.59787,
       48.27721
      ],
      [
       10.59525,
       48.27682
      ],
      [
       10.59506,
       48.27672
      ],
      [
       10.5946,
       48.27597
      ],
      [
       10.59868,
       48.27475
      ],
      [
       10.59839,
       48.27446
      ],
      [
       10.59791,
       48.27435
      ],
      [
       10.59534,
       48.27465
      ],
      [
       10.5917,
       48.27553
      ],
      [
       10.59083,
       48.2744
      ],
      [
       10.58795,
       48.27379
      ],
      [
       10.5859,
       48.27292
      ],
      [
       10.58412,
       48.27258
      ],
      [
       10.58389,
       48.27238
      ],
      [
       10.58262,
       48.27235
      ],
      [
       10.58224,
       48.27191
      ],
      [
       10.58215,
       48.27124
      ],
      [
       10.58302,
       48.26869
      ],
      [
       10.58262,
       48.26837
      ],
      [
       10.58111,
       48.26795
      ],
      [
       10.58109,
       48.2673
      ],
      [
       10.58231,
       48.26731
      ],
      [
       10.58235,
       48.26662
      ],
      [
       10.58429,
       48.26685
      ],
      [
       10.5864,
       48.26678
      ],
      [
       10.58787,
       48.2675
      ],
      [
       10.58911,
       48.2676
      ],
      [
       10.59101,
       48.26743
      ],
      [
       10.59321,
       48.26744
      ],
      [
       10.59357,
       48.26719
      ],
      [
       10.59284,
       48.26702
      ],
      [
       10.59257,
       48.26713
      ],
      [
       10.59099,
       48.2665
      ],
      [
       10.59154,
       48.26596
      ],
      [
       10.59081,
       48.26548
      ],
      [
       10.58875,
       48.26363
      ],
      [
       10.58443,
       48.26332
      ],
      [
       10.58437,
       48.26296
      ],
      [
       10.58545,
       48.26303
      ],
      [
       10.58541,
       48.26268
      ],
      [
       10.58299,
       48.2625
      ],
      [
       10.58085,
       48.26252
      ],
      [
       10.57899,
       48.26232
      ],
      [
       10.57859,
       48.26204
      ],
      [
       10.57854,
       48.26157
      ],
      [
       10.5783,
       48.26133
      ],
      [
       10.57772,
       48.26112
      ],
      [
       10.57659,
       48.26021
      ],
      [
       10.57524,
       48.26029
      ],
      [
       10.57379,
       48.26055
      ],
      [
       10.57376,
       48.2604
      ],
      [
       10.57255,
       48.26043
      ],
      [
       10.56979,
       48.2599
      ],
      [
       10.57233,
       48.26022
      ],
      [
       10.57313,
       48.25968
      ],
      [
       10.57481,
       48.25903
      ],
      [
       10.57433,
       48.25849
      ],
      [
       10.5757,
       48.25749
      ],
      [
       10.57465,
       48.25657
      ],
      [
       10.5729,
       48.25566
      ],
      [
       10.57244,
       48.25514
      ],
      [
       10.57126,
       48.25545
      ],
      [
       10.57106,
       48.25521
      ],
      [
       10.57045,
       48.25524
      ],
      [
       10.5702,
       48.25512
      ],
      [
       10.57018,
       48.25432
      ],
      [
       10.57144,
       48.25387
      ],
      [
       10.5705,
       48.25338
      ],
      [
       10.57065,
       48.25321
      ],
      [
       10.5702,
       48.25275
      ],
      [
       10.57088,
       48.25269
      ],
      [
       10.57114,
       48.25248
      ],
      [
       10.57066,
       48.25172
      ],
      [
       10.56954,
       48.25125
      ],
      [
       10.57121,
       48.24962
      ],
      [
       10.57144,
       48.24899
      ],
      [
       10.57033,
       48.24884
      ],
      [
       10.57049,
       48.24845
      ],
      [
       10.56935,
       48.2478
      ],
      [
       10.56887,
       48.24737
      ],
      [
       10.56844,
       48.24725
      ],
      [
       10.56813,
       48.24677
      ],
      [
       10.56698,
       48.24598
      ],
      [
       10.56783,
       48.24489
      ],
      [
       10.56835,
       48.24473
      ],
      [
       10.5701,
       48.24462
      ],
      [
       10.57098,
       48.2444
      ],
      [
       10.57127,
       48.24398
      ],
      [
       10.57046,
       48.24388
      ],
      [
       10.56871,
       48.2424
      ],
      [
       10.56774,
       48.24182
      ],
      [
       10.56602,
       48.24049
      ],
      [
       10.56529,
       48.23888
      ],
      [
       10.56387,
       48.23824
      ],
      [
       10.56342,
       48.2374
      ],
      [
       10.56293,
       48.23704
      ],
      [
       10.56131,
       48.23621
      ],
      [
       10.55781,
       48.23481
      ],
      [
       10.55892,
       48.23352
      ],
      [
       10.55927,
       48.23281
      ],
      [
       10.56038,
       48.23183
      ],
      [
       10.56108,
       48.23073
      ],
      [
       10.56165,
       48.2292
      ],
      [
       10.56265,
       48.22868
      ],
      [
       10.56303,
       48.22755
      ],
      [
       10.56309,
       48.22642
      ],
      [
       10.56289,
       48.22504
      ],
      [
       10.56228,
       48.22294
      ],
      [
       10.56193,
       48.22253
      ],
      [
       10.5612,
       48.22219
      ],
      [
       10.56113,
       48.22142
      ],
      [
       10.5614,
       48.22062
      ],
      [
       10.56188,
       48.21987
      ],
      [
       10.56334,
       48.2187
      ],
      [
       10.56487,
       48.21778
      ],
      [
       10.56578,
       48.21741
      ],
      [
       10.56641,
       48.2172
      ],
      [
       10.56744,
       48.21722
      ],
      [
       10.56923,
       48.21658
      ],
      [
       10.57325,
       48.2126
      ],
      [
       10.57359,
       48.21207
      ],
      [
       10.57508,
       48.21282
      ],
      [
       10.57735,
       48.21356
      ],
      [
       10.57868,
       48.21364
      ],
      [
       10.57903,
       48.2134
      ],
      [
       10.57947,
       48.21355
      ],
      [
       10.57965,
       48.21334
      ],
      [
       10.5806,
       48.21328
      ],
      [
       10.58189,
       48.21372
      ],
      [
       10.58315,
       48.21333
      ],
      [
       10.58364,
       48.21304
      ],
      [
       10.5841,
       48.21293
      ],
      [
       10.58479,
       48.21306
      ],
      [
       10.58549,
       48.21269
      ],
      [
       10.5854,
       48.21243
      ],
      [
       10.58557,
       48.21233
      ],
      [
       10.58733,
       48.21199
      ],
      [
       10.58889,
       48.21089
      ],
      [
       10.59108,
       48.2109
      ],
      [
       10.59115,
       48.21055
      ],
      [
       10.59163,
       48.21014
      ],
      [
       10.59109,
       48.20995
      ],
      [
       10.59116,
       48.20955
      ],
      [
       10.59056,
       48.20934
      ],
      [
       10.59107,
       48.20866
      ],
      [
       10.5914,
       48.20777
      ],
      [
       10.59143,
       48.20685
      ],
      [
       10.59168,
       48.20682
      ],
      [
       10.59134,
       48.20586
      ],
      [
       10.59064,
       48.20568
      ],
      [
       10.58984,
       48.20445
      ],
      [
       10.58972,
       48.20476
      ],
      [
       10.58923,
       48.20507
      ],
      [
       10.58746,
       48.20503
      ],
      [
       10.58656,
       48.20479
      ],
      [
       10.58656,
       48.20439
      ],
      [
       10.58624,
       48.20409
      ],
      [
       10.58555,
       48.20403
      ],
      [
       10.58495,
       48.20419
      ],
      [
       10.58278,
       48.204
      ],
      [
       10.58181,
       48.20332
      ],
      [
       10.57984,
       48.20306
      ],
      [
       10.57932,
       48.2028
      ],
      [
       10.57892,
       48.20236
      ],
      [
       10.57892,
       48.20178
      ],
      [
       10.58134,
       48.19874
      ],
      [
       10.57928,
       48.19805
      ],
      [
       10.57786,
       48.19772
      ],
      [
       10.5769,
       48.19768
      ],
      [
       10.57664,
       48.1974
      ],
      [
       10.57643,
       48.19678
      ],
      [
       10.5764,
       48.19644
      ],
      [
       10.57652,
       48.1961
      ],
      [
       10.57736,
       48.1959
      ],
      [
       10.57773,
       48.1953
      ],
      [
       10.57829,
       48.19494
      ],
      [
       10.57959,
       48.19471
      ],
      [
       10.58028,
       48.19467
      ],
      [
       10.58071,
       48.19479
      ],
      [
       10.58092,
       48.19461
      ],
      [
       10.58158,
       48.19497
      ],
      [
       10.58229,
       48.1942
      ],
      [
       10.58293,
       48.19442
      ],
      [
       10.58488,
       48.19473
      ],
      [
       10.5861,
       48.19478
      ],
      [
       10.58628,
       48.19373
      ],
      [
       10.58622,
       48.19352
      ],
      [
       10.58679,
       48.19346
      ],
      [
       10.58676,
       48.19305
      ],
      [
       10.58756,
       48.19293
      ],
      [
       10.58753,
       48.19248
      ],
      [
       10.58837,
       48.19242
      ],
      [
       10.5906,
       48.19273
      ],
      [
       10.59075,
       48.19254
      ],
      [
       10.59359,
       48.19276
      ],
      [
       10.59511,
       48.19334
      ],
      [
       10.59561,
       48.19317
      ],
      [
       10.59625,
       48.19273
      ],
      [
       10.59696,
       48.19191
      ],
      [
       10.59793,
       48.19163
      ],
      [
       10.59735,
       48.19128
      ],
      [
       10.59765,
       48.19089
      ],
      [
       10.59425,
       48.19013
      ],
      [
       10.59264,
       48.19
      ],
      [
       10.59219,
       48.19016
      ],
      [
       10.59161,
       48.19005
      ],
      [
       10.59106,
       48.19012
      ],
      [
       10.5902,
       48.18964
      ],
      [
       10.58955,
       48.18845
      ],
      [
       10.58912,
       48.18793
      ],
      [
       10.58868,
       48.18752
      ],
      [
       10.58802,
       48.18718
      ],
      [
       10.58727,
       48.18627
      ],
      [
       10.58415,
       48.18621
      ],
      [
       10.58273,
       48.1861
      ],
      [
       10.58253,
       48.1859
      ],
      [
       10.5823,
       48.18588
      ],
      [
       10.58058,
       48.18597
      ],
      [
       10.57996,
       48.18551
      ],
      [
       10.57827,
       48.18517
      ],
      [
       10.57782,
       48.18525
      ],
      [
       10.57672,
       48.18596
      ],
      [
       10.57505,
       48.18667
      ],
      [
       10.57359,
       48.18684
      ],
      [
       10.57348,
       48.18662
      ],
      [
       10.57295,
       48.18662
      ],
      [
       10.57271,
       48.18679
      ],
      [
       10.57087,
       48.18666
      ],
      [
       10.57057,
       48.18683
      ],
      [
       10.57026,
       48.18664
      ],
      [
       10.56904,
       48.18714
      ],
      [
       10.56891,
       48.18703
      ],
      [
       10.56898,
       48.18691
      ],
      [
       10.56876,
       48.18684
      ],
      [
       10.56884,
       48.18679
      ],
      [
       10.56878,
       48.18632
      ],
      [
       10.56848,
       48.18626
      ],
      [
       10.56854,
       48.18607
      ],
      [
       10.56822,
       48.18591
      ],
      [
       10.56825,
       48.1857
      ],
      [
       10.56797,
       48.18544
      ],
      [
       10.56825,
       48.18487
      ],
      [
       10.56807,
       48.18469
      ],
      [
       10.56821,
       48.18437
      ],
      [
       10.56888,
       48.18383
      ],
      [
       10.56914,
       48.18388
      ],
      [
       10.56889,
       48.1835
      ],
      [
       10.56833,
       48.18333
      ],
      [
       10.56841,
       48.18293
      ],
      [
       10.56812,
       48.18253
      ],
      [
       10.56846,
       48.18229
      ],
      [
       10.56854,
       48.18196
      ],
      [
       10.56821,
       48.18169
      ],
      [
       10.56715,
       48.18154
      ],
      [
       10.56705,
       48.18141
      ],
      [
       10.56592,
       48.18133
      ],
      [
       10.56571,
       48.18109
      ],
      [
       10.56366,
       48.1806
      ],
      [
       10.56345,
       48.1806
      ],
      [
       10.56296,
       48.18109
      ],
      [
       10.56225,
       48.18103
      ],
      [
       10.56196,
       48.18131
      ],
      [
       10.56142,
       48.18124
      ],
      [
       10.56131,
       48.18135
      ],
      [
       10.56012,
       48.18104
      ],
      [
       10.56016,
       48.18062
      ],
      [
       10.55995,
       48.18058
      ],
      [
       10.55781,
       48.18076
      ],
      [
       10.55662,
       48.18058
      ],
      [
       10.55491,
       48.18007
      ],
      [
       10.55116,
       48.18011
      ],
      [
       10.55017,
       48.17951
      ],
      [
       10.54981,
       48.17956
      ],
      [
       10.54921,
       48.17909
      ],
      [
       10.54931,
       48.17885
      ],
      [
       10.54995,
       48.17865
      ],
      [
       10.55009,
       48.17819
      ],
      [
       10.55081,
       48.17761
      ],
      [
       10.55145,
       48.1765
      ],
      [
       10.55034,
       48.17626
      ],
      [
       10.54666,
       48.17621
      ],
      [
       10.54505,
       48.17589
      ],
      [
       10.54373,
       48.17532
      ],
      [
       10.54213,
       48.17423
      ],
      [
       10.54204,
       48.17402
      ],
      [
       10.54277,
       48.17373
      ],
      [
       10.54387,
       48.17289
      ],
      [
       10.54431,
       48.17304
      ],
      [
       10.54541,
       48.17394
      ],
      [
       10.54544,
       48.17407
      ],
      [
       10.5453,
       48.17415
      ],
      [
       10.54538,
       48.17424
      ],
      [
       10.54594,
       48.17411
      ],
      [
       10.54633,
       48.17383
      ],
      [
       10.5475,
       48.17363
      ],
      [
       10.5483,
       48.17367
      ],
      [
       10.54899,
       48.17315
      ],
      [
       10.54987,
       48.17289
      ],
      [
       10.5512,
       48.17282
      ],
      [
       10.55188,
       48.17265
      ],
      [
       10.55254,
       48.17274
      ],
      [
       10.55269,
       48.17243
      ],
      [
       10.5532,
       48.17232
      ],
      [
       10.55458,
       48.17268
      ],
      [
       10.55521,
       48.17273
      ],
      [
       10.55577,
       48.17302
      ],
      [
       10.55629,
       48.17312
      ],
      [
       10.55661,
       48.17348
      ],
      [
       10.55848,
       48.174
      ],
      [
       10.55958,
       48.1741
      ],
      [
       10.55983,
       48.17422
      ],
      [
       10.56045,
       48.17413
      ],
      [
       10.56263,
       48.1744
      ],
      [
       10.56443,
       48.17445
      ],
      [
       10.56502,
       48.17432
      ],
      [
       10.56726,
       48.17465
      ],
      [
       10.56749,
       48.17549
      ],
      [
       10.56784,
       48.17554
      ],
      [
       10.56827,
       48.17539
      ],
      [
       10.5684,
       48.17488
      ],
      [
       10.56885,
       48.17451
      ],
      [
       10.56792,
       48.1743
      ],
      [
       10.56779,
       48.1741
      ],
      [
       10.56786,
       48.17366
      ],
      [
       10.56836,
       48.1736
      ],
      [
       10.56852,
       48.17333
      ],
      [
       10.56819,
       48.1725
      ],
      [
       10.56799,
       48.17238
      ],
      [
       10.56782,
       48.17194
      ],
      [
       10.56735,
       48.17144
      ],
      [
       10.56725,
       48.17084
      ],
      [
       10.56738,
       48.17071
      ],
      [
       10.56776,
       48.17068
      ],
      [
       10.56903,
       48.171
      ],
      [
       10.5691,
       48.17081
      ],
      [
       10.56727,
       48.17039
      ],
      [
       10.56723,
       48.16986
      ],
      [
       10.56741,
       48.16901
      ],
      [
       10.56811,
       48.16881
      ],
      [
       10.56832,
       48.16811
      ],
      [
       10.56819,
       48.16774
      ],
      [
       10.56838,
       48.1674
      ],
      [
       10.5683,
       48.16716
      ],
      [
       10.56841,
       48.16701
      ],
      [
       10.56934,
       48.16673
      ],
      [
       10.56997,
       48.16695
      ],
      [
       10.57025,
       48.16679
      ],
      [
       10.57138,
       48.16679
      ],
      [
       10.5727,
       48.16724
      ],
      [
       10.57458,
       48.16767
      ],
      [
       10.57684,
       48.16797
      ],
      [
       10.5784,
       48.1678
      ],
      [
       10.58153,
       48.16696
      ],
      [
       10.58225,
       48.16708
      ],
      [
       10.5833,
       48.16697
      ],
      [
       10.58681,
       48.16737
      ],
      [
       10.59026,
       48.16665
      ],
      [
       10.59233,
       48.1664
      ],
      [
       10.59226,
       48.16572
      ],
      [
       10.59445,
       48.16533
      ],
      [
       10.5945,
       48.16585
      ],
      [
       10.59481,
       48.16581
      ],
      [
       10.59529,
       48.16547
      ],
      [
       10.59603,
       48.16548
      ],
      [
       10.59636,
       48.16595
      ],
      [
       10.59635,
       48.16627
      ],
      [
       10.59713,
       48.1661
      ],
      [
       10.59721,
       48.16643
      ],
      [
       10.59704,
       48.16672
      ],
      [
       10.59743,
       48.16671
      ],
      [
       10.5975,
       48.16632
      ],
      [
       10.59885,
       48.16629
      ],
      [
       10.59941,
       48.16604
      ],
      [
       10.60094,
       48.16596
      ],
      [
       10.60264,
       48.16518
      ],
      [
       10.60299,
       48.16473
      ],
      [
       10.60403,
       48.16449
      ],
      [
       10.60459,
       48.16385
      ],
      [
       10.6056,
       48.16352
      ],
      [
       10.60676,
       48.16263
      ],
      [
       10.60733,
       48.16168
      ],
      [
       10.60765,
       48.16066
      ],
      [
       10.60828,
       48.16027
      ],
      [
       10.61017,
       48.15986
      ],
      [
       10.61413,
       48.15951
      ],
      [
       10.61665,
       48.15956
      ],
      [
       10.61749,
       48.15934
      ],
      [
       10.61802,
       48.1589
      ],
      [
       10.61859,
       48.15786
      ],
      [
       10.61964,
       48.15776
      ],
      [
       10.62173,
       48.15823
      ],
      [
       10.62391,
       48.15797
      ],
      [
       10.62475,
       48.15802
      ],
      [
       10.62558,
       48.15822
      ],
      [
       10.6261,
       48.15851
      ],
      [
       10.62643,
       48.15979
      ],
      [
       10.62647,
       48.16055
      ],
      [
       10.62628,
       48.16098
      ],
      [
       10.62674,
       48.16112
      ],
      [
       10.62698,
       48.16145
      ],
      [
       10.62697,
       48.16222
      ],
      [
       10.6268,
       48.16242
      ],
      [
       10.62691,
       48.16286
      ],
      [
       10.62652,
       48.16334
      ],
      [
       10.62672,
       48.16362
      ],
      [
       10.62628,
       48.16365
      ],
      [
       10.62635,
       48.16385
      ],
      [
       10.62666,
       48.16426
      ],
      [
       10.62712,
       48.16419
      ],
      [
       10.62712,
       48.16454
      ],
      [
       10.62776,
       48.16522
      ],
      [
       10.62743,
       48.16543
      ],
      [
       10.6275,
       48.16556
      ],
      [
       10.62886,
       48.16636
      ],
      [
       10.62923,
       48.16682
      ],
      [
       10.63032,
       48.16735
      ],
      [
       10.63126,
       48.16747
      ],
      [
       10.63192,
       48.16728
      ],
      [
       10.63296,
       48.16669
      ],
      [
       10.63358,
       48.16661
      ],
      [
       10.63563,
       48.16676
      ],
      [
       10.6367,
       48.16752
      ],
      [
       10.63849,
       48.16781
      ],
      [
       10.6393,
       48.16812
      ],
      [
       10.64036,
       48.16816
      ],
      [
       10.64117,
       48.16853
      ],
      [
       10.64297,
       48.16972
      ],
      [
       10.6437,
       48.16832
      ],
      [
       10.64446,
       48.16727
      ],
      [
       10.64455,
       48.16605
      ],
      [
       10.6462,
       48.16567
      ],
      [
       10.64886,
       48.16538
      ],
      [
       10.64893,
       48.16646
      ],
      [
       10.65001,
       48.16661
      ],
      [
       10.65076,
       48.16687
      ],
      [
       10.65224,
       48.16886
      ],
      [
       10.65265,
       48.169
      ],
      [
       10.65301,
       48.1699
      ],
      [
       10.65353,
       48.17042
      ],
      [
       10.6554,
       48.17151
      ],
      [
       10.65838,
       48.17143
      ],
      [
       10.66073,
       48.17086
      ],
      [
       10.66185,
       48.17087
      ],
      [
       10.66271,
       48.1707
      ],
      [
       10.66391,
       48.17007
      ],
      [
       10.66526,
       48.1688
      ],
      [
       10.66633,
       48.16821
      ],
      [
       10.66709,
       48.16821
      ],
      [
       10.66727,
       48.16829
      ],
      [
       10.66812,
       48.16957
      ],
      [
       10.669,
       48.16976
      ],
      [
       10.66921,
       48.17111
      ],
      [
       10.6695,
       48.17175
      ],
      [
       10.67087,
       48.17318
      ],
      [
       10.67116,
       48.17364
      ],
      [
       10.6728,
       48.17342
      ],
      [
       10.67368,
       48.17363
      ],
      [
       10.6745,
       48.17344
      ],
      [
       10.6756,
       48.17356
      ],
      [
       10.67674,
       48.17335
      ],
      [
       10.67748,
       48.17344
      ],
      [
       10.67834,
       48.17337
      ],
      [
       10.67883,
       48.17355
      ],
      [
       10.67952,
       48.17325
      ],
      [
       10.68042,
       48.17325
      ],
      [
       10.68267,
       48.1729
      ],
      [
       10.68286,
       48.17254
      ],
      [
       10.68494,
       48.17236
      ],
      [
       10.68501,
       48.17211
      ],
      [
       10.68473,
       48.17141
      ],
      [
       10.6849,
       48.17097
      ],
      [
       10.68489,
       48.17058
      ],
      [
       10.68691,
       48.16877
      ],
      [
       10.68663,
       48.16862
      ],
      [
       10.68754,
       48.16789
      ],
      [
       10.69,
       48.16536
      ],
      [
       10.6928,
       48.16688
      ],
      [
       10.6958,
       48.16429
      ],
      [
       10.69554,
       48.16425
      ],
      [
       10.69525,
       48.15823
      ],
      [
       10.69481,
       48.15681
      ],
      [
       10.69411,
       48.15593
      ],
      [
       10.69376,
       48.15584
      ],
      [
       10.69094,
       48.15675
      ],
      [
       10.68916,
       48.1562
      ],
      [
       10.68875,
       48.15596
      ],
      [
       10.68684,
       48.15316
      ],
      [
       10.68768,
       48.15285
      ],
      [
       10.68533,
       48.15038
      ],
      [
       10.68554,
       48.14868
      ],
      [
       10.6876,
       48.14833
      ],
      [
       10.68779,
       48.1484
      ],
      [
       10.6879,
       48.14878
      ],
      [
       10.68971,
       48.149
      ],
      [
       10.69168,
       48.14765
      ],
      [
       10.69242,
       48.1486
      ],
      [
       10.69526,
       48.1475
      ],
      [
       10.69514,
       48.14735
      ],
      [
       10.70154,
       48.14483
      ],
      [
       10.70103,
       48.14359
      ],
      [
       10.70008,
       48.14232
      ],
      [
       10.70033,
       48.14221
      ],
      [
       10.699,
       48.14053
      ],
      [
       10.6982,
       48.139
      ],
      [
       10.69733,
       48.1379
      ],
      [
       10.69618,
       48.137
      ],
      [
       10.69251,
       48.13493
      ],
      [
       10.68676,
       48.13562
      ],
      [
       10.68566,
       48.13358
      ],
      [
       10.6898,
       48.13314
      ],
      [
       10.68675,
       48.13117
      ],
      [
       10.68495,
       48.13047
      ],
      [
       10.68465,
       48.12918
      ],
      [
       10.68436,
       48.12872
      ],
      [
       10.68449,
       48.12726
      ],
      [
       10.68387,
       48.12679
      ],
      [
       10.68676,
       48.12678
      ],
      [
       10.68718,
       48.12075
      ],
      [
       10.68701,
       48.11854
      ],
      [
       10.68769,
       48.1157
      ],
      [
       10.69012,
       48.10788
      ],
      [
       10.691,
       48.10663
      ],
      [
       10.69296,
       48.10269
      ],
      [
       10.69378,
       48.10146
      ],
      [
       10.69441,
       48.09984
      ],
      [
       10.69412,
       48.09735
      ],
      [
       10.69377,
       48.09631
      ],
      [
       10.69314,
       48.09544
      ],
      [
       10.6989,
       48.09504
      ],
      [
       10.7001,
       48.09508
      ],
      [
       10.70004,
       48.09567
      ],
      [
       10.70032,
       48.09662
      ],
      [
       10.70081,
       48.09747
      ],
      [
       10.7011,
       48.09888
      ],
      [
       10.71175,
       48.09748
      ],
      [
       10.71436,
       48.09727
      ],
      [
       10.71336,
       48.09911
      ],
      [
       10.71255,
       48.10027
      ],
      [
       10.72017,
       48.10003
      ],
      [
       10.72052,
       48.10213
      ],
      [
       10.72163,
       48.10171
      ],
      [
       10.72324,
       48.10083
      ],
      [
       10.72441,
       48.10058
      ],
      [
       10.7279,
       48.09917
      ],
      [
       10.72912,
       48.10036
      ],
      [
       10.73201,
       48.09913
      ],
      [
       10.73214,
       48.09941
      ],
      [
       10.73233,
       48.10109
      ],
      [
       10.73289,
       48.10107
      ],
      [
       10.73368,
       48.10761
      ],
      [
       10.73785,
       48.10756
      ],
      [
       10.73778,
       48.10664
      ],
      [
       10.73821,
       48.10262
      ],
      [
       10.73879,
       48.10168
      ],
      [
       10.73954,
       48.09911
      ],
      [
       10.73959,
       48.09822
      ],
      [
       10.7411,
       48.09815
      ],
      [
       10.74135,
       48.09905
      ],
      [
       10.7407,
       48.09911
      ],
      [
       10.74055,
       48.10075
      ],
      [
       10.74059,
       48.10272
      ],
      [
       10.7408,
       48.10373
      ],
      [
       10.74126,
       48.10487
      ],
      [
       10.74165,
       48.10498
      ],
      [
       10.74179,
       48.10538
      ],
      [
       10.74124,
       48.10833
      ],
      [
       10.74196,
       48.10847
      ],
      [
       10.74165,
       48.1095
      ],
      [
       10.74084,
       48.11017
      ],
      [
       10.7404,
       48.1108
      ],
      [
       10.74343,
       48.11141
      ],
      [
       10.74522,
       48.1113
      ],
      [
       10.74674,
       48.1114
      ],
      [
       10.74732,
       48.11009
      ],
      [
       10.75124,
       48.1103
      ],
      [
       10.75045,
       48.10892
      ],
      [
       10.75133,
       48.10863
      ],
      [
       10.7507,
       48.10823
      ],
      [
       10.75041,
       48.10821
      ],
      [
       10.75076,
       48.10808
      ],
      [
       10.75031,
       48.10784
      ],
      [
       10.75036,
       48.10765
      ],
      [
       10.7501,
       48.10759
      ],
      [
       10.74993,
       48.10774
      ],
      [
       10.74978,
       48.10761
      ],
      [
       10.74921,
       48.10624
      ],
      [
       10.74831,
       48.10557
      ],
      [
       10.7486,
       48.10517
      ],
      [
       10.74992,
       48.10554
      ],
      [
       10.75018,
       48.10582
      ],
      [
       10.75087,
       48.10603
      ],
      [
       10.75473,
       48.10654
      ],
      [
       10.75525,
       48.10563
      ],
      [
       10.75582,
       48.1041
      ],
      [
       10.75536,
       48.10321
      ],
      [
       10.75543,
       48.10299
      ],
      [
       10.75585,
       48.10308
      ],
      [
       10.75601,
       48.10279
      ],
      [
       10.75755,
       48.10315
      ],
      [
       10.75849,
       48.1019
      ],
      [
       10.75875,
       48.10129
      ],
      [
       10.75882,
       48.10064
      ],
      [
       10.75955,
       48.09996
      ],
      [
       10.75975,
       48.09939
      ],
      [
       10.75975,
       48.09894
      ],
      [
       10.75945,
       48.09891
      ],
      [
       10.75948,
       48.09815
      ],
      [
       10.76023,
       48.09526
      ],
      [
       10.75963,
       48.09388
      ],
      [
       10.75997,
       48.09373
      ],
      [
       10.76072,
       48.09252
      ],
      [
       10.76065,
       48.09224
      ],
      [
       10.76009,
       48.0918
      ],
      [
       10.76013,
       48.09146
      ],
      [
       10.76106,
       48.09104
      ],
      [
       10.76118,
       48.0907
      ],
      [
       10.76116,
       48.09015
      ],
      [
       10.76218,
       48.08962
      ],
      [
       10.76243,
       48.08904
      ],
      [
       10.76392,
       48.09004
      ],
      [
       10.76314,
       48.09127
      ],
      [
       10.76387,
       48.09139
      ],
      [
       10.76356,
       48.09204
      ],
      [
       10.76309,
       48.09235
      ],
      [
       10.763,
       48.09352
      ],
      [
       10.76629,
       48.09447
      ],
      [
       10.76649,
       48.09337
      ],
      [
       10.76959,
       48.09406
      ],
      [
       10.76984,
       48.09408
      ],
      [
       10.76984,
       48.09368
      ],
      [
       10.77267,
       48.09411
      ],
      [
       10.77236,
       48.09493
      ],
      [
       10.77539,
       48.09545
      ],
      [
       10.77581,
       48.09427
      ],
      [
       10.77857,
       48.09521
      ],
      [
       10.77703,
       48.09684
      ],
      [
       10.77998,
       48.09805
      ],
      [
       10.78134,
       48.09792
      ],
      [
       10.78129,
       48.09825
      ],
      [
       10.78158,
       48.09851
      ],
      [
       10.78219,
       48.09812
      ],
      [
       10.78432,
       48.09737
      ],
      [
       10.78455,
       48.09785
      ],
      [
       10.78498,
       48.09804
      ],
      [
       10.78321,
       48.09972
      ],
      [
       10.79405,
       48.10212
      ],
      [
       10.79615,
       48.10274
      ],
      [
       10.79614,
       48.10215
      ],
      [
       10.7964,
       48.10178
      ],
      [
       10.79714,
       48.1023
      ],
      [
       10.80145,
       48.10418
      ],
      [
       10.79801,
       48.11507
      ],
      [
       10.79553,
       48.11423
      ],
      [
       10.79314,
       48.12125
      ],
      [
       10.78945,
       48.12048
      ],
      [
       10.78975,
       48.1211
      ],
      [
       10.78976,
       48.12141
      ],
      [
       10.78833,
       48.12523
      ],
      [
       10.78712,
       48.12569
      ],
      [
       10.79137,
       48.12661
      ],
      [
       10.79111,
       48.12742
      ],
      [
       10.79464,
       48.12812
      ],
      [
       10.79378,
       48.1305
      ],
      [
       10.78874,
       48.13842
      ],
      [
       10.78651,
       48.14369
      ],
      [
       10.78623,
       48.1447
      ],
      [
       10.78614,
       48.14798
      ],
      [
       10.78592,
       48.14984
      ],
      [
       10.78634,
       48.15011
      ]
     ]
    ]
   }
  },
  {
   "type": "Feature",
   "properties": {
    "@id": "relation/935162",
    "admin_level": "8",
    "boundary": "administrative",
    "name": "Kleinaitingen",
    "type": "boundary",
    "wikidata": "Q512970",
    "wikipedia": "de:Kleinaitingen"
   },
   "geometry": {
    "type": "Polygon",
    "coordinates": [
     [
      [
       10.83665,
       48.22957
      ],
      [
       10.83293,
       48.23021
      ],
      [
       10.8328,
       48.23007
      ],
      [
       10.8287,
       48.23074
      ],
      [
       10.8241,
       48.22484
      ],
      [
       10.82209,
       48.22248
      ],
      [
       10.82191,
       48.22223
      ],
      [
       10.82579,
       48.22162
      ],
      [
       10.82006,
       48.21438
      ],
      [
       10.82483,
       48.21378
      ],
      [
       10.82106,
       48.20935
      ],
      [
       10.82552,
       48.20914
      ],
      [
       10.82488,
       48.20842
      ],
      [
       10.82901,
       48.2082
      ],
      [
       10.82762,
       48.20686
      ],
      [
       10.8323,
       48.20586
      ],
      [
       10.83243,
       48.20633
      ],
      [
       10.8329,
       48.20642
      ],
      [
       10.83309,
       48.20629
      ],
      [
       10.84315,
       48.20428
      ],
      [
       10.84825,
       48.20296
      ],
      [
       10.84859,
       48.20269
      ],
      [
       10.8497,
       48.20234
      ],
      [
       10.85151,
       48.20151
      ],
      [
       10.85395,
       48.20124
      ],
      [
       10.85453,
       48.20106
      ],
      [
       10.85512,
       48.20069
      ],
      [
       10.86174,
       48.19908
      ],
      [
       10.86928,
       48.19793
      ],
      [
       10.87033,
       48.19563
      ],
      [
       10.87002,
       48.19492
      ],
      [
       10.86902,
       48.19438
      ],
      [
       10.86894,
       48.19417
      ],
      [
       10.87283,
       48.19354
      ],
      [
       10.87726,
       48.19309
      ],
      [
       10.87581,
       48.18873
      ],
      [
       10.87588,
       48.18805
      ],
      [
       10.87573,
       48.18662
      ],
      [
       10.87394,
       48.18
      ],
      [
       10.87335,
       48.17926
      ],
      [
       10.87267,
       48.17879
      ],
      [
       10.87386,
       48.17846
      ],
      [
       10.87542,
       48.17817
      ],
      [
       10.87659,
       48.18128
      ],
      [
       10.87727,
       48.18262
      ],
      [
       10.87718,
       48.1831
      ],
      [
       10.87729,
       48.18464
      ],
      [
       10.87721,
       48.18638
      ],
      [
       10.87738,
       48.18859
      ],
      [
       10.87725,
       48.18981
      ],
      [
       10.87751,
       48.1907
      ],
      [
       10.87883,
       48.19082
      ],
      [
       10.87873,
       48.19128
      ],
      [
       10.8789,
       48.19146
      ],
      [
       10.8791,
       48.1914
      ],
      [
       10.88012,
       48.19064
      ],
      [
       10.88254,
       48.18712
      ],
      [
       10.88565,
       48.18859
      ],
      [
       10.89052,
       48.19117
      ],
      [
       10.89161,
       48.19479
      ],
      [
       10.8926,
       48.19752
      ],
      [
       10.89297,
       48.19944
      ],
      [
       10.89329,
       48.19981
      ],
      [
       10.89614,
       48.20649
      ],
      [
       10.89768,
       48.21012
      ],
      [
       10.89816,
       48.21167
      ],
      [
       10.89652,
       48.21192
      ],
      [
       10.89527,
       48.21073
      ],
      [
       10.89395,
       48.20969
      ],
      [
       10.89237,
       48.20852
      ],
      [
       10.89185,
       48.20844
      ],
      [
       10.89194,
       48.20944
      ],
      [
       10.89178,
       48.20963
      ],
      [
       10.89171,
       48.21014
      ],
      [
       10.89144,
       48.21036
      ],
      [
       10.89136,
       48.21068
      ],
      [
       10.89082,
       48.21099
      ],
      [
       10.89084,
       48.21189
      ],
      [
       10.89139,
       48.21312
      ],
      [
       10.89253,
       48.2144
      ],
      [
       10.89239,
       48.21455
      ],
      [
       10.89237,
       48.21691
      ],
      [
       10.89168,
       48.21742
      ],
      [
       10.89045,
       48.21884
      ],
      [
       10.88696,
       48.21924
      ],
      [
       10.88753,
       48.22121
      ],
      [
       10.88188,
       48.22189
      ],
      [
       10.88199,
       48.22224
      ],
      [
       10.87423,
       48.22309
      ],
      [
       10.87442,
       48.22369
      ],
      [
       10.86889,
       48.22473
      ],
      [
       10.86877,
       48.22501
      ],
      [
       10.86818,
       48.22491
      ],
      [
       10.86727,
       48.22606
      ],
      [
       10.86637,
       48.22611
      ],
      [
       10.86583,
       48.22481
      ],
      [
       10.86505,
       48.22429
      ],
      [
       10.85787,
       48.22605
      ],
      [
       10.8477,
       48.22784
      ],
      [
       10.83665,
       48.22957
      ]
     ]
    ]
   }
  },
  {
   "type": "Feature",
   "properties": {
    "@id": "way/303424285",
    "landuse": "industrial"
   },
   "geometry": {
    "type": "Polygon",
    "coordinates": [
     [
      [
       10.85025,
       48.22152
      ],
      [
       10.85064,
       48.22212
      ],
      [
       10.85086,
       48.22207
      ],
      [
       10.85144,
       48.22285
      ],
      [
       10.85029,
       48.2231
      ],
      [
       10.84999,
       48.22262
      ],
      [
       10.84939,
       48.22274
      ],
      [
       10.84887,
       48.22185
      ],
      [
       10.85025,
       48.22152
      ]
     ]
    ]
   }
  },
  {
   "type": "Feature",
   "properties": {
    "@id": "way/376729440",
    "landuse": "commercial",
    "name": "Gewerbegebiet Kleinaitingen"
   },
   "geometry": {
    "type": "Polygon",
    "coordinates": [
     [
      [
       10.84837,
       48.22189
      ],
      [
       10.84889,
       48.22192
      ],
      [
       10.84917,
       48.22242
      ],
      [
       10.84876,
       48.2226
      ],
      [
       10.84408,
       48.22338
      ],
      [
       10.8435,
       48.22284
      ],
      [
       10.84518,
       48.22256
      ],
      [
       10.84514,
       48.22238
      ],
      [
       10.84673,
       48.22217
      ],
      [
       10.84666,
       48.22204
      ],
      [
       10.84615,
       48.22211
      ],
      [
       10.84591,
       48.22189
      ],
      [
       10.84576,
       48.2215
      ],
      [
       10.84641,
       48.22131
      ],
      [
       10.84801,
       48.22102
      ],
      [
       10.8484,
       48.22162
      ],
      [
       10.84829,
       48.22176
      ],
      [
       10.84837,
       48.22189
      ]
     ]
    ]
   }
  },
  {
   "type": "Feature",
   "properties": {
    "@id": "way/33401827",
    "highway": "tertiary",
    "name": "Unterer Talweg"
   },
   "geometry": {
    "type": "LineString",
    "coordinates": [
     [
      10.89049,
      48.31392
     ],
     [
      10.88975,
      48.3097
     ]
    ]
   }
  },
  {
   "type": "Feature",
   "properties": {
    "@id": "way/186888644",
    "highway": "tertiary",
    "name": "Unterer Talweg"
   },
   "geometry": {
    "type": "LineString",
    "coordinates": [
     [
      10.89585,
      48.32075
     ],
     [
      10.89497,
      48.32058
     ],
     [
      10.89309,
      48.32065
     ],
     [
      10.89267,
      48.32055
     ],
     [
      10.8922,
      48.32024
     ],
     [
      10.89049,
      48.31392
     ]
    ]
   }
  }
 ]
}
