{
 "type": "FeatureCollection",
 "copyright": "The data included in this document is from www.openstreetmap.org. The data is made available under ODbL.",
 "note": "Overpass export, tags reduced, rings simplified (Douglas-Peucker, tolerance 0.0004 deg) and rounded to 5 decimals.",
 "features": [
  {
   "type": "Feature",
   "properties": {
    "@id": "relation/40600",
    "admin_level": "6",
    "boundary": "administrative",
    "name": "Napoli",
    "name:de": "Metropolitanstadt Neapel",
    "name:en": "Naples",
    "name:it": "Napoli",
    "type": "boundary",
    "wikidata": "Q18241891",
    "wikipedia": "it:Città metropolitana di Napoli"
   },
   "geometry": {
    "type": "MultiPolygon",
    "coordinates": [
     [
      [
       [
        14.03798,
        40.79835
       ],
       [
        14.03737,
        40.79923
       ],
       [
        14.03616,
        40.79904
       ],
       [
        14.03565,
        40.79965
       ],
       [
        14.03633,
        40.79951
       ],
       [
        14.03527,
        40.80014
       ],
       [
        14.03567,
        40.79848
       ],
       [
        14.03798,
        40.79835
       ]
      ]
     ],
     [
      [
       [
        13.89051,
        40.7528
       ],
       [
        13.89186,
        40.75335
       ],
       [
        13.89457,
        40.75282
       ],
       [
        13.89171,
        40.75347
       ],
       [
        13.89051,
        40.7528
       ]
      ]
     ],
     [
      [
       [
        14.02741,
        40.76021
       ],
       [
        14.02837,
        40.76073
       ],
       [
        14.02704,
        40.76
       ],
       [
        14.02741,
        40.76021
       ]
      ]
     ],
     [
      [
       [
        14.25228,
        40.54079
       ],
       [
        14.25327,
        40.54066
       ],
       [
        14.25271,
        40.54122
       ],
       [
        14.25228,
        40.54079
       ]
      ]
     ],
     [
      [
       [
        14.25331,
        40.5404
       ],
       [
        14.25226,
        40.5399
       ],
       [
        14.25393,
        40.54016
       ],
       [
        14.25331,
        40.5404
       ]
      ]
     ],
     [
      [
       [
        14.2569,
        40.54345
       ],
       [
        14.25632,
        40.54389
       ],
       [
        14.25613,
        40.54299
       ],
       [
        14.2569,
        40.54345
       ]
      ]
     ],
     [
      [
       [
        14.02887,
        40.7606
       ],
       [
        14.02826,
        40.76025
       ],
       [
        14.03092,
        40.76082
       ],
       [
        14.02887,
        40.7606
       ]
      ]
     ],
     [
      [
       [
        14.46388,
        40.72942
       ],
       [
        14.46367,
        40.73015
       ],
       [
        14.46379,
        40.72953
       ],
       [
        14.46266,
        40.72937
       ],
       [
        14.46388,
        40.72942
       ]
      ]
     ],
     [
      [
       [
        14.18693,
        40.79181
       ],
       [
        14.18645,
        40.79138
       ],
       [
        14.18753,
        40.79201
       ],
       [
        14.18693,
        40.79181
       ]
      ]
     ],
     [
      [
       [
        14.37546,
        40.58789
       ],
       [
        14.37543,
        40.58738
       ],
       [
        14.37679,
        40.58719
       ],
       [
        14.37796,
        40.58893
       ],
       [
        14.37582,
        40.58859
       ],
       [
        14.37546,
        40.58789
       ]
      ]
     ],
     [
      [
       [
        14.39777,
        40.58343
       ],
       [
        14.39569,
        40.58369
       ],
       [
        14.39643,
        40.58302
       ],
       [
        14.3985,
        40.58295
       ],
       [
        14.39777,
        40.58343
       ]
      ]
     ],
     [
      [
       [
        14.08601,
        40.79303
       ],
       [
        14.09106,
        40.79
       ],
       [
        14.08839,
        40.79272
       ],
       [
        14.08601,
        40.79303
       ]
      ]
     ],
     [
      [
       [
        13.9626,
        40.7318
       ],
       [
        13.96364,
        40.73121
       ],
       [
        13.96394,
        40.73006
       ],
       [
        13.96492,
        40.72973
       ],
       [
        13.96608,
        40.72985
       ],
       [
        13.96712,
        40.73085
       ],
       [
        13.96697,
        40.73204
       ],
       [
        13.96635,
        40.73239
       ],
       [
        13.9626,
        40.7318
       ]
      ]
     ],
     [
      [
       [
        14.16006,
        40.79371
       ],
       [
        14.16042,
        40.79508
       ],
       [
        14.16165,
        40.79523
       ],
       [
        14.16204,
        40.79395
       ],
       [
        14.16062,
        40.79336
       ],
       [
        14.16379,
        40.79264
       ],
       [
        14.16703,
        40.79587
       ],
       [
        14.16821,
        40.79607
       ],
       [
        14.16719,
        40.79621
       ],
       [
        14.16746,
        40.79652
       ],
       [
        14.17033,
        40.79777
       ],
       [
        14.16736,
        40.79724
       ],
       [
        14.16381,
        40.79836
       ],
       [
        14.16327,
        40.80008
       ],
       [
        14.1625,
        40.79992
       ],
       [
        14.16346,
        40.79858
       ],
       [
        14.15969,
        40.7974
       ],
       [
        14.16003,
        40.79649
       ],
       [
        14.15936,
        40.79498
       ],
       [
        14.16006,
        40.79371
       ]
      ]
     ],
     [
      [
       [
        13.93241,
        40.70364
       ],
       [
        13.93674,
        40.70616
       ],
       [
        13.94058,
        40.70657
       ],
       [
        13.94553,
        40.70408
       ],
       [
        13.95076,
        40.70511
       ],
       [
        13.95333,
        40.70081
       ],
       [
        13.9542,
        40.70066
       ],
       [
        13.95415,
        40.70166
       ],
       [
        13.95496,
        40.70146
       ],
       [
        13.95481,
        40.70198
       ],
       [
        13.95571,
        40.70214
       ],
       [
        13.95533,
        40.70317
       ],
       [
        13.95602,
        40.70453
       ],
       [
        13.95397,
        40.70765
       ],
       [
        13.95433,
        40.70871
       ],
       [
        13.95738,
        40.70876
       ],
       [
        13.95858,
        40.71113
       ],
       [
        13.96078,
        40.71154
       ],
       [
        13.96155,
        40.71014
       ],
       [
        13.9624,
        40.71013
       ],
       [
        13.96533,
        40.71252
       ],
       [
        13.96428,
        40.71538
       ],
       [
        13.96527,
        40.71643
       ],
       [
        13.96522,
        40.71787
       ],
       [
        13.96433,
        40.71887
       ],
       [
        13.96474,
        40.71987
       ],
       [
        13.96093,
        40.72282
       ],
       [
        13.95956,
        40.72299
       ],
       [
        13.95916,
        40.72378
       ],
       [
        13.95961,
        40.72659
       ],
       [
        13.96036,
        40.72765
       ],
       [
        13.95901,
        40.72872
       ],
       [
        13.95967,
        40.72942
       ],
       [
        13.95964,
        40.73084
       ],
       [
        13.96077,
        40.73174
       ],
       [
        13.9625,
        40.73193
       ],
       [
        13.96048,
        40.73206
       ],
       [
        13.95679,
        40.73429
       ],
       [
        13.95578,
        40.73598
       ],
       [
        13.95585,
        40.73843
       ],
       [
        13.95496,
        40.73989
       ],
       [
        13.95546,
        40.74047
       ],
       [
        13.95393,
        40.74198
       ],
       [
        13.9528,
        40.74277
       ],
       [
        13.95077,
        40.74295
       ],
       [
        13.95067,
        40.74378
       ],
       [
        13.95024,
        40.74287
       ],
       [
        13.94744,
        40.74339
       ],
       [
        13.94585,
        40.74474
       ],
       [
        13.94557,
        40.74565
       ],
       [
        13.94619,
        40.7459
       ],
       [
        13.9447,
        40.74574
       ],
       [
        13.94328,
        40.74704
       ],
       [
        13.94286,
        40.74619
       ],
       [
        13.94149,
        40.74586
       ],
       [
        13.94266,
        40.74524
       ],
       [
        13.94209,
        40.7432
       ],
       [
        13.94048,
        40.74291
       ],
       [
        13.93846,
        40.74409
       ],
       [
        13.9381,
        40.74536
       ],
       [
        13.9392,
        40.74618
       ],
       [
        13.94115,
        40.74602
       ],
       [
        13.94147,
        40.7476
       ],
       [
        13.94255,
        40.74835
       ],
       [
        13.94057,
        40.74653
       ],
       [
        13.93895,
        40.747
       ],
       [
        13.93949,
        40.74743
       ],
       [
        13.93783,
        40.74676
       ],
       [
        13.93672,
        40.74735
       ],
       [
        13.93448,
        40.74631
       ],
       [
        13.93082,
        40.74619
       ],
       [
        13.92681,
        40.74849
       ],
       [
        13.92623,
        40.74934
       ],
       [
        13.92659,
        40.74971
       ],
       [
        13.92489,
        40.74942
       ],
       [
        13.92417,
        40.74977
       ],
       [
        13.92385,
        40.75106
       ],
       [
        13.92275,
        40.75134
       ],
       [
        13.91653,
        40.75054
       ],
       [
        13.91343,
        40.74911
       ],
       [
        13.91253,
        40.7493
       ],
       [
        13.91219,
        40.75022
       ],
       [
        13.91236,
        40.74931
       ],
       [
        13.91051,
        40.74968
       ],
       [
        13.90978,
        40.75126
       ],
       [
        13.91009,
        40.74986
       ],
       [
        13.90769,
        40.74884
       ],
       [
        13.90578,
        40.74948
       ],
       [
        13.9074,
        40.75066
       ],
       [
        13.907,
        40.75086
       ],
       [
        13.90744,
        40.75143
       ],
       [
        13.91132,
        40.75264
       ],
       [
        13.90743,
        40.7516
       ],
       [
        13.90482,
        40.74957
       ],
       [
        13.89753,
        40.75114
       ],
       [
        13.89685,
        40.75187
       ],
       [
        13.89497,
        40.7516
       ],
       [
        13.89213,
        40.75257
       ],
       [
        13.8903,
        40.75239
       ],
       [
        13.88905,
        40.75293
       ],
       [
        13.88996,
        40.75391
       ],
       [
        13.88785,
        40.75438
       ],
       [
        13.88953,
        40.75388
       ],
       [
        13.88883,
        40.75302
       ],
       [
        13.88584,
        40.75418
       ],
       [
        13.8857,
        40.75566
       ],
       [
        13.88511,
        40.75581
       ],
       [
        13.88579,
        40.75649
       ],
       [
        13.88502,
        40.75631
       ],
       [
        13.88456,
        40.75714
       ],
       [
        13.88565,
        40.75822
       ],
       [
        13.88529,
        40.75935
       ],
       [
        13.88474,
        40.75868
       ],
       [
        13.88292,
        40.75964
       ],
       [
        13.88189,
        40.75868
       ],
       [
        13.87846,
        40.75919
       ],
       [
        13.87771,
        40.75881
       ],
       [
        13.87816,
        40.75739
       ],
       [
        13.87613,
        40.757
       ],
       [
        13.87539,
        40.75855
       ],
       [
        13.87381,
        40.75915
       ],
       [
        13.87296,
        40.76094
       ],
       [
        13.87191,
        40.76054
       ],
       [
        13.87143,
        40.76176
       ],
       [
        13.87044,
        40.75998
       ],
       [
        13.8692,
        40.76056
       ],
       [
        13.86934,
        40.75943
       ],
       [
        13.86793,
        40.76003
       ],
       [
        13.86622,
        40.75964
       ],
       [
        13.86181,
        40.7574
       ],
       [
        13.86382,
        40.75539
       ],
       [
        13.86471,
        40.75348
       ],
       [
        13.86767,
        40.75304
       ],
       [
        13.86837,
        40.75258
       ],
       [
        13.86834,
        40.75178
       ],
       [
        13.86795,
        40.74999
       ],
       [
        13.86619,
        40.74739
       ],
       [
        13.86553,
        40.74344
       ],
       [
        13.86361,
        40.74097
       ],
       [
        13.86212,
        40.74003
       ],
       [
        13.85889,
        40.74098
       ],
       [
        13.85856,
        40.74019
       ],
       [
        13.85927,
        40.74083
       ],
       [
        13.86199,
        40.73997
       ],
       [
        13.86176,
        40.73905
       ],
       [
        13.85874,
        40.73801
       ],
       [
        13.85653,
        40.7387
       ],
       [
        13.85773,
        40.73931
       ],
       [
        13.85697,
        40.73967
       ],
       [
        13.85797,
        40.74192
       ],
       [
        13.85593,
        40.73822
       ],
       [
        13.85403,
        40.73707
       ],
       [
        13.85556,
        40.73611
       ],
       [
        13.85443,
        40.73479
       ],
       [
        13.8547,
        40.73178
       ],
       [
        13.85778,
        40.72932
       ],
       [
        13.85918,
        40.72681
       ],
       [
        13.85981,
        40.72394
       ],
       [
        13.86075,
        40.72361
       ],
       [
        13.86068,
        40.72142
       ],
       [
        13.86144,
        40.71907
       ],
       [
        13.86033,
        40.71527
       ],
       [
        13.85557,
        40.71412
       ],
       [
        13.8541,
        40.7127
       ],
       [
        13.85226,
        40.71239
       ],
       [
        13.85157,
        40.71121
       ],
       [
        13.85085,
        40.71118
       ],
       [
        13.85251,
        40.7096
       ],
       [
        13.85426,
        40.70963
       ],
       [
        13.8545,
        40.70776
       ],
       [
        13.85624,
        40.70729
       ],
       [
        13.85664,
        40.70593
       ],
       [
        13.86059,
        40.70603
       ],
       [
        13.86178,
        40.70473
       ],
       [
        13.86079,
        40.70378
       ],
       [
        13.8627,
        40.70285
       ],
       [
        13.86629,
        40.70327
       ],
       [
        13.86656,
        40.70213
       ],
       [
        13.86851,
        40.70021
       ],
       [
        13.86862,
        40.69911
       ],
       [
        13.87264,
        40.69937
       ],
       [
        13.87326,
        40.69881
       ],
       [
        13.87268,
        40.69726
       ],
       [
        13.87383,
        40.69728
       ],
       [
        13.8737,
        40.69683
       ],
       [
        13.87603,
        40.69794
       ],
       [
        13.87681,
        40.69965
       ],
       [
        13.87829,
        40.69933
       ],
       [
        13.87821,
        40.69818
       ],
       [
        13.88003,
        40.6976
       ],
       [
        13.87982,
        40.69932
       ],
       [
        13.8811,
        40.69989
       ],
       [
        13.88805,
        40.70027
       ],
       [
        13.88897,
        40.69938
       ],
       [
        13.89103,
        40.69908
       ],
       [
        13.89234,
        40.69743
       ],
       [
        13.89262,
        40.69588
       ],
       [
        13.89142,
        40.69545
       ],
       [
        13.89208,
        40.69503
       ],
       [
        13.89107,
        40.6946
       ],
       [
        13.89297,
        40.69324
       ],
       [
        13.89287,
        40.69216
       ],
       [
        13.89386,
        40.69196
       ],
       [
        13.89436,
        40.695
       ],
       [
        13.89525,
        40.69591
       ],
       [
        13.89431,
        40.69531
       ],
       [
        13.89313,
        40.69579
       ],
       [
        13.89378,
        40.69692
       ],
       [
        13.8944,
        40.6963
       ],
       [
        13.89436,
        40.69905
       ],
       [
        13.89864,
        40.70088
       ],
       [
        13.90353,
        40.7015
       ],
       [
        13.90943,
        40.70106
       ],
       [
        13.91599,
        40.69995
       ],
       [
        13.91675,
        40.6995
       ],
       [
        13.91673,
        40.69851
       ],
       [
        13.91787,
        40.69881
       ],
       [
        13.91877,
        40.69804
       ],
       [
        13.92065,
        40.69893
       ],
       [
        13.92076,
        40.69757
       ],
       [
        13.92329,
        40.69717
       ],
       [
        13.9238,
        40.69832
       ],
       [
        13.92449,
        40.69841
       ],
       [
        13.92426,
        40.69926
       ],
       [
        13.92954,
        40.70053
       ],
       [
        13.93241,
        40.70364
       ]
      ]
     ],
     [
      [
       [
        13.99961,
        40.74784
       ],
       [
        14.00201,
        40.74537
       ],
       [
        14.00273,
        40.74574
       ],
       [
        14.00413,
        40.745
       ],
       [
        14.0041,
        40.74566
       ],
       [
        14.00498,
        40.74587
       ],
       [
        14.00498,
        40.74704
       ],
       [
        14.00586,
        40.74757
       ],
       [
        14.00489,
        40.74732
       ],
       [
        14.00407,
        40.74833
       ],
       [
        14.00485,
        40.74903
       ],
       [
        14.00687,
        40.74889
       ],
       [
        14.00737,
        40.74847
       ],
       [
        14.00589,
        40.74686
       ],
       [
        14.00904,
        40.74615
       ],
       [
        14.00925,
        40.74347
       ],
       [
        14.01026,
        40.74198
       ],
       [
        14.01319,
        40.7401
       ],
       [
        14.01732,
        40.73919
       ],
       [
        14.01646,
        40.74122
       ],
       [
        14.01376,
        40.74398
       ],
       [
        14.01349,
        40.74613
       ],
       [
        14.01258,
        40.74718
       ],
       [
        14.01342,
        40.74743
       ],
       [
        14.01288,
        40.74857
       ],
       [
        14.01615,
        40.75022
       ],
       [
        14.01924,
        40.75086
       ],
       [
        14.0198,
        40.75212
       ],
       [
        14.0206,
        40.75112
       ],
       [
        14.02344,
        40.74984
       ],
       [
        14.0249,
        40.75008
       ],
       [
        14.02547,
        40.75059
       ],
       [
        14.02513,
        40.75114
       ],
       [
        14.02238,
        40.75367
       ],
       [
        14.01977,
        40.75426
       ],
       [
        14.0208,
        40.75724
       ],
       [
        14.0244,
        40.7598
       ],
       [
        14.02649,
        40.76
       ],
       [
        14.02683,
        40.76087
       ],
       [
        14.03042,
        40.76162
       ],
       [
        14.03168,
        40.76142
       ],
       [
        14.03175,
        40.76059
       ],
       [
        14.03086,
        40.76039
       ],
       [
        14.03181,
        40.76044
       ],
       [
        14.03239,
        40.75832
       ],
       [
        14.03436,
        40.76049
       ],
       [
        14.03625,
        40.76076
       ],
       [
        14.03538,
        40.76095
       ],
       [
        14.03662,
        40.76184
       ],
       [
        14.03571,
        40.76371
       ],
       [
        14.0377,
        40.76501
       ],
       [
        14.03619,
        40.76475
       ],
       [
        14.03423,
        40.76536
       ],
       [
        14.03329,
        40.76752
       ],
       [
        14.03353,
        40.76614
       ],
       [
        14.03208,
        40.76598
       ],
       [
        14.0335,
        40.76577
       ],
       [
        14.03048,
        40.76563
       ],
       [
        14.03174,
        40.76594
       ],
       [
        14.0304,
        40.7658
       ],
       [
        14.02996,
        40.76708
       ],
       [
        14.03295,
        40.76816
       ],
       [
        14.03428,
        40.76789
       ],
       [
        14.03333,
        40.76835
       ],
       [
        14.02976,
        40.76724
       ],
       [
        14.02876,
        40.76809
       ],
       [
        14.03006,
        40.76584
       ],
       [
        14.02481,
        40.76609
       ],
       [
        14.02649,
        40.76868
       ],
       [
        14.02854,
        40.76984
       ],
       [
        14.02629,
        40.76879
       ],
       [
        14.02379,
        40.76613
       ],
       [
        14.01944,
        40.7671
       ],
       [
        14.01714,
        40.76975
       ],
       [
        14.01707,
        40.77083
       ],
       [
        14.01176,
        40.76892
       ],
       [
        14.00918,
        40.76912
       ],
       [
        14.00988,
        40.76784
       ],
       [
        14.00845,
        40.76533
       ],
       [
        14.00997,
        40.76486
       ],
       [
        14.00926,
        40.76317
       ],
       [
        14.00716,
        40.76204
       ],
       [
        14.00516,
        40.76325
       ],
       [
        14.00467,
        40.76258
       ],
       [
        14.00679,
        40.7611
       ],
       [
        14.00803,
        40.76128
       ],
       [
        14.00974,
        40.7596
       ],
       [
        14.00357,
        40.74941
       ],
       [
        14.00183,
        40.74739
       ],
       [
        13.99423,
        40.74884
       ],
       [
        13.99178,
        40.74651
       ],
       [
        13.99042,
        40.74291
       ],
       [
        13.99294,
        40.74094
       ],
       [
        13.99766,
        40.74004
       ],
       [
        13.99698,
        40.742
       ],
       [
        13.99732,
        40.74308
       ],
       [
        13.99564,
        40.74384
       ],
       [
        13.99496,
        40.7458
       ],
       [
        13.99698,
        40.74796
       ],
       [
        13.99961,
        40.74784
       ]
      ]
     ],
     [
      [
       [
        14.23478,
        40.54475
       ],
       [
        14.23463,
        40.54422
       ],
       [
        14.23552,
        40.54517
       ],
       [
        14.23903,
        40.5452
       ],
       [
        14.24453,
        40.5466
       ],
       [
        14.246,
        40.54581
       ],
       [
        14.24721,
        40.54603
       ],
       [
        14.2484,
        40.54539
       ],
       [
        14.24837,
        40.54458
       ],
       [
        14.25178,
        40.54339
       ],
       [
        14.25219,
        40.54259
       ],
       [
        14.25284,
        40.54297
       ],
       [
        14.25273,
        40.54203
       ],
       [
        14.25369,
        40.54191
       ],
       [
        14.25417,
        40.54292
       ],
       [
        14.25289,
        40.54299
       ],
       [
        14.25294,
        40.54441
       ],
       [
        14.25548,
        40.54451
       ],
       [
        14.25539,
        40.54492
       ],
       [
        14.25657,
        40.54505
       ],
       [
        14.25638,
        40.54551
       ],
       [
        14.25776,
        40.54584
       ],
       [
        14.25755,
        40.54662
       ],
       [
        14.25809,
        40.547
       ],
       [
        14.25947,
        40.54674
       ],
       [
        14.25882,
        40.54737
       ],
       [
        14.2591,
        40.54811
       ],
       [
        14.25829,
        40.54858
       ],
       [
        14.25869,
        40.5503
       ],
       [
        14.26141,
        40.55293
       ],
       [
        14.26255,
        40.55254
       ],
       [
        14.26262,
        40.55336
       ],
       [
        14.26322,
        40.55325
       ],
       [
        14.26292,
        40.55378
       ],
       [
        14.26475,
        40.55295
       ],
       [
        14.26464,
        40.55416
       ],
       [
        14.26571,
        40.55474
       ],
       [
        14.26638,
        40.5564
       ],
       [
        14.26368,
        40.55658
       ],
       [
        14.26457,
        40.55707
       ],
       [
        14.26398,
        40.5573
       ],
       [
        14.2642,
        40.55868
       ],
       [
        14.26348,
        40.56042
       ],
       [
        14.26277,
        40.56093
       ],
       [
        14.26129,
        40.56051
       ],
       [
        14.2605,
        40.56134
       ],
       [
        14.25549,
        40.55893
       ],
       [
        14.25574,
        40.55822
       ],
       [
        14.25327,
        40.55736
       ],
       [
        14.25302,
        40.55655
       ],
       [
        14.24772,
        40.55621
       ],
       [
        14.24605,
        40.55719
       ],
       [
        14.24431,
        40.55732
       ],
       [
        14.24632,
        40.55695
       ],
       [
        14.24674,
        40.55618
       ],
       [
        14.24453,
        40.55585
       ],
       [
        14.24263,
        40.55634
       ],
       [
        14.24448,
        40.5562
       ],
       [
        14.24385,
        40.55575
       ],
       [
        14.24179,
        40.55628
       ],
       [
        14.24181,
        40.5557
       ],
       [
        14.24053,
        40.5557
       ],
       [
        14.23892,
        40.55636
       ],
       [
        14.23944,
        40.55638
       ],
       [
        14.23908,
        40.55662
       ],
       [
        14.23983,
        40.55759
       ],
       [
        14.24279,
        40.55758
       ],
       [
        14.24325,
        40.5581
       ],
       [
        14.23999,
        40.5578
       ],
       [
        14.23846,
        40.55658
       ],
       [
        14.23656,
        40.55704
       ],
       [
        14.23649,
        40.55771
       ],
       [
        14.23495,
        40.55851
       ],
       [
        14.23155,
        40.55951
       ],
       [
        14.2275,
        40.5592
       ],
       [
        14.22273,
        40.56098
       ],
       [
        14.22122,
        40.56029
       ],
       [
        14.21319,
        40.56185
       ],
       [
        14.20025,
        40.56092
       ],
       [
        14.19839,
        40.55958
       ],
       [
        14.19823,
        40.55457
       ],
       [
        14.20138,
        40.55311
       ],
       [
        14.20245,
        40.55137
       ],
       [
        14.20115,
        40.55139
       ],
       [
        14.20192,
        40.55038
       ],
       [
        14.20055,
        40.55103
       ],
       [
        14.20019,
        40.55044
       ],
       [
        14.1989,
        40.55038
       ],
       [
        14.1989,
        40.54958
       ],
       [
        14.19763,
        40.55002
       ],
       [
        14.19676,
        40.54905
       ],
       [
        14.19848,
        40.54888
       ],
       [
        14.19765,
        40.54806
       ],
       [
        14.19799,
        40.54581
       ],
       [
        14.19854,
        40.54555
       ],
       [
        14.19935,
        40.54625
       ],
       [
        14.19803,
        40.54355
       ],
       [
        14.19576,
        40.54186
       ],
       [
        14.19696,
        40.54096
       ],
       [
        14.2001,
        40.54107
       ],
       [
        14.19884,
        40.54039
       ],
       [
        14.19903,
        40.53909
       ],
       [
        14.19774,
        40.53754
       ],
       [
        14.19869,
        40.53782
       ],
       [
        14.19877,
        40.53726
       ],
       [
        14.19689,
        40.53605
       ],
       [
        14.19872,
        40.53588
       ],
       [
        14.20376,
        40.53719
       ],
       [
        14.2037,
        40.53764
       ],
       [
        14.20462,
        40.53781
       ],
       [
        14.20457,
        40.53854
       ],
       [
        14.20623,
        40.53775
       ],
       [
        14.20862,
        40.53873
       ],
       [
        14.20881,
        40.53785
       ],
       [
        14.20965,
        40.53865
       ],
       [
        14.21044,
        40.53819
       ],
       [
        14.21233,
        40.53994
       ],
       [
        14.2129,
        40.53959
       ],
       [
        14.21434,
        40.54024
       ],
       [
        14.22049,
        40.53965
       ],
       [
        14.2211,
        40.5395
       ],
       [
        14.22099,
        40.53843
       ],
       [
        14.22174,
        40.53858
       ],
       [
        14.22152,
        40.53911
       ],
       [
        14.22268,
        40.53804
       ],
       [
        14.22323,
        40.53849
       ],
       [
        14.22438,
        40.53802
       ],
       [
        14.22406,
        40.53876
       ],
       [
        14.22535,
        40.54046
       ],
       [
        14.22754,
        40.54151
       ],
       [
        14.22838,
        40.54077
       ],
       [
        14.22887,
        40.5415
       ],
       [
        14.23115,
        40.54161
       ],
       [
        14.23166,
        40.54365
       ],
       [
        14.23299,
        40.54507
       ],
       [
        14.23478,
        40.54475
       ]
      ]
     ],
     [
      [
       [
        14.5022,
        40.64818
       ],
       [
        14.50418,
        40.64796
       ],
       [
        14.50515,
        40.64684
       ],
       [
        14.50625,
        40.64742
       ],
       [
        14.50914,
        40.64661
       ],
       [
        14.50938,
        40.64568
       ],
       [
        14.51159,
        40.64467
       ],
       [
        14.51084,
        40.64419
       ],
       [
        14.51254,
        40.63964
       ],
       [
        14.50964,
        40.63498
       ],
       [
        14.51044,
        40.63469
       ],
       [
        14.50983,
        40.63383
       ],
       [
        14.5106,
        40.63188
       ],
       [
        14.51028,
        40.63052
       ],
       [
        14.51111,
        40.6305
       ],
       [
        14.51138,
        40.62889
       ],
       [
        14.51463,
        40.62749
       ],
       [
        14.51482,
        40.62543
       ],
       [
        14.51755,
        40.62466
       ],
       [
        14.51687,
        40.62348
       ],
       [
        14.51834,
        40.62157
       ],
       [
        14.51937,
        40.62202
       ],
       [
        14.52186,
        40.62117
       ],
       [
        14.52283,
        40.62148
       ],
       [
        14.52357,
        40.62081
       ],
       [
        14.52534,
        40.62087
       ],
       [
        14.52584,
        40.62176
       ],
       [
        14.52751,
        40.62194
       ],
       [
        14.52805,
        40.62145
       ],
       [
        14.528,
        40.62426
       ],
       [
        14.53054,
        40.62297
       ],
       [
        14.53117,
        40.62333
       ],
       [
        14.52939,
        40.62548
       ],
       [
        14.53274,
        40.62459
       ],
       [
        14.53329,
        40.62564
       ],
       [
        14.53582,
        40.62369
       ],
       [
        14.53983,
        40.62414
       ],
       [
        14.54075,
        40.62227
       ],
       [
        14.54342,
        40.62155
       ],
       [
        14.5445,
        40.62137
       ],
       [
        14.5459,
        40.62241
       ],
       [
        14.54742,
        40.62196
       ],
       [
        14.5501,
        40.62326
       ],
       [
        14.55393,
        40.62361
       ],
       [
        14.55408,
        40.62624
       ],
       [
        14.55514,
        40.62798
       ],
       [
        14.5546,
        40.62879
       ],
       [
        14.55531,
        40.62975
       ],
       [
        14.55651,
        40.62846
       ],
       [
        14.55768,
        40.62854
       ],
       [
        14.55878,
        40.6278
       ],
       [
        14.55907,
        40.6253
       ],
       [
        14.56057,
        40.62561
       ],
       [
        14.56385,
        40.62389
       ],
       [
        14.5679,
        40.623
       ],
       [
        14.57013,
        40.62353
       ],
       [
        14.57369,
        40.62624
       ],
       [
        14.57759,
        40.62743
       ],
       [
        14.57715,
        40.62871
       ],
       [
        14.57828,
        40.63007
       ],
       [
        14.57799,
        40.63149
       ],
       [
        14.58016,
        40.63355
       ],
       [
        14.58029,
        40.63654
       ],
       [
        14.5755,
        40.63769
       ],
       [
        14.57164,
        40.64005
       ],
       [
        14.57033,
        40.64189
       ],
       [
        14.57037,
        40.64465
       ],
       [
        14.57232,
        40.64654
       ],
       [
        14.5725,
        40.64842
       ],
       [
        14.57053,
        40.65029
       ],
       [
        14.56849,
        40.65064
       ],
       [
        14.56729,
        40.65199
       ],
       [
        14.56584,
        40.65189
       ],
       [
        14.56305,
        40.65476
       ],
       [
        14.56137,
        40.65901
       ],
       [
        14.55795,
        40.66045
       ],
       [
        14.55826,
        40.66186
       ],
       [
        14.55522,
        40.6651
       ],
       [
        14.55518,
        40.66792
       ],
       [
        14.55717,
        40.6703
       ],
       [
        14.56604,
        40.66886
       ],
       [
        14.57228,
        40.67009
       ],
       [
        14.57333,
        40.6722
       ],
       [
        14.57554,
        40.67365
       ],
       [
        14.5738,
        40.67547
       ],
       [
        14.57454,
        40.67732
       ],
       [
        14.5779,
        40.67919
       ],
       [
        14.57763,
        40.68054
       ],
       [
        14.57618,
        40.68203
       ],
       [
        14.58029,
        40.68405
       ],
       [
        14.58076,
        40.6858
       ],
       [
        14.58236,
        40.68535
       ],
       [
        14.58491,
        40.68625
       ],
       [
        14.59026,
        40.69033
       ],
       [
        14.59062,
        40.69402
       ],
       [
        14.58779,
        40.69468
       ],
       [
        14.58417,
        40.69757
       ],
       [
        14.58144,
        40.69842
       ],
       [
        14.577,
        40.70141
       ],
       [
        14.5773,
        40.70525
       ],
       [
        14.57989,
        40.70958
       ],
       [
        14.57671,
        40.71052
       ],
       [
        14.57439,
        40.71008
       ],
       [
        14.57164,
        40.71054
       ],
       [
        14.57037,
        40.71468
       ],
       [
        14.57088,
        40.71719
       ],
       [
        14.57048,
        40.71805
       ],
       [
        14.56864,
        40.71973
       ],
       [
        14.56744,
        40.72229
       ],
       [
        14.56513,
        40.7224
       ],
       [
        14.56362,
        40.72616
       ],
       [
        14.56376,
        40.72741
       ],
       [
        14.56305,
        40.72829
       ],
       [
        14.56213,
        40.72776
       ],
       [
        14.56071,
        40.73174
       ],
       [
        14.55471,
        40.72993
       ],
       [
        14.54998,
        40.72723
       ],
       [
        14.54746,
        40.73143
       ],
       [
        14.54811,
        40.7351
       ],
       [
        14.54731,
        40.7374
       ],
       [
        14.54619,
        40.73896
       ],
       [
        14.54367,
        40.74002
       ],
       [
        14.54247,
        40.7401
       ],
       [
        14.53754,
        40.73805
       ],
       [
        14.53801,
        40.73679
       ],
       [
        14.52581,
        40.73448
       ],
       [
        14.5231,
        40.73469
       ],
       [
        14.52294,
        40.73515
       ],
       [
        14.52042,
        40.73456
       ],
       [
        14.51974,
        40.73707
       ],
       [
        14.51713,
        40.7371
       ],
       [
        14.51774,
        40.7381
       ],
       [
        14.50868,
        40.73797
       ],
       [
        14.50521,
        40.74061
       ],
       [
        14.5071,
        40.7409
       ],
       [
        14.50602,
        40.74304
       ],
       [
        14.51382,
        40.74478
       ],
       [
        14.51358,
        40.74583
       ],
       [
        14.51407,
        40.74633
       ],
       [
        14.51355,
        40.74744
       ],
       [
        14.51285,
        40.74747
       ],
       [
        14.51299,
        40.75032
       ],
       [
        14.51015,
        40.76022
       ],
       [
        14.50926,
        40.76051
       ],
       [
        14.50879,
        40.76259
       ],
       [
        14.5115,
        40.76376
       ],
       [
        14.51054,
        40.76696
       ],
       [
        14.50998,
        40.76682
       ],
       [
        14.50919,
        40.76891
       ],
       [
        14.50716,
        40.76921
       ],
       [
        14.50664,
        40.77234
       ],
       [
        14.50702,
        40.77297
       ],
       [
        14.51439,
        40.77315
       ],
       [
        14.51672,
        40.77378
       ],
       [
        14.51619,
        40.77648
       ],
       [
        14.52043,
        40.77688
       ],
       [
        14.5204,
        40.77772
       ],
       [
        14.52935,
        40.77803
       ],
       [
        14.52987,
        40.77875
       ],
       [
        14.53193,
        40.77851
       ],
       [
        14.53341,
        40.77721
       ],
       [
        14.5355,
        40.77721
       ],
       [
        14.53588,
        40.78008
       ],
       [
        14.54412,
        40.77829
       ],
       [
        14.55184,
        40.79261
       ],
       [
        14.56725,
        40.78859
       ],
       [
        14.56771,
        40.78755
       ],
       [
        14.57309,
        40.78763
       ],
       [
        14.57594,
        40.78688
       ],
       [
        14.57667,
        40.78832
       ],
       [
        14.57659,
        40.79425
       ],
       [
        14.5737,
        40.79682
       ],
       [
        14.57365,
        40.79917
       ],
       [
        14.57698,
        40.80223
       ],
       [
        14.57889,
        40.80254
       ],
       [
        14.58198,
        40.80446
       ],
       [
        14.58813,
        40.8056
       ],
       [
        14.58889,
        40.8066
       ],
       [
        14.58964,
        40.80884
       ],
       [
        14.59027,
        40.81819
       ],
       [
        14.58868,
        40.82016
       ],
       [
        14.58656,
        40.8218
       ],
       [
        14.56551,
        40.83276
       ],
       [
        14.56473,
        40.83551
       ],
       [
        14.56784,
        40.84087
       ],
       [
        14.56904,
        40.8419
       ],
       [
        14.57113,
        40.84718
       ],
       [
        14.57269,
        40.84662
       ],
       [
        14.57341,
        40.84776
       ],
       [
        14.57715,
        40.84759
       ],
       [
        14.58215,
        40.84863
       ],
       [
        14.58646,
        40.84857
       ],
       [
        14.59038,
        40.84654
       ],
       [
        14.59437,
        40.84875
       ],
       [
        14.59954,
        40.84772
       ],
       [
        14.60015,
        40.84697
       ],
       [
        14.60549,
        40.8476
       ],
       [
        14.59689,
        40.85568
       ],
       [
        14.59263,
        40.86195
       ],
       [
        14.5915,
        40.86502
       ],
       [
        14.58771,
        40.86742
       ],
       [
        14.5868,
        40.87049
       ],
       [
        14.58833,
        40.87077
       ],
       [
        14.58792,
        40.8724
       ],
       [
        14.58615,
        40.87316
       ],
       [
        14.58339,
        40.87627
       ],
       [
        14.58179,
        40.8754
       ],
       [
        14.57928,
        40.877
       ],
       [
        14.57975,
        40.87758
       ],
       [
        14.57667,
        40.87937
       ],
       [
        14.57728,
        40.88003
       ],
       [
        14.57214,
        40.8814
       ],
       [
        14.57022,
        40.88123
       ],
       [
        14.56966,
        40.88314
       ],
       [
        14.56847,
        40.88409
       ],
       [
        14.55946,
        40.88798
       ],
       [
        14.56511,
        40.89166
       ],
       [
        14.56792,
        40.89221
       ],
       [
        14.56784,
        40.89513
       ],
       [
        14.57257,
        40.8951
       ],
       [
        14.573,
        40.89997
       ],
       [
        14.57492,
        40.90057
       ],
       [
        14.57563,
        40.90266
       ],
       [
        14.57633,
        40.90298
       ],
       [
        14.57583,
        40.90419
       ],
       [
        14.57649,
        40.90475
       ],
       [
        14.57496,
        40.90751
       ],
       [
        14.57557,
        40.90835
       ],
       [
        14.57425,
        40.90912
       ],
       [
        14.57718,
        40.91051
       ],
       [
        14.58074,
        40.91083
       ],
       [
        14.58342,
        40.91234
       ],
       [
        14.58891,
        40.91362
       ],
       [
        14.58961,
        40.91329
       ],
       [
        14.59284,
        40.91459
       ],
       [
        14.5971,
        40.91427
       ],
       [
        14.59746,
        40.91191
       ],
       [
        14.59696,
        40.91198
       ],
       [
        14.59645,
        40.91062
       ],
       [
        14.5986,
        40.91102
       ],
       [
        14.60098,
        40.91278
       ],
       [
        14.60956,
        40.90929
       ],
       [
        14.6151,
        40.91001
       ],
       [
        14.61638,
        40.91084
       ],
       [
        14.61541,
        40.91165
       ],
       [
        14.61778,
        40.91288
       ],
       [
        14.62192,
        40.90912
       ],
       [
        14.6239,
        40.90841
       ],
       [
        14.62466,
        40.90975
       ],
       [
        14.62596,
        40.90894
       ],
       [
        14.62663,
        40.90803
       ],
       [
        14.62737,
        40.90368
       ],
       [
        14.62884,
        40.90377
       ],
       [
        14.62773,
        40.90568
       ],
       [
        14.6279,
        40.90828
       ],
       [
        14.62681,
        40.91047
       ],
       [
        14.62913,
        40.91112
       ],
       [
        14.63277,
        40.91035
       ],
       [
        14.63315,
        40.9112
       ],
       [
        14.63213,
        40.91239
       ],
       [
        14.63499,
        40.91141
       ],
       [
        14.63482,
        40.90983
       ],
       [
        14.63624,
        40.9108
       ],
       [
        14.64585,
        40.9087
       ],
       [
        14.64531,
        40.90541
       ],
       [
        14.65057,
        40.90542
       ],
       [
        14.65176,
        40.90319
       ],
       [
        14.65629,
        40.90512
       ],
       [
        14.66507,
        40.90328
       ],
       [
        14.66966,
        40.90495
       ],
       [
        14.67013,
        40.90595
       ],
       [
        14.66977,
        40.9093
       ],
       [
        14.66878,
        40.91143
       ],
       [
        14.66409,
        40.91526
       ],
       [
        14.66203,
        40.91372
       ],
       [
        14.65745,
        40.91252
       ],
       [
        14.65544,
        40.91238
       ],
       [
        14.65214,
        40.91355
       ],
       [
        14.64402,
        40.91317
       ],
       [
        14.64006,
        40.91464
       ],
       [
        14.63231,
        40.91391
       ],
       [
        14.63154,
        40.91307
       ],
       [
        14.6274,
        40.91435
       ],
       [
        14.62486,
        40.91224
       ],
       [
        14.62071,
        40.91172
       ],
       [
        14.61998,
        40.91377
       ],
       [
        14.61821,
        40.91565
       ],
       [
        14.61841,
        40.91704
       ],
       [
        14.61724,
        40.91776
       ],
       [
        14.61956,
        40.91945
       ],
       [
        14.61942,
        40.92096
       ],
       [
        14.61597,
        40.92103
       ],
       [
        14.61473,
        40.92183
       ],
       [
        14.61757,
        40.92388
       ],
       [
        14.61608,
        40.92469
       ],
       [
        14.61676,
        40.92654
       ],
       [
        14.61461,
        40.92844
       ],
       [
        14.61072,
        40.9294
       ],
       [
        14.60301,
        40.92961
       ],
       [
        14.59528,
        40.93119
       ],
       [
        14.59016,
        40.93415
       ],
       [
        14.58792,
        40.93357
       ],
       [
        14.5874,
        40.93448
       ],
       [
        14.5853,
        40.93395
       ],
       [
        14.58475,
        40.93962
       ],
       [
        14.58614,
        40.9405
       ],
       [
        14.58622,
        40.94314
       ],
       [
        14.58354,
        40.94323
       ],
       [
        14.58311,
        40.94928
       ],
       [
        14.58172,
        40.94932
       ],
       [
        14.5817,
        40.95046
       ],
       [
        14.57954,
        40.95038
       ],
       [
        14.57997,
        40.95258
       ],
       [
        14.5783,
        40.95347
       ],
       [
        14.57844,
        40.95545
       ],
       [
        14.5798,
        40.95522
       ],
       [
        14.5802,
        40.95749
       ],
       [
        14.58143,
        40.95768
       ],
       [
        14.58161,
        40.95858
       ],
       [
        14.58032,
        40.95854
       ],
       [
        14.58034,
        40.96005
       ],
       [
        14.57859,
        40.95991
       ],
       [
        14.57871,
        40.9609
       ],
       [
        14.58101,
        40.96096
       ],
       [
        14.58107,
        40.96179
       ],
       [
        14.57834,
        40.9617
       ],
       [
        14.57833,
        40.96342
       ],
       [
        14.57672,
        40.96304
       ],
       [
        14.57767,
        40.96642
       ],
       [
        14.57825,
        40.96721
       ],
       [
        14.57926,
        40.96719
       ],
       [
        14.57982,
        40.9687
       ],
       [
        14.57785,
        40.9713
       ],
       [
        14.57754,
        40.97369
       ],
       [
        14.57814,
        40.97467
       ],
       [
        14.57995,
        40.97534
       ],
       [
        14.58173,
        40.98415
       ],
       [
        14.58107,
        40.99463
       ],
       [
        14.57478,
        41.00023
       ],
       [
        14.5737,
        41.00226
       ],
       [
        14.57395,
        41.00503
       ],
       [
        14.57148,
        41.01025
       ],
       [
        14.57003,
        41.01119
       ],
       [
        14.56716,
        41.01139
       ],
       [
        14.56626,
        41.01199
       ],
       [
        14.56468,
        41.01355
       ],
       [
        14.56466,
        41.01428
       ],
       [
        14.56589,
        41.01508
       ],
       [
        14.56434,
        41.01617
       ],
       [
        14.56197,
        41.01667
       ],
       [
        14.55874,
        41.01561
       ],
       [
        14.55508,
        41.01638
       ],
       [
        14.5538,
        41.01775
       ],
       [
        14.5526,
        41.01625
       ],
       [
        14.54971,
        41.01725
       ],
       [
        14.54698,
        41.01699
       ],
       [
        14.54057,
        41.01985
       ],
       [
        14.53476,
        41.01773
       ],
       [
        14.53117,
        41.01335
       ],
       [
        14.53531,
        40.99717
       ],
       [
        14.53502,
        40.99626
       ],
       [
        14.52168,
        40.98663
       ],
       [
        14.52079,
        40.98658
       ],
       [
        14.51828,
        40.98842
       ],
       [
        14.51273,
        40.99016
       ],
       [
        14.50193,
        40.99278
       ],
       [
        14.49287,
        40.99373
       ],
       [
        14.48425,
        40.9919
       ],
       [
        14.47793,
        40.98094
       ],
       [
        14.4355,
        40.98463
       ],
       [
        14.42926,
        40.98358
       ],
       [
        14.42857,
        40.9815
       ],
       [
        14.42712,
        40.98042
       ],
       [
        14.41934,
        40.98108
       ],
       [
        14.4057,
        40.98557
       ],
       [
        14.4063,
        40.98709
       ],
       [
        14.41448,
        40.99707
       ],
       [
        14.40849,
        41.00096
       ],
       [
        14.36334,
        41.00017
       ],
       [
        14.35655,
        41.00126
       ],
       [
        14.33589,
        41.00282
       ],
       [
        14.33107,
        41.00016
       ],
       [
        14.32751,
        40.99963
       ],
       [
        14.31522,
        41.00112
       ],
       [
        14.29849,
        41.00423
       ],
       [
        14.29456,
        41.00116
       ],
       [
        14.29098,
        40.99067
       ],
       [
        14.29016,
        40.98595
       ],
       [
        14.29426,
        40.98205
       ],
       [
        14.29516,
        40.98005
       ],
       [
        14.29288,
        40.97083
       ],
       [
        14.28535,
        40.9613
       ],
       [
        14.27956,
        40.96043
       ],
       [
        14.26356,
        40.96131
       ],
       [
        14.26475,
        40.95955
       ],
       [
        14.26251,
        40.95962
       ],
       [
        14.25877,
        40.95849
       ],
       [
        14.25946,
        40.9563
       ],
       [
        14.25872,
        40.95517
       ],
       [
        14.25923,
        40.954
       ],
       [
        14.26423,
        40.9517
       ],
       [
        14.25623,
        40.94738
       ],
       [
        14.25288,
        40.94658
       ],
       [
        14.25005,
        40.94652
       ],
       [
        14.25009,
        40.94793
       ],
       [
        14.24183,
        40.95261
       ],
       [
        14.24168,
        40.95448
       ],
       [
        14.23455,
        40.95739
       ],
       [
        14.23241,
        40.95914
       ],
       [
        14.23254,
        40.95291
       ],
       [
        14.22483,
        40.95095
       ],
       [
        14.21351,
        40.9492
       ],
       [
        14.21209,
        40.95063
       ],
       [
        14.20954,
        40.9504
       ],
       [
        14.20806,
        40.95104
       ],
       [
        14.20356,
        40.95131
       ],
       [
        14.2013,
        40.95237
       ],
       [
        14.20174,
        40.95431
       ],
       [
        14.19979,
        40.95378
       ],
       [
        14.18993,
        40.9539
       ],
       [
        14.18939,
        40.95305
       ],
       [
        14.17199,
        40.95394
       ],
       [
        14.17275,
        40.95308
       ],
       [
        14.17277,
        40.95184
       ],
       [
        14.17456,
        40.95176
       ],
       [
        14.17456,
        40.95013
       ],
       [
        14.16983,
        40.94683
       ],
       [
        14.16722,
        40.9442
       ],
       [
        14.16621,
        40.94406
       ],
       [
        14.16624,
        40.95498
       ],
       [
        14.16471,
        40.95475
       ],
       [
        14.16337,
        40.95113
       ],
       [
        14.15564,
        40.95103
       ],
       [
        14.15384,
        40.94879
       ],
       [
        14.14946,
        40.94701
       ],
       [
        14.14322,
        40.94273
       ],
       [
        14.14287,
        40.94442
       ],
       [
        14.13678,
        40.94519
       ],
       [
        14.13204,
        40.94725
       ],
       [
        14.12843,
        40.94968
       ],
       [
        14.13606,
        40.95405
       ],
       [
        14.13933,
        40.95745
       ],
       [
        14.14711,
        40.95741
       ],
       [
        14.14703,
        40.95961
       ],
       [
        14.14513,
        40.96192
       ],
       [
        14.14484,
        40.96892
       ],
       [
        14.14075,
        40.96936
       ],
       [
        14.14072,
        40.97899
       ],
       [
        14.13662,
        40.97903
       ],
       [
        14.11253,
        40.97879
       ],
       [
        14.10584,
        40.97292
       ],
       [
        14.10472,
        40.97003
       ],
       [
        14.10013,
        40.96442
       ],
       [
        14.09955,
        40.96247
       ],
       [
        14.09165,
        40.95973
       ],
       [
        14.06239,
        40.95987
       ],
       [
        14.04706,
        40.95903
       ],
       [
        14.04156,
        40.95764
       ],
       [
        14.04464,
        40.9547
       ],
       [
        14.04511,
        40.95349
       ],
       [
        14.03644,
        40.95117
       ],
       [
        14.03809,
        40.94929
       ],
       [
        14.03484,
        40.94814
       ],
       [
        14.03278,
        40.94935
       ],
       [
        14.02781,
        40.94812
       ],
       [
        14.02312,
        40.95082
       ],
       [
        14.01698,
        40.9472
       ],
       [
        14.01721,
        40.94566
       ],
       [
        14.02227,
        40.93634
       ],
       [
        14.02969,
        40.92434
       ],
       [
        14.02716,
        40.92121
       ],
       [
        14.02649,
        40.91606
       ],
       [
        14.02912,
        40.91422
       ],
       [
        14.03385,
        40.90248
       ],
       [
        14.03571,
        40.89958
       ],
       [
        14.03215,
        40.89878
       ],
       [
        14.0361,
        40.88992
       ],
       [
        14.04206,
        40.8736
       ],
       [
        14.04507,
        40.86221
       ],
       [
        14.04739,
        40.84621
       ],
       [
        14.04791,
        40.84147
       ],
       [
        14.0479,
        40.83526
       ],
       [
        14.04728,
        40.83493
       ],
       [
        14.04772,
        40.83477
       ],
       [
        14.04777,
        40.82837
       ],
       [
        14.04727,
        40.82319
       ],
       [
        14.04607,
        40.8233
       ],
       [
        14.04728,
        40.82306
       ],
       [
        14.04605,
        40.82273
       ],
       [
        14.04692,
        40.82246
       ],
       [
        14.04629,
        40.81476
       ],
       [
        14.0454,
        40.81326
       ],
       [
        14.04319,
        40.81306
       ],
       [
        14.04419,
        40.81217
       ],
       [
        14.04363,
        40.81116
       ],
       [
        14.04454,
        40.81113
       ],
       [
        14.04445,
        40.80949
       ],
       [
        14.04364,
        40.80898
       ],
       [
        14.04314,
        40.80718
       ],
       [
        14.04112,
        40.80676
       ],
       [
        14.0404,
        40.80597
       ],
       [
        14.04178,
        40.80545
       ],
       [
        14.04189,
        40.80495
       ],
       [
        14.04107,
        40.80477
       ],
       [
        14.04269,
        40.80302
       ],
       [
        14.04198,
        40.80107
       ],
       [
        14.04038,
        40.80008
       ],
       [
        14.03988,
        40.79821
       ],
       [
        14.04085,
        40.7977
       ],
       [
        14.04076,
        40.79715
       ],
       [
        14.04241,
        40.79687
       ],
       [
        14.04235,
        40.79575
       ],
       [
        14.04291,
        40.79614
       ],
       [
        14.04367,
        40.79503
       ],
       [
        14.04339,
        40.79406
       ],
       [
        14.04122,
        40.79433
       ],
       [
        14.04129,
        40.79482
       ],
       [
        14.03998,
        40.79445
       ],
       [
        14.03897,
        40.79105
       ],
       [
        14.03998,
        40.79385
       ],
       [
        14.04101,
        40.79418
       ],
       [
        14.04247,
        40.79386
       ],
       [
        14.04335,
        40.79228
       ],
       [
        14.04274,
        40.79343
       ],
       [
        14.0432,
        40.79357
       ],
       [
        14.04522,
        40.79101
       ],
       [
        14.04051,
        40.79133
       ],
       [
        14.04785,
        40.78943
       ],
       [
        14.06024,
        40.7876
       ],
       [
        14.062,
        40.78816
       ],
       [
        14.06346,
        40.78783
       ],
       [
        14.063,
        40.78801
       ],
       [
        14.06368,
        40.7886
       ],
       [
        14.06623,
        40.78838
       ],
       [
        14.06662,
        40.78887
       ],
       [
        14.08083,
        40.78655
       ],
       [
        14.08411,
        40.78501
       ],
       [
        14.083,
        40.78331
       ],
       [
        14.08349,
        40.78326
       ],
       [
        14.08295,
        40.78283
       ],
       [
        14.08318,
        40.78219
       ],
       [
        14.08524,
        40.78266
       ],
       [
        14.08549,
        40.7822
       ],
       [
        14.08458,
        40.78151
       ],
       [
        14.08569,
        40.78164
       ],
       [
        14.08595,
        40.77982
       ],
       [
        14.08949,
        40.77771
       ],
       [
        14.09063,
        40.77985
       ],
       [
        14.09009,
        40.78027
       ],
       [
        14.09011,
        40.78464
       ],
       [
        14.08826,
        40.78621
       ],
       [
        14.08896,
        40.78664
       ],
       [
        14.08816,
        40.78706
       ],
       [
        14.08925,
        40.78802
       ],
       [
        14.08797,
        40.78702
       ],
       [
        14.08633,
        40.78675
       ],
       [
        14.08402,
        40.78823
       ],
       [
        14.08317,
        40.78972
       ],
       [
        14.08143,
        40.78831
       ],
       [
        14.07995,
        40.78881
       ],
       [
        14.07986,
        40.78958
       ],
       [
        14.07829,
        40.78946
       ],
       [
        14.07798,
        40.79037
       ],
       [
        14.07877,
        40.79223
       ],
       [
        14.0783,
        40.79247
       ],
       [
        14.08027,
        40.79244
       ],
       [
        14.081,
        40.79156
       ],
       [
        14.08282,
        40.79294
       ],
       [
        14.08766,
        40.79429
       ],
       [
        14.08492,
        40.79593
       ],
       [
        14.08456,
        40.79671
       ],
       [
        14.08508,
        40.79796
       ],
       [
        14.08449,
        40.7989
       ],
       [
        14.0826,
        40.79892
       ],
       [
        14.08147,
        40.80063
       ],
       [
        14.08162,
        40.80129
       ],
       [
        14.08268,
        40.80112
       ],
       [
        14.08299,
        40.80162
       ],
       [
        14.08187,
        40.80153
       ],
       [
        14.08199,
        40.80245
       ],
       [
        14.08149,
        40.80259
       ],
       [
        14.08252,
        40.80507
       ],
       [
        14.08078,
        40.80718
       ],
       [
        14.08172,
        40.80924
       ],
       [
        14.08155,
        40.81153
       ],
       [
        14.08257,
        40.81207
       ],
       [
        14.08121,
        40.8129
       ],
       [
        14.08057,
        40.8124
       ],
       [
        14.07634,
        40.81364
       ],
       [
        14.07598,
        40.81448
       ],
       [
        14.07749,
        40.81481
       ],
       [
        14.07604,
        40.81697
       ],
       [
        14.07617,
        40.81644
       ],
       [
        14.07381,
        40.81585
       ],
       [
        14.07328,
        40.81692
       ],
       [
        14.07211,
        40.81652
       ],
       [
        14.07161,
        40.81855
       ],
       [
        14.07376,
        40.82188
       ],
       [
        14.07542,
        40.82266
       ],
       [
        14.07711,
        40.8221
       ],
       [
        14.07737,
        40.82537
       ],
       [
        14.08681,
        40.8302
       ],
       [
        14.0893,
        40.83084
       ],
       [
        14.09689,
        40.8308
       ],
       [
        14.09675,
        40.83138
       ],
       [
        14.09809,
        40.83137
       ],
       [
        14.09813,
        40.83067
       ],
       [
        14.1061,
        40.83153
       ],
       [
        14.10806,
        40.83142
       ],
       [
        14.11181,
        40.82939
       ],
       [
        14.11254,
        40.82936
       ],
       [
        14.11181,
        40.82957
       ],
       [
        14.11243,
        40.82984
       ],
       [
        14.11361,
        40.82947
       ],
       [
        14.11316,
        40.82889
       ],
       [
        14.11447,
        40.82873
       ],
       [
        14.11274,
        40.82675
       ],
       [
        14.11392,
        40.82674
       ],
       [
        14.11351,
        40.82697
       ],
       [
        14.11449,
        40.82859
       ],
       [
        14.11743,
        40.82767
       ],
       [
        14.11753,
        40.82677
       ],
       [
        14.1188,
        40.82576
       ],
       [
        14.11724,
        40.82526
       ],
       [
        14.11934,
        40.82525
       ],
       [
        14.11972,
        40.82409
       ],
       [
        14.11823,
        40.82401
       ],
       [
        14.1179,
        40.82471
       ],
       [
        14.11779,
        40.82273
       ],
       [
        14.11904,
        40.82152
       ],
       [
        14.11776,
        40.82231
       ],
       [
        14.11352,
        40.82163
       ],
       [
        14.10972,
        40.82289
       ],
       [
        14.11361,
        40.8211
       ],
       [
        14.11781,
        40.8218
       ],
       [
        14.11981,
        40.82004
       ],
       [
        14.1236,
        40.82095
       ],
       [
        14.12251,
        40.82024
       ],
       [
        14.12585,
        40.82084
       ],
       [
        14.13116,
        40.82063
       ],
       [
        14.13295,
        40.8203
       ],
       [
        14.13722,
        40.81791
       ],
       [
        14.13911,
        40.81763
       ],
       [
        14.14196,
        40.81828
       ],
       [
        14.14832,
        40.81838
       ],
       [
        14.15262,
        40.8168
       ],
       [
        14.15177,
        40.81756
       ],
       [
        14.15397,
        40.81789
       ],
       [
        14.15507,
        40.81726
       ],
       [
        14.15609,
        40.81803
       ],
       [
        14.1613,
        40.81584
       ],
       [
        14.16229,
        40.81521
       ],
       [
        14.16223,
        40.81426
       ],
       [
        14.16367,
        40.81363
       ],
       [
        14.16269,
        40.81333
       ],
       [
        14.16389,
        40.81342
       ],
       [
        14.16577,
        40.812
       ],
       [
        14.16551,
        40.81139
       ],
       [
        14.16914,
        40.80628
       ],
       [
        14.16585,
        40.80456
       ],
       [
        14.17145,
        40.80664
       ],
       [
        14.17251,
        40.80588
       ],
       [
        14.17217,
        40.80549
       ],
       [
        14.17304,
        40.80375
       ],
       [
        14.17239,
        40.80384
       ],
       [
        14.17332,
        40.80231
       ],
       [
        14.17297,
        40.80076
       ],
       [
        14.17246,
        40.79919
       ],
       [
        14.17123,
        40.79891
       ],
       [
        14.17028,
        40.79753
       ],
       [
        14.17419,
        40.79917
       ],
       [
        14.17556,
        40.79839
       ],
       [
        14.17595,
        40.79672
       ],
       [
        14.1768,
        40.79703
       ],
       [
        14.1774,
        40.79646
       ],
       [
        14.1788,
        40.79704
       ],
       [
        14.17892,
        40.79544
       ],
       [
        14.18163,
        40.79609
       ],
       [
        14.18096,
        40.79398
       ],
       [
        14.18181,
        40.79483
       ],
       [
        14.18206,
        40.79634
       ],
       [
        14.18329,
        40.79645
       ],
       [
        14.18389,
        40.79591
       ],
       [
        14.18372,
        40.79428
       ],
       [
        14.18539,
        40.79315
       ],
       [
        14.18565,
        40.79191
       ],
       [
        14.1869,
        40.79251
       ],
       [
        14.18779,
        40.79221
       ],
       [
        14.18861,
        40.79289
       ],
       [
        14.18774,
        40.79258
       ],
       [
        14.18761,
        40.79319
       ],
       [
        14.18853,
        40.79392
       ],
       [
        14.18919,
        40.79338
       ],
       [
        14.19125,
        40.79451
       ],
       [
        14.1926,
        40.79446
       ],
       [
        14.19152,
        40.79472
       ],
       [
        14.19487,
        40.79648
       ],
       [
        14.19507,
        40.79561
       ],
       [
        14.19625,
        40.7956
       ],
       [
        14.19882,
        40.79727
       ],
       [
        14.19895,
        40.79799
       ],
       [
        14.19927,
        40.79718
       ],
       [
        14.20065,
        40.79738
       ],
       [
        14.20215,
        40.79881
       ],
       [
        14.20506,
        40.79922
       ],
       [
        14.2054,
        40.8001
       ],
       [
        14.20773,
        40.80103
       ],
       [
        14.20731,
        40.80309
       ],
       [
        14.2071,
        40.80216
       ],
       [
        14.20641,
        40.80311
       ],
       [
        14.20713,
        40.80459
       ],
       [
        14.20654,
        40.80398
       ],
       [
        14.20614,
        40.80486
       ],
       [
        14.20689,
        40.80546
       ],
       [
        14.20531,
        40.80712
       ],
       [
        14.20627,
        40.80822
       ],
       [
        14.20562,
        40.80851
       ],
       [
        14.2062,
        40.80891
       ],
       [
        14.20575,
        40.8092
       ],
       [
        14.20706,
        40.80949
       ],
       [
        14.2067,
        40.81002
       ],
       [
        14.20739,
        40.81083
       ],
       [
        14.2068,
        40.81116
       ],
       [
        14.20811,
        40.81212
       ],
       [
        14.20759,
        40.81263
       ],
       [
        14.20929,
        40.81333
       ],
       [
        14.21004,
        40.81491
       ],
       [
        14.21073,
        40.81475
       ],
       [
        14.21092,
        40.81652
       ],
       [
        14.2116,
        40.81644
       ],
       [
        14.21268,
        40.81767
       ],
       [
        14.21253,
        40.81853
       ],
       [
        14.21331,
        40.81842
       ],
       [
        14.21491,
        40.82001
       ],
       [
        14.2142,
        40.82052
       ],
       [
        14.21466,
        40.82109
       ],
       [
        14.21718,
        40.82237
       ],
       [
        14.21766,
        40.82163
       ],
       [
        14.21981,
        40.8221
       ],
       [
        14.21747,
        40.8221
       ],
       [
        14.21841,
        40.82233
       ],
       [
        14.21778,
        40.82265
       ],
       [
        14.21844,
        40.82293
       ],
       [
        14.21918,
        40.8224
       ],
       [
        14.22125,
        40.82476
       ],
       [
        14.22614,
        40.82681
       ],
       [
        14.22157,
        40.82515
       ],
       [
        14.22046,
        40.82646
       ],
       [
        14.22128,
        40.82792
       ],
       [
        14.22276,
        40.82707
       ],
       [
        14.2217,
        40.82804
       ],
       [
        14.22246,
        40.82853
       ],
       [
        14.22366,
        40.82748
       ],
       [
        14.22235,
        40.82874
       ],
       [
        14.2255,
        40.83046
       ],
       [
        14.22957,
        40.83173
       ],
       [
        14.23169,
        40.83149
       ],
       [
        14.23219,
        40.83204
       ],
       [
        14.24314,
        40.83128
       ],
       [
        14.24495,
        40.82988
       ],
       [
        14.24782,
        40.82977
       ],
       [
        14.24716,
        40.82831
       ],
       [
        14.24991,
        40.82622
       ],
       [
        14.25027,
        40.82892
       ],
       [
        14.2514,
        40.8294
       ],
       [
        14.25012,
        40.82903
       ],
       [
        14.2497,
        40.82696
       ],
       [
        14.24888,
        40.82753
       ],
       [
        14.24894,
        40.82868
       ],
       [
        14.24769,
        40.82881
       ],
       [
        14.24797,
        40.82941
       ],
       [
        14.25039,
        40.82961
       ],
       [
        14.25221,
        40.83318
       ],
       [
        14.25569,
        40.83382
       ],
       [
        14.25313,
        40.8335
       ],
       [
        14.25202,
        40.83435
       ],
       [
        14.25281,
        40.83505
       ],
       [
        14.25374,
        40.83432
       ],
       [
        14.25531,
        40.83493
       ],
       [
        14.27053,
        40.83278
       ],
       [
        14.27621,
        40.83013
       ],
       [
        14.27237,
        40.83225
       ],
       [
        14.27247,
        40.83318
       ],
       [
        14.25833,
        40.83521
       ],
       [
        14.25815,
        40.83477
       ],
       [
        14.25477,
        40.83551
       ],
       [
        14.25465,
        40.83639
       ],
       [
        14.25304,
        40.83544
       ],
       [
        14.25209,
        40.8362
       ],
       [
        14.2542,
        40.83636
       ],
       [
        14.25561,
        40.83808
       ],
       [
        14.26127,
        40.837
       ],
       [
        14.2617,
        40.83804
       ],
       [
        14.25715,
        40.83943
       ],
       [
        14.25875,
        40.8414
       ],
       [
        14.26211,
        40.8405
       ],
       [
        14.25997,
        40.8423
       ],
       [
        14.26222,
        40.8438
       ],
       [
        14.26377,
        40.84194
       ],
       [
        14.26477,
        40.84225
       ],
       [
        14.26444,
        40.84461
       ],
       [
        14.26641,
        40.8446
       ],
       [
        14.26652,
        40.84325
       ],
       [
        14.26653,
        40.84459
       ],
       [
        14.26872,
        40.84459
       ],
       [
        14.2687,
        40.84145
       ],
       [
        14.26928,
        40.84144
       ],
       [
        14.26932,
        40.84022
       ],
       [
        14.26599,
        40.83968
       ],
       [
        14.26898,
        40.83976
       ],
       [
        14.26988,
        40.84048
       ],
       [
        14.26978,
        40.84334
       ],
       [
        14.27218,
        40.84309
       ],
       [
        14.27191,
        40.84078
       ],
       [
        14.26991,
        40.8392
       ],
       [
        14.27088,
        40.83828
       ],
       [
        14.27394,
        40.8401
       ],
       [
        14.2733,
        40.84103
       ],
       [
        14.2728,
        40.84085
       ],
       [
        14.27307,
        40.84447
       ],
       [
        14.27406,
        40.84462
       ],
       [
        14.27792,
        40.84318
       ],
       [
        14.27612,
        40.83996
       ],
       [
        14.2752,
        40.83995
       ],
       [
        14.27802,
        40.83961
       ],
       [
        14.27963,
        40.84253
       ],
       [
        14.28188,
        40.84175
       ],
       [
        14.28107,
        40.8392
       ],
       [
        14.28216,
        40.83876
       ],
       [
        14.28299,
        40.8413
       ],
       [
        14.28505,
        40.84049
       ],
       [
        14.28418,
        40.83792
       ],
       [
        14.28592,
        40.83721
       ],
       [
        14.28681,
        40.83999
       ],
       [
        14.28987,
        40.8387
       ],
       [
        14.29019,
        40.83912
       ],
       [
        14.29005,
        40.83866
       ],
       [
        14.29089,
        40.83832
       ],
       [
        14.28915,
        40.83594
       ],
       [
        14.29048,
        40.83591
       ],
       [
        14.29047,
        40.83519
       ],
       [
        14.2923,
        40.83773
       ],
       [
        14.29527,
        40.83615
       ],
       [
        14.29318,
        40.83392
       ],
       [
        14.29897,
        40.82976
       ],
       [
        14.29981,
        40.8304
       ],
       [
        14.29843,
        40.83142
       ],
       [
        14.29969,
        40.83242
       ],
       [
        14.30078,
        40.83163
       ],
       [
        14.30176,
        40.83241
       ],
       [
        14.29979,
        40.83391
       ],
       [
        14.30325,
        40.83193
       ],
       [
        14.30335,
        40.83122
       ],
       [
        14.30541,
        40.83169
       ],
       [
        14.30847,
        40.82913
       ],
       [
        14.3089,
        40.82939
       ],
       [
        14.30868,
        40.8289
       ],
       [
        14.31124,
        40.82781
       ],
       [
        14.3111,
        40.82714
       ],
       [
        14.31268,
        40.82592
       ],
       [
        14.31353,
        40.8261
       ],
       [
        14.31341,
        40.82485
       ],
       [
        14.31483,
        40.82443
       ],
       [
        14.31365,
        40.82514
       ],
       [
        14.31519,
        40.82578
       ],
       [
        14.31681,
        40.82469
       ],
       [
        14.31617,
        40.8245
       ],
       [
        14.31657,
        40.82393
       ],
       [
        14.31708,
        40.82427
       ],
       [
        14.31845,
        40.82356
       ],
       [
        14.31825,
        40.82296
       ],
       [
        14.32047,
        40.8206
       ],
       [
        14.32234,
        40.82079
       ],
       [
        14.32412,
        40.8194
       ],
       [
        14.32388,
        40.81889
       ],
       [
        14.326,
        40.81749
       ],
       [
        14.32651,
        40.81793
       ],
       [
        14.32968,
        40.81557
       ],
       [
        14.32933,
        40.8151
       ],
       [
        14.33276,
        40.81321
       ],
       [
        14.33407,
        40.81158
       ],
       [
        14.33244,
        40.81183
       ],
       [
        14.33371,
        40.81104
       ],
       [
        14.33418,
        40.81138
       ],
       [
        14.33395,
        40.81094
       ],
       [
        14.33552,
        40.81
       ],
       [
        14.33607,
        40.80901
       ],
       [
        14.33541,
        40.80856
       ],
       [
        14.33248,
        40.81039
       ],
       [
        14.33259,
        40.80923
       ],
       [
        14.33498,
        40.80824
       ],
       [
        14.3358,
        40.80666
       ],
       [
        14.33527,
        40.80621
       ],
       [
        14.33457,
        40.80684
       ],
       [
        14.33497,
        40.80624
       ],
       [
        14.33728,
        40.80465
       ],
       [
        14.34069,
        40.80381
       ],
       [
        14.3475,
        40.79782
       ],
       [
        14.34809,
        40.79612
       ],
       [
        14.34935,
        40.79583
       ],
       [
        14.3514,
        40.7939
       ],
       [
        14.35216,
        40.7919
       ],
       [
        14.35357,
        40.7914
       ],
       [
        14.35629,
        40.79174
       ],
       [
        14.35866,
        40.79072
       ],
       [
        14.35814,
        40.79042
       ],
       [
        14.35916,
        40.79012
       ],
       [
        14.3597,
        40.78522
       ],
       [
        14.36073,
        40.7832
       ],
       [
        14.3625,
        40.78282
       ],
       [
        14.36133,
        40.78313
       ],
       [
        14.3603,
        40.78459
       ],
       [
        14.36048,
        40.7875
       ],
       [
        14.36331,
        40.78646
       ],
       [
        14.36281,
        40.78632
       ],
       [
        14.36291,
        40.78518
       ],
       [
        14.36188,
        40.78478
       ],
       [
        14.36357,
        40.7848
       ],
       [
        14.36961,
        40.78117
       ],
       [
        14.37575,
        40.77637
       ],
       [
        14.37577,
        40.77564
       ],
       [
        14.37528,
        40.77593
       ],
       [
        14.37606,
        40.77527
       ],
       [
        14.37662,
        40.77568
       ],
       [
        14.37687,
        40.775
       ],
       [
        14.37641,
        40.77516
       ],
       [
        14.37722,
        40.77468
       ],
       [
        14.37736,
        40.77515
       ],
       [
        14.38545,
        40.76953
       ],
       [
        14.38864,
        40.76637
       ],
       [
        14.38851,
        40.76563
       ],
       [
        14.38974,
        40.76542
       ],
       [
        14.39449,
        40.76
       ],
       [
        14.39932,
        40.75772
       ],
       [
        14.40132,
        40.75824
       ],
       [
        14.40124,
        40.75781
       ],
       [
        14.4049,
        40.75698
       ],
       [
        14.40995,
        40.75345
       ],
       [
        14.41278,
        40.75284
       ],
       [
        14.41474,
        40.75162
       ],
       [
        14.4218,
        40.75212
       ],
       [
        14.42325,
        40.75144
       ],
       [
        14.42851,
        40.75145
       ],
       [
        14.42792,
        40.75164
       ],
       [
        14.43216,
        40.75393
       ],
       [
        14.43384,
        40.75357
       ],
       [
        14.4354,
        40.75399
       ],
       [
        14.43552,
        40.75486
       ],
       [
        14.43738,
        40.75469
       ],
       [
        14.44316,
        40.75232
       ],
       [
        14.44385,
        40.74859
       ],
       [
        14.44987,
        40.74412
       ],
       [
        14.44438,
        40.74883
       ],
       [
        14.44365,
        40.75187
       ],
       [
        14.44442,
        40.75341
       ],
       [
        14.44657,
        40.75356
       ],
       [
        14.44454,
        40.75352
       ],
       [
        14.44666,
        40.7548
       ],
       [
        14.44742,
        40.7544
       ],
       [
        14.4471,
        40.75385
       ],
       [
        14.44983,
        40.75212
       ],
       [
        14.44784,
        40.74983
       ],
       [
        14.45577,
        40.74769
       ],
       [
        14.45956,
        40.74385
       ],
       [
        14.45891,
        40.74144
       ],
       [
        14.45974,
        40.74171
       ],
       [
        14.45964,
        40.74268
       ],
       [
        14.46041,
        40.74281
       ],
       [
        14.46269,
        40.74066
       ],
       [
        14.46523,
        40.73719
       ],
       [
        14.46509,
        40.73632
       ],
       [
        14.46609,
        40.73622
       ],
       [
        14.46813,
        40.73182
       ],
       [
        14.46979,
        40.72997
       ],
       [
        14.46978,
        40.72911
       ],
       [
        14.46872,
        40.72863
       ],
       [
        14.47084,
        40.7287
       ],
       [
        14.46867,
        40.72834
       ],
       [
        14.47013,
        40.72799
       ],
       [
        14.47136,
        40.72618
       ],
       [
        14.47096,
        40.72522
       ],
       [
        14.46966,
        40.72482
       ],
       [
        14.47305,
        40.71567
       ],
       [
        14.47461,
        40.71589
       ],
       [
        14.47528,
        40.71671
       ],
       [
        14.47659,
        40.71629
       ],
       [
        14.47984,
        40.71049
       ],
       [
        14.48183,
        40.70352
       ],
       [
        14.48159,
        40.70062
       ],
       [
        14.47869,
        40.6969
       ],
       [
        14.47733,
        40.69764
       ],
       [
        14.47586,
        40.69703
       ],
       [
        14.47756,
        40.69751
       ],
       [
        14.47926,
        40.69589
       ],
       [
        14.47744,
        40.69471
       ],
       [
        14.47523,
        40.69619
       ],
       [
        14.47737,
        40.69461
       ],
       [
        14.47615,
        40.69308
       ],
       [
        14.47495,
        40.69225
       ],
       [
        14.47379,
        40.69306
       ],
       [
        14.47485,
        40.69219
       ],
       [
        14.4738,
        40.69146
       ],
       [
        14.47103,
        40.69157
       ],
       [
        14.47044,
        40.69235
       ],
       [
        14.47116,
        40.69267
       ],
       [
        14.47045,
        40.69298
       ],
       [
        14.47178,
        40.69358
       ],
       [
        14.47056,
        40.69341
       ],
       [
        14.47153,
        40.69658
       ],
       [
        14.47365,
        40.69905
       ],
       [
        14.47335,
        40.69943
       ],
       [
        14.46997,
        40.69417
       ],
       [
        14.46716,
        40.69292
       ],
       [
        14.46755,
        40.6934
       ],
       [
        14.46713,
        40.69424
       ],
       [
        14.46381,
        40.69282
       ],
       [
        14.46247,
        40.69109
       ],
       [
        14.4602,
        40.69122
       ],
       [
        14.45987,
        40.69068
       ],
       [
        14.45938,
        40.69112
       ],
       [
        14.45793,
        40.69046
       ],
       [
        14.45802,
        40.69102
       ],
       [
        14.45711,
        40.68966
       ],
       [
        14.45474,
        40.68864
       ],
       [
        14.45282,
        40.68813
       ],
       [
        14.45089,
        40.68876
       ],
       [
        14.4474,
        40.68667
       ],
       [
        14.44691,
        40.68701
       ],
       [
        14.44507,
        40.68518
       ],
       [
        14.44012,
        40.68283
       ],
       [
        14.43708,
        40.67956
       ],
       [
        14.43666,
        40.67692
       ],
       [
        14.43484,
        40.67624
       ],
       [
        14.4355,
        40.6752
       ],
       [
        14.43519,
        40.67223
       ],
       [
        14.43246,
        40.67022
       ],
       [
        14.43265,
        40.66902
       ],
       [
        14.4305,
        40.66618
       ],
       [
        14.42846,
        40.66524
       ],
       [
        14.4276,
        40.66603
       ],
       [
        14.4284,
        40.66692
       ],
       [
        14.42528,
        40.66595
       ],
       [
        14.42468,
        40.66539
       ],
       [
        14.42572,
        40.66551
       ],
       [
        14.42371,
        40.66498
       ],
       [
        14.42286,
        40.66293
       ],
       [
        14.42128,
        40.6616
       ],
       [
        14.41835,
        40.66129
       ],
       [
        14.41912,
        40.66078
       ],
       [
        14.41807,
        40.65974
       ],
       [
        14.41711,
        40.65973
       ],
       [
        14.41744,
        40.66175
       ],
       [
        14.41696,
        40.66034
       ],
       [
        14.41544,
        40.65959
       ],
       [
        14.40988,
        40.66031
       ],
       [
        14.40774,
        40.6591
       ],
       [
        14.40556,
        40.65671
       ],
       [
        14.4035,
        40.65616
       ],
       [
        14.40619,
        40.65241
       ],
       [
        14.40851,
        40.65148
       ],
       [
        14.40873,
        40.65042
       ],
       [
        14.40793,
        40.65008
       ],
       [
        14.40856,
        40.64951
       ],
       [
        14.40749,
        40.64722
       ],
       [
        14.40553,
        40.64661
       ],
       [
        14.40482,
        40.64781
       ],
       [
        14.40586,
        40.64566
       ],
       [
        14.40631,
        40.6461
       ],
       [
        14.40709,
        40.6457
       ],
       [
        14.40713,
        40.64466
       ],
       [
        14.40576,
        40.64355
       ],
       [
        14.40441,
        40.6436
       ],
       [
        14.40484,
        40.64291
       ],
       [
        14.40218,
        40.64073
       ],
       [
        14.4032,
        40.64038
       ],
       [
        14.40276,
        40.63948
       ],
       [
        14.40109,
        40.63987
       ],
       [
        14.40224,
        40.63922
       ],
       [
        14.40134,
        40.63825
       ],
       [
        14.40011,
        40.63817
       ],
       [
        14.39993,
        40.63945
       ],
       [
        14.40059,
        40.64064
       ],
       [
        14.39953,
        40.63943
       ],
       [
        14.39993,
        40.63801
       ],
       [
        14.39745,
        40.6375
       ],
       [
        14.39761,
        40.6399
       ],
       [
        14.39848,
        40.64039
       ],
       [
        14.39789,
        40.64036
       ],
       [
        14.39725,
        40.6375
       ],
       [
        14.39067,
        40.63614
       ],
       [
        14.38908,
        40.63482
       ],
       [
        14.38983,
        40.63469
       ],
       [
        14.38938,
        40.63425
       ],
       [
        14.3886,
        40.63481
       ],
       [
        14.38927,
        40.63402
       ],
       [
        14.38808,
        40.63357
       ],
       [
        14.38784,
        40.63408
       ],
       [
        14.38701,
        40.63258
       ],
       [
        14.38347,
        40.63134
       ],
       [
        14.38365,
        40.63189
       ],
       [
        14.38293,
        40.631
       ],
       [
        14.38261,
        40.63142
       ],
       [
        14.38183,
        40.631
       ],
       [
        14.38262,
        40.6309
       ],
       [
        14.37731,
        40.62879
       ],
       [
        14.37545,
        40.62893
       ],
       [
        14.37528,
        40.62979
       ],
       [
        14.37776,
        40.63099
       ],
       [
        14.37583,
        40.63052
       ],
       [
        14.37388,
        40.62884
       ],
       [
        14.37279,
        40.62896
       ],
       [
        14.37347,
        40.6289
       ],
       [
        14.37319,
        40.62849
       ],
       [
        14.3724,
        40.62824
       ],
       [
        14.37241,
        40.62887
       ],
       [
        14.37157,
        40.6286
       ],
       [
        14.37212,
        40.62865
       ],
       [
        14.37209,
        40.62808
       ],
       [
        14.37134,
        40.62857
       ],
       [
        14.37038,
        40.62828
       ],
       [
        14.37157,
        40.62798
       ],
       [
        14.37047,
        40.62763
       ],
       [
        14.37016,
        40.62827
       ],
       [
        14.36937,
        40.62801
       ],
       [
        14.37006,
        40.6281
       ],
       [
        14.36981,
        40.62759
       ],
       [
        14.36909,
        40.62798
       ],
       [
        14.36955,
        40.62823
       ],
       [
        14.36784,
        40.6284
       ],
       [
        14.36652,
        40.62776
       ],
       [
        14.36663,
        40.62841
       ],
       [
        14.36576,
        40.6283
       ],
       [
        14.36651,
        40.62776
       ],
       [
        14.36504,
        40.62764
       ],
       [
        14.36435,
        40.62801
       ],
       [
        14.36534,
        40.62837
       ],
       [
        14.3638,
        40.62813
       ],
       [
        14.35144,
        40.63452
       ],
       [
        14.35108,
        40.63354
       ],
       [
        14.34901,
        40.6333
       ],
       [
        14.34948,
        40.63059
       ],
       [
        14.35057,
        40.62989
       ],
       [
        14.34792,
        40.62995
       ],
       [
        14.34711,
        40.62711
       ],
       [
        14.34434,
        40.62658
       ],
       [
        14.34396,
        40.62705
       ],
       [
        14.34471,
        40.62775
       ],
       [
        14.34173,
        40.6264
       ],
       [
        14.34044,
        40.62789
       ],
       [
        14.33951,
        40.62809
       ],
       [
        14.33887,
        40.62651
       ],
       [
        14.33947,
        40.62618
       ],
       [
        14.33855,
        40.62593
       ],
       [
        14.33993,
        40.62468
       ],
       [
        14.33996,
        40.62205
       ],
       [
        14.3421,
        40.6197
       ],
       [
        14.34211,
        40.6187
       ],
       [
        14.34016,
        40.61776
       ],
       [
        14.34102,
        40.61663
       ],
       [
        14.3393,
        40.61532
       ],
       [
        14.33627,
        40.60998
       ],
       [
        14.33491,
        40.60949
       ],
       [
        14.33436,
        40.60844
       ],
       [
        14.33372,
        40.60896
       ],
       [
        14.33348,
        40.60786
       ],
       [
        14.33271,
        40.60834
       ],
       [
        14.33466,
        40.60976
       ],
       [
        14.33134,
        40.60839
       ],
       [
        14.3298,
        40.60702
       ],
       [
        14.3302,
        40.60357
       ],
       [
        14.32797,
        40.6037
       ],
       [
        14.3288,
        40.60205
       ],
       [
        14.33066,
        40.60137
       ],
       [
        14.32985,
        40.60152
       ],
       [
        14.32915,
        40.60079
       ],
       [
        14.33021,
        40.59982
       ],
       [
        14.32904,
        40.59981
       ],
       [
        14.32802,
        40.59752
       ],
       [
        14.32465,
        40.59705
       ],
       [
        14.3284,
        40.59649
       ],
       [
        14.32796,
        40.59471
       ],
       [
        14.32699,
        40.59463
       ],
       [
        14.32682,
        40.59259
       ],
       [
        14.32465,
        40.59222
       ],
       [
        14.32463,
        40.59129
       ],
       [
        14.32562,
        40.59076
       ],
       [
        14.32276,
        40.5901
       ],
       [
        14.32198,
        40.589
       ],
       [
        14.32262,
        40.58817
       ],
       [
        14.32038,
        40.58769
       ],
       [
        14.32159,
        40.58686
       ],
       [
        14.32724,
        40.58647
       ],
       [
        14.32615,
        40.58396
       ],
       [
        14.32455,
        40.58417
       ],
       [
        14.32359,
        40.58325
       ],
       [
        14.32219,
        40.58024
       ],
       [
        14.32228,
        40.57937
       ],
       [
        14.32278,
        40.57937
       ],
       [
        14.32202,
        40.57887
       ],
       [
        14.32246,
        40.57627
       ],
       [
        14.32301,
        40.57485
       ],
       [
        14.32428,
        40.57462
       ],
       [
        14.32331,
        40.57359
       ],
       [
        14.32341,
        40.57031
       ],
       [
        14.32426,
        40.57002
       ],
       [
        14.3238,
        40.56983
       ],
       [
        14.32463,
        40.56904
       ],
       [
        14.32567,
        40.57006
       ],
       [
        14.32862,
        40.57075
       ],
       [
        14.32947,
        40.57138
       ],
       [
        14.32976,
        40.57273
       ],
       [
        14.33255,
        40.57388
       ],
       [
        14.33563,
        40.57664
       ],
       [
        14.33611,
        40.57602
       ],
       [
        14.33676,
        40.57707
       ],
       [
        14.33743,
        40.57672
       ],
       [
        14.33722,
        40.57628
       ],
       [
        14.33791,
        40.57691
       ],
       [
        14.3402,
        40.57713
       ],
       [
        14.34098,
        40.57585
       ],
       [
        14.33899,
        40.57446
       ],
       [
        14.34067,
        40.57404
       ],
       [
        14.33828,
        40.57266
       ],
       [
        14.33758,
        40.56999
       ],
       [
        14.34078,
        40.57061
       ],
       [
        14.34318,
        40.57255
       ],
       [
        14.34575,
        40.57219
       ],
       [
        14.34577,
        40.57361
       ],
       [
        14.34635,
        40.57396
       ],
       [
        14.34508,
        40.57524
       ],
       [
        14.34518,
        40.57608
       ],
       [
        14.34592,
        40.57643
       ],
       [
        14.3457,
        40.57698
       ],
       [
        14.34725,
        40.57955
       ],
       [
        14.35582,
        40.58308
       ],
       [
        14.35846,
        40.58335
       ],
       [
        14.36011,
        40.58208
       ],
       [
        14.36373,
        40.58306
       ],
       [
        14.36512,
        40.58414
       ],
       [
        14.36442,
        40.58404
       ],
       [
        14.3635,
        40.58512
       ],
       [
        14.36477,
        40.58548
       ],
       [
        14.36452,
        40.58609
       ],
       [
        14.36553,
        40.58588
       ],
       [
        14.36675,
        40.5874
       ],
       [
        14.36795,
        40.5877
       ],
       [
        14.36907,
        40.58697
       ],
       [
        14.37156,
        40.5877
       ],
       [
        14.37501,
        40.58968
       ],
       [
        14.3763,
        40.58967
       ],
       [
        14.37645,
        40.59123
       ],
       [
        14.38064,
        40.59159
       ],
       [
        14.38088,
        40.59307
       ],
       [
        14.38175,
        40.59169
       ],
       [
        14.38445,
        40.59184
       ],
       [
        14.38981,
        40.59366
       ],
       [
        14.39059,
        40.59458
       ],
       [
        14.39213,
        40.59426
       ],
       [
        14.39768,
        40.59564
       ],
       [
        14.39957,
        40.59656
       ],
       [
        14.39898,
        40.59722
       ],
       [
        14.40106,
        40.59749
       ],
       [
        14.40185,
        40.59885
       ],
       [
        14.40611,
        40.59863
       ],
       [
        14.40835,
        40.59964
       ],
       [
        14.40861,
        40.60123
       ],
       [
        14.40998,
        40.60223
       ],
       [
        14.40996,
        40.60377
       ],
       [
        14.41044,
        40.60329
       ],
       [
        14.41164,
        40.60351
       ],
       [
        14.41356,
        40.60508
       ],
       [
        14.41344,
        40.60583
       ],
       [
        14.41724,
        40.60695
       ],
       [
        14.41729,
        40.60783
       ],
       [
        14.41877,
        40.60879
       ],
       [
        14.41901,
        40.61037
       ],
       [
        14.4216,
        40.61019
       ],
       [
        14.42413,
        40.61094
       ],
       [
        14.42404,
        40.61167
       ],
       [
        14.4296,
        40.61216
       ],
       [
        14.43031,
        40.61291
       ],
       [
        14.4307,
        40.61214
       ],
       [
        14.43122,
        40.61276
       ],
       [
        14.43134,
        40.61202
       ],
       [
        14.43247,
        40.61259
       ],
       [
        14.43231,
        40.61209
       ],
       [
        14.43305,
        40.61196
       ],
       [
        14.43767,
        40.61263
       ],
       [
        14.43815,
        40.61328
       ],
       [
        14.43939,
        40.61325
       ],
       [
        14.43944,
        40.61445
       ],
       [
        14.44163,
        40.61592
       ],
       [
        14.44759,
        40.61724
       ],
       [
        14.451,
        40.61907
       ],
       [
        14.45492,
        40.61865
       ],
       [
        14.4551,
        40.61943
       ],
       [
        14.45723,
        40.61969
       ],
       [
        14.46163,
        40.61826
       ],
       [
        14.46267,
        40.61725
       ],
       [
        14.46421,
        40.6186
       ],
       [
        14.4686,
        40.61974
       ],
       [
        14.46899,
        40.62033
       ],
       [
        14.46608,
        40.62154
       ],
       [
        14.46227,
        40.62642
       ],
       [
        14.46239,
        40.62788
       ],
       [
        14.46732,
        40.63015
       ],
       [
        14.46517,
        40.63216
       ],
       [
        14.4662,
        40.63343
       ],
       [
        14.4667,
        40.63298
       ],
       [
        14.46718,
        40.63336
       ],
       [
        14.46629,
        40.63446
       ],
       [
        14.46958,
        40.63449
       ],
       [
        14.47104,
        40.63534
       ],
       [
        14.47433,
        40.63555
       ],
       [
        14.47644,
        40.63641
       ],
       [
        14.47789,
        40.63528
       ],
       [
        14.47911,
        40.63659
       ],
       [
        14.48103,
        40.63721
       ],
       [
        14.48174,
        40.639
       ],
       [
        14.48142,
        40.64044
       ],
       [
        14.48202,
        40.64063
       ],
       [
        14.48033,
        40.64255
       ],
       [
        14.48018,
        40.64431
       ],
       [
        14.48232,
        40.6473
       ],
       [
        14.48728,
        40.64758
       ],
       [
        14.49754,
        40.64596
       ],
       [
        14.50066,
        40.64693
       ],
       [
        14.5022,
        40.64818
       ]
      ]
     ]
    ]
   }
  },
  {
   "type": "Feature",
   "properties": {
    "@id": "relation/40808",
    "admin_level": "8",
    "boundary": "administrative",
    "name": "Pozzuoli",
    "name:de": "Pozzuoli",
    "name:el": "Ποτσουόλι",
    "name:it": "Pozzuoli",
    "population": "74751",
    "type": "boundary",
    "wikidata": "Q72425",
    "wikipedia": "it:Pozzuoli"
   },
   "geometry": {
    "type": "Polygon",
    "coordinates": [
     [
      [
       14.1406,
       40.86707
      ],
      [
       14.13489,
       40.8677
      ],
      [
       14.12835,
       40.86624
      ],
      [
       14.12457,
       40.86806
      ],
      [
       14.12416,
       40.87162
      ],
      [
       14.1217,
       40.87122
      ],
      [
       14.11391,
       40.87282
      ],
      [
       14.10195,
       40.8785
      ],
      [
       14.08927,
       40.87924
      ],
      [
       14.08554,
       40.87808
      ],
      [
       14.08095,
       40.87899
      ],
      [
       14.07635,
       40.87788
      ],
      [
       14.0765,
       40.87693
      ],
      [
       14.07355,
       40.87365
      ],
      [
       14.06317,
       40.87358
      ],
      [
       14.06286,
       40.86878
      ],
      [
       14.06186,
       40.86892
      ],
      [
       14.06219,
       40.87327
      ],
      [
       14.05875,
       40.87254
      ],
      [
       14.0578,
       40.87673
      ],
      [
       14.04053,
       40.87806
      ],
      [
       14.04507,
       40.86221
      ],
      [
       14.04748,
       40.84534
      ],
      [
       14.05089,
       40.84536
      ],
      [
       14.05755,
       40.84343
      ],
      [
       14.05962,
       40.84368
      ],
      [
       14.06145,
       40.8454
      ],
      [
       14.06461,
       40.84605
      ],
      [
       14.06784,
       40.84498
      ],
      [
       14.06673,
       40.84252
      ],
      [
       14.06975,
       40.84078
      ],
      [
       14.0682,
       40.83557
      ],
      [
       14.06853,
       40.83371
      ],
      [
       14.06769,
       40.83298
      ],
      [
       14.0736,
       40.82994
      ],
      [
       14.07668,
       40.83013
      ],
      [
       14.07599,
       40.82876
      ],
      [
       14.07716,
       40.82645
      ],
      [
       14.07707,
       40.82543
      ],
      [
       14.08483,
       40.82942
      ],
      [
       14.0893,
       40.83084
      ],
      [
       14.09689,
       40.8308
      ],
      [
       14.09665,
       40.83135
      ],
      [
       14.09781,
       40.83141
      ],
      [
       14.09813,
       40.83067
      ],
      [
       14.0999,
       40.83126
      ],
      [
       14.10704,
       40.83153
      ],
      [
       14.11181,
       40.82939
      ],
      [
       14.11324,
       40.82967
      ],
      [
       14.11372,
       40.8293
      ],
      [
       14.11321,
       40.82885
      ],
      [
       14.11435,
       40.82892
      ],
      [
       14.11274,
       40.82675
      ],
      [
       14.11392,
       40.82674
      ],
      [
       14.11351,
       40.82697
      ],
      [
       14.11449,
       40.82859
      ],
      [
       14.11743,
       40.82767
      ],
      [
       14.11753,
       40.82677
      ],
      [
       14.1188,
       40.82576
      ],
      [
       14.11724,
       40.82526
      ],
      [
       14.11934,
       40.82525
      ],
      [
       14.11972,
       40.82409
      ],
      [
       14.11823,
       40.82401
      ],
      [
       14.1179,
       40.82471
      ],
      [
       14.11779,
       40.82273
      ],
      [
       14.11904,
       40.82152
      ],
      [
       14.11776,
       40.82231
      ],
      [
       14.11352,
       40.82163
      ],
      [
       14.10972,
       40.82289
      ],
      [
       14.11361,
       40.8211
      ],
      [
       14.11781,
       40.8218
      ],
      [
       14.11981,
       40.82004
      ],
      [
       14.1236,
       40.82095
      ],
      [
       14.12251,
       40.82024
      ],
      [
       14.12585,
       40.82084
      ],
      [
       14.13116,
       40.82063
      ],
      [
       14.13295,
       40.8203
      ],
      [
       14.13722,
       40.81791
      ],
      [
       14.13911,
       40.81763
      ],
      [
       14.14761,
       40.81841
      ],
      [
       14.15091,
       40.81772
      ],
      [
       14.15215,
       40.81682
      ],
      [
       14.15262,
       40.8168
      ],
      [
       14.15168,
       40.81738
      ],
      [
       14.1523,
       40.81774
      ],
      [
       14.15397,
       40.81789
      ],
      [
       14.155,
       40.81725
      ],
      [
       14.15609,
       40.81803
      ],
      [
       14.15887,
       40.81699
      ],
      [
       14.15943,
       40.8211
      ],
      [
       14.15784,
       40.8232
      ],
      [
       14.15817,
       40.82442
      ],
      [
       14.1567,
       40.82824
      ],
      [
       14.15802,
       40.82865
      ],
      [
       14.15678,
       40.83195
      ],
      [
       14.15594,
       40.83173
      ],
      [
       14.15295,
       40.83792
      ],
      [
       14.15651,
       40.83873
      ],
      [
       14.1598,
       40.84077
      ],
      [
       14.16135,
       40.8444
      ],
      [
       14.16073,
       40.84637
      ],
      [
       14.15646,
       40.8494
      ],
      [
       14.15392,
       40.8522
      ],
      [
       14.1458,
       40.85221
      ],
      [
       14.13829,
       40.84919
      ],
      [
       14.13674,
       40.85011
      ],
      [
       14.1321,
       40.85606
      ],
      [
       14.13245,
       40.85685
      ],
      [
       14.1353,
       40.85549
      ],
      [
       14.13775,
       40.85539
      ],
      [
       14.1368,
       40.8578
      ],
      [
       14.13765,
       40.85814
      ],
      [
       14.13751,
       40.85903
      ],
      [
       14.13812,
       40.85939
      ],
      [
       14.13794,
       40.86117
      ],
      [
       14.13743,
       40.86131
      ],
      [
       14.13878,
       40.86363
      ],
      [
       14.13955,
       40.86333
      ],
      [
       14.14127,
       40.86615
      ],
      [
       14.1406,
       40.86707
      ]
     ]
    ]
   }
  },
  {
   "type": "Feature",
   "properties": {
    "@id": "way/1260684434",
    "area": "yes",
    "geological": "volcanic_caldera_rim",
    "name": "Campi Flegrei",
    "wikidata": "Q755123",
    "wikipedia": "it:Campi Flegrei"
   },
   "geometry": {
    "type": "Polygon",
    "coordinates": [
     [
      [
       14.06049,
       40.78501
      ],
      [
       14.06652,
       40.77299
      ],
      [
       14.09613,
       40.73064
      ],
      [
       14.1877,
       40.74105
      ],
      [
       14.26897,
       40.80346
      ],
      [
       14.28992,
       40.83295
      ],
      [
       14.28079,
       40.85114
      ],
      [
       14.2306,
       40.85542
      ],
      [
       14.19415,
       40.84632
      ],
      [
       14.16712,
       40.84498
      ],
      [
       14.14421,
       40.86323
      ],
      [
       14.1254,
       40.88699
      ],
      [
       14.08593,
       40.8812
      ],
      [
       14.06052,
       40.83449
      ],
      [
       14.06049,
       40.78501
      ]
     ]
    ]
   }
  },
  {
   "type": "Feature",
   "properties": {
    "@id": "node/4948370721",
    "fixme": "position",
    "name": "Campi Flegrei",
    "name:de": "Phlegräische Felder",
    "name:en": "Phlegraean Fields",
    "natural": "volcano",
    "wikidata": "Q755123",
    "wikipedia": "it:Campi Flegrei"
   },
   "geometry": {
    "type": "Point",
    "coordinates": [
     14.14023,
     40.82746
    ]
   }
  }
 ]
}
