{"type":"FeatureCollection","features":[{"type":"Feature","properties":{"@id":"relation/285980","admin_level":"6","boundary":"administrative","logainm:ref":"100006","name":"County Kilkenny","name:en":"County Kilkenny","name:ga":"Contae Chill Chainnigh","wikidata":"Q180231"},"geometry":{"type":"Polygon","coordinates":[[[-7.0832793,52.757244],[-7.0833976,52.7574527],[-7.0834743,52.7575988],[-7.0834187,52.7577701],[-7.0833273,52.7579821],[-7.08336,52.7581078],[-7.08343,52.7582814],[-7.0834874,52.7583884],[-7.0834777,52.7584436],[-7.083353,52.7585491],[-7.0832602,52.7586768],[-7.0832997,52.7588109],[-7.0833748,52.7589553],[-7.0834415,52.7591675],[-7.0834061,52.7593509],[-7.0832887,52.7595595],[-7.0832809,52.7597175],[-7.0832414,52.7598345],[-7.0832731,52.7599622],[-7.0834421,52.7601643],[-7.0834179,52.760491],[-7.0833799,52.7607454],[-7.0836738,52.7609187],[-7.0836328,52.761163],[-7.0837044,52.7614962],[-7.0837154,52.7624783],[-7.0829804,52.7645138],[-7.0826304,52.76572],[-7.0826181,52.7658207],[-7.0826852,52.7659415],[-7.0827466,52.7663435],[-7.0827101,52.7665606],[-7.0826988,52.7667763],[-7.0826036,52.7669264],[-7.0823496,52.7670037],[-7.0821965,52.7670305],[-7.0821042,52.7671165],[-7.0821154,52.7671796],[-7.0822924,52.7673094],[-7.0823085,52.7675594],[-7.0815307,52.767858],[-7.0816487,52.7682053],[-7.0815432,52.7688209],[-7.0814887,52.7690026],[-7.0815408,52.7691131],[-7.0816963,52.769269],[-7.0818854,52.7693909],[-7.0819438,52.7694516],[-7.0818921,52.7696289],[-7.0818224,52.7697346],[-7.0816968,52.7698067],[-7.0815226,52.7698589],[-7.0814995,52.7699499],[-7.0815155,52.7700332],[-7.0816245,52.7701767],[-7.0817012,52.7702925],[-7.0818312,52.7705328],[-7.0820008,52.7705891],[-7.0822335,52.7706231],[-7.0824769,52.7706588],[-7.0826091,52.7707628],[-7.0826614,52.770853],[-7.0824557,52.770962],[-7.0823422,52.7710456],[-7.0823653,52.7711384],[-7.0824476,52.7712426],[-7.0825608,52.771356],[-7.082704,52.7715287],[-7.0826946,52.7717126],[-7.0827108,52.7718307],[-7.0829197,52.7719801],[-7.0830862,52.7721973],[-7.0832182,52.7724734],[-7.0833891,52.7726957],[-7.0836873,52.7728121],[-7.0839424,52.7728911],[-7.0841556,52.7730211],[-7.0844732,52.7731206],[-7.084696,52.7732371],[-7.084765,52.7733427],[-7.084988,52.7734742],[-7.0851786,52.7736291],[-7.0852425,52.7737515],[-7.0852159,52.7739666],[-7.0852513,52.7741649],[-7.0852964,52.7744104],[-7.0853854,52.7746087],[-7.0855336,52.7747585],[-7.0856773,52.7748973],[-7.0856955,52.775034],[-7.0856153,52.7752481],[-7.0855928,52.7754273],[-7.0857103,52.7755334],[-7.0859007,52.775633],[-7.0860614,52.7756871],[-7.0862244,52.775725],[-7.0863663,52.7757211],[-7.0866058,52.7756669],[-7.0868054,52.7756582],[-7.087002,52.7755897],[-7.0873665,52.7755584],[-7.0875972,52.7755587],[-7.0878367,52.7755616],[-7.0881312,52.7755034],[-7.0884547,52.7754359],[-7.088687,52.7754341],[-7.088989,52.7754971],[-7.089229,52.7755874],[-7.0894586,52.7757033],[-7.0896072,52.775766],[-7.0898712,52.7758329],[-7.090134,52.775935],[-7.0907177,52.7760971],[-7.0897013,52.7767311],[-7.0892596,52.7769856],[-7.0888889,52.7770962],[-7.0884699,52.777154],[-7.0880351,52.7772084],[-7.0876836,52.777195],[-7.0874579,52.7771804],[-7.0872674,52.7771307],[-7.087174,52.7771243],[-7.0870761,52.777157],[-7.0869896,52.7772345],[-7.0868695,52.7773573],[-7.0867376,52.7774682],[-7.0865168,52.7777386],[-7.0861437,52.7781239],[-7.0859333,52.7782638],[-7.085708,52.7783699],[-7.0853633,52.7785151],[-7.0846936,52.7787416],[-7.0844551,52.778787],[-7.0843131,52.7787724],[-7.084149,52.7787309],[-7.0839267,52.778673],[-7.0837157,52.7786498],[-7.083367,52.7786827],[-7.0830762,52.7787468],[-7.0827081,52.7788065],[-7.0824749,52.7789209],[-7.0821788,52.7791401],[-7.0816457,52.7795553],[-7.0811152,52.7805539],[-7.0800843,52.7816754],[-7.0792017,52.7822823],[-7.0791613,52.78231],[-7.0780818,52.7825551],[-7.0767432,52.7831848],[-7.0761116,52.7833294],[-7.075394,52.783796],[-7.0750763,52.7837614],[-7.0744383,52.7838051],[-7.0739928,52.7837565],[-7.0733895,52.7835128],[-7.0727529,52.7839507],[-7.0725282,52.7842346],[-7.0722754,52.78445],[-7.071838,52.784606],[-7.0715867,52.7845256],[-7.0708428,52.7843341],[-7.0700601,52.7842549],[-7.0692136,52.7843487],[-7.0684647,52.7845206],[-7.0672754,52.7851126],[-7.0672368,52.7853612],[-7.0669264,52.7856932],[-7.0667378,52.7860573],[-7.066747,52.7865745],[-7.0666495,52.7869139],[-7.0667899,52.7869649],[-7.066775,52.787204],[-7.0667109,52.7873638],[-7.0662322,52.787477],[-7.0660273,52.7877741],[-7.0659593,52.788404],[-7.0657386,52.7887365],[-7.0654588,52.7890065],[-7.0648432,52.7894382],[-7.0642969,52.7896576],[-7.0624677,52.7911615],[-7.0619313,52.7916435],[-7.0616453,52.7922703],[-7.0615026,52.7927964],[-7.0612197,52.7930985],[-7.0604653,52.7931481],[-7.0600604,52.7937097],[-7.0600867,52.7937945],[-7.0601243,52.7938951],[-7.0603149,52.794216],[-7.0606114,52.794609],[-7.061464,52.7953118],[-7.0618105,52.7964594],[-7.0616667,52.7973115],[-7.063306,52.7994504],[-7.0631622,52.7997634],[-7.0641689,52.8011545],[-7.0647556,52.8022007],[-7.0664188,52.8041739],[-7.0678794,52.8058555],[-7.0685699,52.8066506],[-7.0688857,52.807466],[-7.0695184,52.8081093],[-7.0696548,52.8087548],[-7.0698409,52.8101044],[-7.0698195,52.8109894],[-7.0704034,52.8127742],[-7.0718663,52.8132092],[-7.0722351,52.813368],[-7.0731618,52.8141972],[-7.0746666,52.8150407],[-7.0749212,52.815082],[-7.0753225,52.8151471],[-7.0762198,52.8154976],[-7.0764903,52.8160849],[-7.0779497,52.8162757],[-7.0789699,52.8159785],[-7.0799457,52.8159495],[-7.0805696,52.8157078],[-7.0824092,52.8157562],[-7.0833851,52.8161429],[-7.0844577,52.8161713],[-7.0852427,52.8164494],[-7.0871124,52.816549],[-7.0900826,52.8178616],[-7.0902747,52.8187541],[-7.0922109,52.8194607],[-7.0922635,52.819865],[-7.0934342,52.8208548],[-7.0910521,52.821852],[-7.0964498,52.8255885],[-7.0989058,52.8269862],[-7.1001743,52.8267925],[-7.1036578,52.8262388],[-7.1055091,52.8260904],[-7.1067086,52.8259657],[-7.107839,52.8258201],[-7.1087891,52.8255492],[-7.1108367,52.8245729],[-7.1132683,52.8246889],[-7.114676,52.8244086],[-7.1155239,52.8243989],[-7.1158438,52.8247855],[-7.1164357,52.8247855],[-7.1173475,52.8246019],[-7.1184436,52.8236986],[-7.1191004,52.8236161],[-7.1192318,52.8237523],[-7.1192801,52.8237993],[-7.1193686,52.8238301],[-7.1196717,52.8238317],[-7.1198434,52.8238917],[-7.1198836,52.8239533],[-7.119779,52.8241121],[-7.1197441,52.8241818],[-7.1197924,52.8242385],[-7.120163,52.8244666],[-7.120163,52.8246695],[-7.120419,52.8251239],[-7.1207925,52.8252102],[-7.1209629,52.8252495],[-7.1211383,52.8257714],[-7.1210503,52.8260339],[-7.1208824,52.8265351],[-7.1209584,52.8266752],[-7.1210052,52.8267614],[-7.1212023,52.8271247],[-7.1215628,52.8273286],[-7.1224775,52.8289589],[-7.1220822,52.8293864],[-7.1221617,52.829641],[-7.1222421,52.8298987],[-7.1221736,52.8309347],[-7.1221838,52.8309509],[-7.122946,52.8321603],[-7.1236019,52.8322956],[-7.1242577,52.8327676],[-7.1243538,52.8328368],[-7.1242734,52.8331081],[-7.1241618,52.8334843],[-7.1243378,52.8338226],[-7.1247377,52.8338516],[-7.1256175,52.8340062],[-7.1252656,52.8344024],[-7.1261774,52.834615],[-7.1263173,52.8350256],[-7.1267693,52.8357941],[-7.1275052,52.836142],[-7.1274092,52.8365575],[-7.1278731,52.8367218],[-7.1278891,52.83706],[-7.1281541,52.8373551],[-7.12833,52.837551],[-7.1282571,52.8379201],[-7.128753,52.838065],[-7.128769,52.8382969],[-7.1281931,52.8385578],[-7.128577,52.8387511],[-7.128753,52.8390217],[-7.1282477,52.8395721],[-7.1284171,52.8398141],[-7.1284063,52.8403755],[-7.1288223,52.8411679],[-7.1298869,52.8416264],[-7.1307385,52.8422139],[-7.1322457,52.8437381],[-7.1343305,52.8451421],[-7.1342289,52.8455108],[-7.1346492,52.8457245],[-7.1351213,52.846058],[-7.1355558,52.8465019],[-7.1361513,52.8469036],[-7.1366322,52.8470724],[-7.1370632,52.8471758],[-7.1375567,52.8472924],[-7.1384094,52.8474123],[-7.1392409,52.8475386],[-7.1407376,52.8476844],[-7.1410454,52.8477016],[-7.1411058,52.8478061],[-7.1416337,52.8483879],[-7.1416423,52.8486004],[-7.1411401,52.8487722],[-7.1408429,52.8490527],[-7.1408783,52.8494467],[-7.1414191,52.84954],[-7.1420939,52.84957],[-7.1417019,52.8511762],[-7.1416476,52.8513988],[-7.1410535,52.8518995],[-7.1409041,52.8522961],[-7.1410908,52.8528676],[-7.1410725,52.8533444],[-7.140365,52.8540869],[-7.1397226,52.8549686],[-7.1395673,52.8551817],[-7.138651,52.8559637],[-7.1387819,52.856329],[-7.1388678,52.8566121],[-7.1390373,52.857179],[-7.1391939,52.8576214],[-7.1390405,52.8579388],[-7.1393162,52.8584001],[-7.139695,52.8588736],[-7.1401381,52.8592098],[-7.1403033,52.8594916],[-7.1403462,52.8603415],[-7.1400147,52.8608085],[-7.140534,52.8615981],[-7.1401821,52.8623366],[-7.1402282,52.8626993],[-7.1398366,52.8630762],[-7.1398516,52.8632854],[-7.1398555,52.8635262],[-7.1394067,52.8647849],[-7.1395949,52.8651869],[-7.1391026,52.8654754],[-7.1386809,52.8662969],[-7.1385827,52.8666321],[-7.1386305,52.8668335],[-7.1388023,52.8670849],[-7.1388604,52.8671698],[-7.1389738,52.8677214],[-7.1392634,52.8679178],[-7.1393815,52.8682464],[-7.1396068,52.868667],[-7.1398957,52.868878],[-7.1399625,52.8690873],[-7.1400038,52.8692165],[-7.1405926,52.869522],[-7.1407441,52.8696006],[-7.141339,52.8701148],[-7.1423137,52.8706513],[-7.1426431,52.8708744],[-7.143194,52.8711332],[-7.1435765,52.8713857],[-7.1446386,52.8719961],[-7.1451321,52.8721644],[-7.1458671,52.872258],[-7.1467629,52.8723862],[-7.1471063,52.8725339],[-7.1474958,52.8728255],[-7.14775,52.8731404],[-7.1479216,52.8733631],[-7.1480397,52.8736218],[-7.1484307,52.8739754],[-7.1486083,52.8747923],[-7.1488749,52.8752054],[-7.1487987,52.8755467],[-7.148501,52.876076],[-7.1486405,52.8762557],[-7.148898,52.8763988],[-7.1493464,52.876574],[-7.1499709,52.8768391],[-7.1504907,52.8769094],[-7.1508506,52.8767164],[-7.1513458,52.8764322],[-7.1520925,52.8762029],[-7.1528156,52.8760155],[-7.1531466,52.8758251],[-7.1531144,52.8756668],[-7.1536133,52.875039],[-7.1538139,52.8747561],[-7.1540166,52.8747211],[-7.1543568,52.8743803],[-7.1544417,52.8739067],[-7.1550228,52.8737948],[-7.1556783,52.8738798],[-7.1565068,52.8735938],[-7.1573466,52.8728205],[-7.1572755,52.8725918],[-7.1574769,52.8724228],[-7.157687,52.8721768],[-7.1578693,52.8720587],[-7.1579922,52.8716818],[-7.1582839,52.8715891],[-7.1583351,52.8713821],[-7.1584836,52.8712863],[-7.1592412,52.8710175],[-7.1595373,52.8708462],[-7.1605894,52.8713906],[-7.1608777,52.8718725],[-7.1604287,52.8719091],[-7.1600225,52.872016],[-7.1600021,52.8722845],[-7.1600295,52.8725765],[-7.1605925,52.8731203],[-7.1607477,52.8733722],[-7.1613988,52.8736537],[-7.1613938,52.8741211],[-7.1617264,52.8741603],[-7.1620161,52.8744332],[-7.1623214,52.8750911],[-7.1629656,52.8762165],[-7.1637677,52.8775154],[-7.1642504,52.8784391],[-7.1644333,52.8793696],[-7.1632417,52.8793503],[-7.163488,52.8805376],[-7.1632248,52.8807578],[-7.1630923,52.8808661],[-7.163089,52.8822572],[-7.1644053,52.8822924],[-7.1649,52.8822921],[-7.1659838,52.8823364],[-7.1661242,52.8828206],[-7.166403,52.8835591],[-7.1669364,52.8835576],[-7.1674969,52.8835757],[-7.168248,52.8837644],[-7.1690682,52.8838606],[-7.1708353,52.8839788],[-7.1719676,52.8840592],[-7.1723735,52.8838531],[-7.1727925,52.8837207],[-7.173403,52.8836979],[-7.1739434,52.8836676],[-7.1746273,52.8833763],[-7.1752346,52.8833876],[-7.1757549,52.8836226],[-7.1763702,52.8838997],[-7.176846,52.884192],[-7.1771513,52.8846135],[-7.1771229,52.885],[-7.1770992,52.8854545],[-7.1775048,52.886579],[-7.1776335,52.8874973],[-7.1781174,52.8882382],[-7.1785975,52.8886107],[-7.1792885,52.8889764],[-7.1795406,52.8891742],[-7.1797069,52.889583],[-7.181733,52.8902177],[-7.1828692,52.8901465],[-7.1841057,52.8903724],[-7.1845966,52.8904138],[-7.1848739,52.8906362],[-7.1848755,52.89092],[-7.184692,52.8910903],[-7.1844131,52.8912644],[-7.1843219,52.8914285],[-7.186068,52.8923143],[-7.1863566,52.8926784],[-7.1868142,52.8928004],[-7.1873533,52.8932221],[-7.1878096,52.8933889],[-7.1884091,52.8934988],[-7.1887443,52.8937186],[-7.1892513,52.8939218],[-7.1896128,52.8938513],[-7.1905221,52.8936361],[-7.1907544,52.8936956],[-7.1912195,52.8937034],[-7.1917221,52.8937325],[-7.1922355,52.8935729],[-7.1927108,52.8935914],[-7.193082,52.8937843],[-7.1936157,52.8939115],[-7.1963575,52.8939351],[-7.1995263,52.8923269],[-7.2004334,52.8917525],[-7.2012831,52.8914855],[-7.2026768,52.8913045],[-7.2044052,52.8907423],[-7.2045214,52.8902936],[-7.2046278,52.8898827],[-7.2046942,52.8897825],[-7.2054346,52.8886648],[-7.2065124,52.887349],[-7.2068299,52.8869917],[-7.207486,52.8868376],[-7.2086576,52.8866638],[-7.2108839,52.885319],[-7.2111905,52.8851338],[-7.2120286,52.8847216],[-7.2121328,52.8842493],[-7.2122777,52.8838544],[-7.2125185,52.8831119],[-7.2124948,52.882737],[-7.2124368,52.8823082],[-7.2124358,52.8818477],[-7.2135682,52.8815479],[-7.2139776,52.8813063],[-7.2141959,52.8810533],[-7.2145306,52.8804407],[-7.2148579,52.8801608],[-7.2153294,52.8799827],[-7.2170819,52.8792151],[-7.2183318,52.8784323],[-7.2184959,52.8783343],[-7.2187148,52.878051],[-7.219234,52.877741],[-7.2206916,52.8768709],[-7.2248281,52.8777741],[-7.2250183,52.8778142],[-7.22576,52.8779705],[-7.2260619,52.8780341],[-7.2284394,52.8780542],[-7.2338644,52.8780438],[-7.2381436,52.878028],[-7.2386388,52.8780043],[-7.2405389,52.8781675],[-7.2427806,52.8784472],[-7.2433391,52.8784591],[-7.2447354,52.878489],[-7.2473318,52.8783612],[-7.2464867,52.8753116],[-7.2453789,52.8723771],[-7.2449071,52.8724016],[-7.244491,52.8719496],[-7.244332,52.8717768],[-7.2441583,52.8712623],[-7.2429601,52.8698513],[-7.2428165,52.8690421],[-7.2432543,52.8682308],[-7.2433943,52.8677486],[-7.2442886,52.8663966],[-7.2442167,52.8647745],[-7.2438691,52.8640863],[-7.2433149,52.8627721],[-7.2466262,52.86227],[-7.2470046,52.8614194],[-7.2482728,52.8599261],[-7.2488314,52.8592684],[-7.2592877,52.8491441],[-7.2594484,52.8489885],[-7.2613704,52.8495648],[-7.2620593,52.8500374],[-7.2629118,52.8502947],[-7.264023,52.8509495],[-7.2651094,52.851322],[-7.2657573,52.8515885],[-7.2695654,52.8525635],[-7.2700384,52.8525539],[-7.2731145,52.8532262],[-7.2759981,52.8538552],[-7.2773309,52.8542726],[-7.2804764,52.8561257],[-7.2841355,52.8577361],[-7.2850591,52.8580063],[-7.2879199,52.859194],[-7.2896686,52.8597409],[-7.2904223,52.8598023],[-7.2925179,52.8604176],[-7.2932914,52.8607893],[-7.2940175,52.8613421],[-7.2980666,52.8629718],[-7.2990332,52.8635052],[-7.2992041,52.8633908],[-7.2995225,52.86335],[-7.2997923,52.8632864],[-7.3000651,52.8631688],[-7.3003515,52.8630769],[-7.3005615,52.8630215],[-7.3008805,52.8629805],[-7.3010202,52.8629002],[-7.3011278,52.8627485],[-7.3012297,52.8626358],[-7.3012428,52.8625558],[-7.3012552,52.8624685],[-7.3014289,52.862257],[-7.3010501,52.861952],[-7.3012553,52.861485],[-7.3019509,52.86172],[-7.3038599,52.8631719],[-7.3047202,52.863453],[-7.3054204,52.864023],[-7.3076248,52.864711],[-7.3080369,52.8651216],[-7.3083982,52.8661793],[-7.308593,52.8661791],[-7.3090298,52.8661786],[-7.3096688,52.8663576],[-7.3101524,52.8664399],[-7.3111124,52.8660221],[-7.3118491,52.8659143],[-7.3135634,52.8649735],[-7.3145057,52.864014],[-7.3148059,52.8634321],[-7.3167158,52.8624237],[-7.3176757,52.8623024],[-7.3181445,52.861925],[-7.3189259,52.8618711],[-7.3197391,52.8614815],[-7.3210417,52.8615415],[-7.3220343,52.8620226],[-7.3226723,52.8622624],[-7.3238486,52.8623426],[-7.3243869,52.862257],[-7.3245239,52.8620461],[-7.3249536,52.8613733],[-7.3250386,52.8612792],[-7.3256895,52.8608086],[-7.3258275,52.8607804],[-7.3262827,52.8607582],[-7.3271787,52.8600829],[-7.3265213,52.8582401],[-7.3273617,52.8560202],[-7.3276477,52.8554481],[-7.3279864,52.854935],[-7.3282779,52.8545346],[-7.3284911,52.8540422],[-7.3287043,52.8537541],[-7.3292445,52.8531152],[-7.3291848,52.85298],[-7.329147,52.8528944],[-7.3291972,52.8527363],[-7.3295286,52.8516931],[-7.3295527,52.851687],[-7.3303719,52.851479],[-7.330881,52.8513273],[-7.3308867,52.8513254],[-7.3312643,52.8512029],[-7.3314362,52.8510879],[-7.3315727,52.850896],[-7.3316349,52.8507207],[-7.3316315,52.8505251],[-7.3317679,52.8504166],[-7.3320434,52.8502196],[-7.332372,52.8500978],[-7.3326193,52.8499753],[-7.333041,52.8499078],[-7.3334972,52.8498326],[-7.3337265,52.8497374],[-7.3338738,52.8496245],[-7.333956,52.8494987],[-7.3340146,52.8492863],[-7.3339862,52.849105],[-7.3339119,52.8489718],[-7.3338707,52.8488892],[-7.3339395,52.8487708],[-7.3340634,52.8487008],[-7.3342539,52.8486929],[-7.3345371,52.8487316],[-7.3348388,52.848795],[-7.335117,52.848794],[-7.3353085,52.8487392],[-7.3354167,52.8486257],[-7.3355038,52.8484976],[-7.335566,52.8483709],[-7.3357203,52.8482634],[-7.3358294,52.8481229],[-7.3359265,52.8479726],[-7.3359187,52.8477354],[-7.335979,52.8476014],[-7.336647,52.8472103],[-7.3367175,52.8470965],[-7.336611,52.8469975],[-7.3363921,52.8468636],[-7.3361548,52.8467726],[-7.3359613,52.8465236],[-7.3359213,52.8464429],[-7.3358879,52.8462789],[-7.3359729,52.8461341],[-7.3362239,52.8460057],[-7.3363438,52.8458284],[-7.3363747,52.8456723],[-7.3364165,52.8455637],[-7.3365104,52.8454508],[-7.336769,52.8451924],[-7.3369538,52.8450586],[-7.3371611,52.8449924],[-7.3376262,52.8448901],[-7.3377954,52.8448314],[-7.3379564,52.8447244],[-7.3380803,52.844636],[-7.3380618,52.8445665],[-7.337892,52.844515],[-7.3376533,52.8444941],[-7.3374355,52.8444553],[-7.3372767,52.8444219],[-7.3372182,52.844312],[-7.3373028,52.8441858],[-7.3373965,52.8440444],[-7.3376404,52.844021],[-7.3378664,52.8439901],[-7.3379923,52.8439755],[-7.3383678,52.8439811],[-7.3385226,52.8439496],[-7.3385582,52.8438546],[-7.338586,52.8437413],[-7.3386344,52.843544],[-7.3387511,52.843482],[-7.3389921,52.843504],[-7.3391263,52.8436326],[-7.3393514,52.8438242],[-7.33962,52.8439347],[-7.3398227,52.8439967],[-7.3401134,52.8439659],[-7.3403008,52.8438949],[-7.3403368,52.843745],[-7.3403095,52.8436261],[-7.3401866,52.8435232],[-7.3400144,52.8434597],[-7.3397687,52.8434143],[-7.3396494,52.8433199],[-7.3396121,52.8432167],[-7.3396743,52.8430918],[-7.339839,52.8430314],[-7.3400356,52.8430433],[-7.3406142,52.8432008],[-7.3409483,52.8431184],[-7.3411487,52.8429609],[-7.3412359,52.8428504],[-7.3412729,52.8426676],[-7.3412276,52.8425008],[-7.3411887,52.842414],[-7.3410085,52.8422592],[-7.3408644,52.8421988],[-7.3408097,52.8421604],[-7.3407279,52.842086],[-7.3408725,52.8420233],[-7.3409642,52.8419733],[-7.3411286,52.8419418],[-7.341222,52.8419347],[-7.3413124,52.8419227],[-7.3413987,52.8419177],[-7.3414955,52.8419018],[-7.3417026,52.8418571],[-7.3420528,52.8417755],[-7.3423482,52.8417578],[-7.3426087,52.8416898],[-7.3428401,52.841566],[-7.3429689,52.8414271],[-7.3429988,52.8413441],[-7.3430172,52.8412933],[-7.3430241,52.841137],[-7.3431561,52.8409197],[-7.343184,52.8406905],[-7.3432433,52.8405975],[-7.3433868,52.8405229],[-7.3435118,52.8404103],[-7.3435954,52.8402225],[-7.3435335,52.8401219],[-7.3433492,52.8399828],[-7.3432325,52.8398465],[-7.3432792,52.8396518],[-7.3433664,52.8394083],[-7.3434972,52.8391421],[-7.3441001,52.8390981],[-7.3442411,52.8390943],[-7.3443352,52.8391343],[-7.3444991,52.8391894],[-7.3447137,52.8391573],[-7.3448904,52.8391417],[-7.3450135,52.8390528],[-7.3452319,52.8390034],[-7.3453405,52.8389164],[-7.3453402,52.8388018],[-7.3452686,52.8386558],[-7.3450913,52.8385818],[-7.3448054,52.8384238],[-7.3447213,52.8384137],[-7.3445286,52.8383906],[-7.3441767,52.8383452],[-7.3440042,52.8383511],[-7.3438264,52.8383073],[-7.3437942,52.838208],[-7.3437457,52.8381326],[-7.3436947,52.8380599],[-7.3437255,52.8379682],[-7.3437982,52.8379227],[-7.3440002,52.8379222],[-7.3441469,52.8379193],[-7.3442086,52.8378068],[-7.3442499,52.8377159],[-7.34442,52.8376427],[-7.3447692,52.8376019],[-7.3449269,52.8375011],[-7.3448923,52.8374253],[-7.3447029,52.8373374],[-7.3444972,52.8372699],[-7.344259,52.8372613],[-7.3440116,52.8373085],[-7.3437819,52.8373055],[-7.3436182,52.8372347],[-7.343493,52.8371474],[-7.3434911,52.8370225],[-7.3435185,52.8369196],[-7.3436545,52.8367576],[-7.3437676,52.8366107],[-7.3437837,52.8364212],[-7.3436848,52.8362909],[-7.34364,52.8360718],[-7.3435289,52.8358623],[-7.3435343,52.8356245],[-7.3434898,52.8354086],[-7.3433286,52.8350705],[-7.3432765,52.834871],[-7.3432224,52.8346442],[-7.3432733,52.8345003],[-7.3433595,52.8343972],[-7.3439106,52.8339814],[-7.3441684,52.8338074],[-7.3442917,52.8336504],[-7.3444669,52.8335381],[-7.3446992,52.8334919],[-7.3450202,52.8334609],[-7.3452085,52.8335133],[-7.3453566,52.8334723],[-7.3454786,52.8334204],[-7.3455535,52.8333508],[-7.34547,52.8332239],[-7.3452974,52.8330683],[-7.3453601,52.8326083],[-7.3454438,52.8323765],[-7.3454835,52.8323508],[-7.3456052,52.8322628],[-7.3456779,52.8321348],[-7.3456835,52.832086],[-7.3457014,52.8319293],[-7.3456307,52.8318053],[-7.3453915,52.8316044],[-7.345055,52.8314575],[-7.3448459,52.8311114],[-7.3448417,52.8304269],[-7.3449089,52.8302182],[-7.3448395,52.8300784],[-7.3445837,52.8299727],[-7.3443647,52.8297956],[-7.3447049,52.8292974],[-7.3457232,52.8282141],[-7.3460179,52.8280604],[-7.3469201,52.8277026],[-7.3470331,52.8274805],[-7.3470743,52.8273791],[-7.3470347,52.8272964],[-7.3471002,52.8272017],[-7.3470503,52.8270783],[-7.3467046,52.8266286],[-7.3462198,52.8262218],[-7.3463159,52.8260222],[-7.3469403,52.8257132],[-7.3466306,52.8253389],[-7.3466234,52.825101],[-7.3471423,52.8244682],[-7.347654,52.8238905],[-7.3477093,52.823633],[-7.3474385,52.8233453],[-7.3475059,52.8231175],[-7.3481118,52.8226129],[-7.347908,52.822233],[-7.3479663,52.8220511],[-7.3482002,52.8218621],[-7.3482592,52.8217746],[-7.3483839,52.8216971],[-7.3485113,52.8216514],[-7.3487098,52.8215639],[-7.3489045,52.821492],[-7.3491068,52.8214212],[-7.3493052,52.8213983],[-7.349328,52.8213956],[-7.3495145,52.8213953],[-7.3497304,52.8213859],[-7.3498363,52.8213467],[-7.3498913,52.8212886],[-7.3499128,52.8212011],[-7.3499235,52.8210844],[-7.3499114,52.8209836],[-7.3499436,52.8209058],[-7.3499114,52.820734],[-7.3498739,52.8206173],[-7.3498484,52.8204879],[-7.3498471,52.8202963],[-7.349843,52.8201767],[-7.3498001,52.8200503],[-7.3497411,52.819953],[-7.3496177,52.8198785],[-7.3495958,52.8198672],[-7.3494782,52.8198071],[-7.3494546,52.8198017],[-7.3493643,52.8197809],[-7.3492583,52.8197682],[-7.3491121,52.8197711],[-7.3489794,52.8197942],[-7.3488667,52.8198201],[-7.348738,52.8198136],[-7.3486468,52.8197844],[-7.3485931,52.8197326],[-7.348577,52.819671],[-7.348577,52.8196191],[-7.3486132,52.8195604],[-7.3486736,52.8195154],[-7.3487594,52.8194635],[-7.3489472,52.8193987],[-7.3491175,52.8193011],[-7.3492355,52.8192071],[-7.3493602,52.8191134],[-7.3494514,52.8189967],[-7.3494608,52.8189218],[-7.3494568,52.8188281],[-7.3493763,52.8187568],[-7.3492583,52.8186563],[-7.3491886,52.8185914],[-7.3489941,52.8184906],[-7.3488976,52.8184355],[-7.3488171,52.8183415],[-7.3488184,52.8182964],[-7.3488184,52.8182575],[-7.3488868,52.8181502],[-7.3489955,52.8179884],[-7.3490866,52.8178458],[-7.3491564,52.8177388],[-7.3492529,52.8176383],[-7.3494018,52.8174986],[-7.3495627,52.8173397],[-7.3496338,52.8171974],[-7.3496593,52.8170576],[-7.3496615,52.8170445],[-7.3496821,52.8169218],[-7.3496808,52.8167691],[-7.3496553,52.8166235],[-7.3496231,52.8165327],[-7.3495091,52.8164416],[-7.3493803,52.8163865],[-7.3491832,52.816322],[-7.3490424,52.8162698],[-7.3489579,52.8162053],[-7.3489311,52.8161599],[-7.3488654,52.8160656],[-7.3488171,52.8158808],[-7.3488117,52.8157576],[-7.3488399,52.8156541],[-7.3488131,52.815518],[-7.3487648,52.8154045],[-7.348679,52.8153007],[-7.3486669,52.8152226],[-7.3486776,52.8151415],[-7.3486991,52.8150248],[-7.3486918,52.8149632],[-7.3486883,52.8148789],[-7.3486894,52.8147333],[-7.3486894,52.8146426],[-7.3486787,52.8145388],[-7.348639,52.814449],[-7.3485339,52.8143769],[-7.3485178,52.8143153],[-7.3485178,52.8142147],[-7.3485264,52.8140956],[-7.3484781,52.8139627],[-7.3484137,52.8138654],[-7.3483654,52.8138168],[-7.3482281,52.8137641],[-7.3479384,52.813683],[-7.3478419,52.8136441],[-7.3477185,52.8135695],[-7.3476112,52.8135112],[-7.3474288,52.8134431],[-7.3473054,52.8133912],[-7.3472142,52.8133847],[-7.3470962,52.8133717],[-7.3469567,52.8133426],[-7.3468602,52.813255],[-7.3468151,52.8131683],[-7.3468065,52.8130961],[-7.3468258,52.8130321],[-7.3469514,52.8129924],[-7.3470887,52.8129835],[-7.3472604,52.812977],[-7.347402,52.8129762],[-7.3476488,52.8129567],[-7.3478451,52.8129575],[-7.3479792,52.8129511],[-7.3481315,52.8129048],[-7.3482067,52.8128465],[-7.3482152,52.8127533],[-7.3481852,52.8126941],[-7.3480919,52.8126009],[-7.3478472,52.8124671],[-7.3476219,52.8123731],[-7.3475307,52.8123634],[-7.3473966,52.812305],[-7.3473376,52.812198],[-7.3473269,52.8121234],[-7.3473462,52.8120043],[-7.3473913,52.8119192],[-7.3474556,52.8117862],[-7.3475144,52.8117261],[-7.3490228,52.8127371],[-7.3498497,52.813014],[-7.3503554,52.8130589],[-7.3509325,52.8131102],[-7.3525322,52.8130859],[-7.3539487,52.8127711],[-7.354392,52.8126013],[-7.3545938,52.8124121],[-7.3549883,52.8123718],[-7.3562509,52.81268],[-7.3568573,52.8129422],[-7.3571935,52.8130875],[-7.3573675,52.8131889],[-7.3576584,52.8132233],[-7.3581267,52.8132462],[-7.3582424,52.8132519],[-7.3588871,52.8133258],[-7.3596863,52.8135862],[-7.3600615,52.8139098],[-7.3603514,52.8143248],[-7.3605692,52.8151252],[-7.3605518,52.8159625],[-7.3608879,52.8180565],[-7.3612073,52.8188466],[-7.3614895,52.8191881],[-7.3615863,52.8194957],[-7.3615533,52.8199499],[-7.361198,52.8208968],[-7.3601046,52.8223587],[-7.3597527,52.8238563],[-7.3601681,52.8251972],[-7.3602709,52.8257891],[-7.3610273,52.8274771],[-7.361041,52.8278883],[-7.3611205,52.8282923],[-7.3617652,52.8289757],[-7.3624807,52.8296325],[-7.363236,52.8300906],[-7.3646092,52.8305922],[-7.3660541,52.830841],[-7.3674947,52.8310314],[-7.3680577,52.8309819],[-7.368615,52.8308823],[-7.3689431,52.8309008],[-7.3692507,52.830987],[-7.3695326,52.8311339],[-7.369881,52.8313644],[-7.3703791,52.8317716],[-7.3714796,52.8313897],[-7.3716111,52.8312234],[-7.3717739,52.831133],[-7.3721601,52.8310957],[-7.3728661,52.8308962],[-7.3732032,52.8307377],[-7.3734307,52.8306946],[-7.3737947,52.8306779],[-7.3739685,52.8305663],[-7.3744787,52.8299822],[-7.3756333,52.8289497],[-7.3766588,52.8288355],[-7.3770187,52.8278321],[-7.377397,52.8270536],[-7.377311,52.8266335],[-7.3772895,52.8256072],[-7.378171,52.8245268],[-7.3781495,52.8241911],[-7.378128,52.8237797],[-7.378429,52.8232687],[-7.3788494,52.822954],[-7.3812641,52.8214049],[-7.3821564,52.8226122],[-7.3831742,52.8227471],[-7.3835778,52.8222597],[-7.3840795,52.8219175],[-7.3836208,52.8214108],[-7.3851004,52.8208284],[-7.3852936,52.8209141],[-7.3851947,52.8208064],[-7.3858503,52.8199985],[-7.3875664,52.8194341],[-7.3879635,52.8198786],[-7.3885934,52.820149],[-7.3889727,52.8194928],[-7.3890417,52.8190498],[-7.3891625,52.8186771],[-7.3892229,52.8181453],[-7.3895161,52.8176918],[-7.3896541,52.8173269],[-7.3898246,52.8170498],[-7.389831,52.8167639],[-7.3902364,52.8158933],[-7.3897361,52.8154346],[-7.3898655,52.8151062],[-7.3898655,52.8147986],[-7.3899203,52.8146179],[-7.3896511,52.8137396],[-7.390107,52.813331],[-7.3902536,52.8129817],[-7.3904261,52.8119885],[-7.3902105,52.811707],[-7.3901245,52.8114187],[-7.3904693,52.8111231],[-7.390659,52.8107216],[-7.3908315,52.8105835],[-7.3913836,52.8102081],[-7.3915942,52.8099043],[-7.3921512,52.8096345],[-7.3924544,52.8092899],[-7.3925825,52.8091444],[-7.3928068,52.8091079],[-7.3933336,52.8087852],[-7.392837,52.808172],[-7.3925782,52.8080365],[-7.3923453,52.8074421],[-7.3917483,52.8066237],[-7.3907612,52.8063094],[-7.3907192,52.8060701],[-7.3905728,52.8052364],[-7.3909307,52.8047958],[-7.3909307,52.8044517],[-7.3912154,52.8038833],[-7.3916639,52.8034817],[-7.3920521,52.8030072],[-7.3920736,52.8025509],[-7.3928068,52.8014506],[-7.3942775,52.8002267],[-7.3945362,52.7998966],[-7.3946397,52.7995159],[-7.3952263,52.7990022],[-7.3957352,52.7989135],[-7.3961578,52.797907],[-7.3971515,52.7973715],[-7.3974186,52.7969725],[-7.3983975,52.7962612],[-7.3990007,52.7958187],[-7.3992408,52.7958327],[-7.3993822,52.7962316],[-7.3997278,52.7964976],[-7.400152,52.7965166],[-7.4004348,52.7968585],[-7.4009846,52.79702],[-7.4013302,52.7970485],[-7.4017543,52.797362],[-7.4026655,52.7977609],[-7.4029325,52.7979699],[-7.403517,52.7981852],[-7.4049826,52.7985113],[-7.4050458,52.7985365],[-7.4057681,52.7988247],[-7.406962,52.7988912],[-7.4077475,52.7989577],[-7.4084285,52.7988368],[-7.4085284,52.7988191],[-7.4086833,52.7989712],[-7.4088628,52.7991476],[-7.4091248,52.7992922],[-7.4092242,52.7993471],[-7.4097269,52.7993376],[-7.4097405,52.7993561],[-7.4099154,52.799594],[-7.411194,52.8001147],[-7.4114549,52.8002209],[-7.4119615,52.8003312],[-7.4121005,52.8003615],[-7.4128282,52.800475],[-7.413034,52.8005071],[-7.4130864,52.8005153],[-7.4131228,52.8005125],[-7.4138741,52.8004536],[-7.4140666,52.8006364],[-7.4142394,52.8005747],[-7.4142701,52.80039],[-7.4148795,52.8005201],[-7.4160578,52.8004726],[-7.416046,52.8007789],[-7.4162747,52.800813],[-7.4176717,52.8010211],[-7.4178298,52.8010228],[-7.4182726,52.8010277],[-7.4191563,52.8010374],[-7.41918,52.8010377],[-7.419551,52.8009372],[-7.4202247,52.8010377],[-7.4205467,52.8012467],[-7.4208138,52.8012894],[-7.4210109,52.8012633],[-7.4213165,52.8012229],[-7.4221945,52.8015838],[-7.4230738,52.8022399],[-7.4227405,52.802401],[-7.4227531,52.8025961],[-7.4231612,52.8026897],[-7.4233959,52.8027435],[-7.4233515,52.8028913],[-7.4239291,52.8030121],[-7.4239847,52.802898],[-7.4254954,52.8036165],[-7.4258849,52.8040442],[-7.4270085,52.8036438],[-7.4276059,52.8037307],[-7.4284668,52.8034151],[-7.4290778,52.8033614],[-7.4293222,52.8030726],[-7.4296448,52.8030566],[-7.4298554,52.8026831],[-7.4306107,52.8024682],[-7.4315327,52.801622],[-7.4338199,52.7996781],[-7.4349152,52.7987946],[-7.4362789,52.7980157],[-7.437576,52.7975603],[-7.4379736,52.797244],[-7.4379317,52.7968519],[-7.4384129,52.7966748],[-7.4384339,52.7965609],[-7.4398086,52.7960576],[-7.4408818,52.7964344],[-7.4418861,52.796232],[-7.4462508,52.7955029],[-7.4466145,52.7953654],[-7.4469284,52.7941762],[-7.4469214,52.7937842],[-7.4469096,52.7931184],[-7.4470863,52.7914921],[-7.4470957,52.7914055],[-7.4477443,52.7909879],[-7.4477951,52.7906068],[-7.4478489,52.7901402],[-7.4475456,52.7897923],[-7.4482569,52.7883372],[-7.448236,52.7878817],[-7.4487954,52.787231],[-7.4493867,52.7870972],[-7.4505884,52.7876168],[-7.451401,52.7877332],[-7.4516674,52.7877197],[-7.451935,52.7877062],[-7.4521208,52.7876442],[-7.4524918,52.7874207],[-7.4536273,52.7872344],[-7.4548684,52.7874388],[-7.4577557,52.7873376],[-7.4609523,52.7870995],[-7.4658794,52.7867015],[-7.4670959,52.7863648],[-7.4678095,52.7864882],[-7.4683089,52.7864191],[-7.4688173,52.7865483],[-7.4689932,52.7865415],[-7.4691121,52.7864973],[-7.469287,52.7863097],[-7.46972,52.7861414],[-7.4711742,52.7865003],[-7.4718464,52.7864857],[-7.4739333,52.7862902],[-7.4750952,52.785918],[-7.4760056,52.7856263],[-7.4779567,52.7862717],[-7.4793494,52.7870265],[-7.4803925,52.7882887],[-7.4813839,52.7892642],[-7.482902,52.7904159],[-7.4836106,52.791019],[-7.4843371,52.791164],[-7.4856808,52.7915557],[-7.4860381,52.7918212],[-7.4880458,52.7940776],[-7.4885245,52.7960063],[-7.4895033,52.7974959],[-7.4904103,52.7976448],[-7.4911247,52.7975251],[-7.4916107,52.7979889],[-7.4920298,52.798035],[-7.4935327,52.7988238],[-7.4953831,52.799256],[-7.4961352,52.7991759],[-7.4959356,52.7994864],[-7.4949449,52.8006268],[-7.4948624,52.8010431],[-7.4950782,52.8011682],[-7.4983553,52.8013064],[-7.4997046,52.8015247],[-7.500091,52.8015303],[-7.5004728,52.8015246],[-7.5008511,52.8022509],[-7.5028326,52.8018708],[-7.5036709,52.801675],[-7.5035947,52.8010069],[-7.5046366,52.8006086],[-7.5060844,52.8004696],[-7.5076757,52.8001383],[-7.5110649,52.8003405],[-7.5135691,52.8004899],[-7.5139374,52.8002779],[-7.5168748,52.8006923],[-7.5165284,52.8014195],[-7.5175576,52.801528],[-7.5182849,52.8016141],[-7.5193452,52.801831],[-7.5189641,52.8027176],[-7.5184528,52.8035196],[-7.5160582,52.8066662],[-7.5174949,52.8071143],[-7.5185781,52.8070959],[-7.5221499,52.807656],[-7.523899,52.8081918],[-7.5257496,52.8095415],[-7.5277284,52.8100506],[-7.5292747,52.8113564],[-7.5323029,52.8111053],[-7.5340065,52.81144],[-7.5342217,52.8105137],[-7.534826,52.8102972],[-7.5350045,52.8098998],[-7.534647,52.8095936],[-7.5344679,52.8089847],[-7.5346022,52.808457],[-7.5344903,52.8081322],[-7.534488,52.8075851],[-7.5347141,52.8070091],[-7.534065,52.8068603],[-7.534065,52.806116],[-7.5344455,52.8059942],[-7.5344007,52.8049455],[-7.5345798,52.8044177],[-7.5346022,52.8035246],[-7.5350422,52.8031626],[-7.5355897,52.803166],[-7.5366502,52.803922],[-7.53722,52.8041995],[-7.5372797,52.8044422],[-7.5382805,52.8051755],[-7.5389928,52.8052616],[-7.5391036,52.8053765],[-7.5397367,52.8054817],[-7.5401867,52.8058145],[-7.5420132,52.8063126],[-7.5424751,52.8064386],[-7.5433614,52.8065534],[-7.5436938,52.8067256],[-7.5441687,52.8067543],[-7.544422,52.8069457],[-7.5450393,52.8069935],[-7.5456488,52.8072744],[-7.5472211,52.8082698],[-7.5489097,52.8075222],[-7.5489885,52.8072846],[-7.5497431,52.8069905],[-7.550183,52.8065627],[-7.5511486,52.8064285],[-7.5523837,52.8068691],[-7.552873,52.8073871],[-7.5535956,52.8079191],[-7.5553594,52.8080939],[-7.5560501,52.8082904],[-7.5569739,52.8085531],[-7.5593007,52.8086967],[-7.5598673,52.8089665],[-7.5593324,52.8092994],[-7.5589525,52.8101988],[-7.5586342,52.8105658],[-7.5580028,52.8109642],[-7.5577407,52.8116886],[-7.5572065,52.813165],[-7.556545,52.8144123],[-7.5582085,52.8151115],[-7.5602586,52.8153169],[-7.5594577,52.8169876],[-7.5604166,52.8171109],[-7.5615529,52.8171525],[-7.5615669,52.8187806],[-7.5644195,52.8189934],[-7.5652617,52.8191296],[-7.5654522,52.8191999],[-7.5655621,52.81935],[-7.565546,52.8198687],[-7.5655542,52.8205046],[-7.5658301,52.8213812],[-7.5659388,52.8217265],[-7.566207,52.8218644],[-7.5668706,52.8214372],[-7.567861,52.8214229],[-7.5687405,52.8217022],[-7.569146,52.8221211],[-7.5696329,52.8222389],[-7.5704547,52.8219929],[-7.5710754,52.822091],[-7.5715508,52.8223298],[-7.5718948,52.8226675],[-7.572176,52.8228478],[-7.5726462,52.8230189],[-7.5731507,52.8233501],[-7.5732188,52.8238548],[-7.5736646,52.8241059],[-7.573752,52.8243845],[-7.5740092,52.8251652],[-7.5736444,52.8255265],[-7.5748241,52.8264794],[-7.5758087,52.8270562],[-7.5761194,52.8276184],[-7.5765072,52.8279788],[-7.5770341,52.8283278],[-7.5786092,52.8287517],[-7.5797275,52.8274905],[-7.5798918,52.8273052],[-7.5798794,52.8267761],[-7.5809102,52.8266],[-7.5818476,52.8264449],[-7.5822173,52.8260624],[-7.582101,52.8255571],[-7.5823239,52.8251621],[-7.5820706,52.8242253],[-7.5824769,52.8232453],[-7.5842919,52.8218394],[-7.5859359,52.8207972],[-7.5871182,52.8204323],[-7.5885125,52.819196],[-7.5908673,52.8181202],[-7.5923259,52.8175931],[-7.5933874,52.8172824],[-7.5936534,52.8172011],[-7.5939039,52.8170169],[-7.5940741,52.8169111],[-7.5942724,52.8168348],[-7.5944058,52.8167324],[-7.5947268,52.8165719],[-7.5949067,52.8164471],[-7.5952393,52.8164017],[-7.5957001,52.8164602],[-7.5961362,52.8164846],[-7.5962739,52.8164002],[-7.5971394,52.8161661],[-7.5976812,52.8160981],[-7.5984568,52.8160007],[-7.5994803,52.8155904],[-7.6000334,52.8154279],[-7.6001491,52.8152076],[-7.5995368,52.8145747],[-7.5997935,52.8144569],[-7.5998976,52.814374],[-7.5999565,52.8142932],[-7.6000485,52.8142435],[-7.6006708,52.8141576],[-7.6007758,52.8141308],[-7.6009486,52.8140868],[-7.6010039,52.8140727],[-7.6016064,52.8136546],[-7.6017716,52.8135139],[-7.6018126,52.8133615],[-7.6019269,52.8130539],[-7.6020269,52.8128925],[-7.6021828,52.8128069],[-7.6035111,52.8121169],[-7.6036808,52.8120287],[-7.6043901,52.8119369],[-7.6048728,52.811763],[-7.6053872,52.8116727],[-7.6056117,52.8115174],[-7.606389,52.8111094],[-7.6069025,52.8103043],[-7.6069294,52.8097617],[-7.6073278,52.8095508],[-7.6078997,52.8086023],[-7.6084717,52.8081414],[-7.6089116,52.8071308],[-7.6094765,52.8071517],[-7.6101581,52.8082743],[-7.611038,52.8090633],[-7.611698,52.8094711],[-7.6120792,52.8099586],[-7.6124393,52.8102878],[-7.6127469,52.8104824],[-7.6129864,52.8104962],[-7.6133502,52.8104579],[-7.6135677,52.8103883],[-7.6140732,52.8099335],[-7.6142286,52.8098335],[-7.6152194,52.809723],[-7.615493,52.8097452],[-7.6158336,52.8097826],[-7.6160552,52.8097027],[-7.6163318,52.809577],[-7.6166903,52.8094628],[-7.6167686,52.8093682],[-7.6167469,52.8091899],[-7.61653,52.8084516],[-7.6162221,52.8084339],[-7.6160901,52.807769],[-7.6162661,52.8074854],[-7.6160967,52.8051666],[-7.6162181,52.8045725],[-7.6164059,52.8036537],[-7.6151244,52.8031794],[-7.6148509,52.8030782],[-7.614271,52.8024506],[-7.6131054,52.8016538],[-7.6138773,52.8014012],[-7.6143821,52.801106],[-7.6145022,52.8006309],[-7.6142791,52.8000987],[-7.6134213,52.7989962],[-7.6133296,52.7988029],[-7.6136659,52.7987831],[-7.6137114,52.7986836],[-7.6138102,52.7984264],[-7.614337,52.7983261],[-7.6140937,52.7979989],[-7.6140414,52.7979285],[-7.6138279,52.797394],[-7.613903,52.7972088],[-7.6136284,52.7967676],[-7.6132754,52.7967877],[-7.6131842,52.7967436],[-7.6133816,52.7951708],[-7.6141471,52.793147],[-7.6144615,52.7926189],[-7.6137603,52.7922712],[-7.6130631,52.7920619],[-7.6124123,52.791974],[-7.6120201,52.791938],[-7.6120227,52.7899814],[-7.6162587,52.7901555],[-7.6171973,52.7900048],[-7.6219835,52.7900267],[-7.624977,52.7895436],[-7.6256076,52.7899072],[-7.6258011,52.7896605],[-7.628174,52.7893174],[-7.6284526,52.7891489],[-7.630843,52.7887144],[-7.6318679,52.7884978],[-7.6332041,52.7880315],[-7.63567,52.7876388],[-7.6382675,52.787895],[-7.640191,52.7884409],[-7.641085,52.7886346],[-7.6422002,52.7887848],[-7.6433409,52.7887212],[-7.6475814,52.7898991],[-7.6528596,52.7893273],[-7.6542194,52.7875058],[-7.6626245,52.7840137],[-7.664091,52.7841665],[-7.664653,52.7833307],[-7.6649518,52.7831416],[-7.667718,52.7823728],[-7.6686741,52.7823094],[-7.6696904,52.7824304],[-7.6710396,52.7820224],[-7.6717142,52.7820845],[-7.6739965,52.7813004],[-7.6711252,52.7775568],[-7.6689202,52.767938],[-7.6682995,52.7648545],[-7.6672789,52.760871],[-7.6696822,52.7592399],[-7.6698065,52.7555333],[-7.6696354,52.7553613],[-7.668346,52.7540651],[-7.6629745,52.7511586],[-7.6549993,52.7474957],[-7.6543528,52.7468561],[-7.6530236,52.74527],[-7.650098,52.7410142],[-7.6460679,52.7351841],[-7.6466125,52.7346895],[-7.6469838,52.7341649],[-7.6476521,52.7337452],[-7.6480482,52.7335054],[-7.6477609,52.7321667],[-7.6259651,52.7336196],[-7.6146847,52.7253489],[-7.6135143,52.725358],[-7.611314,52.7245261],[-7.6103981,52.7237765],[-7.6098536,52.7226821],[-7.6090119,52.7217675],[-7.6088605,52.7210501],[-7.6061306,52.7200565],[-7.6056089,52.7199454],[-7.6048155,52.7198107],[-7.6036849,52.7196987],[-7.6031501,52.7197402],[-7.6026292,52.7198302],[-7.6022301,52.719869],[-7.6003137,52.7198346],[-7.5999983,52.7198355],[-7.5983679,52.7201333],[-7.5974026,52.7205531],[-7.5964619,52.7203732],[-7.59515,52.7202832],[-7.5944821,52.7203579],[-7.594264,52.7201816],[-7.5943408,52.7200507],[-7.5943078,52.7199166],[-7.5946903,52.7196691],[-7.5948479,52.7193425],[-7.5948117,52.7191996],[-7.5946843,52.7190215],[-7.5943101,52.7184656],[-7.5941999,52.7182742],[-7.5941387,52.7180984],[-7.5940372,52.7177569],[-7.5942105,52.7174495],[-7.593802,52.717367],[-7.5936535,52.7171309],[-7.593375,52.7169584],[-7.5933441,52.7166923],[-7.5930347,52.7166585],[-7.592943,52.7162112],[-7.5923106,52.7157476],[-7.5883178,52.7136973],[-7.5872733,52.7131609],[-7.5841296,52.7122612],[-7.5828302,52.711828],[-7.5824175,52.7115593],[-7.5819829,52.7113963],[-7.5809211,52.711262],[-7.5789066,52.7113014],[-7.5773967,52.7125161],[-7.5766541,52.7124786],[-7.5766788,52.7122462],[-7.5759733,52.7119837],[-7.5756639,52.7117888],[-7.5755278,52.7115488],[-7.5751441,52.7112864],[-7.5747604,52.7112339],[-7.5746985,52.7109715],[-7.5745748,52.7107765],[-7.574253,52.710769],[-7.5739559,52.7105966],[-7.573399,52.710664],[-7.5726069,52.7099517],[-7.5718024,52.7096143],[-7.570837,52.7095374],[-7.5706761,52.7090819],[-7.5704286,52.7090594],[-7.5698716,52.7087519],[-7.5696364,52.708377],[-7.5688443,52.708212],[-7.5677057,52.7081145],[-7.5663014,52.7077462],[-7.5656759,52.7075821],[-7.5647802,52.7071153],[-7.5645248,52.7069822],[-7.5626224,52.706324],[-7.5615626,52.7058833],[-7.5612617,52.7058303],[-7.5610272,52.7057736],[-7.5609296,52.7056677],[-7.5609535,52.7054407],[-7.5608518,52.7052031],[-7.5605919,52.7046912],[-7.5604364,52.7042321],[-7.5603905,52.7038318],[-7.5604294,52.7035685],[-7.5605554,52.702836],[-7.5604844,52.7027333],[-7.5598245,52.7027271],[-7.5570868,52.7027089],[-7.5566767,52.7027321],[-7.5535248,52.7027613],[-7.5521485,52.7022033],[-7.5503834,52.7014188],[-7.5486261,52.7003708],[-7.5484659,52.7003263],[-7.5477114,52.7004507],[-7.5472302,52.6992729],[-7.546616,52.6980452],[-7.5466007,52.6964046],[-7.5466949,52.6963658],[-7.5468866,52.6963329],[-7.5469414,52.6962814],[-7.5469026,52.6962008],[-7.5467189,52.6959082],[-7.5467205,52.6957841],[-7.5470194,52.6949195],[-7.5470346,52.6948081],[-7.5469222,52.6947263],[-7.5454471,52.6939978],[-7.5442522,52.6933982],[-7.5440947,52.6933792],[-7.5432674,52.6934239],[-7.5417713,52.693344],[-7.54162,52.6932759],[-7.5395441,52.6918696],[-7.5382194,52.6910885],[-7.5378331,52.6909026],[-7.5375999,52.6908192],[-7.5372954,52.690661],[-7.537474,52.6905506],[-7.5363608,52.6894998],[-7.5363342,52.6894747],[-7.536108,52.6891477],[-7.5359601,52.6888472],[-7.535934,52.688515],[-7.5356252,52.6876238],[-7.5350815,52.6868144],[-7.5346204,52.6864743],[-7.5334615,52.6831738],[-7.538548,52.6803141],[-7.5358544,52.6792029],[-7.53552,52.6790458],[-7.5354736,52.6789358],[-7.5354497,52.6786291],[-7.5353556,52.6785195],[-7.5351501,52.6784477],[-7.5349744,52.6784384],[-7.5348516,52.6783984],[-7.5348604,52.6782603],[-7.5344991,52.6779057],[-7.5339595,52.6771872],[-7.5337534,52.6765981],[-7.5333621,52.676252],[-7.5334005,52.6761856],[-7.5334654,52.6761026],[-7.5334235,52.676054],[-7.532992,52.6756302],[-7.5329917,52.6754863],[-7.5328491,52.675352],[-7.5322209,52.6748187],[-7.5319382,52.6746555],[-7.5317856,52.6742746],[-7.5313653,52.6738571],[-7.531283,52.6737848],[-7.5308253,52.673529],[-7.5297976,52.673227],[-7.5287027,52.6732651],[-7.5279847,52.6728787],[-7.5276257,52.672895],[-7.5272948,52.6727085],[-7.5268411,52.6717316],[-7.5266365,52.6715968],[-7.5267009,52.6714114],[-7.5266606,52.6712689],[-7.5266113,52.6711212],[-7.5266884,52.6709932],[-7.5267902,52.6705272],[-7.5267174,52.6703626],[-7.5265865,52.6700668],[-7.5267159,52.6694157],[-7.5267234,52.6692238],[-7.5267695,52.6688529],[-7.5267036,52.668593],[-7.5263785,52.6681571],[-7.5261274,52.6678519],[-7.5258946,52.6676642],[-7.5256634,52.6674218],[-7.5244789,52.6667377],[-7.524222,52.6664514],[-7.5241946,52.6663031],[-7.5242,52.6661762],[-7.5241868,52.6661499],[-7.5241352,52.6660466],[-7.524046,52.6658684],[-7.5233163,52.6651133],[-7.5230144,52.6646421],[-7.5227798,52.66431],[-7.5225625,52.6640659],[-7.521679,52.6633451],[-7.5206418,52.6625707],[-7.5202952,52.6623902],[-7.5199962,52.6620949],[-7.5198135,52.6618245],[-7.5197019,52.6615151],[-7.519674,52.6611481],[-7.5196842,52.6609171],[-7.5196158,52.6604718],[-7.5193996,52.6599244],[-7.5191108,52.6593584],[-7.5190434,52.659141],[-7.51903,52.658993],[-7.5191502,52.6588612],[-7.5192274,52.6587268],[-7.5191572,52.6585709],[-7.5192097,52.6584139],[-7.5193015,52.6583043],[-7.5192981,52.6581323],[-7.5193814,52.6579171],[-7.5193846,52.6578068],[-7.5194935,52.6577049],[-7.5194586,52.6576153],[-7.5194616,52.657522],[-7.5196115,52.6574078],[-7.5197282,52.6571625],[-7.5198081,52.6571594],[-7.5198787,52.6571132],[-7.520005,52.6568394],[-7.5202456,52.6565756],[-7.5207437,52.6559023],[-7.5208298,52.6555971],[-7.520892,52.6554424],[-7.5210004,52.6551729],[-7.5211365,52.6549916],[-7.521148,52.6547499],[-7.5201454,52.6536661],[-7.5200303,52.6535416],[-7.5196865,52.6531856],[-7.5195707,52.6529516],[-7.5192471,52.6526117],[-7.5188819,52.6523223],[-7.518604,52.6521513],[-7.5184134,52.6518538],[-7.5182436,52.6517504],[-7.5180695,52.6512914],[-7.5178539,52.6510672],[-7.5174027,52.6509859],[-7.5173174,52.6507773],[-7.5170516,52.6506734],[-7.5166973,52.650387],[-7.5165197,52.650185],[-7.5164184,52.6499636],[-7.5162575,52.6499396],[-7.5159828,52.6498273],[-7.5158739,52.6496522],[-7.5156438,52.6495403],[-7.5153807,52.6493457],[-7.515207,52.6492375],[-7.5150871,52.649049],[-7.5150161,52.6489374],[-7.5149391,52.6487507],[-7.5149045,52.6487011],[-7.5147145,52.6484289],[-7.51451,52.6482633],[-7.5143525,52.6479966],[-7.5142066,52.6478525],[-7.5139487,52.6478128],[-7.5138056,52.6478302],[-7.5135849,52.6478589],[-7.5135162,52.6477933],[-7.5134213,52.6476482],[-7.5132342,52.647565],[-7.5131066,52.6475783],[-7.5130319,52.6475451],[-7.5128823,52.6473811],[-7.5127299,52.6473163],[-7.5126436,52.6472796],[-7.512486,52.6471551],[-7.5122167,52.6468911],[-7.512221,52.6465404],[-7.5121035,52.6464311],[-7.5119827,52.6463164],[-7.5119254,52.646262],[-7.5116848,52.6459471],[-7.5116556,52.645516],[-7.5115877,52.6450452],[-7.5116573,52.6446823],[-7.51182,52.6444402],[-7.5118348,52.6443655],[-7.5118731,52.644173],[-7.5117103,52.6440617],[-7.5114899,52.6439963],[-7.5114402,52.6439815],[-7.511327,52.6438516],[-7.5111771,52.643793],[-7.5109922,52.6437209],[-7.5109064,52.6435998],[-7.5108697,52.6434045],[-7.5109277,52.6432656],[-7.5110196,52.6431846],[-7.5109965,52.6430717],[-7.5109818,52.6428642],[-7.5108278,52.642533],[-7.5106543,52.6423499],[-7.5103474,52.6423462],[-7.5102137,52.6423957],[-7.5100814,52.6424448],[-7.5100106,52.6423492],[-7.5099921,52.6422527],[-7.5099592,52.6421044],[-7.5098032,52.6420304],[-7.5096973,52.6420061],[-7.5096101,52.6419502],[-7.5095463,52.6417586],[-7.509336,52.6415434],[-7.5090428,52.6414235],[-7.5087547,52.6413608],[-7.5086523,52.6412324],[-7.5086383,52.6410493],[-7.5085466,52.6409044],[-7.5081923,52.6408332],[-7.508084,52.640754],[-7.507951,52.6405872],[-7.507664,52.6402787],[-7.507295,52.640137],[-7.5067381,52.6401806],[-7.5062692,52.6401674],[-7.5056319,52.639784],[-7.5055165,52.6395485],[-7.5050549,52.6394594],[-7.5039849,52.6387209],[-7.5036806,52.6385618],[-7.5033873,52.638204],[-7.5035119,52.6377663],[-7.503651,52.6374594],[-7.5036809,52.6372627],[-7.5036435,52.6370895],[-7.5034178,52.6369815],[-7.5032404,52.6369443],[-7.5030957,52.636971],[-7.5029563,52.637079],[-7.5028172,52.6370996],[-7.5026639,52.6370726],[-7.502562,52.6369612],[-7.5022904,52.6369756],[-7.5021368,52.6369197],[-7.5021113,52.6367752],[-7.5019683,52.6363744],[-7.5019511,52.6363064],[-7.5021045,52.6362487],[-7.5022826,52.636209],[-7.5023645,52.6361449],[-7.5023165,52.636074],[-7.5022401,52.6360354],[-7.5018181,52.6358548],[-7.5017252,52.6357706],[-7.5017319,52.635656],[-7.5020389,52.6355632],[-7.5021123,52.6354168],[-7.5019759,52.6353468],[-7.501315,52.6353022],[-7.5006436,52.6351367],[-7.5007905,52.634882],[-7.5007434,52.6347548],[-7.5004817,52.6347459],[-7.5003102,52.6348159],[-7.500025,52.6348449],[-7.4999167,52.6347688],[-7.4998392,52.6345201],[-7.4996342,52.6343778],[-7.4993708,52.6342768],[-7.4992735,52.6341495],[-7.4993301,52.6338924],[-7.4996484,52.6336949],[-7.4998039,52.6335368],[-7.4997429,52.6333415],[-7.4995344,52.6331698],[-7.4990976,52.6330867],[-7.4983971,52.6326649],[-7.4978192,52.6324927],[-7.497423,52.6324626],[-7.4971922,52.6319405],[-7.4968403,52.631801],[-7.4959391,52.6316515],[-7.4953037,52.6310335],[-7.4950941,52.6309982],[-7.4948288,52.6309372],[-7.4947661,52.630804],[-7.4948195,52.6306609],[-7.4947742,52.6305111],[-7.4945853,52.6303646],[-7.4943231,52.6304856],[-7.4939139,52.6304984],[-7.4934838,52.63025],[-7.4931481,52.630129],[-7.4927285,52.6297852],[-7.4921515,52.6292249],[-7.4919732,52.628881],[-7.4917109,52.6286645],[-7.491029,52.6286454],[-7.4909064,52.6285493],[-7.4909661,52.6280023],[-7.4909871,52.6277922],[-7.4907353,52.6276712],[-7.4901793,52.6279195],[-7.4897806,52.6279577],[-7.4895289,52.6277221],[-7.489896,52.6273401],[-7.489959,52.6270153],[-7.489403,52.626404],[-7.4892246,52.6263467],[-7.4887729,52.6263151],[-7.4884195,52.6262312],[-7.4884085,52.6259851],[-7.4885614,52.6257439],[-7.4885832,52.6255501],[-7.4884246,52.6252766],[-7.4880121,52.6250299],[-7.4876769,52.6250079],[-7.487233,52.6251386],[-7.4868792,52.6250554],[-7.4866641,52.624702],[-7.4868792,52.6242912],[-7.4866956,52.6242435],[-7.4862445,52.6242052],[-7.4856885,52.6244154],[-7.4853214,52.6243072],[-7.4851207,52.6239631],[-7.4846397,52.6236745],[-7.4841333,52.6235487],[-7.483362,52.6234195],[-7.4829252,52.6230665],[-7.4828364,52.6226097],[-7.4829361,52.6225121],[-7.4830081,52.6220241],[-7.4824836,52.6217566],[-7.4822896,52.6213819],[-7.4822786,52.6211857],[-7.4822676,52.6209924],[-7.482085,52.6208523],[-7.4818322,52.6207642],[-7.4815699,52.6208538],[-7.4812248,52.6209414],[-7.4808051,52.6209131],[-7.4806026,52.6208246],[-7.4804317,52.6207445],[-7.4803131,52.6203433],[-7.4801757,52.6202918],[-7.4791319,52.6204001],[-7.4788343,52.6201155],[-7.478917,52.6197841],[-7.4787824,52.6196877],[-7.4785079,52.6197237],[-7.4782112,52.6198543],[-7.4780619,52.6198301],[-7.4777366,52.6194225],[-7.4778101,52.6189193],[-7.4779441,52.6188726],[-7.4783766,52.6188747],[-7.478538,52.6188349],[-7.4785922,52.6186974],[-7.4784268,52.6185632],[-7.4781353,52.618499],[-7.4776087,52.6184327],[-7.4774248,52.6183707],[-7.4772891,52.6182533],[-7.4773182,52.6180829],[-7.4775479,52.6177626],[-7.4778747,52.6174917],[-7.4778206,52.617413],[-7.4774084,52.6172535],[-7.4768359,52.6172605],[-7.4762909,52.6173077],[-7.4760501,52.6172833],[-7.4759567,52.6171843],[-7.4756962,52.6169162],[-7.4757487,52.616585],[-7.4755808,52.6163494],[-7.4749724,52.6159608],[-7.4752661,52.6156105],[-7.475371,52.6153175],[-7.4761263,52.6150755],[-7.47599,52.6147698],[-7.4757067,52.6146233],[-7.4753186,52.6145914],[-7.4744793,52.6148526],[-7.474408,52.6145507],[-7.4747196,52.6143525],[-7.4747492,52.6140958],[-7.4744228,52.6138346],[-7.4748382,52.6132716],[-7.4759064,52.6122987],[-7.4760753,52.6120788],[-7.4760382,52.6119007],[-7.4757904,52.6116508],[-7.4755662,52.6114557],[-7.4750686,52.6113321],[-7.4748125,52.611257],[-7.474621,52.6110821],[-7.4757164,52.6092048],[-7.4761735,52.6087267],[-7.4762625,52.6082222],[-7.4763199,52.607892],[-7.4761965,52.6075434],[-7.4762737,52.6072985],[-7.4771081,52.6068752],[-7.4785324,52.606605],[-7.4788143,52.6064338],[-7.4786362,52.6060374],[-7.4784135,52.6058152],[-7.4782865,52.6056302],[-7.4784329,52.6053021],[-7.479111,52.6050102],[-7.4795561,52.6044696],[-7.4796907,52.6042826],[-7.4800827,52.6042128],[-7.4804024,52.6041687],[-7.4807222,52.6041246],[-7.4809432,52.6039516],[-7.4811206,52.6032638],[-7.4811853,52.6027988],[-7.4806168,52.6020143],[-7.4805924,52.6018651],[-7.48039,52.6012884],[-7.480407,52.6007332],[-7.4804273,52.6004084],[-7.4802483,52.6002114],[-7.4800843,52.5997959],[-7.4799203,52.5994793],[-7.4799524,52.5989785],[-7.4798267,52.5986158],[-7.4796148,52.5985076],[-7.4794944,52.5979593],[-7.4794104,52.5978839],[-7.4788397,52.5973715],[-7.4786738,52.5971903],[-7.478744,52.5970547],[-7.4798233,52.5965761],[-7.4801795,52.5963359],[-7.4799456,52.5960728],[-7.4793813,52.5957611],[-7.4787434,52.595643],[-7.4785657,52.5956018],[-7.4784062,52.5953198],[-7.4782,52.5950478],[-7.4778383,52.5948668],[-7.4775901,52.5942688],[-7.4773953,52.5936437],[-7.4773702,52.5935743],[-7.4769571,52.5933082],[-7.4764245,52.5932394],[-7.4764921,52.592817],[-7.4761471,52.5927038],[-7.4760461,52.5924819],[-7.4756815,52.5924926],[-7.4759871,52.5920103],[-7.4758807,52.5915191],[-7.4756707,52.5912836],[-7.4756254,52.5909245],[-7.4757636,52.5907203],[-7.4755511,52.5906934],[-7.4751249,52.5907022],[-7.4748245,52.5906424],[-7.4745692,52.5906543],[-7.4743667,52.5906533],[-7.4741639,52.5905202],[-7.4740038,52.590446],[-7.4734719,52.5904095],[-7.4731431,52.5902901],[-7.4730951,52.5902555],[-7.472884,52.5901034],[-7.4726587,52.5898728],[-7.472657,52.5894007],[-7.4725691,52.589148],[-7.4723692,52.5889883],[-7.4720442,52.5888456],[-7.4715482,52.588715],[-7.4707591,52.5886332],[-7.469889,52.5884841],[-7.4696291,52.5883424],[-7.4691203,52.5878294],[-7.4688513,52.5876418],[-7.4682188,52.5874665],[-7.4677556,52.5873201],[-7.4674439,52.5872905],[-7.4668117,52.5873915],[-7.4663348,52.5874119],[-7.4659228,52.5873038],[-7.4655972,52.5871626],[-7.465292,52.5869854],[-7.465163,52.5867568],[-7.4651487,52.5865913],[-7.4649307,52.5864382],[-7.4647386,52.5863662],[-7.4644318,52.5862237],[-7.463871,52.5861143],[-7.463605,52.5861854],[-7.4633391,52.5863793],[-7.4621601,52.585303],[-7.4615786,52.5849121],[-7.4608815,52.5846017],[-7.4603176,52.5848409],[-7.4595091,52.5846728],[-7.4592284,52.5846748],[-7.4589425,52.5844737],[-7.4584984,52.5843108],[-7.4583388,52.5842074],[-7.4577044,52.5838046],[-7.4570317,52.5838041],[-7.45646,52.5838269],[-7.4540527,52.5832739],[-7.4537894,52.5830773],[-7.4536239,52.5827665],[-7.4533455,52.5825608],[-7.4524052,52.5824419],[-7.4518711,52.5820168],[-7.451461,52.5819648],[-7.4512616,52.5809645],[-7.4529638,52.578482],[-7.4540916,52.5778484],[-7.4548363,52.5773248],[-7.4584882,52.5740729],[-7.4577726,52.5738852],[-7.4563044,52.5741955],[-7.4550703,52.5740145],[-7.4551129,52.5703548],[-7.4553793,52.5702449],[-7.4555172,52.5701737],[-7.4559002,52.569359],[-7.4561981,52.568389],[-7.4564321,52.568172],[-7.4568635,52.5680747],[-7.4573486,52.567948],[-7.4574234,52.5674179],[-7.4574384,52.5673118],[-7.4574534,52.5672057],[-7.4572194,52.5670311],[-7.4573577,52.5667724],[-7.4568577,52.566462],[-7.4566981,52.5662163],[-7.4563454,52.5660481],[-7.4561236,52.5659382],[-7.4565279,52.5657377],[-7.4563576,52.5655825],[-7.4559746,52.5655049],[-7.4558683,52.5652786],[-7.4560704,52.5651319],[-7.4557725,52.5649035],[-7.456347,52.5645155],[-7.4562406,52.5642697],[-7.4556943,52.5640756],[-7.4557996,52.5639018],[-7.4560066,52.5637782],[-7.4554837,52.563536],[-7.4559002,52.5633385],[-7.4558297,52.5630535],[-7.4566023,52.5631574],[-7.4566271,52.5629209],[-7.456078,52.5628615],[-7.4561607,52.5627105],[-7.4567938,52.5625624],[-7.4566346,52.5621984],[-7.4568152,52.5621115],[-7.457233,52.5620607],[-7.4573719,52.5617159],[-7.4573445,52.5612838],[-7.4577563,52.5612768],[-7.4585153,52.5608653],[-7.4589818,52.5604994],[-7.4587926,52.5602543],[-7.4592641,52.5600396],[-7.4589571,52.5592264],[-7.4593518,52.5588798],[-7.4591544,52.5584132],[-7.4590667,52.5579467],[-7.458683,52.5579481],[-7.4584966,52.5580747],[-7.4575537,52.558128],[-7.4571152,52.5580014],[-7.4566218,52.5577614],[-7.4559969,52.5580147],[-7.4557228,52.5579747],[-7.4554377,52.5581814],[-7.4549882,52.5579947],[-7.4546483,52.5579414],[-7.4544181,52.5577881],[-7.4540453,52.5578747],[-7.4536397,52.5577414],[-7.453234,52.5578881],[-7.4530696,52.5576414],[-7.4527616,52.5576178],[-7.4521506,52.5563156],[-7.452017,52.5560284],[-7.4519732,52.5556217],[-7.4521433,52.5546332],[-7.4515456,52.5542552],[-7.452017,52.5536286],[-7.4519593,52.5530139],[-7.4530915,52.552662],[-7.4532779,52.5520387],[-7.4541111,52.5515087],[-7.4543633,52.5506154],[-7.4537712,52.5504487],[-7.4537383,52.5503454],[-7.454105,52.5500434],[-7.4545277,52.5496954],[-7.4543962,52.5485154],[-7.4543594,52.5475261],[-7.4543523,52.5473353],[-7.4544291,52.546912],[-7.453837,52.5464919],[-7.4530367,52.5463252],[-7.4526639,52.5459319],[-7.4527213,52.5454902],[-7.4541608,52.5444586],[-7.4544729,52.544235],[-7.4550211,52.544115],[-7.4557337,52.5436416],[-7.4561284,52.5435549],[-7.4563916,52.5430882],[-7.4562381,52.542308],[-7.4566547,52.5417346],[-7.4567424,52.5410745],[-7.4563916,52.5398342],[-7.4566328,52.5391607],[-7.4575866,52.5383671],[-7.457784,52.5373635],[-7.458058,52.5370568],[-7.4579703,52.5363966],[-7.4582664,52.5360164],[-7.4585315,52.5357081],[-7.458387,52.5348861],[-7.4578168,52.5343859],[-7.4582225,52.533899],[-7.458058,52.5331321],[-7.4582444,52.5324652],[-7.4582225,52.5320783],[-7.4576634,52.5318116],[-7.4573125,52.5304643],[-7.4570494,52.5300574],[-7.4570494,52.529077],[-7.4572701,52.5284239],[-7.4571481,52.5257455],[-7.4571435,52.5246293],[-7.4571371,52.5230804],[-7.4575866,52.5223599],[-7.4584527,52.5213059],[-7.4570494,52.5214527],[-7.455646,52.5217062],[-7.4539357,52.5213793],[-7.4527735,52.5199683],[-7.4520993,52.5193889],[-7.4517868,52.5191144],[-7.4502886,52.5163861],[-7.4517152,52.5159231],[-7.4510548,52.5151368],[-7.4510903,52.514344],[-7.4514915,52.5128655],[-7.4522598,52.5131209],[-7.4534712,52.5120029],[-7.4533389,52.5107812],[-7.4500821,52.5093603],[-7.4484708,52.5091783],[-7.4465077,52.5096212],[-7.4450152,52.5101078],[-7.4432979,52.5104516],[-7.4427329,52.5111667],[-7.4404732,52.512542],[-7.440231,52.5136362],[-7.4387736,52.5146797],[-7.4367867,52.5161023],[-7.4334549,52.5177913],[-7.4324822,52.5182844],[-7.4287943,52.5166812],[-7.4237664,52.5139541],[-7.4200089,52.5108312],[-7.4203602,52.5105721],[-7.4231676,52.5071385],[-7.4231007,52.5067023],[-7.4238117,52.5059342],[-7.4252931,52.5043336],[-7.4296231,52.5030575],[-7.4297601,52.5017563],[-7.4293797,52.5005144],[-7.4306919,52.4984197],[-7.4308404,52.4979505],[-7.4303905,52.4976355],[-7.4325666,52.4959021],[-7.431987,52.4952349],[-7.4340323,52.494608],[-7.4345577,52.4944253],[-7.4357565,52.4938228],[-7.4381868,52.4924254],[-7.4394001,52.493192],[-7.4437575,52.4914066],[-7.444382,52.4910613],[-7.4447217,52.4908595],[-7.4445109,52.4907898],[-7.4491035,52.4880718],[-7.4544977,52.4849504],[-7.4560532,52.4841541],[-7.4563739,52.4834209],[-7.4568846,52.4825703],[-7.4582822,52.4823783],[-7.4595815,52.4823081],[-7.4592414,52.4816774],[-7.4585837,52.4809764],[-7.4587344,52.4805883],[-7.4585837,52.4802003],[-7.4587207,52.4796077],[-7.4594469,52.4787607],[-7.4594606,52.4780513],[-7.4595154,52.4776424],[-7.4593236,52.4773043],[-7.4593823,52.4769885],[-7.4595443,52.476792],[-7.4598343,52.4764936],[-7.4601148,52.4760483],[-7.4605202,52.4756006],[-7.4612494,52.4749297],[-7.4614543,52.4747728],[-7.4618093,52.4745365],[-7.4621139,52.4743713],[-7.462348,52.4742754],[-7.4624929,52.474153],[-7.462698,52.4740396],[-7.4630777,52.4739261],[-7.4631157,52.4739148],[-7.4633635,52.473822],[-7.4636457,52.4736334],[-7.4640123,52.473489],[-7.4643078,52.47344],[-7.4646767,52.4734428],[-7.4650085,52.4734209],[-7.4652292,52.4733521],[-7.4653854,52.4732614],[-7.4657255,52.473036],[-7.4658596,52.4728968],[-7.4661401,52.4728004],[-7.4665414,52.4726861],[-7.4668678,52.4726363],[-7.4672535,52.4725973],[-7.4675357,52.4725278],[-7.4677704,52.4724055],[-7.4679085,52.4722707],[-7.4674922,52.4718241],[-7.4671004,52.4714443],[-7.4665356,52.4712121],[-7.4660837,52.4711519],[-7.4656459,52.4709196],[-7.4653338,52.470898],[-7.4650927,52.4709583],[-7.4649436,52.470684],[-7.4645869,52.4703519],[-7.4642338,52.4703089],[-7.4638206,52.4699893],[-7.4630202,52.4695335],[-7.4626699,52.469321],[-7.462322,52.4689337],[-7.4614766,52.4679076],[-7.4613419,52.4676133],[-7.4611501,52.4670242],[-7.4610885,52.4668059],[-7.4609431,52.4658438],[-7.4602115,52.4657763],[-7.4594469,52.4656807],[-7.4586137,52.4657753],[-7.4561002,52.4658528],[-7.4541335,52.4661238],[-7.4494351,52.4663345],[-7.4476559,52.466455],[-7.444521,52.4662571],[-7.4410255,52.4658506],[-7.4411954,52.4643793],[-7.4413155,52.4635189],[-7.4414477,52.4630981],[-7.4416057,52.4626544],[-7.4416431,52.462484],[-7.4416824,52.4622498],[-7.4416781,52.4620599],[-7.441584,52.461878],[-7.4414841,52.461558],[-7.4413768,52.4613748],[-7.4412562,52.4612712],[-7.4408989,52.4604462],[-7.4408119,52.4601229],[-7.4410755,52.4595033],[-7.4367686,52.457292],[-7.4363129,52.457037],[-7.4325465,52.4549299],[-7.4317698,52.4547148],[-7.4313038,52.455016],[-7.4306825,52.455059],[-7.4303377,52.4548425],[-7.4297505,52.4544739],[-7.4296234,52.4538457],[-7.4292563,52.4531228],[-7.4229595,52.4519885],[-7.4228788,52.451921],[-7.4228097,52.4518124],[-7.4225753,52.4511617],[-7.422508,52.4508356],[-7.4227098,52.4501904],[-7.4227244,52.4494919],[-7.4226638,52.4494407],[-7.4224991,52.4493001],[-7.4222589,52.4491673],[-7.4220708,52.4490276],[-7.422123,52.448903],[-7.4223028,52.4487083],[-7.4220754,52.4481846],[-7.42191,52.4480484],[-7.4218293,52.4478778],[-7.4218302,52.4476104],[-7.4218085,52.4473467],[-7.4217666,52.4472433],[-7.4216274,52.4471765],[-7.4216034,52.4470349],[-7.4216318,52.4469231],[-7.4216101,52.4467725],[-7.4215125,52.4466156],[-7.4213827,52.4465422],[-7.4212929,52.4464206],[-7.4212604,52.4463531],[-7.4211439,52.4462603],[-7.4210662,52.4460921],[-7.4207058,52.4457596],[-7.4203778,52.4454669],[-7.4201652,52.4452223],[-7.4200539,52.4450263],[-7.4200268,52.4449359],[-7.4200626,52.4448588],[-7.4201093,52.4448105],[-7.4202105,52.4447528],[-7.4201979,52.4446564],[-7.42012,52.4442294],[-7.4200323,52.4440165],[-7.4198896,52.443848],[-7.4198424,52.4437512],[-7.4198604,52.443592],[-7.4198431,52.4435146],[-7.4197772,52.4433939],[-7.4196653,52.4433724],[-7.4194795,52.4433824],[-7.4194145,52.4433514],[-7.4194067,52.4433363],[-7.4192931,52.4431168],[-7.419258,52.4430489],[-7.4190724,52.4426901],[-7.4188328,52.4425197],[-7.4188032,52.4422546],[-7.4187729,52.4419841],[-7.4168098,52.4407548],[-7.4164927,52.4406152],[-7.4160891,52.4404924],[-7.4154389,52.4402929],[-7.414719,52.4400242],[-7.414255,52.4399685],[-7.4138687,52.4399195],[-7.413634,52.4398086],[-7.4134009,52.4396712],[-7.4131889,52.4394369],[-7.41306,52.4393289],[-7.4128342,52.4392398],[-7.4115437,52.4388312],[-7.4108212,52.4384556],[-7.4107437,52.4383281],[-7.4105758,52.4382912],[-7.4103056,52.4381738],[-7.4099938,52.4380422],[-7.4098364,52.4379854],[-7.4096982,52.4378549],[-7.4095832,52.4377866],[-7.4095158,52.4377635],[-7.4094114,52.437703],[-7.4092514,52.4375538],[-7.4089791,52.4372845],[-7.4088219,52.4371476],[-7.4087473,52.4370405],[-7.4087078,52.4367764],[-7.408616,52.4365276],[-7.408491,52.4361071],[-7.4084871,52.4359455],[-7.4085791,52.4355476],[-7.4084516,52.4353465],[-7.4082975,52.4352681],[-7.4079979,52.4352761],[-7.4076557,52.4352325],[-7.4074478,52.435145],[-7.4069311,52.4348974],[-7.4067758,52.4349068],[-7.4065629,52.4349416],[-7.4061383,52.4347826],[-7.4059423,52.4347009],[-7.4057993,52.4346687],[-7.4055944,52.4347154],[-7.404551,52.4346575],[-7.404179,52.4346186],[-7.4038794,52.4345815],[-7.4035535,52.4344669],[-7.4033714,52.4342731],[-7.4032756,52.4341285],[-7.4031983,52.4339208],[-7.4031491,52.4338491],[-7.4031732,52.4338064],[-7.4032877,52.4338047],[-7.4033495,52.4337888],[-7.4034151,52.4337534],[-7.4034048,52.4337009],[-7.4033622,52.4336502],[-7.4033006,52.4336423],[-7.4032303,52.43365],[-7.403179,52.4336315],[-7.4031512,52.433572],[-7.4030758,52.4334466],[-7.4029977,52.4333407],[-7.4029594,52.4332389],[-7.4030091,52.4331219],[-7.4031495,52.4330442],[-7.4031785,52.4329146],[-7.4031367,52.4328221],[-7.4030337,52.4327043],[-7.4029651,52.4326088],[-7.4028382,52.4325107],[-7.4026686,52.4324159],[-7.4025191,52.4323652],[-7.4023629,52.4323323],[-7.4022221,52.4322981],[-7.4021734,52.4322357],[-7.4021398,52.4321771],[-7.4021746,52.4321379],[-7.4022222,52.432102],[-7.4022982,52.4320448],[-7.4022825,52.4319836],[-7.4021489,52.4318279],[-7.40198,52.4317187],[-7.4018239,52.4316249],[-7.4017013,52.431597],[-7.4016043,52.4315506],[-7.4015776,52.4314916],[-7.4016014,52.4312415],[-7.4016085,52.4309885],[-7.4016464,52.4309086],[-7.4016861,52.4308619],[-7.4018072,52.4308348],[-7.4020098,52.4308127],[-7.402129,52.4307723],[-7.4021921,52.4307058],[-7.4022687,52.43061],[-7.4023316,52.4305426],[-7.4023008,52.4304645],[-7.4021163,52.4304345],[-7.401985,52.4303759],[-7.4019356,52.4302968],[-7.4019034,52.4302366],[-7.4019063,52.430114],[-7.4018943,52.4300155],[-7.401913,52.4299088],[-7.4018744,52.429843],[-7.4017911,52.4297761],[-7.401609,52.429687],[-7.4014985,52.4295761],[-7.4014077,52.4294045],[-7.4012755,52.4291745],[-7.4011089,52.4290298],[-7.400707,52.4287939],[-7.4005475,52.4286509],[-7.4004178,52.4285387],[-7.4003645,52.4284372],[-7.4003313,52.4282144],[-7.4002888,52.4280724],[-7.4002722,52.4280251],[-7.400241,52.4279682],[-7.4001546,52.4279396],[-7.3998688,52.4278704],[-7.399402,52.4277333],[-7.3987542,52.4276048],[-7.3983344,52.4276029],[-7.3981093,52.4275642],[-7.3977151,52.4274943],[-7.3972888,52.4274541],[-7.3970055,52.4274532],[-7.39662,52.4274093],[-7.396264,52.4274585],[-7.3960931,52.427502],[-7.3960057,52.4275511],[-7.3958179,52.4275819],[-7.3957293,52.427582],[-7.3956984,52.4275391],[-7.3957154,52.4274878],[-7.3956689,52.4274345],[-7.3955954,52.4274043],[-7.3948851,52.4274522],[-7.3943905,52.4275353],[-7.3938703,52.4276359],[-7.3930315,52.4279646],[-7.3922736,52.4283155],[-7.3915568,52.4285256],[-7.3911943,52.4285978],[-7.3909934,52.4285675],[-7.390798,52.4284776],[-7.3906639,52.4283776],[-7.3906314,52.4282013],[-7.3906927,52.4279945],[-7.3907657,52.4276879],[-7.3908043,52.4274125],[-7.3907029,52.4271319],[-7.3904753,52.4266277],[-7.390364,52.426484],[-7.3902557,52.4263816],[-7.3901263,52.426185],[-7.3900498,52.4259997],[-7.38931,52.4254827],[-7.3889223,52.4252022],[-7.3885963,52.4250531],[-7.3880822,52.4250327],[-7.3875125,52.4249261],[-7.3866859,52.4248416],[-7.3858058,52.424777],[-7.385381,52.4246943],[-7.3852227,52.424624],[-7.3851487,52.4245706],[-7.3850288,52.4244625],[-7.3849891,52.4243771],[-7.3850224,52.4242918],[-7.384925,52.4241707],[-7.3847086,52.4239198],[-7.3845382,52.423514],[-7.384306,52.42236],[-7.3840962,52.4220026],[-7.3837837,52.4218137],[-7.3834031,52.4216388],[-7.3831666,52.421597],[-7.3830665,52.4215348],[-7.3831075,52.4212613],[-7.3830944,52.4210508],[-7.3830163,52.4208113],[-7.3826583,52.4205892],[-7.3825963,52.4204974],[-7.3825105,52.4203769],[-7.3824265,52.4202127],[-7.3824316,52.4200499],[-7.3826215,52.4197458],[-7.3828168,52.4193415],[-7.3832339,52.418285],[-7.3837073,52.4178426],[-7.3837593,52.4176056],[-7.383626,52.4173874],[-7.3833607,52.4171381],[-7.3832128,52.4167386],[-7.3833361,52.4164544],[-7.3835541,52.416315],[-7.3838792,52.4161763],[-7.385051,52.4158236],[-7.3854314,52.415656],[-7.385706,52.4149859],[-7.3853468,52.4142126],[-7.3858328,52.4131171],[-7.3857483,52.4126145],[-7.385854,52.4117252],[-7.3855532,52.4113483],[-7.3856427,52.4109518],[-7.3854525,52.4104363],[-7.3879669,52.4079873],[-7.3890234,52.4077553],[-7.3892558,52.4073557],[-7.3887698,52.4067627],[-7.3891502,52.4061182],[-7.3899531,52.4052674],[-7.3900799,52.4044682],[-7.3899742,52.4042362],[-7.3894882,52.4038108],[-7.3894249,52.4034627],[-7.3900799,52.4030115],[-7.3904179,52.4026377],[-7.3906081,52.4018525],[-7.390599,52.4016548],[-7.3906226,52.4014685],[-7.3907019,52.4012756],[-7.3907771,52.4009231],[-7.390677,52.400677],[-7.3905367,52.4003866],[-7.3905721,52.4000989],[-7.3906153,52.3998762],[-7.3908752,52.3997243],[-7.3913899,52.3995566],[-7.3914873,52.3993669],[-7.3916496,52.3992489],[-7.3916579,52.3990787],[-7.39191,52.3985825],[-7.3930591,52.3985638],[-7.3937775,52.3966686],[-7.3939466,52.3958821],[-7.3944537,52.3952503],[-7.3944114,52.3947088],[-7.3939043,52.3943994],[-7.393524,52.3925555],[-7.3934185,52.3921904],[-7.3928365,52.3909028],[-7.3923451,52.3909017],[-7.391833,52.3901525],[-7.3915412,52.3895722],[-7.3911877,52.388747],[-7.3907349,52.3879004],[-7.3906081,52.3871009],[-7.390756,52.3865851],[-7.3890706,52.3851708],[-7.3888153,52.3847094],[-7.3885417,52.3842409],[-7.388362,52.3839364],[-7.3884521,52.3836158],[-7.3886632,52.3833812],[-7.3891371,52.3830969],[-7.3894671,52.3830772],[-7.3899906,52.3827527],[-7.3907809,52.3822125],[-7.3918778,52.3808891],[-7.392101,52.3805713],[-7.3916012,52.3801237],[-7.391411,52.3791692],[-7.3914322,52.3789886],[-7.3902066,52.3789757],[-7.3897418,52.3779181],[-7.3898444,52.3774992],[-7.3900065,52.3773155],[-7.3904026,52.3771356],[-7.3907387,52.3769124],[-7.3909804,52.3766717],[-7.3912,52.3764167],[-7.391233,52.3763443],[-7.3913449,52.3760987],[-7.3915428,52.3758433],[-7.3917974,52.3754151],[-7.3920173,52.3750143],[-7.3924309,52.3741343],[-7.3924212,52.3740228],[-7.3922858,52.3739388],[-7.3921034,52.373768],[-7.3920592,52.3736533],[-7.392101,52.3735715],[-7.3927633,52.3731711],[-7.3928453,52.37309],[-7.393207,52.3727325],[-7.3934319,52.3725896],[-7.3937353,52.3725099],[-7.3939363,52.3723934],[-7.3940209,52.3722533],[-7.3939973,52.372088],[-7.3938589,52.3716899],[-7.393829,52.3715095],[-7.3938954,52.3713352],[-7.3939844,52.3710089],[-7.3939641,52.3706859],[-7.3939877,52.3705801],[-7.393994,52.3704908],[-7.3940295,52.3704388],[-7.3940142,52.3703415],[-7.3940315,52.3702031],[-7.3939761,52.3700343],[-7.3938659,52.3696655],[-7.3937578,52.3690283],[-7.3938446,52.3687018],[-7.3939203,52.3685037],[-7.3941016,52.3683187],[-7.394338,52.3682609],[-7.3946883,52.3683237],[-7.3949857,52.3682992],[-7.395218,52.3683344],[-7.3952354,52.3684125],[-7.3951732,52.3685288],[-7.3950072,52.3685897],[-7.3947848,52.3685958],[-7.3947186,52.3686487],[-7.3947655,52.3687669],[-7.3948739,52.3688385],[-7.3950144,52.3688607],[-7.395185,52.3688337],[-7.3953422,52.3687305],[-7.395421,52.3685642],[-7.3954267,52.3683583],[-7.3954873,52.3681767],[-7.3956509,52.3680563],[-7.3958901,52.3680006],[-7.3959588,52.3678934],[-7.3959934,52.367658],[-7.3960389,52.3674994],[-7.3962689,52.3674063],[-7.3964207,52.3672206],[-7.3964786,52.3669677],[-7.3964684,52.3668663],[-7.3963475,52.3667649],[-7.396075,52.3666965],[-7.3960269,52.3666423],[-7.3960098,52.3665622],[-7.396128,52.3664582],[-7.3962541,52.366288],[-7.3963083,52.3659927],[-7.3963839,52.365572],[-7.3965087,52.3652616],[-7.3966871,52.3648994],[-7.3968726,52.3646227],[-7.3970336,52.3643608],[-7.3970582,52.3641205],[-7.3969333,52.3639659],[-7.396631,52.3638264],[-7.3961916,52.363696],[-7.3954968,52.3635152],[-7.3951375,52.3634108],[-7.3949452,52.3632515],[-7.3948674,52.3629478],[-7.3948877,52.362699],[-7.3948303,52.3624899],[-7.3946832,52.3623527],[-7.3943772,52.3622128],[-7.3941737,52.362104],[-7.3940342,52.361915],[-7.3940367,52.3616293],[-7.3940484,52.3613076],[-7.3939863,52.3610141],[-7.3938467,52.3606886],[-7.3937332,52.3604275],[-7.3935518,52.3602926],[-7.3934,52.3602396],[-7.3932275,52.3602843],[-7.3930306,52.3602977],[-7.3928617,52.3602483],[-7.3924601,52.3600856],[-7.3922676,52.3601046],[-7.3920555,52.3601494],[-7.3917593,52.360132],[-7.3915721,52.3601023],[-7.3914311,52.3600266],[-7.3914473,52.3599557],[-7.3915096,52.3598538],[-7.3916435,52.3597144],[-7.391627,52.3596019],[-7.39145,52.3595316],[-7.3912149,52.3595127],[-7.3906715,52.3595597],[-7.390557,52.3595497],[-7.3905184,52.3594923],[-7.3904858,52.3592853],[-7.3903852,52.3591606],[-7.3903243,52.3589819],[-7.3901447,52.3587975],[-7.3899394,52.3586407],[-7.3897714,52.358566],[-7.3896537,52.3584334],[-7.3895969,52.3582802],[-7.3895847,52.3582461],[-7.3895996,52.3580597],[-7.3895841,52.3578976],[-7.3895849,52.3578505],[-7.3895863,52.3577693],[-7.3894605,52.3576759],[-7.389286,52.3575969],[-7.3891206,52.3575006],[-7.3890323,52.3574492],[-7.3888962,52.3572513],[-7.388793,52.3570312],[-7.3888697,52.3568789],[-7.3889156,52.3567697],[-7.388896,52.356617],[-7.3887732,52.3565164],[-7.3884779,52.3563983],[-7.3881675,52.3563601],[-7.3877995,52.3563278],[-7.3873851,52.3562187],[-7.3868732,52.3561238],[-7.3864903,52.3560312],[-7.3861136,52.3558846],[-7.3857985,52.3556836],[-7.3855467,52.3555949],[-7.3851399,52.3555078],[-7.3847493,52.3554211],[-7.3844017,52.3553499],[-7.3841171,52.3553346],[-7.3839377,52.3553082],[-7.3837395,52.3552665],[-7.3836126,52.3552222],[-7.3834624,52.3551805],[-7.3832341,52.3551015],[-7.3830703,52.3550124],[-7.3828803,52.3549016],[-7.3827326,52.3547853],[-7.3826344,52.3546217],[-7.38258,52.3543697],[-7.3826298,52.3539705],[-7.382607,52.3537927],[-7.3825244,52.3537059],[-7.382158,52.3536563],[-7.3819121,52.3536127],[-7.3816921,52.3535434],[-7.3814801,52.3534685],[-7.3806154,52.3529273],[-7.3802003,52.3526014],[-7.3799828,52.3523694],[-7.3802124,52.3522812],[-7.3802885,52.3522196],[-7.3801395,52.3521496],[-7.3800876,52.352056],[-7.3799463,52.3519691],[-7.3797376,52.351862],[-7.3793919,52.351775],[-7.3789802,52.3517085],[-7.3787999,52.3517385],[-7.3786342,52.3518314],[-7.3784408,52.3516708],[-7.378466,52.3515489],[-7.3784716,52.3514344],[-7.3783013,52.3513051],[-7.3780427,52.3511801],[-7.3779049,52.3511464],[-7.3777702,52.351164],[-7.3775159,52.3512593],[-7.3773947,52.3512876],[-7.3772914,52.3512539],[-7.3772129,52.3511601],[-7.3772767,52.3510717],[-7.3774423,52.3510021],[-7.3776345,52.3509518],[-7.3777646,52.350849],[-7.3776345,52.3507655],[-7.3774341,52.3507291],[-7.3768628,52.3507537],[-7.3767301,52.3506285],[-7.3766214,52.3504792],[-7.3760517,52.3502191],[-7.3764168,52.3495186],[-7.3773271,52.3495227],[-7.377223,52.3493158],[-7.3769656,52.3491993],[-7.3766633,52.3491208],[-7.3763945,52.3490551],[-7.376086,52.3490408],[-7.3756894,52.3490838],[-7.3754139,52.3491049],[-7.3752361,52.3490977],[-7.375085,52.3490499],[-7.374926,52.3489457],[-7.3749281,52.3488263],[-7.3750843,52.3486965],[-7.3760193,52.3482321],[-7.3761308,52.3481011],[-7.3760397,52.3479648],[-7.3755105,52.3477187],[-7.3747609,52.3474607],[-7.3745019,52.3473043],[-7.3742772,52.3471188],[-7.373969,52.3468979],[-7.3738797,52.3467719],[-7.3738984,52.3466305],[-7.3738019,52.3464842],[-7.3734776,52.346294],[-7.3729897,52.346117],[-7.3724157,52.3458976],[-7.3722671,52.345799],[-7.3721802,52.3456559],[-7.3721746,52.3455057],[-7.3722563,52.3453816],[-7.3723384,52.3452569],[-7.3724865,52.3451517],[-7.3726665,52.3451352],[-7.372891,52.3451778],[-7.3730391,52.345285],[-7.3731525,52.3455294],[-7.3732448,52.3456427],[-7.3734065,52.3456876],[-7.373527,52.3456589],[-7.3736434,52.3455511],[-7.3737163,52.3454067],[-7.3736828,52.3451631],[-7.3734875,52.3449093],[-7.3731604,52.3447046],[-7.3728642,52.3445997],[-7.3725321,52.3445339],[-7.3723145,52.3444816],[-7.3721519,52.3443791],[-7.3721286,52.3442288],[-7.3722406,52.3441138],[-7.3724286,52.3439874],[-7.3725842,52.3438324],[-7.3725616,52.3436062],[-7.3719474,52.3430442],[-7.3672736,52.3431183],[-7.3647892,52.3429731],[-7.3616637,52.3428079],[-7.3603518,52.342659],[-7.359465,52.3425584],[-7.3582593,52.3422178],[-7.3573798,52.3416226],[-7.356832,52.3409738],[-7.3566588,52.3403919],[-7.3566202,52.3394474],[-7.356945,52.3383801],[-7.3568684,52.3372254],[-7.3562245,52.3364098],[-7.355143,52.3359214],[-7.3532745,52.3353882],[-7.3509916,52.3349924],[-7.3472325,52.3345341],[-7.342889,52.3338355],[-7.3375934,52.3325461],[-7.3359956,52.3322948],[-7.3356962,52.3322477],[-7.3332957,52.3319648],[-7.3304538,52.3316558],[-7.3292699,52.3315884],[-7.3274569,52.3314851],[-7.3253672,52.3312048],[-7.3247932,52.3311278],[-7.3230969,52.3308068],[-7.3231934,52.3296512],[-7.3230092,52.3289056],[-7.3217887,52.3274006],[-7.3204994,52.3262505],[-7.3193371,52.3252137],[-7.3172374,52.323728],[-7.3151699,52.3227394],[-7.3125547,52.3220302],[-7.3095969,52.3213268],[-7.3080732,52.319222],[-7.3035947,52.3164471],[-7.3018736,52.3153806],[-7.2992572,52.3112174],[-7.2996184,52.3089993],[-7.3000582,52.3070044],[-7.3004993,52.3050036],[-7.3005325,52.3048531],[-7.2993082,52.3030519],[-7.2972463,52.3016002],[-7.2900771,52.2996767],[-7.2867131,52.2984493],[-7.2854624,52.2978522],[-7.2841226,52.2972126],[-7.2831721,52.2955198],[-7.283436,52.2919448],[-7.2829079,52.2897098],[-7.2738072,52.2805366],[-7.273452,52.2795152],[-7.2722939,52.2779172],[-7.2666433,52.2685327],[-7.2649271,52.2668542],[-7.2644152,52.2663536],[-7.2634605,52.2660834],[-7.2584466,52.2643083],[-7.2582716,52.2642463],[-7.2499929,52.263418],[-7.2422411,52.2626425],[-7.2395675,52.2612903],[-7.2372114,52.2597747],[-7.2361568,52.2582058],[-7.2352534,52.2566349],[-7.2338576,52.2540197],[-7.2328903,52.252085],[-7.2324607,52.2512257],[-7.2307505,52.2488696],[-7.2297216,52.2480938],[-7.2282368,52.2470343],[-7.2263828,52.2459682],[-7.2227125,52.2441308],[-7.2205259,52.2433964],[-7.2191838,52.243083],[-7.2177417,52.2430366],[-7.2159283,52.2428717],[-7.214315,52.2428754],[-7.2118622,52.2432106],[-7.2092925,52.2448831],[-7.2040904,52.2469667],[-7.2010756,52.2485379],[-7.1983439,52.2498809],[-7.1958528,52.252823],[-7.1939259,52.2554212],[-7.19191,52.2574637],[-7.1895405,52.2588717],[-7.1875786,52.2602423],[-7.1869522,52.2606799],[-7.1817222,52.2643333],[-7.1813954,52.2645616],[-7.1728985,52.2718542],[-7.1691155,52.2744126],[-7.1646341,52.2770272],[-7.1616343,52.2784674],[-7.1606833,52.2788149],[-7.1594982,52.2792479],[-7.1581499,52.279519],[-7.1554759,52.2798229],[-7.1532315,52.2797914],[-7.1514741,52.2794888],[-7.1444594,52.2754565],[-7.1407101,52.2734619],[-7.1370955,52.2715389],[-7.1352548,52.2708426],[-7.1328842,52.2689578],[-7.1310966,52.2687473],[-7.1304773,52.268666],[-7.1286203,52.2684414],[-7.1237288,52.2682004],[-7.1212682,52.2678287],[-7.1158238,52.2670062],[-7.1121489,52.2669066],[-7.106629,52.266757],[-7.1063505,52.2667482],[-7.105536,52.2667274],[-7.1049282,52.2667868],[-7.1046339,52.2677586],[-7.1051219,52.268052],[-7.1050534,52.2686088],[-7.1045951,52.2688859],[-7.1006143,52.2702891],[-7.1002688,52.2703895],[-7.0997976,52.2699749],[-7.099385,52.2695603],[-7.0993208,52.2691883],[-7.0991675,52.2690518],[-7.0988218,52.2689102],[-7.0986066,52.2687447],[-7.0982301,52.2683454],[-7.0980221,52.2681475],[-7.0983845,52.2679533],[-7.0984116,52.2679388],[-7.0985706,52.2678535],[-7.0987823,52.2677398],[-7.0989062,52.2676774],[-7.098856,52.2676389],[-7.0988166,52.2676086],[-7.0987272,52.2675433],[-7.098633,52.2674819],[-7.0985585,52.2674396],[-7.0984648,52.2673935],[-7.0983777,52.267356],[-7.0982923,52.2673254],[-7.0981437,52.2672799],[-7.0978562,52.2672001],[-7.0978874,52.2671582],[-7.0963118,52.2667503],[-7.0963811,52.2661516],[-7.0966754,52.2657383],[-7.0995837,52.2665857],[-7.1004498,52.2663587],[-7.1004845,52.2660403],[-7.1004674,52.2659702],[-7.0998307,52.2645117],[-7.0991447,52.2628766],[-7.0987829,52.2619749],[-7.0969252,52.2576412],[-7.0965936,52.2572921],[-7.0920816,52.2527148],[-7.091235,52.2523682],[-7.0904008,52.2521051],[-7.0895008,52.251867],[-7.0888156,52.2517076],[-7.0881305,52.2516088],[-7.0874887,52.2515821],[-7.0868469,52.251601],[-7.0863385,52.2516535],[-7.08582,52.2517364],[-7.0853178,52.2518767],[-7.0849519,52.2520312],[-7.0824138,52.2531837],[-7.0808127,52.2538406],[-7.0790798,52.2544527],[-7.0771588,52.2550463],[-7.0747613,52.2557295],[-7.0734152,52.2560899],[-7.0720924,52.2564015],[-7.0708322,52.2566599],[-7.0697797,52.2568338],[-7.0690308,52.2569237],[-7.0682126,52.2569865],[-7.067183,52.257028],[-7.0659931,52.2570229],[-7.0648326,52.2569818],[-7.0614042,52.2568239],[-7.0597716,52.2567464],[-7.0573536,52.2566054],[-7.0517343,52.2563484],[-7.0487647,52.2561413],[-7.0461987,52.2560133],[-7.0440602,52.2560043],[-7.0421411,52.2561174],[-7.0404579,52.256283],[-7.0396551,52.2564324],[-7.0388522,52.2566178],[-7.0378801,52.2569124],[-7.0373514,52.2571001],[-7.0369817,52.2572749],[-7.036705,52.2574589],[-7.0364895,52.2576586],[-7.0360284,52.2582604],[-7.0356398,52.2589139],[-7.0350555,52.2601028],[-7.0345071,52.261404],[-7.0343298,52.2617765],[-7.0341257,52.2621161],[-7.0337979,52.2625167],[-7.0334153,52.2628822],[-7.0297381,52.2658789],[-7.0268377,52.2682526],[-7.0258026,52.2690624],[-7.0248747,52.2697411],[-7.0240425,52.270284],[-7.0229568,52.2708751],[-7.0220785,52.2712464],[-7.0219748,52.2712903],[-7.0210511,52.2716041],[-7.0203841,52.2717555],[-7.0197809,52.2718483],[-7.018751,52.2719709],[-7.0169852,52.272102],[-7.0153884,52.2721626],[-7.01392,52.2722494],[-7.0130816,52.2723802],[-7.0122433,52.2725635],[-7.0112857,52.2728341],[-7.010371,52.2731833],[-7.0088411,52.2739602],[-7.0077498,52.2746323],[-7.0065088,52.2753961],[-7.0055869,52.2758939],[-7.0044725,52.2763262],[-7.0038809,52.2764654],[-7.0032465,52.2765784],[-7.0019564,52.2766996],[-7.0005103,52.276785],[-7.00078,52.2784052],[-7.0056731,52.2838118],[-7.0150639,52.2922266],[-7.0167066,52.2944289],[-7.0178068,52.2958485],[-7.0171914,52.2973886],[-7.0156307,52.2983839],[-7.0139826,52.299435],[-7.0118354,52.3009685],[-7.0102372,52.3021686],[-7.0089752,52.3031409],[-7.0079787,52.3042063],[-7.0061061,52.3062391],[-7.0058355,52.3087602],[-7.0049743,52.310314],[-7.0036093,52.3127121],[-7.0030667,52.3131144],[-7.0003039,52.315163],[-6.9909714,52.3177456],[-6.9894333,52.3181712],[-6.9883286,52.3191665],[-6.9882451,52.3192655],[-6.9873597,52.3203154],[-6.987195,52.320484],[-6.9862659,52.3214347],[-6.9860506,52.3228602],[-6.9859898,52.3239161],[-6.9870837,52.3252064],[-6.9875164,52.3258774],[-6.9916337,52.3282904],[-6.9927386,52.3296025],[-6.9935866,52.3306095],[-6.9938934,52.3319057],[-6.9940693,52.3342476],[-6.9934714,52.3398725],[-6.994242,52.3420091],[-6.9942759,52.3421032],[-6.9949324,52.3438467],[-6.9963191,52.3458676],[-6.9965752,52.3462409],[-6.9970694,52.3483967],[-6.9961725,52.3496917],[-6.9952027,52.3518022],[-6.9944216,52.3529975],[-6.9934835,52.3552679],[-6.993784,52.3569039],[-6.9939419,52.3578441],[-6.9939008,52.3589828],[-6.9936091,52.3598807],[-6.9929244,52.3616574],[-6.9922303,52.3631844],[-6.9907577,52.3650837],[-6.9904911,52.3653726],[-6.9898067,52.3661143],[-6.9887932,52.3669134],[-6.9875999,52.3677811],[-6.9859046,52.3683237],[-6.9842032,52.3684084],[-6.9741189,52.3675557],[-6.9703413,52.3673235],[-6.968476,52.3675524],[-6.9671328,52.3677878],[-6.9654859,52.3684057],[-6.9648845,52.3686313],[-6.9639797,52.3698177],[-6.9640699,52.3711181],[-6.9652169,52.3735946],[-6.9653576,52.3751612],[-6.965448,52.3761676],[-6.9654497,52.3779891],[-6.9645137,52.3797918],[-6.9619087,52.3829565],[-6.9609264,52.3838124],[-6.9561212,52.3879991],[-6.955928,52.3881981],[-6.9538939,52.3902925],[-6.9553632,52.3910875],[-6.9557125,52.3912938],[-6.957009,52.3919403],[-6.9567933,52.3929733],[-6.9565924,52.3942306],[-6.9564691,52.3948192],[-6.9563879,52.3951929],[-6.9563,52.3958319],[-6.9561722,52.3963996],[-6.9560347,52.396999],[-6.955939,52.3976448],[-6.9556693,52.3989188],[-6.9543025,52.3993303],[-6.9526011,52.3998127],[-6.9498572,52.4006266],[-6.9471796,52.4014187],[-6.9423043,52.4028871],[-6.9423042,52.4028872],[-6.9423041,52.4028872],[-6.9421328,52.4029388],[-6.9411149,52.4024603],[-6.9407594,52.402969],[-6.9407464,52.4034056],[-6.9406949,52.4049411],[-6.9406199,52.4059068],[-6.9405532,52.4067662],[-6.9404116,52.4086885],[-6.940504,52.4103957],[-6.9405147,52.410593],[-6.941852,52.4124704],[-6.945156,52.4134616],[-6.9495375,52.4140285],[-6.9536906,52.4152445],[-6.9564682,52.416134],[-6.9590122,52.4173564],[-6.9606904,52.4185148],[-6.9616823,52.4199032],[-6.9618499,52.4207928],[-6.9614415,52.421676],[-6.9596456,52.4223838],[-6.95761,52.4229574],[-6.9557785,52.4237053],[-6.9542052,52.424981],[-6.9541482,52.4250094],[-6.9533702,52.4253972],[-6.9524438,52.4255914],[-6.9521609,52.4256076],[-6.9512193,52.4256617],[-6.9486286,52.4255378],[-6.9460356,52.4252143],[-6.9446023,52.4246096],[-6.9426845,52.4225694],[-6.940786,52.4217191],[-6.9371659,52.4210201],[-6.9344187,52.420431],[-6.9335846,52.4202582],[-6.9330918,52.4201561],[-6.9317313,52.4201293],[-6.930583,52.4201901],[-6.9297808,52.4202325],[-6.9287231,52.4203164],[-6.9276196,52.4201639],[-6.9268203,52.4201943],[-6.9260579,52.4203658],[-6.9255966,52.4206793],[-6.9252902,52.4208874],[-6.9250553,52.4216906],[-6.9251195,52.4224714],[-6.9251569,52.4225462],[-6.9256249,52.4234807],[-6.9257688,52.4239502],[-6.9256754,52.4244074],[-6.9253182,52.424954],[-6.9248237,52.425225],[-6.9242758,52.4254575],[-6.9226331,52.4257097],[-6.9207245,52.425843],[-6.9194348,52.4259234],[-6.9182263,52.426299],[-6.9167329,52.4274597],[-6.9156095,52.4283305],[-6.91509,52.4290027],[-6.915032,52.4293561],[-6.9150383,52.4297005],[-6.9152539,52.4305479],[-6.9153622,52.4307557],[-6.9155524,52.4311207],[-6.9160272,52.4315979],[-6.9170084,52.4320332],[-6.9173676,52.4321926],[-6.9197692,52.4329671],[-6.920998,52.4336554],[-6.9217599,52.4344303],[-6.9253927,52.4390079],[-6.9263713,52.439725],[-6.9265579,52.439854],[-6.9269833,52.4404005],[-6.9272289,52.4411489],[-6.9273449,52.4415021],[-6.9273491,52.4425314],[-6.9270784,52.44351],[-6.9266531,52.4444579],[-6.9253559,52.4463623],[-6.9247663,52.4476456],[-6.9244103,52.4484203],[-6.9238006,52.4497474],[-6.9236679,52.4500128],[-6.9235102,52.4503282],[-6.9232766,52.4513794],[-6.9233996,52.4518459],[-6.9237369,52.4523101],[-6.9244448,52.4530893],[-6.9247972,52.4535707],[-6.9249565,52.4537883],[-6.9253854,52.4545013],[-6.9255664,52.4550668],[-6.9255027,52.4553608],[-6.9251867,52.4559438],[-6.9242042,52.4565465],[-6.922041,52.4577758],[-6.9191187,52.4588],[-6.9160726,52.4597927],[-6.9155268,52.4600696],[-6.9150799,52.4603897],[-6.9148036,52.4607485],[-6.914584,52.4611806],[-6.9145703,52.4614433],[-6.9145611,52.4616187],[-6.914657,52.4619269],[-6.9149783,52.4622695],[-6.9151404,52.4623721],[-6.9154138,52.4625452],[-6.9165897,52.4632157],[-6.9172526,52.4635897],[-6.91805,52.4640179],[-6.9194181,52.4644598],[-6.919684,52.4645362],[-6.9222177,52.4649449],[-6.9237729,52.4653178],[-6.9244382,52.4655248],[-6.9264696,52.4664081],[-6.9273781,52.4666716],[-6.9285637,52.4669991],[-6.9293231,52.4670287],[-6.9299557,52.4669329],[-6.9305018,52.4667534],[-6.9315802,52.4661798],[-6.9320907,52.4658777],[-6.9324273,52.4658273],[-6.9327352,52.4658586],[-6.9333984,52.46606],[-6.933985,52.466384],[-6.9346195,52.4670318],[-6.9346461,52.4673159],[-6.9346056,52.4676205],[-6.9344002,52.4681537],[-6.9342845,52.4685131],[-6.933999,52.468866],[-6.9332808,52.4690974],[-6.9321111,52.46917],[-6.9314264,52.4693203],[-6.92982,52.469673],[-6.9264307,52.4693569],[-6.9254273,52.4693543],[-6.9241982,52.4695802],[-6.9234377,52.4698925],[-6.9213649,52.471026],[-6.9201364,52.4721344],[-6.9191239,52.473469],[-6.9186258,52.4745511],[-6.9185518,52.4755079],[-6.9187792,52.4763268],[-6.918932,52.4766542],[-6.9192184,52.4769678],[-6.919592,52.4772208],[-6.9203534,52.4775871],[-6.9206007,52.4776535],[-6.9213011,52.477953],[-6.9238023,52.4785127],[-6.925154,52.4788558],[-6.926226,52.4793179],[-6.9274629,52.4799441],[-6.9277919,52.4803294],[-6.9279914,52.4808388],[-6.9278767,52.481404],[-6.927463,52.4819731],[-6.9253607,52.4837928],[-6.9246692,52.4846801],[-6.9247696,52.4853366],[-6.9249375,52.4857265],[-6.9263326,52.4866395],[-6.9268238,52.4867673],[-6.9276518,52.4869827],[-6.9283627,52.4871676],[-6.9305096,52.4875153],[-6.9317541,52.4879209],[-6.9326844,52.4883701],[-6.9333715,52.488946],[-6.9341957,52.4898483],[-6.9347158,52.4905023],[-6.9358643,52.4916647],[-6.9363209,52.4922899],[-6.9364844,52.4928276],[-6.9365315,52.4929827],[-6.93671,52.4936055],[-6.9370353,52.4947403],[-6.9376568,52.4960269],[-6.9384718,52.4969291],[-6.9388999,52.4974648],[-6.9399565,52.4985242],[-6.9404537,52.4998864],[-6.9406496,52.501013],[-6.9406583,52.501063],[-6.9400861,52.5020312],[-6.9397434,52.5022371],[-6.9396176,52.5023012],[-6.9394225,52.5024146],[-6.9388239,52.5027399],[-6.938548,52.5031565],[-6.9373783,52.5047628],[-6.9371691,52.5050287],[-6.9369864,52.5055379],[-6.9369552,52.505935],[-6.9368873,52.5062985],[-6.9368294,52.5098384],[-6.9368184,52.5105112],[-6.9363956,52.5111156],[-6.9351229,52.5126005],[-6.934158,52.51438],[-6.9339588,52.515262],[-6.9330867,52.5164813],[-6.9329768,52.51689],[-6.933041,52.5173436],[-6.9331069,52.5177516],[-6.9336492,52.5197775],[-6.9340699,52.5209513],[-6.9340996,52.5210089],[-6.9347356,52.5222421],[-6.935162,52.5238454],[-6.9351094,52.5244547],[-6.9348008,52.5252998],[-6.9347455,52.5270634],[-6.934854,52.5274648],[-6.9352636,52.5277685],[-6.9357839,52.5279793],[-6.9364625,52.5281506],[-6.9371517,52.5282534],[-6.9392106,52.5283681],[-6.9410131,52.5283681],[-6.9419716,52.5283413],[-6.9428819,52.5283289],[-6.9436126,52.5283439],[-6.9448113,52.5283656],[-6.9462913,52.5286142],[-6.9478332,52.5285223],[-6.9485867,52.5287084],[-6.9492577,52.5288182],[-6.949563,52.5288681],[-6.9503046,52.5290721],[-6.9509369,52.5292461],[-6.953359,52.5300942],[-6.9543759,52.5306746],[-6.9559341,52.5312816],[-6.9562068,52.5317079],[-6.9564891,52.5321492],[-6.9573447,52.5333145],[-6.9578565,52.5339261],[-6.9588033,52.5347579],[-6.9595635,52.5356529],[-6.9595418,52.5364425],[-6.9593639,52.5367168],[-6.9590309,52.5372061],[-6.9583102,52.5377074],[-6.9573474,52.5381163],[-6.9567152,52.5383267],[-6.955991,52.5385138],[-6.9558266,52.5385381],[-6.955191,52.5386321],[-6.9549608,52.5387716],[-6.9548104,52.5389],[-6.9546056,52.539164],[-6.9542281,52.5396386],[-6.9534637,52.5400511],[-6.9527063,52.5402413],[-6.9509575,52.5404285],[-6.9494802,52.5405247],[-6.9483471,52.5404285],[-6.9477538,52.540405],[-6.9471973,52.5405608],[-6.946265,52.5409388],[-6.9458052,52.5412456],[-6.9456113,52.5415465],[-6.9455617,52.5420232],[-6.9456413,52.5429229],[-6.9459106,52.5436649],[-6.9460778,52.5444979],[-6.9460541,52.5451454],[-6.9458759,52.5456129],[-6.9455942,52.5460302],[-6.9454797,52.5461307],[-6.9450977,52.5464658],[-6.9440119,52.5467976],[-6.9425139,52.5470805],[-6.9407838,52.5474554],[-6.9389028,52.5479227],[-6.9372805,52.5483542],[-6.9363787,52.5485627],[-6.9354985,52.5488073],[-6.9349448,52.5491372],[-6.9343821,52.549789],[-6.9339765,52.5504535],[-6.933616,52.5510575],[-6.933484,52.5512687],[-6.9332045,52.5516458],[-6.9327609,52.5521796],[-6.9325164,52.5524612],[-6.9320715,52.5526795],[-6.9317976,52.5532608],[-6.9315354,52.5536025],[-6.9311804,52.5540802],[-6.931159,52.554109],[-6.9302615,52.5544909],[-6.9296246,52.5547187],[-6.9289311,52.5549477],[-6.9286435,52.5550878],[-6.9283341,52.5552386],[-6.9277887,52.5555388],[-6.9267396,52.5563816],[-6.9259832,52.5568301],[-6.9253822,52.5571377],[-6.9252139,52.5572575],[-6.9247164,52.5576117],[-6.9237785,52.5577729],[-6.9231803,52.5580445],[-6.9225059,52.5582267],[-6.92127,52.5581752],[-6.9203143,52.5580864],[-6.9193767,52.5583105],[-6.9187863,52.5586871],[-6.9186863,52.5589613],[-6.9184519,52.5592052],[-6.9177561,52.559705],[-6.9177217,52.5599792],[-6.9177101,52.5600717],[-6.9172566,52.5605599],[-6.9168197,52.5611337],[-6.9159416,52.5614451],[-6.9148482,52.5616282],[-6.9146455,52.5622727],[-6.9146639,52.5626823],[-6.9148439,52.5631355],[-6.9150644,52.5634529],[-6.9158895,52.5642812],[-6.9173375,52.5654511],[-6.9185488,52.5662177],[-6.9196588,52.5670546],[-6.9210409,52.5677929],[-6.9221555,52.5690306],[-6.9224938,52.5698631],[-6.9224042,52.5704167],[-6.9218846,52.5713377],[-6.920895,52.5724317],[-6.9208508,52.5725136],[-6.9207262,52.5727443],[-6.920655,52.5729126],[-6.9204512,52.5732582],[-6.920271,52.5734404],[-6.91937,52.5744572],[-6.9193022,52.5746532],[-6.919238,52.5751415],[-6.9193509,52.5756848],[-6.9191578,52.5762499],[-6.9191326,52.5765076],[-6.9192401,52.5767393],[-6.9195044,52.5771271],[-6.9201149,52.5780398],[-6.920172,52.5783304],[-6.9201793,52.578485],[-6.9201839,52.578583],[-6.92083,52.5793329],[-6.9212988,52.579877],[-6.9220766,52.5808711],[-6.9227929,52.5817484],[-6.9234539,52.5827568],[-6.9239084,52.5838165],[-6.9246239,52.5849347],[-6.9252787,52.5857206],[-6.9256828,52.5865888],[-6.9260826,52.5872564],[-6.9272665,52.5882456],[-6.9281491,52.5885323],[-6.9291123,52.5887065],[-6.9302396,52.588747],[-6.9323534,52.5886713],[-6.9330428,52.5887328],[-6.9339184,52.5891775],[-6.935106,52.589602],[-6.9369782,52.5899947],[-6.9372639,52.5901036],[-6.9394144,52.5909235],[-6.940001,52.5916013],[-6.9404583,52.5921298],[-6.9409159,52.5928465],[-6.9413543,52.5932277],[-6.9421611,52.5941297],[-6.9433186,52.5952242],[-6.9436773,52.5954963],[-6.9443714,52.5958895],[-6.9457434,52.5965556],[-6.9465073,52.5970972],[-6.9482769,52.5986311],[-6.9490262,52.5992257],[-6.949301,52.5993998],[-6.9500724,52.5998296],[-6.9508676,52.6003267],[-6.9527916,52.6008961],[-6.9536769,52.6011087],[-6.9551418,52.6012662],[-6.9569505,52.6014079],[-6.9593895,52.6014792],[-6.9622351,52.6017422],[-6.9640829,52.6022191],[-6.9644356,52.6023114],[-6.9655495,52.6026532],[-6.9670289,52.6029476],[-6.968025,52.6034592],[-6.9686397,52.6036299],[-6.9697846,52.603789],[-6.9701634,52.6040478],[-6.9706012,52.6046947],[-6.9706906,52.6048268],[-6.9711342,52.6055723],[-6.9711564,52.6063877],[-6.9713673,52.607999],[-6.971767,52.6093908],[-6.9724494,52.6105636],[-6.9730987,52.6114332],[-6.9740699,52.6118347],[-6.9760166,52.6123297],[-6.9767118,52.6127776],[-6.9777443,52.6130636],[-6.9781994,52.6132419],[-6.9785449,52.613468],[-6.9793962,52.6138201],[-6.9808054,52.6147581],[-6.9821562,52.6159382],[-6.9838995,52.6169831],[-6.9846366,52.61783],[-6.9850685,52.6183262],[-6.985444,52.6191782],[-6.985335,52.6200388],[-6.9851769,52.6204162],[-6.9848902,52.6208252],[-6.984453,52.6213818],[-6.9839488,52.6217234],[-6.9826396,52.622224],[-6.9818995,52.6225827],[-6.9810725,52.623116],[-6.9805606,52.623944],[-6.9802693,52.6244152],[-6.9800982,52.6251696],[-6.9800566,52.6253531],[-6.9805671,52.6265336],[-6.9811811,52.6268427],[-6.9822428,52.6270836],[-6.9841832,52.6280839],[-6.9858906,52.6285412],[-6.9875826,52.6289552],[-6.9881953,52.6291403],[-6.9883706,52.6291933],[-6.9893264,52.6297411],[-6.9899868,52.6305428],[-6.9906472,52.6314017],[-6.991131,52.6323238],[-6.9914375,52.6334262],[-6.9914065,52.6340539],[-6.9913948,52.6342902],[-6.9905348,52.6354086],[-6.990407,52.6355748],[-6.990106,52.6373678],[-6.9896637,52.6385945],[-6.9895559,52.6387034],[-6.9889238,52.6393423],[-6.9878169,52.6400821],[-6.9865904,52.6410553],[-6.9865136,52.6411342],[-6.9855225,52.6422318],[-6.9855364,52.6434437],[-6.9855577,52.6436208],[-6.985648,52.6443724],[-6.9865129,52.6457811],[-6.9871891,52.6471459],[-6.9871983,52.6471817],[-6.9872075,52.6472178],[-6.9873939,52.6479471],[-6.9873695,52.6487822],[-6.9873305,52.6502375],[-6.9873253,52.6504305],[-6.9874395,52.6527552],[-6.9877226,52.6540143],[-6.9881539,52.6556585],[-6.9882043,52.6562839],[-6.9882423,52.6568898],[-6.9881159,52.6587309],[-6.9879091,52.6592367],[-6.9871806,52.6603611],[-6.9868352,52.6614837],[-6.9867654,52.6616865],[-6.9866234,52.6620989],[-6.9865904,52.6625411],[-6.9864434,52.6632948],[-6.9863017,52.6634193],[-6.9857058,52.663943],[-6.9853783,52.6642307],[-6.9844404,52.6652587],[-6.9831551,52.6659455],[-6.9820294,52.6667293],[-6.9811206,52.6674025],[-6.9806024,52.6678155],[-6.9804841,52.6681475],[-6.979945,52.6688024],[-6.9797931,52.6689885],[-6.9803261,52.6691283],[-6.9837156,52.6701733],[-6.9874612,52.6708548],[-6.9875177,52.6711445],[-6.9875161,52.6719726],[-6.9871663,52.6726851],[-6.9871438,52.6727342],[-6.9906463,52.6728017],[-6.9929967,52.6737182],[-6.992161,52.6749074],[-6.9918728,52.676024],[-6.9934119,52.6767855],[-6.9976862,52.6791954],[-6.995654,52.6810377],[-6.9972742,52.6816533],[-7.0013473,52.6836297],[-7.0016244,52.6837406],[-7.0017568,52.6837913],[-7.0056873,52.6848902],[-7.0040064,52.6859992],[-7.0038003,52.6859892],[-7.0033801,52.6862789],[-6.9999293,52.6885669],[-7.0014396,52.689034],[-7.0046092,52.6899345],[-7.0052004,52.6903891],[-7.0059267,52.6908391],[-7.0064755,52.6911557],[-7.0058988,52.6918918],[-7.0056608,52.692087],[-7.0055775,52.6921554],[-7.0055499,52.6921781],[-7.0051205,52.6925304],[-7.004665,52.6926783],[-7.0044113,52.6928718],[-7.0041688,52.693101],[-7.0040894,52.6932944],[-7.0043136,52.6933693],[-7.004908,52.6936466],[-7.0053254,52.6938381],[-7.0056505,52.6940809],[-7.0060898,52.6945842],[-7.0065049,52.6949896],[-7.0093875,52.6960815],[-7.0100815,52.6963912],[-7.0102423,52.6964479],[-7.0104323,52.6965148],[-7.0109733,52.6970168],[-7.0118716,52.6976416],[-7.012886,52.6987241],[-7.0136386,52.699835],[-7.0137529,52.7000036],[-7.0143231,52.700896],[-7.0148904,52.7022561],[-7.0158833,52.7030334],[-7.0160785,52.7031139],[-7.0164742,52.7033303],[-7.016883,52.7035637],[-7.0171309,52.703958],[-7.0175493,52.7041368],[-7.0183389,52.7042154],[-7.0191121,52.7043659],[-7.019665,52.7045583],[-7.0200913,52.7049724],[-7.0213918,52.705353],[-7.0235948,52.7052757],[-7.0253297,52.7056851],[-7.0256621,52.7057635],[-7.0269695,52.7070573],[-7.0275012,52.707445],[-7.0279256,52.7077222],[-7.0281081,52.7078145],[-7.0282369,52.7079329],[-7.0282264,52.7081046],[-7.0283876,52.7082204],[-7.0288174,52.7083741],[-7.0322086,52.7088431],[-7.0350628,52.7096661],[-7.0368037,52.7101803],[-7.0370866,52.7112614],[-7.0386154,52.7130585],[-7.0395961,52.7138047],[-7.0405948,52.7142024],[-7.0412211,52.7146626],[-7.0414004,52.7148732],[-7.0415443,52.7151351],[-7.0418823,52.7153713],[-7.0424293,52.7154282],[-7.0429015,52.7152976],[-7.0433709,52.7150165],[-7.0450201,52.7139298],[-7.0459271,52.713286],[-7.0469878,52.7126852],[-7.0483954,52.7115077],[-7.0502182,52.7092732],[-7.0506654,52.707939],[-7.0502762,52.7059648],[-7.050804,52.7040895],[-7.051805,52.7032456],[-7.0525102,52.7030268],[-7.0527597,52.7040701],[-7.0528495,52.7044455],[-7.054721,52.7065683],[-7.0553085,52.707188],[-7.0557655,52.707979],[-7.0558961,52.7093502],[-7.056324,52.7103012],[-7.0572165,52.7105317],[-7.0576778,52.7104423],[-7.0588991,52.7100428],[-7.0605683,52.7093832],[-7.0613082,52.7095018],[-7.0624153,52.7094136],[-7.0642936,52.7088986],[-7.0657708,52.7082833],[-7.0667643,52.7095176],[-7.0669126,52.7095543],[-7.0671693,52.7095514],[-7.067245,52.7097243],[-7.0673102,52.7099823],[-7.0680232,52.7103091],[-7.0686337,52.7105512],[-7.0686401,52.7108066],[-7.0690563,52.7111522],[-7.0703634,52.7139261],[-7.0703044,52.7143133],[-7.0706012,52.7150678],[-7.07121,52.7156699],[-7.0714382,52.7160977],[-7.0723622,52.7169124],[-7.0724924,52.7169719],[-7.0725418,52.7170313],[-7.0726001,52.7171895],[-7.0728461,52.7173638],[-7.0735441,52.7186276],[-7.0741309,52.7193557],[-7.0745065,52.7198088],[-7.0748068,52.7202254],[-7.0751062,52.7204176],[-7.0752084,52.7204275],[-7.0752776,52.7204814],[-7.0752644,52.7205732],[-7.0764374,52.7214414],[-7.077024,52.7219065],[-7.0775051,52.7223802],[-7.0778966,52.7228438],[-7.0782909,52.723248],[-7.078664,52.7238105],[-7.0788387,52.7240845],[-7.0790808,52.7245244],[-7.079565,52.7254042],[-7.0800413,52.7262455],[-7.0801432,52.7265335],[-7.0808093,52.7264663],[-7.0815872,52.7263894],[-7.0824127,52.7263269],[-7.0827798,52.7263173],[-7.0832799,52.7262308],[-7.0837037,52.7261774],[-7.0849535,52.7260157],[-7.0866543,52.7257795],[-7.086883,52.7257346],[-7.0870097,52.7257396],[-7.0873589,52.7256868],[-7.088099,52.7256835],[-7.0889325,52.7256784],[-7.0904905,52.7256363],[-7.0907652,52.7256155],[-7.0909588,52.725607],[-7.0911188,52.7255492],[-7.09184,52.7254642],[-7.0922358,52.7254132],[-7.0925164,52.7253962],[-7.0930412,52.725335],[-7.093277,52.7252687],[-7.0936669,52.7252442],[-7.0940943,52.7252421],[-7.0945864,52.7252613],[-7.0954914,52.7252853],[-7.0963963,52.7253286],[-7.0968091,52.725355],[-7.0972853,52.7253791],[-7.0985673,52.7254223],[-7.0998583,52.7254486],[-7.1002331,52.7254725],[-7.1007102,52.7254521],[-7.1010722,52.7254504],[-7.101858,52.7254113],[-7.1021667,52.7254028],[-7.1028094,52.7253722],[-7.1033689,52.7253482],[-7.104839,52.7252908],[-7.1060626,52.7252534],[-7.1070168,52.725216],[-7.1076904,52.7251582],[-7.1078402,52.7251714],[-7.1079443,52.7252631],[-7.1079383,52.7253761],[-7.1078201,52.7254782],[-7.1075752,52.7257968],[-7.1073833,52.726111],[-7.1072716,52.7264986],[-7.1070337,52.7268409],[-7.106729,52.7273765],[-7.1064516,52.7283621],[-7.1064619,52.7288806],[-7.10645,52.7289599],[-7.1064341,52.7290381],[-7.1063924,52.7291703],[-7.1063686,52.729246],[-7.1062138,52.7295224],[-7.1059058,52.7298841],[-7.1057374,52.730083],[-7.1056049,52.7302232],[-7.105402,52.730507],[-7.1051733,52.7307577],[-7.1050203,52.7310356],[-7.1049828,52.7311528],[-7.1049253,52.7313583],[-7.1048415,52.7314382],[-7.1034251,52.7315423],[-7.1027796,52.7316579],[-7.1022408,52.731855],[-7.1020106,52.7320249],[-7.1014157,52.7321099],[-7.1005635,52.7322954],[-7.0998779,52.7324588],[-7.0994402,52.7322161],[-7.0989997,52.73212],[-7.0985948,52.732156],[-7.0983966,52.7321602],[-7.0983131,52.7321272],[-7.0980551,52.7319854],[-7.0977256,52.7318772],[-7.0973049,52.7316777],[-7.0967294,52.7315191],[-7.0961747,52.731445],[-7.0951458,52.7314759],[-7.094483,52.7315504],[-7.0941569,52.7316549],[-7.0918441,52.7326904],[-7.0913108,52.7329691],[-7.0908955,52.7333158],[-7.0905751,52.7334949],[-7.0903777,52.7338405],[-7.0900344,52.7339535],[-7.0899491,52.7342235],[-7.0898954,52.7344489],[-7.0899349,52.7346196],[-7.0903516,52.7349752],[-7.0910252,52.7356774],[-7.0915611,52.7361113],[-7.0915681,52.7363728],[-7.091494,52.7365593],[-7.0915047,52.7366567],[-7.091494,52.7368808],[-7.0915584,52.7370107],[-7.0915959,52.7372576],[-7.0916656,52.7373583],[-7.0917407,52.7374687],[-7.0918017,52.737573],[-7.0918802,52.7376993],[-7.0920304,52.7377773],[-7.0922074,52.7378033],[-7.0924153,52.7378541],[-7.0926299,52.7379158],[-7.0927694,52.7379937],[-7.0928318,52.7380589],[-7.0929414,52.7381488],[-7.0931181,52.7382244],[-7.0933112,52.7382828],[-7.0934874,52.7383305],[-7.0937631,52.7383684],[-7.0941011,52.7384301],[-7.0944233,52.7384848],[-7.0946107,52.7385081],[-7.0947902,52.7384981],[-7.0951148,52.7384459],[-7.0953583,52.738404],[-7.0956018,52.7383348],[-7.0957734,52.7383218],[-7.0959281,52.7383181],[-7.0963045,52.7383932],[-7.0965473,52.7384756],[-7.0967873,52.7385621],[-7.0969764,52.738625],[-7.097191,52.7386997],[-7.0974941,52.7388333],[-7.0977596,52.7389433],[-7.0979031,52.7390071],[-7.0980909,52.7391143],[-7.0982961,52.7392031],[-7.0984181,52.7392377],[-7.0985696,52.7392356],[-7.0986765,52.7392555],[-7.0987735,52.7392681],[-7.0988902,52.7392702],[-7.098923,52.7393435],[-7.0989438,52.7394391],[-7.0990457,52.739491],[-7.0990565,52.739569],[-7.0991115,52.7396805],[-7.099208,52.7397585],[-7.0992617,52.7398202],[-7.0993247,52.7398808],[-7.099385,52.7399501],[-7.0993837,52.7400432],[-7.0995178,52.7401763],[-7.0996854,52.7403463],[-7.0998004,52.7404748],[-7.0998893,52.7405834],[-7.0999644,52.7406873],[-7.0999634,52.7408022],[-7.1000103,52.7408966],[-7.1001468,52.7410056],[-7.1002058,52.7410738],[-7.1002112,52.7411713],[-7.1002487,52.7413207],[-7.1003614,52.7414083],[-7.1004311,52.7414733],[-7.1005384,52.7415285],[-7.1006081,52.7415772],[-7.1006618,52.7416747],[-7.100635,52.7417721],[-7.1005706,52.7418338],[-7.1005008,52.7419085],[-7.1005116,52.7419637],[-7.1005598,52.7420416],[-7.1006028,52.7421228],[-7.1005813,52.74223],[-7.1005652,52.7423469],[-7.1005438,52.7424671],[-7.1005706,52.7425678],[-7.1006403,52.7426554],[-7.100694,52.7427464],[-7.1007101,52.7428406],[-7.1007261,52.7429802],[-7.1007208,52.7430744],[-7.1007744,52.7431686],[-7.100812,52.7432238],[-7.1009675,52.7432627],[-7.101107,52.7433082],[-7.1012197,52.7433699],[-7.1012358,52.7434543],[-7.1011982,52.743542],[-7.1011821,52.7435875],[-7.1012089,52.7436719],[-7.1012572,52.7437401],[-7.1013001,52.743844],[-7.1013967,52.743948],[-7.1015094,52.7440519],[-7.1015094,52.7441461],[-7.1014557,52.74425],[-7.1014074,52.7442987],[-7.1014128,52.7443312],[-7.1015094,52.7443701],[-7.1015509,52.7444242],[-7.1016046,52.7444469],[-7.1016113,52.7445065],[-7.1016274,52.7445617],[-7.1016153,52.7446191],[-7.1015362,52.7446592],[-7.1014275,52.744684],[-7.1013913,52.7447436],[-7.1014275,52.7447847],[-7.1014973,52.7448366],[-7.1015241,52.7448951],[-7.1015791,52.7449774],[-7.1016542,52.7450489],[-7.1016582,52.7451159],[-7.1016005,52.7451495],[-7.1015563,52.7452263],[-7.1014919,52.7452815],[-7.1014919,52.7453302],[-7.1015469,52.7453736],[-7.1016153,52.7453952],[-7.1016756,52.7454288],[-7.1017454,52.7454288],[-7.1018151,52.7454288],[-7.1018299,52.7454536],[-7.1018312,52.7455002],[-7.1017977,52.7455511],[-7.101799,52.7455847],[-7.1018634,52.7455944],[-7.1019546,52.7456171],[-7.1019921,52.7456821],[-7.1019583,52.7457342],[-7.1019439,52.745799],[-7.1018741,52.745838],[-7.1018513,52.7459018],[-7.1018406,52.7459667],[-7.1018849,52.7460393],[-7.1019693,52.7460804],[-7.1020673,52.746088],[-7.1021088,52.7461096],[-7.1020994,52.7461724],[-7.1020874,52.7462265],[-7.1020784,52.7463157],[-7.1021249,52.7463889],[-7.1021732,52.7464571],[-7.1021678,52.7465123],[-7.1021196,52.7465707],[-7.1021434,52.7466302],[-7.1021906,52.7466595],[-7.1022268,52.7467266],[-7.1022175,52.7467894],[-7.1022537,52.7468435],[-7.1022537,52.7469214],[-7.1022118,52.7469616],[-7.1021464,52.7470026],[-7.1021196,52.7470643],[-7.1020619,52.7471596],[-7.1020123,52.7472786],[-7.1020391,52.7473533],[-7.102082,52.7474215],[-7.1021477,52.7474843],[-7.1021517,52.7475644],[-7.1021035,52.7476228],[-7.1020726,52.7476694],[-7.1021249,52.747756],[-7.1021732,52.7478501],[-7.1021571,52.747993],[-7.1021196,52.7480969],[-7.1020713,52.7481489],[-7.1020176,52.7482301],[-7.1019264,52.7483307],[-7.1018567,52.7484022],[-7.1017722,52.7485105],[-7.1017494,52.7485905],[-7.1016864,52.7486826],[-7.1015777,52.7487074],[-7.1014973,52.7487009],[-7.1014007,52.7486977],[-7.1012881,52.7487171],[-7.101225,52.748754],[-7.1012197,52.7487962],[-7.1012449,52.7488642],[-7.1011861,52.748912],[-7.1010935,52.7489221],[-7.1009716,52.7489477],[-7.1008804,52.7490191],[-7.1008108,52.7490302],[-7.1007409,52.7490873],[-7.1006443,52.7491328],[-7.1005156,52.7491555],[-7.1004512,52.7491458],[-7.1003761,52.749123],[-7.1002903,52.749162],[-7.1001991,52.7491977],[-7.1001146,52.7491989],[-7.1000274,52.749175],[-7.0999845,52.7491977],[-7.0999362,52.7492042],[-7.0999,52.7491794],[-7.0998303,52.7491664],[-7.0997713,52.7491891],[-7.0997498,52.7492443],[-7.0997378,52.7492886],[-7.0997445,52.7493222],[-7.0996841,52.7493438],[-7.0995943,52.7493677],[-7.0995192,52.7494034],[-7.0994373,52.749451],[-7.0993515,52.7495094],[-7.099314,52.7495581],[-7.0992335,52.7495776],[-7.0991799,52.7496101],[-7.0991584,52.7496426],[-7.0991034,52.7496833],[-7.099031,52.7497379],[-7.0989706,52.7497627],[-7.098858,52.7497952],[-7.0987722,52.7498212],[-7.0987292,52.7498666],[-7.0986971,52.7499413],[-7.0986649,52.7499997],[-7.0986005,52.750003],[-7.0985254,52.7500192],[-7.098402,52.7500647],[-7.0982894,52.7501264],[-7.0982411,52.7501718],[-7.0981821,52.7502011],[-7.098119,52.7502542],[-7.0980533,52.7502952],[-7.0979836,52.7502985],[-7.0978991,52.7502671],[-7.0977422,52.75024],[-7.0976617,52.7502348],[-7.0975652,52.7501913],[-7.0974686,52.7501848],[-7.0973989,52.7502076],[-7.0973895,52.7502671],[-7.0973777,52.7503342],[-7.0973079,52.7504063],[-7.0971328,52.7504732],[-7.097018,52.7505452],[-7.0969643,52.7506004],[-7.0968785,52.7506134],[-7.0967766,52.750594],[-7.0966826,52.7506093],[-7.0965245,52.7506524],[-7.0964461,52.7506997],[-7.0963379,52.7507411],[-7.0962235,52.7507849],[-7.0960806,52.7508256],[-7.095929,52.7508277],[-7.0958217,52.750818],[-7.0957144,52.7508375],[-7.0956125,52.7508862],[-7.0954945,52.7509966],[-7.0953926,52.7510778],[-7.0952866,52.7511276],[-7.0951244,52.7511946],[-7.0949795,52.7512498],[-7.0948208,52.7513214],[-7.0947395,52.7513744],[-7.0945557,52.7514641],[-7.0943948,52.7515291],[-7.0942296,52.7515475],[-7.0941266,52.7515648],[-7.094033,52.7516227],[-7.0939335,52.751633],[-7.0937457,52.7516427],[-7.0936223,52.7516817],[-7.0934507,52.7517531],[-7.0933326,52.7518278],[-7.0932038,52.7519399],[-7.0931663,52.7519934],[-7.0930537,52.7520681],[-7.0929692,52.7521341],[-7.0928552,52.752172],[-7.0927157,52.7522012],[-7.0925454,52.7522445],[-7.0923885,52.7522726],[-7.0922772,52.7522867],[-7.0921256,52.7523343],[-7.0920237,52.7523505],[-7.0919775,52.7524089],[-7.0918896,52.7524804],[-7.0917126,52.7525681],[-7.0915463,52.7526233],[-7.0913545,52.7526634],[-7.0912834,52.7527109],[-7.0912834,52.7528084],[-7.0912512,52.752896],[-7.0911815,52.7529447],[-7.0910581,52.7529675],[-7.0909414,52.7529783],[-7.0908556,52.7530011],[-7.0907792,52.7530649],[-7.0907416,52.7531265],[-7.0907416,52.753185],[-7.0907953,52.7532304],[-7.0907845,52.7532727],[-7.0907041,52.7533506],[-7.0905378,52.7534675],[-7.0904251,52.7535746],[-7.0903983,52.753659],[-7.0902763,52.7537576],[-7.0901462,52.7538279],[-7.0900711,52.7539025],[-7.0900711,52.7539707],[-7.0901153,52.7541147],[-7.0901086,52.7542012],[-7.0900442,52.7542662],[-7.0899209,52.7543116],[-7.0897868,52.7543441],[-7.0896419,52.7543798],[-7.0895467,52.7544556],[-7.0895454,52.7545356],[-7.0895078,52.7546688],[-7.0895132,52.7547954],[-7.0895078,52.7548668],[-7.0894166,52.7549415],[-7.0893147,52.7549869],[-7.0891001,52.7550649],[-7.0889928,52.7551233],[-7.0888386,52.7552218],[-7.0887461,52.7552597],[-7.0885536,52.7552762],[-7.0884202,52.7552575],[-7.0882525,52.7552597],[-7.088097,52.7553213],[-7.0880433,52.7554187],[-7.0879521,52.7554967],[-7.0878985,52.7555811],[-7.0877644,52.7556363],[-7.0875605,52.7556525],[-7.0872065,52.7557012],[-7.087004,52.7557738],[-7.0868041,52.7558376],[-7.0866767,52.7559231],[-7.0864608,52.7559966],[-7.0862892,52.7560713],[-7.086037,52.7561297],[-7.0859029,52.756146],[-7.0857205,52.7562109],[-7.0855489,52.7563245],[-7.0854148,52.7563408],[-7.085164,52.7563971],[-7.0849588,52.7564804],[-7.08483,52.7564869],[-7.0846316,52.7564609],[-7.0845082,52.7564122],[-7.0843057,52.7563971],[-7.0840629,52.7564609],[-7.0839516,52.7565659],[-7.0839556,52.7567109],[-7.0839717,52.7568278],[-7.0838966,52.7569479],[-7.0837196,52.7569998],[-7.0834997,52.757068],[-7.0833454,52.7571438],[-7.0832793,52.757244]]]}},{"type":"Feature","properties":{"@id":"relation/5330874","boundary":"civil_parish","logainm:ref":"1259","name":"Ballinamara","name:en":"Ballinamara","name:ga":"Beál Átha na Marbh","wikidata":"Q60553364"},"geometry":{"type":"Polygon","coordinates":[[[-7.3690793,52.7074699],[-7.3713705,52.7078248],[-7.3707532,52.7089658],[-7.3710552,52.7096393],[-7.3730601,52.7094259],[-7.3752863,52.7097617],[-7.3751712,52.7099331],[-7.375094,52.7101333],[-7.3750686,52.7103889],[-7.3756472,52.7104491],[-7.3760816,52.7105318],[-7.3763609,52.7104679],[-7.3780862,52.7105055],[-7.3805438,52.7104942],[-7.3814101,52.7103167],[-7.3819894,52.7102742],[-7.3822878,52.7103486],[-7.3834463,52.7102316],[-7.384324,52.71054],[-7.3850613,52.7106995],[-7.3858336,52.7109016],[-7.386606,52.7108272],[-7.3869395,52.7104443],[-7.3879401,52.710338],[-7.3893841,52.7105493],[-7.3900465,52.7103805],[-7.3906083,52.710338],[-7.3911349,52.7102316],[-7.3912578,52.7103486],[-7.3918195,52.710221],[-7.3926094,52.7101465],[-7.3929956,52.7101359],[-7.3931887,52.7101784],[-7.3933291,52.7099126],[-7.3935046,52.7096786],[-7.3937855,52.7095935],[-7.3942243,52.7095297],[-7.395102,52.7093489],[-7.3960499,52.7091468],[-7.396559,52.7089873],[-7.3970505,52.7087108],[-7.3971734,52.70853],[-7.3975947,52.7086045],[-7.3979282,52.7086576],[-7.3992447,52.7088597],[-7.3998591,52.7088491],[-7.400491,52.7087959],[-7.4047988,52.7081248],[-7.4040526,52.7073272],[-7.4040098,52.7072838],[-7.404508,52.7069732],[-7.4047262,52.7068259],[-7.4054139,52.7063767],[-7.4056087,52.7062548],[-7.4059144,52.7060562],[-7.4062179,52.7058614],[-7.4064434,52.7057443],[-7.4075923,52.7052174],[-7.4076623,52.7051853],[-7.4082816,52.7049336],[-7.4090914,52.7045859],[-7.4091645,52.7045034],[-7.4092528,52.7043839],[-7.4096669,52.703509],[-7.4085186,52.7033399],[-7.4078798,52.7029712],[-7.4072612,52.7028053],[-7.4068556,52.7029098],[-7.4063181,52.7028361],[-7.406095,52.7026824],[-7.4056894,52.7026149],[-7.4047565,52.7024059],[-7.4044117,52.702154],[-7.4042415,52.7020692],[-7.4028125,52.7013208],[-7.4025445,52.7010954],[-7.4020424,52.7006327],[-7.401801,52.7004106],[-7.401425,52.7000379],[-7.4013606,52.6999484],[-7.4011755,52.6998521],[-7.4009387,52.6996888],[-7.400837,52.6996179],[-7.4007249,52.6996078],[-7.4006265,52.6996649],[-7.4001606,52.6992412],[-7.4015499,52.6988209],[-7.4018664,52.6986944],[-7.40212,52.6982765],[-7.4027689,52.6976128],[-7.4032151,52.6972871],[-7.4039858,52.6975083],[-7.4041988,52.6978033],[-7.4050506,52.6981536],[-7.4057807,52.6982704],[-7.4064804,52.6981843],[-7.4075451,52.6978832],[-7.4077263,52.6978887],[-7.4079393,52.6978149],[-7.4075843,52.6969423],[-7.4073511,52.6965735],[-7.4068441,52.6961065],[-7.4067427,52.6956886],[-7.4072497,52.6947483],[-7.4068035,52.6935375],[-7.4068847,52.6934515],[-7.4072294,52.6934761],[-7.4077973,52.693599],[-7.4082435,52.6935007],[-7.4088316,52.693513],[-7.4093492,52.6933346],[-7.4089092,52.6927769],[-7.4084491,52.6923284],[-7.407989,52.6917707],[-7.4077697,52.6911249],[-7.407709,52.6909463],[-7.407349,52.6897824],[-7.4081491,52.6897339],[-7.4090092,52.6894551],[-7.4106494,52.6893702],[-7.4114294,52.6894551],[-7.4125296,52.6890065],[-7.4138497,52.6886791],[-7.4148899,52.6882305],[-7.41619,52.6878425],[-7.41641,52.687988],[-7.4173101,52.688085],[-7.4184103,52.6880001],[-7.4187103,52.6880971],[-7.4193093,52.6880111],[-7.4191254,52.6879083],[-7.420455,52.6871195],[-7.422718,52.6855762],[-7.423564,52.6855776],[-7.4249292,52.6839173],[-7.4261597,52.6825626],[-7.4236229,52.6819981],[-7.4215836,52.6815372],[-7.4205813,52.6810358],[-7.4195465,52.6804556],[-7.4182317,52.6790031],[-7.4168331,52.6782196],[-7.4165118,52.6778574],[-7.416474,52.6778148],[-7.4161904,52.6773608],[-7.4157713,52.676712],[-7.4156521,52.6765657],[-7.4154435,52.6764293],[-7.4153266,52.676333],[-7.4151726,52.676246],[-7.4147906,52.6760301],[-7.4146381,52.6759095],[-7.4145802,52.6758504],[-7.4145426,52.6757913],[-7.4144997,52.6757104],[-7.4144417,52.6755159],[-7.414402,52.675452],[-7.4143465,52.6753877],[-7.414167,52.6752297],[-7.4140341,52.6750391],[-7.4138992,52.6747402],[-7.4136734,52.6742401],[-7.4134028,52.6738619],[-7.4128307,52.6734294],[-7.4123697,52.6729543],[-7.412361,52.6729422],[-7.4121604,52.6726636],[-7.4120501,52.6725105],[-7.4120145,52.6724418],[-7.4116832,52.6718031],[-7.4114146,52.6715198],[-7.4110137,52.6712474],[-7.4107462,52.671137],[-7.4105546,52.6709927],[-7.4099573,52.6699955],[-7.40986,52.6698331],[-7.4096724,52.6696163],[-7.4057119,52.6708339],[-7.4052533,52.6710465],[-7.4041295,52.6713954],[-7.4032574,52.6715917],[-7.4030236,52.6718261],[-7.4031675,52.6719842],[-7.4028797,52.6721314],[-7.4021875,52.6727039],[-7.4019897,52.672862],[-7.4016031,52.6729765],[-7.4010097,52.6729601],[-7.4004612,52.6727638],[-7.4007759,52.6720115],[-7.400677,52.6719188],[-7.4002634,52.6720388],[-7.3979708,52.6722078],[-7.3972875,52.6722241],[-7.3968379,52.6717553],[-7.3964154,52.6714118],[-7.3963165,52.6711337],[-7.3954071,52.6713298],[-7.3951491,52.67051],[-7.3949012,52.670502],[-7.3946399,52.670457],[-7.3944922,52.6704315],[-7.3938109,52.6703141],[-7.3935168,52.6703127],[-7.3917767,52.6705673],[-7.3912254,52.670648],[-7.3906866,52.6707466],[-7.3903916,52.6703521],[-7.3902081,52.6700727],[-7.3900119,52.6698088],[-7.3899351,52.6696225],[-7.3898796,52.669475],[-7.3898583,52.6693301],[-7.3897132,52.6693379],[-7.3892738,52.6691878],[-7.3892012,52.6692241],[-7.388318,52.669268],[-7.388237,52.6692784],[-7.3877957,52.669299],[-7.3878059,52.6694151],[-7.3858757,52.6698506],[-7.3843416,52.670095],[-7.3839103,52.6702432],[-7.3842122,52.6710277],[-7.3842266,52.6712718],[-7.3843851,52.6715898],[-7.3849223,52.6715721],[-7.3853088,52.6715058],[-7.385632,52.6714001],[-7.3853334,52.6722481],[-7.3853622,52.6723875],[-7.3852184,52.6725357],[-7.3852194,52.6735717],[-7.3850414,52.673564],[-7.3847108,52.673749],[-7.3841895,52.6742579],[-7.382582,52.6745353],[-7.3813319,52.6729218],[-7.3806812,52.6718623],[-7.3801639,52.671911],[-7.3792919,52.6719931],[-7.3789392,52.6720547],[-7.3771487,52.6720492],[-7.3764156,52.6721093],[-7.375301,52.672068],[-7.3747392,52.6720684],[-7.3740409,52.6720548],[-7.3736098,52.6720352],[-7.3729523,52.671928],[-7.3727186,52.6719024],[-7.3717763,52.6718333],[-7.3710921,52.6717955],[-7.3700578,52.6717584],[-7.3688115,52.67172],[-7.368741,52.6717178],[-7.3665687,52.6717247],[-7.365265,52.6717519],[-7.364294,52.6720681],[-7.3635388,52.6724225],[-7.3624779,52.6724988],[-7.3622441,52.6726733],[-7.3615069,52.6728804],[-7.3608955,52.6727823],[-7.3593671,52.6723625],[-7.3589895,52.6722753],[-7.3585849,52.6723625],[-7.3578656,52.6724116],[-7.3576948,52.6726242],[-7.3572902,52.672537],[-7.3570474,52.6727769],[-7.3567777,52.6726787],[-7.3558247,52.6729513],[-7.3551594,52.6731476],[-7.3546379,52.6731476],[-7.3539276,52.6730385],[-7.35355,52.6729186],[-7.3528847,52.672935],[-7.352624,52.6729568],[-7.3522913,52.672755],[-7.3518709,52.6727584],[-7.3512664,52.6727223],[-7.3503403,52.6725697],[-7.3499987,52.6724225],[-7.349702,52.672417],[-7.3491805,52.6721281],[-7.3488388,52.6720954],[-7.3485062,52.6719863],[-7.3479487,52.6719754],[-7.347715,52.6718719],[-7.3474003,52.6718446],[-7.347751,52.6741997],[-7.3482634,52.6767673],[-7.348722,52.679482],[-7.3487669,52.6796346],[-7.3501245,52.6804958],[-7.3507269,52.6810572],[-7.3518777,52.6814551],[-7.3528667,52.6816186],[-7.3531033,52.682073],[-7.3531668,52.6822118],[-7.3522514,52.6838844],[-7.3520225,52.6844009],[-7.3518572,52.685241],[-7.351641,52.6853489],[-7.3516283,52.6859964],[-7.3515266,52.6862199],[-7.3520225,52.6869367],[-7.3515647,52.6877845],[-7.3513867,52.6888481],[-7.3512262,52.689032],[-7.351476,52.6890979],[-7.3511284,52.6894403],[-7.3514978,52.6895523],[-7.3515956,52.6899277],[-7.3514326,52.6900001],[-7.3517368,52.6905928],[-7.3514543,52.6907706],[-7.3518237,52.6910472],[-7.3519432,52.6912382],[-7.3521497,52.6913633],[-7.3522583,52.6915016],[-7.3534969,52.6924104],[-7.3537142,52.6924565],[-7.353812,52.6927265],[-7.3541162,52.6928713],[-7.355344,52.6928977],[-7.3572362,52.6927829],[-7.3580944,52.6927202],[-7.3596331,52.6924332],[-7.361882,52.692496],[-7.3632728,52.6924691],[-7.3631544,52.6943432],[-7.363184,52.6949082],[-7.3635983,52.6958586],[-7.3637314,52.6970333],[-7.3636608,52.6978481],[-7.3635279,52.698499],[-7.3656437,52.7000053],[-7.3659087,52.7004086],[-7.3658875,52.7004587],[-7.3657463,52.7007919],[-7.3652199,52.7015716],[-7.3651446,52.7019192],[-7.3651462,52.7019258],[-7.3651386,52.7020372],[-7.3651361,52.7021829],[-7.3651298,52.7022432],[-7.3651197,52.7023539],[-7.3650996,52.7025103],[-7.3650706,52.7026301],[-7.3650416,52.7027347],[-7.3650114,52.7028072],[-7.364961,52.7029262],[-7.364927,52.7030033],[-7.3648829,52.7030606],[-7.3648288,52.7031033],[-7.3647633,52.7031361],[-7.3652505,52.7032079],[-7.3656352,52.7035486],[-7.3659755,52.7042479],[-7.3662566,52.7040686],[-7.3673663,52.704723],[-7.3677953,52.7048127],[-7.3681948,52.705252],[-7.3685351,52.7061036],[-7.3690793,52.7074699]]]}},{"type":"Feature","properties":{"@id":"relation/5330880","boundary":"civil_parish","logainm:ref":"1275","name":"Clashacrow","name:en":"Clashacrow","name:ga":"Glais an Chró","wikidata":"Q60553757"},"geometry":{"type":"Polygon","coordinates":[[[-7.3750686,52.7103889],[-7.375094,52.7101333],[-7.3751712,52.7099331],[-7.3752863,52.7097617],[-7.3730601,52.7094259],[-7.3710552,52.7096393],[-7.3708704,52.7096589],[-7.3707964,52.7099727],[-7.3705301,52.7105195],[-7.3703377,52.7118102],[-7.3701986,52.7136385],[-7.3700633,52.7138468],[-7.3700559,52.7139854],[-7.3700288,52.7142417],[-7.370019,52.7145308],[-7.3700105,52.7146865],[-7.3700105,52.7147384],[-7.3700156,52.7147918],[-7.3700256,52.7148383],[-7.3687205,52.7158806],[-7.3686021,52.7164093],[-7.3679807,52.7175117],[-7.3676996,52.7178523],[-7.3651547,52.7184976],[-7.3644298,52.7174848],[-7.3626099,52.7162928],[-7.361811,52.7156923],[-7.3613375,52.7152442],[-7.361012,52.7150381],[-7.3598432,52.7151277],[-7.3597692,52.7154324],[-7.3593993,52.7157282],[-7.3590146,52.7158806],[-7.3586743,52.716015],[-7.3587335,52.7164631],[-7.3586447,52.7170726],[-7.3582453,52.7179329],[-7.3574463,52.7184438],[-7.3571504,52.7188202],[-7.3566326,52.719797],[-7.3567065,52.7199942],[-7.3572096,52.7199494],[-7.3576534,52.7199494],[-7.3580677,52.7201376],[-7.3582749,52.7207022],[-7.3582897,52.7214281],[-7.357713,52.7221648],[-7.3587136,52.7225375],[-7.3594132,52.722695],[-7.3601623,52.7226912],[-7.3608557,52.7227137],[-7.361772,52.7230025],[-7.3620497,52.7231102],[-7.3624097,52.7232499],[-7.3628864,52.7234674],[-7.363983,52.723903],[-7.3649349,52.7242638],[-7.3656347,52.7244806],[-7.3660557,52.7245975],[-7.3664454,52.724705],[-7.3672302,52.7248986],[-7.3680661,52.7251188],[-7.3684571,52.7252218],[-7.370891,52.725863],[-7.37161,52.726056],[-7.3721083,52.7263942],[-7.37253,52.7267303],[-7.3739133,52.726905],[-7.3741353,52.7268154],[-7.3741954,52.7267811],[-7.3747147,52.7269251],[-7.3755038,52.7269095],[-7.3759329,52.7270528],[-7.3765617,52.7267571],[-7.3772275,52.7265063],[-7.3777897,52.7261837],[-7.3787736,52.7258029],[-7.3791361,52.7258835],[-7.3792175,52.7261344],[-7.3806222,52.7262536],[-7.380872,52.7262791],[-7.3811785,52.7262846],[-7.38144,52.7262919],[-7.3817224,52.7263501],[-7.3824076,52.7262937],[-7.3827412,52.7263174],[-7.3833933,52.726392],[-7.3835255,52.7264229],[-7.3841446,52.7264393],[-7.3847095,52.7264193],[-7.38473,52.7264235],[-7.3853797,52.7265576],[-7.3862512,52.7260116],[-7.3866238,52.7256749],[-7.3868157,52.7252778],[-7.3877363,52.7252208],[-7.3882699,52.7249673],[-7.3888555,52.724773],[-7.3891193,52.7246465],[-7.3898295,52.7243194],[-7.3909836,52.7235085],[-7.3912287,52.7233269],[-7.3897641,52.7228516],[-7.3890526,52.7224968],[-7.3892305,52.722142],[-7.3891468,52.7219582],[-7.3893074,52.7216109],[-7.389513,52.7211661],[-7.3893979,52.7208429],[-7.3892828,52.7201712],[-7.3892828,52.7199241],[-7.3912601,52.7202853],[-7.3917518,52.7205831],[-7.3932688,52.721052],[-7.3934571,52.7210837],[-7.394043,52.7207352],[-7.3942836,52.7206908],[-7.394608,52.720393],[-7.3957588,52.7201142],[-7.3959408,52.7199527],[-7.3960517,52.7198544],[-7.3963969,52.7195502],[-7.3964074,52.7194108],[-7.3967108,52.71917],[-7.3970037,52.7181244],[-7.3970665,52.7171167],[-7.3972862,52.7161598],[-7.3989287,52.7162802],[-7.3997734,52.7164507],[-7.4000586,52.7165083],[-7.4004667,52.7171484],[-7.4004562,52.7174082],[-7.4015024,52.7170597],[-7.401199,52.716502],[-7.4009374,52.715545],[-7.4010735,52.7151838],[-7.4015861,52.7146895],[-7.4020569,52.7143409],[-7.402415,52.7141682],[-7.4026607,52.7140497],[-7.4025955,52.7139747],[-7.4025486,52.7139239],[-7.402619,52.7138535],[-7.4028145,52.7137479],[-7.4030746,52.7135433],[-7.4034781,52.713377],[-7.4039398,52.7133156],[-7.404451,52.7132276],[-7.4049381,52.7131892],[-7.4052682,52.7131003],[-7.4055989,52.7129787],[-7.4060567,52.7128548],[-7.4064893,52.7128248],[-7.4070434,52.7127666],[-7.4073693,52.7127702],[-7.4076695,52.712724],[-7.4079161,52.7127029],[-7.407835,52.7121807],[-7.4082204,52.7118551],[-7.408049,52.7116731],[-7.407399,52.7109827],[-7.4070339,52.7109459],[-7.4066486,52.7108107],[-7.4059286,52.7099875],[-7.4058982,52.7098216],[-7.4054723,52.7091089],[-7.4054723,52.7088448],[-7.4047988,52.7081248],[-7.400491,52.7087959],[-7.3998591,52.7088491],[-7.3992447,52.7088597],[-7.3979282,52.7086576],[-7.3975947,52.7086045],[-7.3971734,52.70853],[-7.3970505,52.7087108],[-7.396559,52.7089873],[-7.3960499,52.7091468],[-7.395102,52.7093489],[-7.3942243,52.7095297],[-7.3937855,52.7095935],[-7.3935046,52.7096786],[-7.3933291,52.7099126],[-7.3931887,52.7101784],[-7.3929956,52.7101359],[-7.3926094,52.7101465],[-7.3918195,52.710221],[-7.3912578,52.7103486],[-7.3911349,52.7102316],[-7.3906083,52.710338],[-7.3900465,52.7103805],[-7.3893841,52.7105493],[-7.3879401,52.710338],[-7.3869395,52.7104443],[-7.386606,52.7108272],[-7.3858336,52.7109016],[-7.3850613,52.7106995],[-7.384324,52.71054],[-7.3834463,52.7102316],[-7.3822878,52.7103486],[-7.3819894,52.7102742],[-7.3814101,52.7103167],[-7.3805438,52.7104942],[-7.3780862,52.7105055],[-7.3763609,52.7104679],[-7.3760816,52.7105318],[-7.3756472,52.7104491],[-7.3750686,52.7103889]]]}},{"type":"Feature","properties":{"@id":"relation/5330881","boundary":"civil_parish","logainm:ref":"1295","name":"Freshford","name:en":"Freshford","name:ga":"Achadh Úr"},"geometry":{"type":"Polygon","coordinates":[[[-7.4175134,52.7069666],[-7.4173337,52.7069133],[-7.4172063,52.7069163],[-7.4170606,52.7068856],[-7.4169171,52.7068962],[-7.4167887,52.7069843],[-7.4166889,52.707009],[-7.4165524,52.7069727],[-7.416389,52.7069744],[-7.416252,52.7070135],[-7.4162051,52.7071555],[-7.4161518,52.7072052],[-7.4160433,52.7072181],[-7.4159258,52.7071624],[-7.4157099,52.7070993],[-7.4156337,52.7070373],[-7.4155994,52.706956],[-7.4154237,52.7068531],[-7.4152518,52.7067932],[-7.4151609,52.706738],[-7.4151128,52.7066657],[-7.4149849,52.7066348],[-7.4149154,52.7065964],[-7.4149331,52.7065144],[-7.4149409,52.7064457],[-7.4147175,52.7063813],[-7.4145099,52.7063511],[-7.4144875,52.7063265],[-7.4144452,52.7062801],[-7.4144667,52.7060924],[-7.4144986,52.7059668],[-7.4144203,52.7058875],[-7.4143267,52.7057939],[-7.4142714,52.7056903],[-7.4141998,52.7055267],[-7.4141507,52.7054095],[-7.4141582,52.7052718],[-7.4140976,52.7051691],[-7.4140794,52.7050646],[-7.4139539,52.7049743],[-7.4138913,52.7048906],[-7.4137918,52.7046574],[-7.4136768,52.7044505],[-7.4133861,52.7042554],[-7.4131438,52.7041696],[-7.4127776,52.7041018],[-7.4124601,52.7040446],[-7.4121865,52.7039468],[-7.4119157,52.7039544],[-7.411723,52.7038315],[-7.4110233,52.7037393],[-7.4096669,52.703509],[-7.4092528,52.7043839],[-7.4091645,52.7045034],[-7.4090914,52.7045859],[-7.4082816,52.7049336],[-7.4076623,52.7051853],[-7.4075923,52.7052174],[-7.4064434,52.7057443],[-7.4062179,52.7058614],[-7.4059144,52.7060562],[-7.4056087,52.7062548],[-7.4054139,52.7063767],[-7.4047262,52.7068259],[-7.404508,52.7069732],[-7.4040098,52.7072838],[-7.4040526,52.7073272],[-7.4047988,52.7081248],[-7.4054723,52.7088448],[-7.4054723,52.7091089],[-7.4058982,52.7098216],[-7.4059286,52.7099875],[-7.4066486,52.7108107],[-7.4070339,52.7109459],[-7.407399,52.7109827],[-7.408049,52.7116731],[-7.4082204,52.7118551],[-7.407835,52.7121807],[-7.4079161,52.7127029],[-7.4088795,52.7126415],[-7.4096704,52.7124264],[-7.4104513,52.7128503],[-7.4110901,52.7131759],[-7.4114146,52.7131759],[-7.4117797,52.7133479],[-7.4123374,52.7133295],[-7.4127025,52.7135199],[-7.4141526,52.7135199],[-7.4148523,52.7129916],[-7.4174584,52.7117507],[-7.4180262,52.7112285],[-7.4183102,52.7098277],[-7.4182392,52.7096619],[-7.4183406,52.7082734],[-7.4182899,52.7081874],[-7.4183728,52.7071642],[-7.4181574,52.707124],[-7.4179136,52.7070824],[-7.4177481,52.7070416],[-7.4175134,52.7069666]]]}},{"type":"Feature","properties":{"@id":"relation/5330913","boundary":"civil_parish","logainm:ref":"1263","name":"Ballylarkin","name:en":"Ballylarkin","name:ga":"Baile Uí Lorcáin","wikidata":"Q60553467"},"geometry":{"type":"Polygon","coordinates":[[[-7.4441169,52.7112297],[-7.4433618,52.7113989],[-7.4420334,52.711448],[-7.441141,52.7113927],[-7.4397721,52.7111408],[-7.439336,52.7110978],[-7.4382282,52.7107369],[-7.4374046,52.7106648],[-7.4365155,52.7104476],[-7.4357339,52.7102173],[-7.4355546,52.7100218],[-7.4338649,52.7094496],[-7.4345267,52.7086607],[-7.4338963,52.7086071],[-7.4331882,52.7085616],[-7.4327698,52.7084543],[-7.4323439,52.7082454],[-7.4322812,52.7082473],[-7.4320933,52.7082529],[-7.4318989,52.7082588],[-7.4313914,52.7082936],[-7.4307903,52.7083848],[-7.4299507,52.7086632],[-7.4292127,52.7089823],[-7.4285561,52.7092492],[-7.4278603,52.7096606],[-7.4272214,52.7100883],[-7.4270744,52.7101913],[-7.4268435,52.7104942],[-7.4266734,52.7105857],[-7.4264993,52.7105662],[-7.4259634,52.7105063],[-7.4256143,52.7103929],[-7.4253369,52.7102685],[-7.4248736,52.7100493],[-7.4243326,52.7098407],[-7.4238442,52.7096244],[-7.4235028,52.7094526],[-7.4231363,52.7091792],[-7.422689,52.7089766],[-7.4224446,52.7088533],[-7.4222555,52.7087408],[-7.4219871,52.7086471],[-7.4216419,52.7085609],[-7.4214286,52.708495],[-7.421169,52.7083683],[-7.4206508,52.708153],[-7.4188585,52.7073415],[-7.4186123,52.7072238],[-7.4183728,52.7071642],[-7.4182899,52.7081874],[-7.4183406,52.7082734],[-7.4182392,52.7096619],[-7.4183102,52.7098277],[-7.4180262,52.7112285],[-7.4174584,52.7117507],[-7.4148523,52.7129916],[-7.4141526,52.7135199],[-7.4127025,52.7135199],[-7.4123374,52.7133295],[-7.4117797,52.7133479],[-7.4114146,52.7131759],[-7.4110901,52.7131759],[-7.4104513,52.7128503],[-7.4096704,52.7124264],[-7.4088795,52.7126415],[-7.4079161,52.7127029],[-7.4076695,52.712724],[-7.4073693,52.7127702],[-7.4070434,52.7127666],[-7.4064893,52.7128248],[-7.4066135,52.7129147],[-7.4071538,52.7132837],[-7.4076428,52.7135807],[-7.4088005,52.7140953],[-7.4094162,52.7142852],[-7.4102057,52.714467],[-7.4112655,52.7148889],[-7.4115739,52.7150516],[-7.4120768,52.7154259],[-7.4122293,52.7155349],[-7.4123906,52.7156263],[-7.4125638,52.7157269],[-7.4131015,52.715984],[-7.4137283,52.7162962],[-7.4142185,52.7165184],[-7.4153415,52.7168495],[-7.4159151,52.7170666],[-7.4156933,52.7172333],[-7.4150604,52.7177088],[-7.4152429,52.7178562],[-7.4152771,52.7180426],[-7.4153849,52.7186302],[-7.4153646,52.7192321],[-7.4154254,52.7196867],[-7.4151141,52.7201135],[-7.4150947,52.7201407],[-7.4150212,52.7202436],[-7.4146503,52.7207631],[-7.4144332,52.7213289],[-7.4142552,52.7215009],[-7.4143429,52.7216964],[-7.4143458,52.7217626],[-7.4141883,52.7220176],[-7.4142134,52.722119],[-7.4143639,52.7222],[-7.4133395,52.7234806],[-7.4127818,52.7235604],[-7.4123255,52.7237692],[-7.412366,52.7240886],[-7.4125993,52.7244817],[-7.4126905,52.7251511],[-7.4132584,52.7258819],[-7.4150533,52.7269751],[-7.4155147,52.7271163],[-7.4158493,52.727451],[-7.4162194,52.7282432],[-7.4165333,52.728176],[-7.4166075,52.7281601],[-7.4168747,52.7281028],[-7.4168004,52.728195],[-7.41678,52.7282614],[-7.4168134,52.7283659],[-7.4169003,52.7284665],[-7.4175568,52.7291304],[-7.4176168,52.7291985],[-7.4176513,52.7292377],[-7.4176579,52.7292514],[-7.4177314,52.7294047],[-7.4183099,52.7299161],[-7.4190987,52.7304111],[-7.419658,52.7306195],[-7.4202029,52.7305066],[-7.4207766,52.7304632],[-7.4206905,52.730715],[-7.4208913,52.7309321],[-7.4213072,52.7314532],[-7.4217087,52.7318092],[-7.4222823,52.7327124],[-7.4227413,52.7326603],[-7.4233292,52.7325126],[-7.4241467,52.7324171],[-7.4259106,52.7320263],[-7.4272299,52.7335634],[-7.4278466,52.7333376],[-7.4289365,52.7329468],[-7.4302128,52.7324171],[-7.4312167,52.7318092],[-7.4316326,52.731844],[-7.4318907,52.7315748],[-7.43245,52.7313056],[-7.4338698,52.7309148],[-7.4339415,52.7306542],[-7.4344577,52.7304632],[-7.4349597,52.7303329],[-7.4352035,52.7301332],[-7.4353612,52.7298726],[-7.4358058,52.7296903],[-7.436279,52.7296555],[-7.4370965,52.7291866],[-7.4375267,52.7290216],[-7.4379856,52.7286047],[-7.4389178,52.7285352],[-7.4393623,52.7282139],[-7.439348,52.7279794],[-7.4391472,52.7279447],[-7.4390038,52.7277102],[-7.4391472,52.7276407],[-7.4391329,52.7275451],[-7.4394627,52.7274583],[-7.4398212,52.7273107],[-7.4402371,52.7271196],[-7.4402945,52.7269806],[-7.4404522,52.7268243],[-7.4408968,52.7267548],[-7.4409255,52.7265637],[-7.4415135,52.7260079],[-7.4413987,52.7258776],[-7.442001,52.7257213],[-7.4423452,52.7255736],[-7.4424743,52.7256431],[-7.4432774,52.7256952],[-7.4433337,52.7256355],[-7.4433921,52.7255736],[-7.4442236,52.7251144],[-7.4440659,52.7249581],[-7.4439321,52.7246988],[-7.4438508,52.7245412],[-7.4437195,52.7244134],[-7.4434492,52.7241503],[-7.4427895,52.7236292],[-7.4425027,52.723247],[-7.4419147,52.7210234],[-7.4413698,52.7195293],[-7.4418172,52.7192858],[-7.4420353,52.7192833],[-7.442153,52.7192819],[-7.442492,52.71928],[-7.4428342,52.7192897],[-7.4432916,52.7193071],[-7.4435794,52.7193052],[-7.4437649,52.7192994],[-7.4439632,52.7192587],[-7.4442478,52.7191831],[-7.4445133,52.719094],[-7.4449035,52.7189352],[-7.4453736,52.7187835],[-7.4457446,52.7186455],[-7.4461578,52.7184559],[-7.4463493,52.7183732],[-7.4465248,52.718312],[-7.4467035,52.7183099],[-7.4468314,52.7183234],[-7.4469808,52.7183802],[-7.4472591,52.7184481],[-7.4473998,52.7184713],[-7.4475405,52.7184713],[-7.4478379,52.7184171],[-7.4481201,52.7183165],[-7.4482288,52.7179968],[-7.4480997,52.717797],[-7.4481423,52.7175492],[-7.4481714,52.7173801],[-7.4482001,52.7163984],[-7.4483542,52.7163632],[-7.4493044,52.7161465],[-7.4503226,52.7160162],[-7.451183,52.716051],[-7.4514985,52.7161465],[-7.4520291,52.7155645],[-7.4523733,52.714965],[-7.452445,52.7144351],[-7.4531334,52.7141658],[-7.4534632,52.7139834],[-7.453621,52.7137488],[-7.454295,52.7133318],[-7.4548973,52.7123935],[-7.4552128,52.712046],[-7.4555283,52.7114204],[-7.4564605,52.7114291],[-7.4562453,52.7109426],[-7.4560876,52.7105342],[-7.4560732,52.7103605],[-7.4589414,52.7109947],[-7.4592856,52.7103083],[-7.4592787,52.7102748],[-7.4592426,52.7100998],[-7.4590705,52.7099],[-7.4587837,52.7092483],[-7.4586259,52.7091875],[-7.4584969,52.7087097],[-7.4586116,52.7080232],[-7.4585972,52.7078668],[-7.4581957,52.7078234],[-7.4591284,52.7059508],[-7.4587269,52.7057943],[-7.4581102,52.7053599],[-7.4576944,52.7047777],[-7.4576657,52.7045431],[-7.4592955,52.7040186],[-7.4581365,52.7031675],[-7.4577138,52.7030637],[-7.4576023,52.7028302],[-7.4576124,52.7025783],[-7.4578762,52.7020473],[-7.4552294,52.70036],[-7.4551381,52.7000896],[-7.4550596,52.6999142],[-7.4524419,52.7021793],[-7.4503764,52.7046921],[-7.4469563,52.7101221],[-7.4452172,52.7108562],[-7.4441169,52.7112297]]]}},{"type":"Feature","properties":{"@id":"relation/5330963","boundary":"civil_parish","logainm:ref":"1276","name":"Clomantagh","name:en":"Clomantagh","name:ga":"An Chloch Mhantach","wikidata":"Q60553771"},"geometry":{"type":"Polygon","coordinates":[[[-7.4538984,52.7341826],[-7.4532053,52.7331505],[-7.4529696,52.7323832],[-7.4549199,52.7322608],[-7.4554734,52.7319752],[-7.4558245,52.7319646],[-7.4566144,52.7316882],[-7.4570006,52.7316032],[-7.4572639,52.7313906],[-7.4586507,52.7309123],[-7.4582557,52.7305136],[-7.4587384,52.7303595],[-7.4589315,52.7303436],[-7.4593002,52.7302266],[-7.4595722,52.7302001],[-7.4598531,52.7301575],[-7.4602217,52.7301469],[-7.460801,52.7301256],[-7.4610029,52.7301256],[-7.4612662,52.7300778],[-7.4615997,52.7301097],[-7.4619244,52.7301575],[-7.4621439,52.7302001],[-7.4623457,52.7302373],[-7.4625213,52.7302001],[-7.4628548,52.7302001],[-7.463083,52.7302585],[-7.4632761,52.7302957],[-7.4635131,52.7303701],[-7.4637149,52.7304817],[-7.4639256,52.7305508],[-7.4641274,52.7305402],[-7.4643205,52.7305136],[-7.4645487,52.7305508],[-7.4649437,52.7305774],[-7.4651894,52.7305934],[-7.465365,52.7306093],[-7.4655668,52.7306093],[-7.4658301,52.7306625],[-7.4660057,52.7306731],[-7.4667904,52.7305778],[-7.4669703,52.7307995],[-7.4671627,52.7310814],[-7.4676282,52.7315624],[-7.4678516,52.7315211],[-7.467982,52.7314572],[-7.4680813,52.731367],[-7.4681992,52.7312919],[-7.4684536,52.7312242],[-7.4696204,52.7312017],[-7.4698128,52.7311603],[-7.4699803,52.7310852],[-7.4702286,52.7310814],[-7.4703403,52.7310137],[-7.4705141,52.7309123],[-7.4706692,52.7308634],[-7.4708927,52.7308709],[-7.4720967,52.7309686],[-7.4722255,52.7308994],[-7.4735357,52.7313159],[-7.4735236,52.7313996],[-7.4744458,52.7316144],[-7.4752464,52.7316757],[-7.4756316,52.7317739],[-7.4760775,52.7323815],[-7.4766146,52.7329614],[-7.4776787,52.7332437],[-7.4776584,52.7336119],[-7.4779422,52.7339064],[-7.478378,52.7338635],[-7.4789151,52.7339494],[-7.4795434,52.7340844],[-7.4799083,52.7341028],[-7.4801211,52.7340537],[-7.4805112,52.7340138],[-7.4807646,52.7343881],[-7.4810585,52.7345231],[-7.4812004,52.7350325],[-7.4817476,52.7354313],[-7.4823152,52.7355111],[-7.4842086,52.7359647],[-7.4849484,52.7361795],[-7.4858706,52.7360936],[-7.4860936,52.7362102],[-7.4861611,52.7362175],[-7.488009,52.7364188],[-7.4882269,52.7363636],[-7.4882722,52.7363711],[-7.4893822,52.7365538],[-7.4894937,52.7366336],[-7.4896254,52.7367379],[-7.490051,52.7367318],[-7.4902537,52.7366213],[-7.4904288,52.7366571],[-7.4910341,52.7367808],[-7.4919867,52.7372411],[-7.4928684,52.7375417],[-7.4930001,52.7376706],[-7.4939224,52.7379835],[-7.4948649,52.7383701],[-7.4946622,52.7386401],[-7.4950118,52.7390726],[-7.4948801,52.7392383],[-7.4950321,52.7395021],[-7.4949915,52.7399071],[-7.4946672,52.7404777],[-7.4945963,52.740852],[-7.4945659,52.7416527],[-7.4942416,52.7419901],[-7.4938261,52.7425177],[-7.4937146,52.7427877],[-7.4931978,52.7432908],[-7.4936842,52.7431926],[-7.4940592,52.7432724],[-7.4962381,52.7427816],[-7.4982582,52.7431431],[-7.4996685,52.7430598],[-7.5005654,52.7430353],[-7.5015383,52.742931],[-7.5045786,52.7436856],[-7.5051247,52.7442722],[-7.5050347,52.7451116],[-7.5049131,52.745584],[-7.5050664,52.7457105],[-7.50515,52.7461154],[-7.5066851,52.7473765],[-7.5068499,52.7477886],[-7.5067633,52.7487693],[-7.5063325,52.7495548],[-7.5064662,52.7496241],[-7.5066927,52.7497193],[-7.5068979,52.7500634],[-7.5073085,52.7503789],[-7.5080981,52.7504936],[-7.5088561,52.7506943],[-7.5098746,52.7511626],[-7.5110183,52.7514625],[-7.5110183,52.7513411],[-7.5110518,52.751195],[-7.5110518,52.7511028],[-7.5109812,52.7510466],[-7.5116602,52.7493135],[-7.5118835,52.7490093],[-7.5124753,52.748401],[-7.5128717,52.7479414],[-7.5134523,52.7468126],[-7.5137985,52.7465963],[-7.5143679,52.7463665],[-7.5149821,52.7461097],[-7.515206,52.7458348],[-7.5159403,52.7453378],[-7.5160903,52.7449984],[-7.5171799,52.7450558],[-7.5172115,52.7447881],[-7.5173497,52.7441357],[-7.5176576,52.743347],[-7.5177307,52.7433491],[-7.5184947,52.7433716],[-7.5184626,52.7431112],[-7.5182415,52.7426332],[-7.5183047,52.7422891],[-7.5185889,52.7422508],[-7.5184784,52.7415816],[-7.5180994,52.7407977],[-7.5185573,52.740683],[-7.5179737,52.7397857],[-7.5169946,52.7386193],[-7.5163314,52.7385428],[-7.5154155,52.7376823],[-7.5147523,52.7373764],[-7.5145628,52.7367645],[-7.5146891,52.736535],[-7.5138352,52.7352702],[-7.5149444,52.7350229],[-7.5164249,52.7344301],[-7.5177829,52.7333927],[-7.5188538,52.7324785],[-7.5200635,52.7317119],[-7.5216342,52.730978],[-7.5225162,52.7304276],[-7.5230588,52.7300121],[-7.5240173,52.729371],[-7.526483,52.7278846],[-7.5273572,52.7274669],[-7.5299477,52.7257763],[-7.534738,52.7252488],[-7.5340122,52.7222833],[-7.5339005,52.7220196],[-7.5338112,52.7214244],[-7.5334427,52.7200109],[-7.5332417,52.7197877],[-7.53131,52.7192906],[-7.5284624,52.7185126],[-7.5268656,52.7177212],[-7.5248558,52.7175183],[-7.5234712,52.7167743],[-7.5213719,52.7164902],[-7.520434,52.7162602],[-7.5193397,52.7153809],[-7.5189601,52.7139604],[-7.519362,52.7130134],[-7.5196747,52.7126751],[-7.5196759,52.7124333],[-7.5195643,52.712077],[-7.5188647,52.7113705],[-7.5187227,52.7110019],[-7.5188647,52.7105535],[-7.5191638,52.7102063],[-7.5194376,52.7100958],[-7.519397,52.7099975],[-7.5203198,52.7098746],[-7.5204212,52.7096841],[-7.5204111,52.7092725],[-7.5205429,52.7085352],[-7.5213694,52.7084984],[-7.5215215,52.708609],[-7.5225659,52.7086336],[-7.5236408,52.7084492],[-7.5247969,52.708139],[-7.5250122,52.7080491],[-7.527403,52.7070515],[-7.5275652,52.7068303],[-7.5278542,52.7067904],[-7.529061,52.7060346],[-7.5304198,52.7055861],[-7.5306632,52.7055615],[-7.5308153,52.7056045],[-7.5330843,52.705204],[-7.5345305,52.704915],[-7.5345376,52.7041417],[-7.5344229,52.7038093],[-7.5344991,52.7032126],[-7.534086,52.7032632],[-7.5334751,52.7033458],[-7.532939,52.7034124],[-7.5327456,52.7034257],[-7.5325786,52.7034177],[-7.53246,52.7033697],[-7.5323677,52.7032978],[-7.5322798,52.7031887],[-7.5320689,52.7028824],[-7.5318931,52.7025922],[-7.531792,52.7024297],[-7.5315899,52.7021342],[-7.531313,52.7017107],[-7.5311899,52.701535],[-7.5310757,52.7014365],[-7.5309131,52.7012953],[-7.5307549,52.7011595],[-7.5307109,52.7010929],[-7.5306318,52.7009411],[-7.5305352,52.7007254],[-7.5304517,52.7005577],[-7.5303418,52.7002754],[-7.530166,52.6999185],[-7.5298935,52.6994099],[-7.5296694,52.6989492],[-7.5295639,52.6987148],[-7.5294585,52.6984858],[-7.5293354,52.6981449],[-7.5292959,52.6980677],[-7.5292475,52.6979531],[-7.5280918,52.6980117],[-7.5274334,52.6979648],[-7.527103,52.6979691],[-7.5262841,52.6979909],[-7.5259577,52.6980132],[-7.5256413,52.6980964],[-7.5255461,52.6981569],[-7.5252265,52.6982621],[-7.5239652,52.6983207],[-7.5227839,52.6984948],[-7.5206869,52.6987308],[-7.5201962,52.6988028],[-7.518956,52.6989849],[-7.5184932,52.699069],[-7.518401,52.6990908],[-7.5183336,52.6991034],[-7.5182259,52.6991356],[-7.5181525,52.6991563],[-7.5180424,52.6991874],[-7.5176293,52.6993039],[-7.5176163,52.6993076],[-7.5175741,52.6993195],[-7.5165219,52.6996989],[-7.5160794,52.6999139],[-7.5157436,52.7000713],[-7.5154395,52.7001854],[-7.5151321,52.7003366],[-7.5148201,52.7004511],[-7.5146267,52.7005284],[-7.5142268,52.7007441],[-7.5139587,52.7008879],[-7.5138093,52.7009545],[-7.5135193,52.7010503],[-7.5132468,52.7011355],[-7.5130491,52.7011915],[-7.5128733,52.7012793],[-7.5126008,52.7014365],[-7.5122888,52.7016042],[-7.5119548,52.701756],[-7.5115945,52.7019078],[-7.5111374,52.7021049],[-7.5107639,52.70227],[-7.5104914,52.7023685],[-7.5102851,52.7024282],[-7.510197,52.7024537],[-7.5094585,52.7026393],[-7.5090751,52.7027388],[-7.5086459,52.7028741],[-7.5080451,52.703081],[-7.5078634,52.7031518],[-7.5076793,52.703205],[-7.5075285,52.7032803],[-7.507444,52.7033551],[-7.5073876,52.7034166],[-7.5072482,52.7035322],[-7.50709,52.7036147],[-7.5069495,52.7036504],[-7.5066006,52.7037102],[-7.5059775,52.7037991],[-7.5058577,52.7038299],[-7.5056842,52.7038746],[-7.5049292,52.7040789],[-7.5041081,52.7043143],[-7.5032431,52.7045586],[-7.5033176,52.704709],[-7.5052443,52.7053234],[-7.5063088,52.7051365],[-7.5062795,52.7052324],[-7.506215,52.705371],[-7.5061094,52.7055451],[-7.5059511,52.7058436],[-7.5053118,52.7070233],[-7.5048544,52.7078583],[-7.5045143,52.7085121],[-7.5043266,52.7089065],[-7.5042034,52.7092831],[-7.5039337,52.7099866],[-7.5038692,52.7101323],[-7.5037636,52.7102496],[-7.5038121,52.710334],[-7.5045775,52.7106114],[-7.5040202,52.7113579],[-7.5032059,52.7123575],[-7.502447,52.7122174],[-7.5023943,52.7125869],[-7.5024534,52.7128596],[-7.5024397,52.7131516],[-7.5024886,52.7135082],[-7.5025296,52.7138708],[-7.5026038,52.7141309],[-7.5026182,52.7142295],[-7.5025732,52.7143635],[-7.5024096,52.7146991],[-7.5023225,52.7149155],[-7.5022339,52.7150789],[-7.5021332,52.7152484],[-7.5020396,52.7154341],[-7.5019822,52.715485],[-7.5018802,52.7155156],[-7.5008771,52.715274],[-7.50039,52.7159119],[-7.5000207,52.7162742],[-7.4999842,52.71631],[-7.4996394,52.7166058],[-7.4994353,52.7167627],[-7.4990191,52.7170518],[-7.4988152,52.7171465],[-7.4984974,52.7173182],[-7.4982282,52.7174213],[-7.4978376,52.717584],[-7.497705,52.7175956],[-7.4975958,52.7175732],[-7.4974664,52.7175446],[-7.4972679,52.7176009],[-7.496782,52.7177198],[-7.4968953,52.7177999],[-7.4970756,52.7178798],[-7.497194,52.7180107],[-7.4972345,52.7181123],[-7.4968791,52.7180965],[-7.4966034,52.7181164],[-7.4960942,52.7181636],[-7.4957777,52.7182035],[-7.4954714,52.7182443],[-7.4949314,52.7183812],[-7.4942621,52.7187129],[-7.4932481,52.7188234],[-7.4925179,52.7187129],[-7.4920515,52.7187743],[-7.4916661,52.7187989],[-7.4913619,52.7188357],[-7.4908752,52.7190446],[-7.4905304,52.7189094],[-7.4892527,52.719106],[-7.4890296,52.7192043],[-7.4869609,52.7192657],[-7.4864945,52.7192165],[-7.4859266,52.7192411],[-7.4853587,52.7194745],[-7.4849734,52.7194745],[-7.4843244,52.7194131],[-7.4838985,52.7193762],[-7.483835,52.7192906],[-7.4836376,52.7190243],[-7.4828365,52.7186435],[-7.4819238,52.718017],[-7.4812038,52.7186189],[-7.4810923,52.7188462],[-7.480565,52.7188585],[-7.4799642,52.7187857],[-7.4796082,52.7186348],[-7.4790943,52.7185266],[-7.4790021,52.7185181],[-7.4785885,52.7184802],[-7.4784606,52.7184839],[-7.4778372,52.7185022],[-7.4767874,52.7182995],[-7.4762969,52.7190672],[-7.4762654,52.7191165],[-7.4759105,52.7193437],[-7.4758369,52.7194281],[-7.4755508,52.7196554],[-7.4742779,52.7200685],[-7.4739858,52.7200357],[-7.4736401,52.7198761],[-7.4732841,52.7198044],[-7.4720064,52.7204248],[-7.4709173,52.7208358],[-7.4698059,52.7212785],[-7.4691223,52.7220482],[-7.4689642,52.7221384],[-7.4686702,52.7221937],[-7.4685751,52.722231],[-7.4684317,52.7223684],[-7.4681428,52.722513],[-7.4677879,52.7225683],[-7.466997,52.7227833],[-7.4666725,52.7230351],[-7.464038,52.7236995],[-7.4628924,52.7238353],[-7.4618168,52.7238353],[-7.4609707,52.7236355],[-7.4602537,52.7237397],[-7.4591925,52.723731],[-7.4584181,52.7233489],[-7.4572708,52.7233489],[-7.4564247,52.7237658],[-7.4559938,52.7237364],[-7.4552774,52.7236876],[-7.4543022,52.7233576],[-7.4539437,52.723427],[-7.4536886,52.7235857],[-7.4531867,52.7235771],[-7.4527564,52.7237508],[-7.4525987,52.7238029],[-7.4520681,52.7241677],[-7.4516235,52.7243674],[-7.4513223,52.7243674],[-7.4512076,52.7242198],[-7.4510929,52.7243327],[-7.4510499,52.7245151],[-7.4507917,52.7243501],[-7.4504045,52.7244196],[-7.4500173,52.7245238],[-7.4502038,52.7242806],[-7.450089,52.7240721],[-7.4498883,52.7240808],[-7.4496588,52.7242285],[-7.4492573,52.7242372],[-7.4476081,52.7247149],[-7.4458728,52.7249146],[-7.4456147,52.7247496],[-7.4450984,52.7247409],[-7.4444244,52.724932],[-7.4442236,52.7251144],[-7.4433921,52.7255736],[-7.4433337,52.7256355],[-7.4432774,52.7256952],[-7.4424743,52.7256431],[-7.4423452,52.7255736],[-7.442001,52.7257213],[-7.4413987,52.7258776],[-7.4415135,52.7260079],[-7.4409255,52.7265637],[-7.4408968,52.7267548],[-7.4404522,52.7268243],[-7.4402945,52.7269806],[-7.4402371,52.7271196],[-7.4398212,52.7273107],[-7.4394627,52.7274583],[-7.4391329,52.7275451],[-7.4391472,52.7276407],[-7.4390038,52.7277102],[-7.4391472,52.7279447],[-7.439348,52.7279794],[-7.4393623,52.7282139],[-7.4389178,52.7285352],[-7.4379856,52.7286047],[-7.4375267,52.7290216],[-7.4370965,52.7291866],[-7.436279,52.7296555],[-7.4358058,52.7296903],[-7.4353612,52.7298726],[-7.4352035,52.7301332],[-7.4349597,52.7303329],[-7.4344577,52.7304632],[-7.4339415,52.7306542],[-7.4338698,52.7309148],[-7.43245,52.7313056],[-7.4318907,52.7315748],[-7.4316326,52.731844],[-7.4312167,52.7318092],[-7.4302128,52.7324171],[-7.4289365,52.7329468],[-7.4278466,52.7333376],[-7.4272299,52.7335634],[-7.4272203,52.7337612],[-7.4269756,52.733796],[-7.4267634,52.7337668],[-7.4263094,52.733815],[-7.4259368,52.7339887],[-7.4253723,52.7344614],[-7.4252289,52.7346959],[-7.4243933,52.7351996],[-7.4239885,52.735279],[-7.4236513,52.7353535],[-7.4233175,52.7354102],[-7.4231271,52.7354643],[-7.4226637,52.7355512],[-7.4226045,52.7355903],[-7.4228193,52.7359849],[-7.4230778,52.736476],[-7.4237417,52.737216],[-7.4239305,52.7372141],[-7.4244877,52.7374132],[-7.4248041,52.7374666],[-7.4257248,52.7372922],[-7.4265117,52.7372732],[-7.4274055,52.7373025],[-7.428051,52.7371273],[-7.4290971,52.7370464],[-7.4295645,52.7368443],[-7.4301877,52.7366826],[-7.4320351,52.7359683],[-7.4351067,52.7356718],[-7.4366091,52.7357122],[-7.4381694,52.7362289],[-7.4406378,52.7370464],[-7.4407046,52.7373833],[-7.4416616,52.7374103],[-7.4434423,52.7370734],[-7.4449781,52.7373294],[-7.4460577,52.7376697],[-7.446849,52.7381186],[-7.4475083,52.7383876],[-7.447623,52.7386306],[-7.4478666,52.7386566],[-7.4481533,52.7389256],[-7.4486119,52.7391426],[-7.4490419,52.7391946],[-7.4494862,52.7393942],[-7.4501884,52.7399496],[-7.4512992,52.7403964],[-7.452847,52.7404658],[-7.4529474,52.7406741],[-7.4532913,52.7407001],[-7.453621,52.7408303],[-7.4549042,52.7408382],[-7.4550703,52.7409771],[-7.4558058,52.741341],[-7.4566283,52.7417432],[-7.4569526,52.7420113],[-7.4569675,52.7422099],[-7.4565089,52.7442055],[-7.4566809,52.7443747],[-7.4585297,52.7445742],[-7.459533,52.7449213],[-7.4599773,52.7453464],[-7.4604932,52.7455807],[-7.4607942,52.7460231],[-7.4618405,52.7459017],[-7.4623851,52.7479925],[-7.4627577,52.7486519],[-7.4633855,52.7489979],[-7.4637008,52.7488157],[-7.4653776,52.7481043],[-7.4664144,52.7474875],[-7.4645902,52.7456072],[-7.4637896,52.7447729],[-7.4632018,52.7439722],[-7.4626647,52.7432851],[-7.4621478,52.7431992],[-7.4617323,52.7428802],[-7.4596446,52.7417359],[-7.456959,52.7402205],[-7.4552224,52.7398879],[-7.4536574,52.7395618],[-7.452546,52.7393352],[-7.4524099,52.7392906],[-7.4523816,52.7392151],[-7.4524043,52.7390983],[-7.4524837,52.7389026],[-7.4524553,52.7386692],[-7.4524213,52.7385181],[-7.45251,52.7383521],[-7.4529661,52.7383767],[-7.4532397,52.7383521],[-7.4534221,52.738076],[-7.4538984,52.7375238],[-7.4540809,52.73618],[-7.4543849,52.7356185],[-7.4543444,52.7349864],[-7.4538984,52.7341826]]]}},{"type":"Feature","properties":{"@id":"relation/5330964","boundary":"civil_parish","logainm:ref":"1296","name":"Garranamanagh","name:en":"Garranamanagh","name:ga":"Garrán na Manach","wikidata":"Q60554324"},"geometry":{"type":"Polygon","coordinates":[[[-7.4549042,52.7408382],[-7.453621,52.7408303],[-7.4532913,52.7407001],[-7.4529474,52.7406741],[-7.452847,52.7404658],[-7.4512992,52.7403964],[-7.4501884,52.7399496],[-7.4494862,52.7393942],[-7.4490419,52.7391946],[-7.4486119,52.7391426],[-7.4481533,52.7389256],[-7.4478666,52.7386566],[-7.447623,52.7386306],[-7.4475083,52.7383876],[-7.446849,52.7381186],[-7.4460577,52.7376697],[-7.4449781,52.7373294],[-7.4434423,52.7370734],[-7.4416616,52.7374103],[-7.4407046,52.7373833],[-7.4406378,52.7370464],[-7.4381694,52.7362289],[-7.4366091,52.7357122],[-7.4351067,52.7356718],[-7.4320351,52.7359683],[-7.4301877,52.7366826],[-7.4295645,52.7368443],[-7.4290971,52.7370464],[-7.428051,52.7371273],[-7.4274055,52.7373025],[-7.4277393,52.7376529],[-7.4278506,52.7391083],[-7.4283181,52.7399438],[-7.4297426,52.7409544],[-7.4300097,52.7413048],[-7.4317012,52.7423963],[-7.4321464,52.7425243],[-7.4323022,52.7428746],[-7.4329254,52.7432385],[-7.4335041,52.7436158],[-7.434617,52.7439796],[-7.4355225,52.7442606],[-7.4356256,52.7442474],[-7.4357545,52.7442365],[-7.4358553,52.7442285],[-7.4368226,52.7448071],[-7.4378975,52.7449807],[-7.4391874,52.7455273],[-7.4406922,52.7454926],[-7.4417528,52.7458222],[-7.4428564,52.7457832],[-7.4440316,52.7455489],[-7.4449919,52.7465554],[-7.4459122,52.7467941],[-7.4461671,52.7468602],[-7.4465827,52.7472668],[-7.4473584,52.7476747],[-7.4480177,52.7473743],[-7.4481342,52.746973],[-7.4482449,52.7469821],[-7.4484495,52.746999],[-7.4492915,52.7477266],[-7.4499795,52.7488891],[-7.4505527,52.7495311],[-7.451169,52.7500429],[-7.45147,52.750468],[-7.4516778,52.7509451],[-7.4527225,52.7518686],[-7.4538981,52.7518931],[-7.4547088,52.751292],[-7.4556817,52.7510098],[-7.4570802,52.7513901],[-7.4579721,52.7515864],[-7.4594922,52.7524329],[-7.4601611,52.751844],[-7.4609613,52.7521588],[-7.4614619,52.7523987],[-7.4619024,52.7527732],[-7.4625694,52.7532949],[-7.4628514,52.7531458],[-7.462891,52.7529059],[-7.4634463,52.7524008],[-7.46326,52.7521753],[-7.4626544,52.7518813],[-7.4627904,52.7515732],[-7.4630343,52.7511016],[-7.4643887,52.7499175],[-7.4639158,52.7493275],[-7.4633855,52.7489979],[-7.4627577,52.7486519],[-7.4623851,52.7479925],[-7.4618405,52.7459017],[-7.4607942,52.7460231],[-7.4604932,52.7455807],[-7.4599773,52.7453464],[-7.459533,52.7449213],[-7.4585297,52.7445742],[-7.4566809,52.7443747],[-7.4565089,52.7442055],[-7.4569675,52.7422099],[-7.4569526,52.7420113],[-7.4566283,52.7417432],[-7.4558058,52.741341],[-7.4550703,52.7409771],[-7.4549042,52.7408382]]]}},{"type":"Feature","properties":{"@id":"relation/5330977","boundary":"civil_parish","logainm:ref":"1382","name":"Balleen","name:en":"Balleen","name:ga":"Baile Uí Eidhin","wikidata":"Q60553357"},"geometry":{"type":"Polygon","coordinates":[[[-7.4931382,52.7505146],[-7.493283,52.75078],[-7.490971,52.7511757],[-7.4888463,52.7516181],[-7.487972,52.7518393],[-7.483886,52.7529102],[-7.4789202,52.751573],[-7.478758,52.7514748],[-7.4785148,52.7515116],[-7.4777446,52.751346],[-7.4775419,52.7512203],[-7.4773797,52.7512939],[-7.4767311,52.7511099],[-7.4760116,52.751116],[-7.4757278,52.7509994],[-7.4758089,52.7508584],[-7.4756873,52.7507663],[-7.4748664,52.7507663],[-7.4746232,52.7506866],[-7.47438,52.7506437],[-7.4740962,52.7507295],[-7.4737516,52.7506069],[-7.4729409,52.7507173],[-7.4720491,52.7507357],[-7.470235,52.7500118],[-7.4694344,52.7492788],[-7.4673265,52.7472299],[-7.4670326,52.7471869],[-7.4664144,52.7474875],[-7.4653776,52.7481043],[-7.4637008,52.7488157],[-7.4633855,52.7489979],[-7.4639158,52.7493275],[-7.4643887,52.7499175],[-7.4630343,52.7511016],[-7.4627904,52.7515732],[-7.4626544,52.7518813],[-7.46326,52.7521753],[-7.4634463,52.7524008],[-7.462891,52.7529059],[-7.4628514,52.7531458],[-7.4625694,52.7532949],[-7.4619024,52.7527732],[-7.4614619,52.7523987],[-7.4609613,52.7521588],[-7.4601611,52.751844],[-7.4594922,52.7524329],[-7.4579721,52.7515864],[-7.4570802,52.7513901],[-7.4556817,52.7510098],[-7.4547088,52.751292],[-7.4538981,52.7518931],[-7.4527225,52.7518686],[-7.4516778,52.7509451],[-7.45147,52.750468],[-7.451169,52.7500429],[-7.4505527,52.7495311],[-7.4499795,52.7488891],[-7.4492915,52.7477266],[-7.4484495,52.746999],[-7.4482449,52.7469821],[-7.4481342,52.746973],[-7.4480177,52.7473743],[-7.4473584,52.7476747],[-7.4465827,52.7472668],[-7.4461671,52.7468602],[-7.4459122,52.7467941],[-7.4449919,52.7465554],[-7.4440316,52.7455489],[-7.4428564,52.7457832],[-7.4417528,52.7458222],[-7.4406922,52.7454926],[-7.4391874,52.7455273],[-7.4378975,52.7449807],[-7.4368226,52.7448071],[-7.4358553,52.7442285],[-7.4357545,52.7442365],[-7.4356256,52.7442474],[-7.4355225,52.7442606],[-7.434617,52.7439796],[-7.4335041,52.7436158],[-7.4329254,52.7432385],[-7.4323022,52.7428746],[-7.4321464,52.7425243],[-7.4317012,52.7423963],[-7.4300097,52.7413048],[-7.4297426,52.7409544],[-7.4283181,52.7399438],[-7.4278506,52.7391083],[-7.4277393,52.7376529],[-7.4274055,52.7373025],[-7.4265117,52.7372732],[-7.4257248,52.7372922],[-7.4248041,52.7374666],[-7.4244877,52.7374132],[-7.4239305,52.7372141],[-7.4237417,52.737216],[-7.4226432,52.7376972],[-7.4215068,52.7385119],[-7.4205625,52.7389503],[-7.4190235,52.73939],[-7.417761,52.7397507],[-7.4114026,52.7413896],[-7.4142985,52.7440003],[-7.4145307,52.7442776],[-7.4166278,52.7467824],[-7.4191129,52.7479042],[-7.4193213,52.7480163],[-7.421255,52.7492213],[-7.4218846,52.7501549],[-7.4226631,52.7506355],[-7.4235429,52.7511814],[-7.4243709,52.751423],[-7.4246519,52.7517094],[-7.42582,52.7521838],[-7.4260862,52.7525149],[-7.4265593,52.7527431],[-7.4271212,52.7528237],[-7.4284816,52.7536291],[-7.4287625,52.7538797],[-7.4294575,52.7541392],[-7.4298713,52.7543135],[-7.4301968,52.7544345],[-7.4304244,52.7545258],[-7.430601,52.7546777],[-7.4309796,52.7547254],[-7.4313458,52.7548482],[-7.4318004,52.7550728],[-7.4323422,52.7552206],[-7.4333912,52.7555987],[-7.4339086,52.7557286],[-7.4341473,52.7558131],[-7.4343375,52.7559347],[-7.4344021,52.7560046],[-7.4344772,52.7560988],[-7.4345617,52.7562892],[-7.4347948,52.7565836],[-7.4356968,52.7571786],[-7.4365886,52.7573442],[-7.4384482,52.7576539],[-7.4392286,52.7578256],[-7.4394693,52.7579885],[-7.4393299,52.7583163],[-7.4397556,52.7581691],[-7.4399583,52.757936],[-7.4402623,52.7579605],[-7.4406474,52.75812],[-7.4406068,52.7583776],[-7.4402217,52.7588437],[-7.4428161,52.7598618],[-7.4432012,52.7599476],[-7.4440525,52.7603524],[-7.4449038,52.7604873],[-7.4452687,52.760794],[-7.4466875,52.761211],[-7.4470523,52.7615912],[-7.4482076,52.7624498],[-7.4491602,52.7629588],[-7.4500095,52.763103],[-7.4503353,52.7630832],[-7.4506449,52.7632114],[-7.4516224,52.76331],[-7.4532515,52.7624622],[-7.4556138,52.763241],[-7.4568194,52.7637536],[-7.4591003,52.7642366],[-7.4611041,52.7645521],[-7.4609738,52.7641381],[-7.4612064,52.7637084],[-7.4615909,52.7637815],[-7.4618326,52.7638347],[-7.4620139,52.7639111],[-7.4623325,52.7640341],[-7.4626511,52.764167],[-7.4629477,52.7642701],[-7.4633102,52.7643831],[-7.4636123,52.7644728],[-7.4641561,52.7645991],[-7.4645406,52.7647022],[-7.4648108,52.7647584],[-7.4649496,52.7647878],[-7.465414,52.7649116],[-7.465793,52.7650312],[-7.4660512,52.7651176],[-7.4663643,52.765234],[-7.4665785,52.7653071],[-7.4668222,52.7653908],[-7.4671386,52.7654992],[-7.4674871,52.7656138],[-7.4678724,52.7657325],[-7.4682569,52.765851],[-7.4685141,52.7659078],[-7.4687747,52.7659588],[-7.4691702,52.7660198],[-7.4694204,52.7660613],[-7.4695023,52.7660741],[-7.4698029,52.7661214],[-7.470138,52.7662111],[-7.4701707,52.7662234],[-7.4704565,52.7663308],[-7.4707532,52.7664571],[-7.4711267,52.7666365],[-7.4714618,52.7667927],[-7.4718188,52.7669589],[-7.4718278,52.7669637],[-7.4719621,52.767036],[-7.4720479,52.7670735],[-7.4723187,52.7671982],[-7.4725802,52.7673051],[-7.4727445,52.7673761],[-7.4730167,52.7674882],[-7.4731859,52.7675579],[-7.4734957,52.7676943],[-7.4736933,52.7677795],[-7.4738195,52.767834],[-7.4739458,52.7678884],[-7.4740028,52.767913],[-7.4743451,52.7680817],[-7.4745672,52.7682123],[-7.4746844,52.7682885],[-7.4747237,52.768314],[-7.4748892,52.7684511],[-7.4750222,52.7686024],[-7.4751458,52.7687425],[-7.4752228,52.7688358],[-7.4753134,52.7689133],[-7.4754713,52.7689922],[-7.4756691,52.7690619],[-7.4759014,52.7691319],[-7.4760353,52.769169],[-7.4761296,52.7691885],[-7.4763221,52.7692169],[-7.4765183,52.7692208],[-7.4765841,52.7692122],[-7.4767187,52.7691946],[-7.47693,52.7691634],[-7.4771413,52.7691151],[-7.4773854,52.7690867],[-7.477592,52.7690725],[-7.4777798,52.7690583],[-7.4780615,52.7690782],[-7.4782493,52.7691094],[-7.4785616,52.7691748],[-7.4789066,52.7692486],[-7.4792446,52.7692997],[-7.479686,52.7693821],[-7.4798597,52.7694105],[-7.4800845,52.7694462],[-7.4802236,52.7694673],[-7.4804665,52.7694788],[-7.480688,52.7694885],[-7.4809873,52.7695074],[-7.4812754,52.7695367],[-7.4815292,52.7695651],[-7.4817553,52.7695857],[-7.4819623,52.7695875],[-7.4821612,52.7695884],[-7.4823452,52.7695649],[-7.4825291,52.769532],[-7.482827,52.7694637],[-7.4834902,52.7692954],[-7.4837456,52.7692249],[-7.4839366,52.7691753],[-7.4842253,52.7690617],[-7.4846543,52.7688767],[-7.4850489,52.7687468],[-7.4851301,52.7687273],[-7.4853004,52.7686862],[-7.4854996,52.7686537],[-7.4857264,52.7686205],[-7.485909,52.7686159],[-7.4860524,52.7686322],[-7.4861745,52.7686748],[-7.4863341,52.7687316],[-7.4865454,52.7688055],[-7.4866957,52.7688481],[-7.4868412,52.7688765],[-7.487029,52.7689049],[-7.4872168,52.7689333],[-7.4874516,52.7689702],[-7.4876722,52.7690157],[-7.4878929,52.7690668],[-7.4880525,52.7691179],[-7.4884,52.7692259],[-7.4886817,52.7693253],[-7.4889728,52.7694077],[-7.4893108,52.7694815],[-7.4896488,52.7695668],[-7.4898507,52.7696065],[-7.4900808,52.7696491],[-7.4903015,52.7696861],[-7.4905362,52.7697059],[-7.4907334,52.7697202],[-7.4909899,52.7697371],[-7.4912372,52.7697466],[-7.491425,52.7697682],[-7.4915847,52.7697852],[-7.4919133,52.7698193],[-7.4922373,52.7698563],[-7.4924955,52.7698875],[-7.4926474,52.7699173],[-7.4927162,52.7699273],[-7.4929113,52.769964],[-7.493117,52.7700056],[-7.4932729,52.7700362],[-7.4934005,52.7700528],[-7.4934675,52.7700523],[-7.4935079,52.770052],[-7.4935991,52.7700486],[-7.4937617,52.7700354],[-7.4939924,52.770009],[-7.4941185,52.7699845],[-7.4943254,52.769933],[-7.4945448,52.7698792],[-7.4946175,52.7698645],[-7.4947242,52.7698735],[-7.4948181,52.7698906],[-7.4949495,52.7699304],[-7.4950575,52.769973],[-7.4951843,52.7700298],[-7.4955072,52.7701954],[-7.4956773,52.7702826],[-7.4958604,52.7703848],[-7.4961749,52.770507],[-7.4963721,52.7705695],[-7.4967102,52.7706632],[-7.4971797,52.7708052],[-7.4974849,52.7709018],[-7.4976114,52.7709475],[-7.4977525,52.7709984],[-7.4979872,52.7711007],[-7.4982032,52.7712285],[-7.4984051,52.7713279],[-7.4985929,52.7714302],[-7.4987162,52.7714902],[-7.4987854,52.7715239],[-7.4989544,52.7715864],[-7.4991516,52.7716489],[-7.4993723,52.7717142],[-7.4994055,52.7717282],[-7.4995741,52.7717994],[-7.4997987,52.7718873],[-7.5000409,52.7719821],[-7.5001329,52.7720181],[-7.50032,52.7721014],[-7.5005867,52.7722202],[-7.5006905,52.7722633],[-7.5009026,52.7723285],[-7.5010791,52.7724004],[-7.5011738,52.7724489],[-7.501197,52.7724243],[-7.50128,52.7723169],[-7.5014706,52.7721536],[-7.5017339,52.7722113],[-7.5030027,52.7713271],[-7.5030472,52.7711938],[-7.5030406,52.7709586],[-7.5028545,52.7708127],[-7.5028858,52.7705792],[-7.5030644,52.7700759],[-7.5030001,52.7697026],[-7.5029977,52.7696888],[-7.5031914,52.7689626],[-7.5027584,52.7682737],[-7.502875,52.7681727],[-7.5029832,52.7678453],[-7.5034919,52.7675572],[-7.5037841,52.7673345],[-7.5047077,52.7670366],[-7.5044071,52.7665557],[-7.5042061,52.7662179],[-7.5042284,52.7658801],[-7.5045858,52.7657179],[-7.5049207,52.7653396],[-7.5048314,52.7647721],[-7.5047867,52.7644613],[-7.504699,52.7643102],[-7.5045016,52.7640235],[-7.5044858,52.7633164],[-7.5050148,52.7628339],[-7.5049122,52.7624086],[-7.5049675,52.7621172],[-7.5048885,52.7619356],[-7.5050069,52.7616394],[-7.5049122,52.7611855],[-7.5045253,52.7610231],[-7.5041226,52.7610183],[-7.5039489,52.7608941],[-7.5037831,52.7606886],[-7.5038384,52.7605214],[-7.5041226,52.7601869],[-7.5042194,52.7600185],[-7.5041878,52.7598775],[-7.5040392,52.7597518],[-7.5044828,52.759374],[-7.5049398,52.7588084],[-7.5051767,52.7580917],[-7.5051293,52.7575565],[-7.5052872,52.7563571],[-7.5054294,52.7544362],[-7.5053504,52.7539965],[-7.5056031,52.7532893],[-7.5056189,52.7529739],[-7.5054294,52.7519751],[-7.5055715,52.7515927],[-7.5057768,52.75057],[-7.5060586,52.750038],[-7.5064662,52.7496241],[-7.5063325,52.7495548],[-7.5058422,52.7493006],[-7.5053369,52.7489087],[-7.5044684,52.7486698],[-7.5036315,52.7483161],[-7.5019734,52.7482779],[-7.5011996,52.7481727],[-7.5006785,52.7482683],[-7.4998889,52.7483926],[-7.4984993,52.7492433],[-7.4980256,52.7491286],[-7.4972597,52.7494249],[-7.4966123,52.7495014],[-7.4963438,52.7496639],[-7.4959017,52.7497786],[-7.4956806,52.7499411],[-7.4952226,52.750008],[-7.4948594,52.7502087],[-7.4946068,52.7502278],[-7.4942278,52.7503043],[-7.4934224,52.7502756],[-7.4931382,52.7505146]]]}},{"type":"Feature","properties":{"@id":"relation/5331061","boundary":"civil_parish","logainm:ref":"1356","name":"Sheffin","name:en":"Sheffin","name:ga":"Tigh Fiachna","wikidata":"Q60556696"},"geometry":{"type":"Polygon","coordinates":[[[-7.4145307,52.7442776],[-7.4142985,52.7440003],[-7.4114026,52.7413896],[-7.4083083,52.7423006],[-7.4078351,52.7423701],[-7.4077203,52.7421878],[-7.4075052,52.7422138],[-7.4073905,52.7420575],[-7.406444,52.741962],[-7.4061859,52.741936],[-7.4064153,52.7417363],[-7.4055835,52.7416147],[-7.4052824,52.7416929],[-7.4044506,52.7416842],[-7.4042642,52.7415279],[-7.4043646,52.7413803],[-7.4041781,52.7413369],[-7.4039917,52.7414064],[-7.4036332,52.741389],[-7.4033894,52.7415713],[-7.4030595,52.7418839],[-7.4017402,52.7424048],[-7.3986363,52.7422859],[-7.3986191,52.7425783],[-7.3986147,52.7427575],[-7.3985941,52.7429349],[-7.3985402,52.7430823],[-7.3984682,52.7432103],[-7.3983787,52.743367],[-7.398306,52.7434825],[-7.3981792,52.7435502],[-7.3980545,52.7435882],[-7.3976859,52.743682],[-7.3972967,52.7437647],[-7.3969509,52.7438684],[-7.3965888,52.7440308],[-7.3961879,52.7442276],[-7.3959151,52.7443721],[-7.3957204,52.744481],[-7.3955783,52.7445688],[-7.3954006,52.7447001],[-7.3951639,52.744981],[-7.3949928,52.7451828],[-7.3948974,52.7453236],[-7.394814,52.7454644],[-7.3946955,52.745627],[-7.3945598,52.7457715],[-7.3942672,52.7460906],[-7.3940535,52.7463309],[-7.3920386,52.7464601],[-7.3914076,52.7465555],[-7.3904754,52.7467899],[-7.3904156,52.7469566],[-7.390332,52.7471893],[-7.3907479,52.7478924],[-7.3905501,52.7486652],[-7.3905098,52.7488225],[-7.3904768,52.7490018],[-7.3904343,52.7491766],[-7.3903948,52.7493317],[-7.3903741,52.7494937],[-7.3903896,52.7496163],[-7.3904429,52.7497664],[-7.3904989,52.7499179],[-7.3905624,52.7500694],[-7.3906357,52.750208],[-7.3907166,52.7503421],[-7.3909476,52.7506287],[-7.3912941,52.7510342],[-7.3916198,52.7514482],[-7.3919627,52.7514645],[-7.392419,52.7512865],[-7.3926523,52.7511515],[-7.3934331,52.7508875],[-7.3937271,52.7510103],[-7.3938207,52.7511164],[-7.3940583,52.7513861],[-7.3941328,52.7514706],[-7.3941253,52.7515352],[-7.3940719,52.7519924],[-7.3937778,52.7525325],[-7.3937848,52.7526443],[-7.393795,52.7528084],[-7.3937981,52.7528578],[-7.3938534,52.7528774],[-7.3942359,52.7530126],[-7.3943275,52.753045],[-7.3943884,52.753447],[-7.3946875,52.7538459],[-7.3946419,52.7540668],[-7.3955748,52.754251],[-7.3965483,52.7545947],[-7.396883,52.754567],[-7.3970858,52.7547542],[-7.3971111,52.7550672],[-7.3973408,52.7552858],[-7.3974916,52.7554987],[-7.3973911,52.7560564],[-7.3973576,52.756614],[-7.3969746,52.7570313],[-7.3968918,52.7571216],[-7.396855,52.7573946],[-7.3962184,52.7589204],[-7.3962592,52.7589745],[-7.3963007,52.7590295],[-7.3965702,52.7593868],[-7.3966331,52.7595999],[-7.3967377,52.7599545],[-7.3967518,52.7599666],[-7.39705,52.760222],[-7.3972722,52.7604122],[-7.3973376,52.7604682],[-7.3981541,52.7611674],[-7.397758,52.7613291],[-7.3975983,52.7615952],[-7.3976407,52.7617473],[-7.3988974,52.7625984],[-7.3992921,52.7629831],[-7.3995445,52.7632232],[-7.3997847,52.7634454],[-7.400197,52.7634924],[-7.400063,52.7637559],[-7.4007331,52.7641411],[-7.4015205,52.7642019],[-7.4018723,52.7643945],[-7.4010682,52.7664319],[-7.4024418,52.7668779],[-7.4028439,52.7672834],[-7.40338,52.7675875],[-7.4051702,52.7678831],[-7.4057149,52.7702851],[-7.4060652,52.7735679],[-7.4068078,52.7733029],[-7.4072744,52.7732453],[-7.4083217,52.7732683],[-7.4087026,52.773372],[-7.4090072,52.773372],[-7.4094266,52.7736641],[-7.4096356,52.7738098],[-7.4105878,52.7742591],[-7.4117494,52.7751461],[-7.4119017,52.7753995],[-7.4122826,52.7755838],[-7.4126063,52.7758142],[-7.4128348,52.7758603],[-7.4131585,52.7760907],[-7.4137488,52.7761944],[-7.4144534,52.7760446],[-7.4188332,52.7761253],[-7.4231844,52.7771677],[-7.42387,52.7775824],[-7.4264026,52.7781238],[-7.4277166,52.7782966],[-7.4306872,52.7802605],[-7.431049,52.7805024],[-7.4319631,52.7805139],[-7.4331246,52.7807673],[-7.4337911,52.7810207],[-7.4350115,52.7812439],[-7.4358755,52.7813903],[-7.4391529,52.7823135],[-7.4399478,52.7826758],[-7.4406966,52.7833517],[-7.441192,52.784139],[-7.4414224,52.7844386],[-7.4419523,52.7851493],[-7.4422806,52.786177],[-7.4426608,52.786811],[-7.4430524,52.7881068],[-7.4435305,52.7890926],[-7.4435651,52.7896708],[-7.4437494,52.790263],[-7.4436918,52.7906531],[-7.4443484,52.7907507],[-7.4470863,52.7914921],[-7.4470957,52.7914055],[-7.4477443,52.7909879],[-7.4477951,52.7906068],[-7.4478489,52.7901402],[-7.4475456,52.7897923],[-7.4482569,52.7883372],[-7.448236,52.7878817],[-7.4487954,52.787231],[-7.4493867,52.7870972],[-7.4505884,52.7876168],[-7.451401,52.7877332],[-7.4514761,52.7876991],[-7.4513367,52.7875124],[-7.4512425,52.7873578],[-7.4510687,52.787065],[-7.450746,52.7866596],[-7.4505846,52.7863293],[-7.4503984,52.7861041],[-7.4501494,52.7856648],[-7.4499295,52.7853814],[-7.4498302,52.7852708],[-7.4496954,52.7852105],[-7.4495376,52.7849914],[-7.4493764,52.7847987],[-7.4491944,52.7847003],[-7.4490827,52.7844901],[-7.4492813,52.78434],[-7.4493806,52.7842499],[-7.4494055,52.7839646],[-7.4497034,52.7836793],[-7.4496176,52.7836011],[-7.4497023,52.7834234],[-7.449805,52.7832449],[-7.4497282,52.7829887],[-7.4497594,52.7828192],[-7.4496549,52.7825218],[-7.4496352,52.7822658],[-7.4496072,52.7820328],[-7.4495916,52.7819301],[-7.4496858,52.7817711],[-7.44945,52.7815459],[-7.4492514,52.7813057],[-7.4491893,52.7810804],[-7.4492017,52.7808627],[-7.4493258,52.7806975],[-7.4494003,52.7803747],[-7.4491893,52.7802095],[-7.4489659,52.7799467],[-7.448879,52.7796689],[-7.4489162,52.7794812],[-7.4491769,52.7793536],[-7.4488914,52.7791209],[-7.4487549,52.7787079],[-7.4485066,52.7787605],[-7.4479481,52.7786478],[-7.4479291,52.7784684],[-7.4479108,52.778295],[-7.4480846,52.7780172],[-7.4478984,52.7778069],[-7.4476129,52.7776342],[-7.4475012,52.7773639],[-7.4476502,52.7771011],[-7.4474019,52.7766431],[-7.4472406,52.7763653],[-7.4470296,52.7763127],[-7.4467192,52.7762076],[-7.4468682,52.7759974],[-7.4470171,52.7755769],[-7.446831,52.7754943],[-7.4465703,52.7752615],[-7.4464462,52.775224],[-7.4461607,52.7750888],[-7.4461607,52.7748861],[-7.445478,52.7745106],[-7.4453539,52.7743454],[-7.4452918,52.7740751],[-7.4448698,52.77397],[-7.4447829,52.7736396],[-7.444634,52.7732341],[-7.4444726,52.773129],[-7.4441375,52.7730539],[-7.4440258,52.7728887],[-7.4439513,52.7726334],[-7.4440506,52.7721978],[-7.443951,52.7719233],[-7.4435478,52.7717351],[-7.4437348,52.7711568],[-7.4436027,52.7706581],[-7.4431179,52.7701611],[-7.443098,52.7699431],[-7.4429834,52.7697784],[-7.4423599,52.7693969],[-7.4423169,52.7691367],[-7.4420446,52.7689633],[-7.441844,52.7686858],[-7.4415287,52.768365],[-7.4414713,52.7680094],[-7.4411703,52.767862],[-7.4412993,52.7677233],[-7.441156,52.7674718],[-7.4412993,52.7670209],[-7.441113,52.7669341],[-7.4410557,52.7666653],[-7.440812,52.7664138],[-7.4407691,52.7660626],[-7.4404824,52.7660019],[-7.4403248,52.7655076],[-7.4399665,52.7649179],[-7.4401814,52.7643976],[-7.4399665,52.7641894],[-7.4399378,52.7639119],[-7.4398088,52.7636691],[-7.4397573,52.7635058],[-7.4398832,52.7633763],[-7.4399848,52.7631046],[-7.4398856,52.7627254],[-7.4395938,52.7626284],[-7.4395078,52.7621991],[-7.4395492,52.7620009],[-7.4394599,52.7618479],[-7.4392625,52.7617623],[-7.439257,52.7615529],[-7.4393215,52.7612277],[-7.4389632,52.7610196],[-7.4388485,52.760716],[-7.4390664,52.7604137],[-7.4393502,52.7599476],[-7.4396948,52.7597636],[-7.4395326,52.7586965],[-7.4392894,52.7584757],[-7.4393299,52.7583163],[-7.4394693,52.7579885],[-7.4392286,52.7578256],[-7.4384482,52.7576539],[-7.4365886,52.7573442],[-7.4356968,52.7571786],[-7.4347948,52.7565836],[-7.4345617,52.7562892],[-7.4344772,52.7560988],[-7.4344021,52.7560046],[-7.4343375,52.7559347],[-7.4341473,52.7558131],[-7.4339086,52.7557286],[-7.4333912,52.7555987],[-7.4323422,52.7552206],[-7.4318004,52.7550728],[-7.4313458,52.7548482],[-7.4309796,52.7547254],[-7.430601,52.7546777],[-7.4304244,52.7545258],[-7.4301968,52.7544345],[-7.4298713,52.7543135],[-7.4294575,52.7541392],[-7.4287625,52.7538797],[-7.4284816,52.7536291],[-7.4271212,52.7528237],[-7.4265593,52.7527431],[-7.4260862,52.7525149],[-7.42582,52.7521838],[-7.4246519,52.7517094],[-7.4243709,52.751423],[-7.4235429,52.7511814],[-7.4226631,52.7506355],[-7.4218846,52.7501549],[-7.421255,52.7492213],[-7.4193213,52.7480163],[-7.4191129,52.7479042],[-7.4166278,52.7467824],[-7.4145307,52.7442776]]]}},{"type":"Feature","properties":{"@id":"relation/5331080","boundary":"civil_parish","logainm:ref":"1295","name":"Freshford","name:en":"Freshford","name:ga":"Achadh Úr"},"geometry":{"type":"Polygon","coordinates":[[[-7.4114026,52.7413896],[-7.417761,52.7397507],[-7.4190235,52.73939],[-7.4205625,52.7389503],[-7.4215068,52.7385119],[-7.4226432,52.7376972],[-7.4237417,52.737216],[-7.4230778,52.736476],[-7.4228193,52.7359849],[-7.4226045,52.7355903],[-7.4226637,52.7355512],[-7.4231271,52.7354643],[-7.4233175,52.7354102],[-7.4236513,52.7353535],[-7.4239885,52.735279],[-7.4243933,52.7351996],[-7.4252289,52.7346959],[-7.4253723,52.7344614],[-7.4259368,52.7339887],[-7.4263094,52.733815],[-7.4267634,52.7337668],[-7.4269756,52.733796],[-7.4272203,52.7337612],[-7.4272299,52.7335634],[-7.4259106,52.7320263],[-7.4241467,52.7324171],[-7.4233292,52.7325126],[-7.4227413,52.7326603],[-7.4222823,52.7327124],[-7.4217087,52.7318092],[-7.4213072,52.7314532],[-7.4208913,52.7309321],[-7.4206905,52.730715],[-7.4207766,52.7304632],[-7.4202029,52.7305066],[-7.419658,52.7306195],[-7.4190987,52.7304111],[-7.4183099,52.7299161],[-7.4177314,52.7294047],[-7.4176579,52.7292514],[-7.4176513,52.7292377],[-7.4176168,52.7291985],[-7.4175568,52.7291304],[-7.4169003,52.7284665],[-7.4168134,52.7283659],[-7.41678,52.7282614],[-7.4168004,52.728195],[-7.4168747,52.7281028],[-7.4166075,52.7281601],[-7.4165333,52.728176],[-7.4162194,52.7282432],[-7.4158493,52.727451],[-7.4155147,52.7271163],[-7.4150533,52.7269751],[-7.4132584,52.7258819],[-7.4126905,52.7251511],[-7.4125993,52.7244817],[-7.412366,52.7240886],[-7.4123255,52.7237692],[-7.4127818,52.7235604],[-7.4133395,52.7234806],[-7.4143639,52.7222],[-7.4142134,52.722119],[-7.4141883,52.7220176],[-7.4143458,52.7217626],[-7.4143429,52.7216964],[-7.4142552,52.7215009],[-7.4144332,52.7213289],[-7.4146503,52.7207631],[-7.4150212,52.7202436],[-7.4150947,52.7201407],[-7.4151141,52.7201135],[-7.4154254,52.7196867],[-7.4153646,52.7192321],[-7.4153849,52.7186302],[-7.4152771,52.7180426],[-7.4152429,52.7178562],[-7.4150604,52.7177088],[-7.4156933,52.7172333],[-7.4159151,52.7170666],[-7.4153415,52.7168495],[-7.4142185,52.7165184],[-7.4137283,52.7162962],[-7.4131015,52.715984],[-7.4125638,52.7157269],[-7.4123906,52.7156263],[-7.4122293,52.7155349],[-7.4120768,52.7154259],[-7.4115739,52.7150516],[-7.4112655,52.7148889],[-7.4102057,52.714467],[-7.4094162,52.7142852],[-7.4088005,52.7140953],[-7.4076428,52.7135807],[-7.4071538,52.7132837],[-7.4066135,52.7129147],[-7.4064893,52.7128248],[-7.4060567,52.7128548],[-7.4055989,52.7129787],[-7.4052682,52.7131003],[-7.4049381,52.7131892],[-7.404451,52.7132276],[-7.4039398,52.7133156],[-7.4034781,52.713377],[-7.4030746,52.7135433],[-7.4028145,52.7137479],[-7.402619,52.7138535],[-7.4025486,52.7139239],[-7.4025955,52.7139747],[-7.4026607,52.7140497],[-7.402415,52.7141682],[-7.4020569,52.7143409],[-7.4015861,52.7146895],[-7.4010735,52.7151838],[-7.4009374,52.715545],[-7.401199,52.716502],[-7.4015024,52.7170597],[-7.4004562,52.7174082],[-7.4004667,52.7171484],[-7.4000586,52.7165083],[-7.3997734,52.7164507],[-7.3989287,52.7162802],[-7.3972862,52.7161598],[-7.3970665,52.7171167],[-7.3970037,52.7181244],[-7.3967108,52.71917],[-7.3964074,52.7194108],[-7.3963969,52.7195502],[-7.3960517,52.7198544],[-7.3959408,52.7199527],[-7.3957588,52.7201142],[-7.394608,52.720393],[-7.3942836,52.7206908],[-7.394043,52.7207352],[-7.3934571,52.7210837],[-7.3932688,52.721052],[-7.3917518,52.7205831],[-7.3912601,52.7202853],[-7.3892828,52.7199241],[-7.3892828,52.7201712],[-7.3893979,52.7208429],[-7.389513,52.7211661],[-7.3893074,52.7216109],[-7.3891468,52.7219582],[-7.3892305,52.722142],[-7.3890526,52.7224968],[-7.3897641,52.7228516],[-7.3912287,52.7233269],[-7.3909836,52.7235085],[-7.3898295,52.7243194],[-7.3891193,52.7246465],[-7.3888555,52.724773],[-7.3882699,52.7249673],[-7.3877363,52.7252208],[-7.3868157,52.7252778],[-7.3866238,52.7256749],[-7.3862512,52.7260116],[-7.3853797,52.7265576],[-7.38473,52.7264235],[-7.3847095,52.7264193],[-7.3841446,52.7264393],[-7.3835255,52.7264229],[-7.3833933,52.726392],[-7.3827412,52.7263174],[-7.3824076,52.7262937],[-7.3817224,52.7263501],[-7.38144,52.7262919],[-7.3811785,52.7262846],[-7.380872,52.7262791],[-7.3806222,52.7262536],[-7.3792175,52.7261344],[-7.3791361,52.7258835],[-7.3787736,52.7258029],[-7.3777897,52.7261837],[-7.3772275,52.7265063],[-7.3765617,52.7267571],[-7.3759329,52.7270528],[-7.3755038,52.7269095],[-7.3747147,52.7269251],[-7.3741954,52.7267811],[-7.3741353,52.7268154],[-7.3739133,52.726905],[-7.37253,52.7267303],[-7.3721083,52.7263942],[-7.37161,52.726056],[-7.370891,52.725863],[-7.3684571,52.7252218],[-7.3680661,52.7251188],[-7.3681018,52.7252729],[-7.3675544,52.7252953],[-7.3670661,52.7256896],[-7.3670052,52.726428],[-7.366892,52.7265405],[-7.3666814,52.7265643],[-7.3666575,52.7265834],[-7.366631,52.7266046],[-7.3666471,52.7268476],[-7.366822,52.7273249],[-7.3670069,52.7274638],[-7.3669477,52.7277998],[-7.3669319,52.7278702],[-7.3668411,52.7282763],[-7.3665594,52.7289],[-7.3662967,52.7290945],[-7.3659712,52.7291841],[-7.365631,52.7291303],[-7.3653025,52.7291281],[-7.3649506,52.7292087],[-7.3648394,52.7292961],[-7.3647538,52.7294117],[-7.3649267,52.7299409],[-7.3649442,52.7299945],[-7.3657049,52.7299726],[-7.3660775,52.7303138],[-7.3616775,52.7308294],[-7.3607898,52.7327109],[-7.360935,52.732976],[-7.3599356,52.7333345],[-7.3597802,52.733489],[-7.3603089,52.7342567],[-7.3605156,52.7347587],[-7.3602959,52.735899],[-7.3592996,52.737087],[-7.3586144,52.7375747],[-7.3579239,52.7384615],[-7.3577931,52.7387624],[-7.3579971,52.7391425],[-7.3580262,52.7396412],[-7.358225,52.7395272],[-7.3585493,52.7394955],[-7.3589155,52.7398312],[-7.3595432,52.7402746],[-7.3613217,52.7420798],[-7.3639575,52.7432424],[-7.3642091,52.7431576],[-7.3654173,52.7424514],[-7.3656482,52.7422926],[-7.3671189,52.7412815],[-7.3675032,52.7410267],[-7.3677063,52.7409297],[-7.3694157,52.7403842],[-7.3716067,52.7397835],[-7.3723843,52.739519],[-7.3731517,52.739295],[-7.3747287,52.738812],[-7.3755276,52.7385994],[-7.3761522,52.7384549],[-7.3763584,52.7384072],[-7.3765246,52.7383544],[-7.3783072,52.7377907],[-7.3783927,52.7377623],[-7.3784917,52.7379997],[-7.3787041,52.738222],[-7.379604,52.7389434],[-7.3807898,52.7388837],[-7.3825474,52.7388013],[-7.3831751,52.7385733],[-7.3837714,52.7384339],[-7.3851524,52.7380222],[-7.3852989,52.7379272],[-7.3868054,52.7374838],[-7.3867113,52.7372494],[-7.3884584,52.736692],[-7.3889606,52.7366856],[-7.3897034,52.736578],[-7.3901637,52.7366983],[-7.3912936,52.736939],[-7.3906031,52.7385036],[-7.3917853,52.7386936],[-7.3920678,52.7386493],[-7.3928838,52.739023],[-7.3934069,52.739289],[-7.3930826,52.7396691],[-7.3943694,52.7401758],[-7.3945577,52.7404038],[-7.3945996,52.7407839],[-7.3949867,52.7412336],[-7.3953528,52.7413159],[-7.3954365,52.7414806],[-7.3954784,52.742779],[-7.3963572,52.7430387],[-7.3966711,52.7430577],[-7.397372,52.743216],[-7.3980545,52.7435882],[-7.3981792,52.7435502],[-7.398306,52.7434825],[-7.3983787,52.743367],[-7.3984682,52.7432103],[-7.3985402,52.7430823],[-7.3985941,52.7429349],[-7.3986147,52.7427575],[-7.3986191,52.7425783],[-7.3986363,52.7422859],[-7.4017402,52.7424048],[-7.4030595,52.7418839],[-7.4033894,52.7415713],[-7.4036332,52.741389],[-7.4039917,52.7414064],[-7.4041781,52.7413369],[-7.4043646,52.7413803],[-7.4042642,52.7415279],[-7.4044506,52.7416842],[-7.4052824,52.7416929],[-7.4055835,52.7416147],[-7.4064153,52.7417363],[-7.4061859,52.741936],[-7.406444,52.741962],[-7.4073905,52.7420575],[-7.4075052,52.7422138],[-7.4077203,52.7421878],[-7.4078351,52.7423701],[-7.4083083,52.7423006],[-7.4114026,52.7413896]]]}},{"type":"Feature","properties":{"@id":"relation/5331081","boundary":"civil_parish","logainm:ref":"1347","name":"Rathbeagh","name:en":"Rathbeagh","name:ga":"Ráth Bheathach","wikidata":"Q60556343"},"geometry":{"type":"Polygon","coordinates":[[[-7.3905098,52.7488225],[-7.3905501,52.7486652],[-7.3907479,52.7478924],[-7.390332,52.7471893],[-7.3904156,52.7469566],[-7.3904754,52.7467899],[-7.3914076,52.7465555],[-7.3920386,52.7464601],[-7.3940535,52.7463309],[-7.3942672,52.7460906],[-7.3945598,52.7457715],[-7.3946955,52.745627],[-7.394814,52.7454644],[-7.3948974,52.7453236],[-7.3949928,52.7451828],[-7.3951639,52.744981],[-7.3954006,52.7447001],[-7.3955783,52.7445688],[-7.3957204,52.744481],[-7.3959151,52.7443721],[-7.3961879,52.7442276],[-7.3965888,52.7440308],[-7.3969509,52.7438684],[-7.3972967,52.7437647],[-7.3976859,52.743682],[-7.3980545,52.7435882],[-7.397372,52.743216],[-7.3966711,52.7430577],[-7.3963572,52.7430387],[-7.3954784,52.742779],[-7.3954365,52.7414806],[-7.3953528,52.7413159],[-7.3949867,52.7412336],[-7.3945996,52.7407839],[-7.3945577,52.7404038],[-7.3943694,52.7401758],[-7.3930826,52.7396691],[-7.3934069,52.739289],[-7.3928838,52.739023],[-7.3920678,52.7386493],[-7.3917853,52.7386936],[-7.3906031,52.7385036],[-7.3912936,52.736939],[-7.3901637,52.7366983],[-7.3897034,52.736578],[-7.3889606,52.7366856],[-7.3884584,52.736692],[-7.3867113,52.7372494],[-7.3868054,52.7374838],[-7.3852989,52.7379272],[-7.3851524,52.7380222],[-7.3837714,52.7384339],[-7.3831751,52.7385733],[-7.3825474,52.7388013],[-7.3807898,52.7388837],[-7.379604,52.7389434],[-7.3787041,52.738222],[-7.3784917,52.7379997],[-7.3783927,52.7377623],[-7.3783072,52.7377907],[-7.3765246,52.7383544],[-7.3763584,52.7384072],[-7.3761522,52.7384549],[-7.3755276,52.7385994],[-7.3747287,52.738812],[-7.3731517,52.739295],[-7.3723843,52.739519],[-7.3716067,52.7397835],[-7.3694157,52.7403842],[-7.3677063,52.7409297],[-7.3675032,52.7410267],[-7.3671189,52.7412815],[-7.3656482,52.7422926],[-7.3654173,52.7424514],[-7.3642091,52.7431576],[-7.3639575,52.7432424],[-7.3641914,52.7435189],[-7.3652641,52.7440877],[-7.3650643,52.7443474],[-7.3649608,52.7448355],[-7.364835,52.7452296],[-7.3647314,52.7457312],[-7.364946,52.7459596],[-7.3643827,52.7461845],[-7.3628482,52.7464362],[-7.3613711,52.7470179],[-7.3596502,52.7475561],[-7.3589762,52.7475908],[-7.3585747,52.7486412],[-7.3586177,52.7494398],[-7.3555487,52.7504815],[-7.3533546,52.7505509],[-7.3505151,52.7505162],[-7.3469046,52.7501537],[-7.3463469,52.7500977],[-7.3458019,52.7500396],[-7.3456419,52.7500225],[-7.3447172,52.7498688],[-7.3445066,52.7498314],[-7.3438179,52.7497089],[-7.3439183,52.7492488],[-7.344664,52.7489711],[-7.3452524,52.7485303],[-7.3449674,52.7485645],[-7.344767,52.7485743],[-7.3446085,52.7485722],[-7.3444188,52.7485491],[-7.3437915,52.7484001],[-7.3435886,52.7483836],[-7.3434046,52.7484058],[-7.3432239,52.7484862],[-7.3430863,52.7485875],[-7.3429152,52.7488092],[-7.3428475,52.7489572],[-7.3427101,52.7492578],[-7.3426216,52.7499321],[-7.3427008,52.7509421],[-7.3428639,52.751306],[-7.3434279,52.7519746],[-7.3438403,52.7524206],[-7.3439593,52.7526461],[-7.3439256,52.7526761],[-7.3437122,52.7528661],[-7.3432741,52.7531426],[-7.3431902,52.753357],[-7.3433154,52.7540727],[-7.3434808,52.7544644],[-7.3436793,52.7548068],[-7.3439532,52.7552663],[-7.3442061,52.7555595],[-7.3445229,52.7557405],[-7.3447911,52.7559866],[-7.3450362,52.7563614],[-7.3451368,52.7566239],[-7.3451258,52.7569706],[-7.3450287,52.7573227],[-7.3448002,52.7575547],[-7.3445328,52.7578968],[-7.3442952,52.7583044],[-7.3441626,52.758532],[-7.3438056,52.7589396],[-7.3433699,52.7595267],[-7.3427891,52.7606358],[-7.3426738,52.7611489],[-7.3425458,52.7615311],[-7.3423838,52.7617624],[-7.3422822,52.7620645],[-7.3422859,52.7622104],[-7.342802,52.7622993],[-7.3435411,52.762278],[-7.3457792,52.762223],[-7.3496331,52.7620637],[-7.3576023,52.7618637],[-7.3605302,52.7613922],[-7.3642728,52.7617494],[-7.3657696,52.7619629],[-7.3664761,52.7619335],[-7.3668294,52.7618916],[-7.3681301,52.7620808],[-7.3688481,52.7623435],[-7.3700168,52.7625254],[-7.3697831,52.7633033],[-7.3701838,52.7639196],[-7.3700502,52.764354],[-7.3703174,52.7645056],[-7.3704342,52.7652936],[-7.3689316,52.7666271],[-7.3687461,52.7691292],[-7.3694059,52.7694529],[-7.3700478,52.7696686],[-7.3706184,52.7696471],[-7.3710107,52.7697765],[-7.3714208,52.7704993],[-7.3725976,52.770564],[-7.3729364,52.7713731],[-7.3734578,52.7716785],[-7.3747713,52.7719922],[-7.3749269,52.7722432],[-7.3765169,52.7722641],[-7.3769144,52.7728705],[-7.3772788,52.7737147],[-7.3798531,52.7735448],[-7.3824429,52.7733605],[-7.3833188,52.773349],[-7.3837378,52.7731531],[-7.3846137,52.7731301],[-7.385185,52.7735103],[-7.3862609,52.7734527],[-7.3869274,52.7731647],[-7.3882464,52.773196],[-7.388984,52.7732453],[-7.3895934,52.7732683],[-7.3904884,52.7733144],[-7.3910215,52.7728651],[-7.3918785,52.7730034],[-7.3926021,52.772819],[-7.3932495,52.7729803],[-7.3946968,52.7729343],[-7.3954775,52.7729803],[-7.3962392,52.7733144],[-7.397496,52.7734987],[-7.3982958,52.773925],[-7.3986767,52.7740287],[-7.3987528,52.7742245],[-7.3991718,52.7743167],[-7.3996097,52.7740171],[-7.4000668,52.7739019],[-7.4004857,52.7733144],[-7.4008094,52.7731186],[-7.4009046,52.7732914],[-7.4012855,52.7732568],[-7.4017425,52.7735909],[-7.4022757,52.7735563],[-7.4029422,52.7736831],[-7.4037039,52.77366],[-7.4045798,52.7734872],[-7.4046386,52.7734908],[-7.4051511,52.7735218],[-7.4054368,52.773637],[-7.4060652,52.7735679],[-7.4057149,52.7702851],[-7.4051702,52.7678831],[-7.40338,52.7675875],[-7.4028439,52.7672834],[-7.4024418,52.7668779],[-7.4010682,52.7664319],[-7.4018723,52.7643945],[-7.4015205,52.7642019],[-7.4007331,52.7641411],[-7.400063,52.7637559],[-7.400197,52.7634924],[-7.3997847,52.7634454],[-7.3995445,52.7632232],[-7.3992921,52.7629831],[-7.3988974,52.7625984],[-7.3976407,52.7617473],[-7.3975983,52.7615952],[-7.397758,52.7613291],[-7.3981541,52.7611674],[-7.3973376,52.7604682],[-7.3972722,52.7604122],[-7.39705,52.760222],[-7.3967518,52.7599666],[-7.3967377,52.7599545],[-7.3966331,52.7595999],[-7.3965702,52.7593868],[-7.3963007,52.7590295],[-7.3962592,52.7589745],[-7.3962184,52.7589204],[-7.396855,52.7573946],[-7.3968918,52.7571216],[-7.3969746,52.7570313],[-7.3973576,52.756614],[-7.3973911,52.7560564],[-7.3974916,52.7554987],[-7.3973408,52.7552858],[-7.3971111,52.7550672],[-7.3970858,52.7547542],[-7.396883,52.754567],[-7.3965483,52.7545947],[-7.3955748,52.754251],[-7.3946419,52.7540668],[-7.3946875,52.7538459],[-7.3943884,52.753447],[-7.3943275,52.753045],[-7.3942359,52.7530126],[-7.3938534,52.7528774],[-7.3937981,52.7528578],[-7.393795,52.7528084],[-7.3937848,52.7526443],[-7.3937778,52.7525325],[-7.3940719,52.7519924],[-7.3941253,52.7515352],[-7.3941328,52.7514706],[-7.3940583,52.7513861],[-7.3938207,52.7511164],[-7.3937271,52.7510103],[-7.3934331,52.7508875],[-7.3926523,52.7511515],[-7.392419,52.7512865],[-7.3919627,52.7514645],[-7.3916198,52.7514482],[-7.3912941,52.7510342],[-7.3909476,52.7506287],[-7.3907166,52.7503421],[-7.3906357,52.750208],[-7.3905624,52.7500694],[-7.3904989,52.7499179],[-7.3904429,52.7497664],[-7.3903896,52.7496163],[-7.3903741,52.7494937],[-7.3903948,52.7493317],[-7.3904343,52.7491766],[-7.3904768,52.7490018],[-7.3905098,52.7488225]]]}},{"type":"Feature","properties":{"@id":"relation/5331161","boundary":"civil_parish","logainm:ref":"1279","name":"Coolcraheen","name:en":"Coolcraheen","name:ga":"Cúil Chraithín","wikidata":"Q60553894"},"geometry":{"type":"Polygon","coordinates":[[[-7.2871573,52.743295],[-7.2873364,52.7434885],[-7.2872216,52.7436782],[-7.2870897,52.7439626],[-7.2869824,52.7441575],[-7.2870071,52.7443082],[-7.2869609,52.7444693],[-7.2868966,52.7446251],[-7.2867142,52.7447875],[-7.2866176,52.7449888],[-7.2864277,52.7452954],[-7.2861241,52.7457033],[-7.2860061,52.7458916],[-7.2860415,52.7459838],[-7.2859631,52.7461124],[-7.2859771,52.7462501],[-7.2861488,52.746432],[-7.2862775,52.7466008],[-7.2863387,52.7467294],[-7.2863288,52.7467836],[-7.2863122,52.7468748],[-7.2863051,52.7469135],[-7.2862467,52.7472338],[-7.2862129,52.7474192],[-7.2861971,52.747506],[-7.2866273,52.7479059],[-7.2871728,52.7481012],[-7.2878104,52.7488128],[-7.2875373,52.7489196],[-7.2870632,52.7489234],[-7.2864483,52.7488971],[-7.2860823,52.7488808],[-7.2858801,52.7488577],[-7.285196,52.7487796],[-7.2847374,52.7487435],[-7.2842588,52.7487096],[-7.2832004,52.7486973],[-7.283129,52.7487023],[-7.2828618,52.7487212],[-7.2827338,52.7487303],[-7.2823185,52.748728],[-7.2819565,52.7487117],[-7.2815528,52.7486647],[-7.28136,52.7486282],[-7.2811093,52.7486344],[-7.2808259,52.7486633],[-7.2805265,52.7487163],[-7.2800457,52.748854],[-7.2795181,52.7490074],[-7.2793976,52.7490399],[-7.2792006,52.7491089],[-7.2789692,52.7491634],[-7.2784959,52.7492686],[-7.27825,52.7493354],[-7.2780763,52.7493827],[-7.2776832,52.7494684],[-7.2773291,52.7495376],[-7.2770294,52.7495407],[-7.2767877,52.7495206],[-7.2766372,52.7495086],[-7.2763461,52.7495061],[-7.276094,52.7495264],[-7.2760245,52.7495396],[-7.276761,52.7510244],[-7.2768238,52.7510209],[-7.2774375,52.7510546],[-7.2775114,52.7510662],[-7.2776241,52.7510778],[-7.277865,52.7510586],[-7.2782195,52.7509818],[-7.2784708,52.7508106],[-7.2787619,52.7507019],[-7.2795238,52.7505229],[-7.2802627,52.7502467],[-7.2805603,52.7501431],[-7.280829,52.7500495],[-7.281532,52.7498818],[-7.2816087,52.7498635],[-7.281744,52.7498666],[-7.28337,52.7499047],[-7.2872147,52.7507418],[-7.2881072,52.7506018],[-7.2887141,52.7504864],[-7.2898323,52.7502739],[-7.2900139,52.7505979],[-7.2904088,52.7510813],[-7.2905493,52.751246],[-7.2908038,52.7515116],[-7.291032,52.7517454],[-7.2910057,52.7519366],[-7.2908301,52.7521172],[-7.2908065,52.7522752],[-7.2930656,52.7511107],[-7.2940461,52.7505344],[-7.2951633,52.751173],[-7.2961666,52.7518954],[-7.2957468,52.7521235],[-7.2954181,52.7521898],[-7.2948456,52.752418],[-7.295402,52.7529087],[-7.29497,52.7531473],[-7.2961685,52.7541516],[-7.2966755,52.754877],[-7.2976562,52.7560802],[-7.2980078,52.7560196],[-7.2983728,52.75599],[-7.2985079,52.7559848],[-7.2988018,52.7559845],[-7.2991513,52.7560138],[-7.2993357,52.7560056],[-7.3005511,52.7567707],[-7.3006058,52.7567825],[-7.3006557,52.7567796],[-7.3045475,52.7555627],[-7.3059083,52.7551889],[-7.3077895,52.7547609],[-7.308434,52.7552836],[-7.3100888,52.7549236],[-7.3118737,52.7543865],[-7.3133287,52.7538902],[-7.3148894,52.7535414],[-7.3150212,52.7535095],[-7.3152865,52.7534426],[-7.3164954,52.7531376],[-7.3166098,52.7531087],[-7.3188602,52.752541],[-7.3200403,52.7522903],[-7.3225878,52.7516275],[-7.3228943,52.7515478],[-7.324596,52.7511437],[-7.3250282,52.7509736],[-7.3257118,52.7507975],[-7.3264116,52.750646],[-7.3266194,52.7506148],[-7.3268408,52.7505542],[-7.3268704,52.7505848],[-7.3273359,52.7504961],[-7.3287737,52.7503428],[-7.3304086,52.7500998],[-7.3314268,52.7499175],[-7.3340225,52.749605],[-7.3369961,52.7493213],[-7.3370309,52.7494148],[-7.3371037,52.7494978],[-7.3389844,52.7491015],[-7.3405046,52.7490755],[-7.3428475,52.7489572],[-7.3429152,52.7488092],[-7.3430863,52.7485875],[-7.3432239,52.7484862],[-7.3434046,52.7484058],[-7.3435886,52.7483836],[-7.3437915,52.7484001],[-7.3444188,52.7485491],[-7.3446085,52.7485722],[-7.344767,52.7485743],[-7.3449674,52.7485645],[-7.3452524,52.7485303],[-7.344664,52.7489711],[-7.3439183,52.7492488],[-7.3438179,52.7497089],[-7.3445066,52.7498314],[-7.3447172,52.7498688],[-7.3456419,52.7500225],[-7.3458019,52.7500396],[-7.3463469,52.7500977],[-7.3469046,52.7501537],[-7.3505151,52.7505162],[-7.3533546,52.7505509],[-7.3555487,52.7504815],[-7.3586177,52.7494398],[-7.3585747,52.7486412],[-7.3589762,52.7475908],[-7.3596502,52.7475561],[-7.3613711,52.7470179],[-7.3628482,52.7464362],[-7.3643827,52.7461845],[-7.364946,52.7459596],[-7.3647314,52.7457312],[-7.364835,52.7452296],[-7.3649608,52.7448355],[-7.3650643,52.7443474],[-7.3652641,52.7440877],[-7.3641914,52.7435189],[-7.3639575,52.7432424],[-7.3613217,52.7420798],[-7.3595432,52.7402746],[-7.3589155,52.7398312],[-7.3585493,52.7394955],[-7.358225,52.7395272],[-7.3580262,52.7396412],[-7.3579971,52.7391425],[-7.3577931,52.7387624],[-7.3579239,52.7384615],[-7.3586144,52.7375747],[-7.3592996,52.737087],[-7.3602959,52.735899],[-7.3605156,52.7347587],[-7.3603089,52.7342567],[-7.3597802,52.733489],[-7.3599356,52.7333345],[-7.360935,52.732976],[-7.3607898,52.7327109],[-7.3616775,52.7308294],[-7.3660775,52.7303138],[-7.3657049,52.7299726],[-7.3649442,52.7299945],[-7.3639571,52.7300318],[-7.3634113,52.7299857],[-7.3628011,52.7298502],[-7.3617379,52.729437],[-7.3613645,52.7293353],[-7.3598908,52.7293955],[-7.3595712,52.7294825],[-7.3591957,52.7296813],[-7.3588759,52.7298791],[-7.3586753,52.7299753],[-7.3585176,52.7299821],[-7.3580327,52.729898],[-7.3556509,52.7293314],[-7.3554037,52.7293458],[-7.3552746,52.7294367],[-7.3549068,52.7296208],[-7.3545935,52.7294231],[-7.3541264,52.7294864],[-7.3537588,52.7294799],[-7.3533882,52.729451],[-7.3529906,52.7292103],[-7.3527814,52.7291976],[-7.3525931,52.7290455],[-7.3521891,52.7290712],[-7.3521041,52.728867],[-7.3518957,52.7287798],[-7.3519026,52.7284753],[-7.3511703,52.7282346],[-7.3504588,52.728336],[-7.3492849,52.7283689],[-7.3486948,52.728351],[-7.3481502,52.7282412],[-7.3459194,52.7273415],[-7.3455401,52.7272795],[-7.3449454,52.7272779],[-7.3440352,52.7271828],[-7.3421828,52.727295],[-7.3413707,52.7273713],[-7.3408165,52.727284],[-7.3406197,52.7272773],[-7.340521,52.7273223],[-7.340067,52.7273622],[-7.3396306,52.727053],[-7.3394835,52.7269013],[-7.3396619,52.7263881],[-7.3394754,52.7261002],[-7.338986,52.725784],[-7.3385852,52.7255949],[-7.3382776,52.7252505],[-7.3380063,52.725083],[-7.3377882,52.7249484],[-7.3369492,52.7248525],[-7.336523,52.7247212],[-7.3361522,52.7246069],[-7.3344649,52.7243585],[-7.333323,52.7242484],[-7.3329128,52.7240508],[-7.3325772,52.723633],[-7.3321438,52.7233112],[-7.3319356,52.7230944],[-7.3315266,52.7236425],[-7.3318091,52.7237741],[-7.3325261,52.7239452],[-7.3326131,52.7243137],[-7.3325261,52.7248269],[-7.3329825,52.7251691],[-7.334069,52.7251296],[-7.3345253,52.7254192],[-7.3349164,52.7265115],[-7.3353945,52.7269589],[-7.3365462,52.7273537],[-7.3369808,52.7281696],[-7.3373285,52.7285644],[-7.3341984,52.7292275],[-7.3299106,52.7304638],[-7.3299459,52.7306012],[-7.3300787,52.7311701],[-7.3302012,52.7316524],[-7.3302523,52.7319059],[-7.3302216,52.7320172],[-7.3299868,52.7321038],[-7.3279853,52.7327778],[-7.3269336,52.7331735],[-7.3262494,52.7333837],[-7.325167,52.7337176],[-7.3243603,52.7340206],[-7.3236353,52.7342432],[-7.3230941,52.7343916],[-7.3223997,52.7346451],[-7.3217462,52.7348677],[-7.3209804,52.7351397],[-7.3204085,52.7353314],[-7.3196018,52.7355911],[-7.3187236,52.7358198],[-7.3181834,52.7360134],[-7.3182211,52.7360663],[-7.3180521,52.7361153],[-7.3151219,52.7369645],[-7.3142361,52.7372212],[-7.3118276,52.7379193],[-7.311698,52.7379524],[-7.308985,52.7386449],[-7.3089696,52.73831],[-7.3060348,52.7387472],[-7.3050668,52.7388217],[-7.3024701,52.7391101],[-7.3023764,52.7391304],[-7.3016611,52.7393282],[-7.3012734,52.7394246],[-7.3003457,52.7396049],[-7.2995399,52.7398011],[-7.298743,52.739915],[-7.2977461,52.7401079],[-7.2966076,52.7402395],[-7.2965864,52.740242],[-7.2964007,52.7402311],[-7.2951945,52.7394217],[-7.2954325,52.7392516],[-7.2951935,52.7391464],[-7.2940852,52.7394358],[-7.2925207,52.739791],[-7.2916732,52.7395411],[-7.290565,52.7395937],[-7.2904379,52.7398708],[-7.2901622,52.7403604],[-7.2894567,52.7413303],[-7.2899348,52.7426326],[-7.2871573,52.743295]]]}},{"type":"Feature","properties":{"@id":"relation/5352031","boundary":"civil_parish","logainm:ref":"1339","name":"Odagh","name:en":"Odagh","name:ga":"Bábhún Ó nDuach","wikidata":"Q60556212"},"geometry":{"type":"Polygon","coordinates":[[[-7.3512262,52.689032],[-7.3513867,52.6888481],[-7.3515647,52.6877845],[-7.3520225,52.6869367],[-7.3515266,52.6862199],[-7.3516283,52.6859964],[-7.351641,52.6853489],[-7.3518572,52.685241],[-7.3520225,52.6844009],[-7.3522514,52.6838844],[-7.3499277,52.6837663],[-7.3477067,52.6837817],[-7.345884,52.6838787],[-7.343364,52.6840951],[-7.3415502,52.6842793],[-7.340558,52.6845936],[-7.3394759,52.6849302],[-7.3387325,52.6855454],[-7.3378375,52.6861444],[-7.3374493,52.6863791],[-7.3364729,52.6864766],[-7.3332917,52.6865348],[-7.3327532,52.685407],[-7.3322415,52.6855485],[-7.3321639,52.6858308],[-7.3308752,52.6862637],[-7.330425,52.6863014],[-7.3300213,52.6861978],[-7.3295711,52.6857555],[-7.3290859,52.6849791],[-7.3281311,52.6840873],[-7.3270338,52.6835432],[-7.3266017,52.682786],[-7.3263272,52.6826263],[-7.3257563,52.6819075],[-7.3249617,52.6817922],[-7.3235126,52.6819786],[-7.3241054,52.6827107],[-7.3242811,52.6832165],[-7.3241274,52.6836823],[-7.3235784,52.6837356],[-7.3234655,52.6842223],[-7.3233808,52.6845874],[-7.3230996,52.6850315],[-7.3225465,52.6859051],[-7.3225684,52.6866371],[-7.3225465,52.6871163],[-7.3226782,52.6873425],[-7.3227551,52.6891792],[-7.3214926,52.6888398],[-7.320252,52.6888465],[-7.3191212,52.6891193],[-7.3170793,52.6891526],[-7.316212,52.6892391],[-7.315856,52.6892258],[-7.3153227,52.6892058],[-7.3155094,52.690164],[-7.3157509,52.6907429],[-7.3158058,52.6909625],[-7.3160802,52.691242],[-7.315674,52.6915242],[-7.3156021,52.6915741],[-7.3142747,52.6922304],[-7.3132578,52.6931361],[-7.3127183,52.6936443],[-7.3126573,52.6939528],[-7.3122712,52.6942602],[-7.3130661,52.6948842],[-7.3134787,52.694992],[-7.3118624,52.6961596],[-7.3125182,52.6966875],[-7.3115193,52.6971985],[-7.3105102,52.6974573],[-7.3085928,52.6984358],[-7.3080649,52.6990991],[-7.307537,52.6998189],[-7.307405,52.7000353],[-7.3071716,52.7003323],[-7.3064392,52.7008849],[-7.3059457,52.701418],[-7.3026224,52.7012557],[-7.3007893,52.7017399],[-7.3005889,52.7019869],[-7.2992091,52.7024283],[-7.2996497,52.7035209],[-7.2995103,52.7043203],[-7.2995673,52.7050749],[-7.2996037,52.7051388],[-7.2999201,52.7056934],[-7.3006879,52.7061269],[-7.3013464,52.7064161],[-7.3016455,52.7065176],[-7.3019932,52.7066356],[-7.3024516,52.7067613],[-7.3030109,52.7070776],[-7.3037458,52.707084],[-7.3040461,52.7068694],[-7.3045852,52.7066563],[-7.3049537,52.7064296],[-7.3053676,52.7061781],[-7.3056723,52.7060158],[-7.3061098,52.7060479],[-7.3065475,52.7062627],[-7.3066844,52.7064649],[-7.3065502,52.7069847],[-7.3060398,52.7073952],[-7.3055431,52.7079982],[-7.3054524,52.7083827],[-7.3054528,52.7088255],[-7.3060036,52.7100785],[-7.3061327,52.7101627],[-7.3064337,52.710359],[-7.3072963,52.7107407],[-7.3089401,52.7116214],[-7.309532,52.7118683],[-7.310888,52.7122589],[-7.311356,52.7123937],[-7.3123291,52.7127032],[-7.3133436,52.7128113],[-7.3133842,52.7129767],[-7.3133597,52.7131962],[-7.3133595,52.7132856],[-7.3134247,52.7134173],[-7.3135263,52.7136192],[-7.3141437,52.7138206],[-7.315351,52.7139598],[-7.3160334,52.7141843],[-7.3192791,52.7148643],[-7.3206774,52.7149388],[-7.3213419,52.7150179],[-7.3217106,52.7151396],[-7.3215084,52.7153391],[-7.3213547,52.7154853],[-7.3211653,52.7156315],[-7.3202329,52.7162402],[-7.3184798,52.7174213],[-7.3170626,52.7181999],[-7.3163573,52.7186271],[-7.3156586,52.7189705],[-7.315636,52.7189857],[-7.3153046,52.7192082],[-7.3151115,52.7193378],[-7.31496,52.7194037],[-7.3148544,52.7194496],[-7.3146474,52.7196036],[-7.3142282,52.7194337],[-7.3137399,52.7193465],[-7.3133779,52.7192819],[-7.3123435,52.7190438],[-7.3120827,52.7190264],[-7.3115553,52.7191362],[-7.3104189,52.7194654],[-7.3098943,52.7196173],[-7.3094232,52.7197309],[-7.3081903,52.7199347],[-7.3064864,52.7202741],[-7.3032368,52.7207712],[-7.3019184,52.7210267],[-7.2996575,52.7213521],[-7.2996222,52.7213587],[-7.2986655,52.7215377],[-7.2985118,52.7215817],[-7.2984112,52.7216343],[-7.2983602,52.7216774],[-7.297831,52.7214346],[-7.2976303,52.721635],[-7.2970329,52.7219392],[-7.2961498,52.7224583],[-7.2953793,52.7230037],[-7.2943836,52.7236802],[-7.2941152,52.7239791],[-7.2940373,52.7242465],[-7.2940373,52.7247132],[-7.2941152,52.7249282],[-7.2944442,52.7252428],[-7.2950503,52.7257671],[-7.2961585,52.7267791],[-7.2969001,52.7274482],[-7.2968231,52.7279997],[-7.2967156,52.7292653],[-7.2966503,52.7298733],[-7.2965551,52.7301896],[-7.2980444,52.7301009],[-7.2980444,52.7301996],[-7.2996063,52.730144],[-7.3051291,52.7298799],[-7.3079742,52.7294927],[-7.3088308,52.7305139],[-7.3091535,52.7307],[-7.3099427,52.7317036],[-7.3120864,52.7310527],[-7.3120147,52.7309549],[-7.3117117,52.7306508],[-7.3114173,52.7302471],[-7.3111057,52.7298434],[-7.3110897,52.7296123],[-7.3120538,52.7302396],[-7.3122692,52.7303701],[-7.3125601,52.7305774],[-7.3125641,52.7305803],[-7.312763,52.7307249],[-7.3128643,52.7307985],[-7.3131126,52.7309789],[-7.314113,52.7317577],[-7.3149138,52.7322926],[-7.3150969,52.7323573],[-7.3152922,52.7324],[-7.3157837,52.7326004],[-7.3159457,52.7326661],[-7.3161769,52.732806],[-7.3162555,52.7328774],[-7.3163049,52.7329223],[-7.3163323,52.7329663],[-7.3164614,52.7331743],[-7.3165751,52.7333808],[-7.3168088,52.7333018],[-7.3172675,52.7331491],[-7.31771,52.7329802],[-7.3181714,52.7327983],[-7.3185335,52.732683],[-7.3188124,52.7325904],[-7.3191814,52.7324601],[-7.319809,52.7322278],[-7.3205317,52.7319553],[-7.3210843,52.7317604],[-7.3212674,52.7316959],[-7.3223663,52.7313089],[-7.3239643,52.7308254],[-7.326724,52.729799],[-7.3294185,52.7288252],[-7.3344877,52.7275093],[-7.3353943,52.7271231],[-7.3353945,52.7269589],[-7.3349164,52.7265115],[-7.3345253,52.7254192],[-7.334069,52.7251296],[-7.3329825,52.7251691],[-7.3325261,52.7248269],[-7.3326131,52.7243137],[-7.3325261,52.7239452],[-7.3318091,52.7237741],[-7.3315266,52.7236425],[-7.3319356,52.7230944],[-7.3321438,52.7233112],[-7.3325772,52.723633],[-7.3329128,52.7240508],[-7.333323,52.7242484],[-7.3344649,52.7243585],[-7.3361522,52.7246069],[-7.336523,52.7247212],[-7.3369492,52.7248525],[-7.3377882,52.7249484],[-7.3380063,52.725083],[-7.3382776,52.7252505],[-7.3385852,52.7255949],[-7.338986,52.725784],[-7.3394754,52.7261002],[-7.3396619,52.7263881],[-7.3394835,52.7269013],[-7.3396306,52.727053],[-7.340067,52.7273622],[-7.340521,52.7273223],[-7.3406197,52.7272773],[-7.3408165,52.727284],[-7.3413707,52.7273713],[-7.3421828,52.727295],[-7.3440352,52.7271828],[-7.3449454,52.7272779],[-7.3455401,52.7272795],[-7.3459194,52.7273415],[-7.3481502,52.7282412],[-7.3486948,52.728351],[-7.3492849,52.7283689],[-7.3504588,52.728336],[-7.3511703,52.7282346],[-7.3519026,52.7284753],[-7.3518957,52.7287798],[-7.3521041,52.728867],[-7.3521891,52.7290712],[-7.3525931,52.7290455],[-7.3527814,52.7291976],[-7.3529906,52.7292103],[-7.3533882,52.729451],[-7.3537588,52.7294799],[-7.3541264,52.7294864],[-7.3545935,52.7294231],[-7.3549068,52.7296208],[-7.3552746,52.7294367],[-7.3554037,52.7293458],[-7.3556509,52.7293314],[-7.3580327,52.729898],[-7.3585176,52.7299821],[-7.3586753,52.7299753],[-7.3588759,52.7298791],[-7.3591957,52.7296813],[-7.3595712,52.7294825],[-7.3598908,52.7293955],[-7.3613645,52.7293353],[-7.3617379,52.729437],[-7.3628011,52.7298502],[-7.3634113,52.7299857],[-7.3639571,52.7300318],[-7.3649442,52.7299945],[-7.3649267,52.7299409],[-7.3647538,52.7294117],[-7.3648394,52.7292961],[-7.3649506,52.7292087],[-7.3653025,52.7291281],[-7.365631,52.7291303],[-7.3659712,52.7291841],[-7.3662967,52.7290945],[-7.3665594,52.7289],[-7.3668411,52.7282763],[-7.3669319,52.7278702],[-7.3669477,52.7277998],[-7.3670069,52.7274638],[-7.366822,52.7273249],[-7.3666471,52.7268476],[-7.366631,52.7266046],[-7.3666575,52.7265834],[-7.3666814,52.7265643],[-7.366892,52.7265405],[-7.3670052,52.726428],[-7.3670661,52.7256896],[-7.3675544,52.7252953],[-7.3681018,52.7252729],[-7.3680661,52.7251188],[-7.3672302,52.7248986],[-7.3664454,52.724705],[-7.3660557,52.7245975],[-7.3656347,52.7244806],[-7.3649349,52.7242638],[-7.363983,52.723903],[-7.3628864,52.7234674],[-7.3624097,52.7232499],[-7.3620497,52.7231102],[-7.361772,52.7230025],[-7.3608557,52.7227137],[-7.3601623,52.7226912],[-7.3594132,52.722695],[-7.3587136,52.7225375],[-7.357713,52.7221648],[-7.3582897,52.7214281],[-7.3582749,52.7207022],[-7.3580677,52.7201376],[-7.3576534,52.7199494],[-7.3572096,52.7199494],[-7.3567065,52.7199942],[-7.3566326,52.719797],[-7.3571504,52.7188202],[-7.3574463,52.7184438],[-7.3582453,52.7179329],[-7.3586447,52.7170726],[-7.3587335,52.7164631],[-7.3586743,52.716015],[-7.3590146,52.7158806],[-7.3593993,52.7157282],[-7.3597692,52.7154324],[-7.3598432,52.7151277],[-7.361012,52.7150381],[-7.3613375,52.7152442],[-7.361811,52.7156923],[-7.3626099,52.7162928],[-7.3644298,52.7174848],[-7.3651547,52.7184976],[-7.3676996,52.7178523],[-7.3679807,52.7175117],[-7.3686021,52.7164093],[-7.3687205,52.7158806],[-7.3700256,52.7148383],[-7.3700156,52.7147918],[-7.3700105,52.7147384],[-7.3700105,52.7146865],[-7.370019,52.7145308],[-7.3700288,52.7142417],[-7.3700559,52.7139854],[-7.3700633,52.7138468],[-7.3701986,52.7136385],[-7.3703377,52.7118102],[-7.3705301,52.7105195],[-7.3707964,52.7099727],[-7.3708704,52.7096589],[-7.3710552,52.7096393],[-7.3707532,52.7089658],[-7.3713705,52.7078248],[-7.3690793,52.7074699],[-7.3685351,52.7061036],[-7.3681948,52.705252],[-7.3677953,52.7048127],[-7.3673663,52.704723],[-7.3662566,52.7040686],[-7.3659755,52.7042479],[-7.3656352,52.7035486],[-7.3652505,52.7032079],[-7.3647633,52.7031361],[-7.3648288,52.7031033],[-7.3648829,52.7030606],[-7.364927,52.7030033],[-7.364961,52.7029262],[-7.3650114,52.7028072],[-7.3650416,52.7027347],[-7.3650706,52.7026301],[-7.3650996,52.7025103],[-7.3651197,52.7023539],[-7.3651298,52.7022432],[-7.3651361,52.7021829],[-7.3651386,52.7020372],[-7.3651462,52.7019258],[-7.3651446,52.7019192],[-7.3652199,52.7015716],[-7.3657463,52.7007919],[-7.3658875,52.7004587],[-7.3659087,52.7004086],[-7.3656437,52.7000053],[-7.3635279,52.698499],[-7.3636608,52.6978481],[-7.3637314,52.6970333],[-7.3635983,52.6958586],[-7.363184,52.6949082],[-7.3631544,52.6943432],[-7.3632728,52.6924691],[-7.361882,52.692496],[-7.3596331,52.6924332],[-7.3580944,52.6927202],[-7.3572362,52.6927829],[-7.355344,52.6928977],[-7.3541162,52.6928713],[-7.353812,52.6927265],[-7.3537142,52.6924565],[-7.3534969,52.6924104],[-7.3522583,52.6915016],[-7.3521497,52.6913633],[-7.3519432,52.6912382],[-7.3518237,52.6910472],[-7.3514543,52.6907706],[-7.3517368,52.6905928],[-7.3514326,52.6900001],[-7.3515956,52.6899277],[-7.3514978,52.6895523],[-7.3511284,52.6894403],[-7.351476,52.6890979],[-7.3512262,52.689032]]]}},{"type":"Feature","properties":{"@id":"relation/5353661","boundary":"civil_parish","logainm:ref":"1274","name":"Clara","name:en":"Clara","name:ga":"Clárach","wikidata":"Q4222952"},"geometry":{"type":"Polygon","coordinates":[[[-7.1743292,52.6715887],[-7.1747477,52.6712504],[-7.1753677,52.6694645],[-7.1753063,52.6693901],[-7.1751972,52.6692578],[-7.1746218,52.6678693],[-7.1742933,52.6670636],[-7.1741691,52.6668439],[-7.1737121,52.6662542],[-7.1734483,52.6661298],[-7.1733804,52.6659724],[-7.1733679,52.665787],[-7.1734637,52.6652625],[-7.1739971,52.6648783],[-7.1740738,52.6645924],[-7.1743368,52.6642468],[-7.1746547,52.6642202],[-7.1746656,52.6639809],[-7.1745012,52.663735],[-7.1749177,52.6626781],[-7.1752465,52.6625119],[-7.1764192,52.6615812],[-7.1766494,52.6614749],[-7.1768536,52.6614304],[-7.1773289,52.6614682],[-7.1778659,52.6613419],[-7.1789619,52.6606772],[-7.1790496,52.6605509],[-7.1792284,52.6604337],[-7.1797677,52.6601708],[-7.1800689,52.6599326],[-7.1803648,52.6594939],[-7.1813074,52.6581909],[-7.181406,52.6578053],[-7.1815128,52.657715],[-7.181595,52.6576359],[-7.18172,52.6574215],[-7.181954,52.6573001],[-7.1825349,52.6567017],[-7.1823485,52.6561006],[-7.1822649,52.6559981],[-7.1817168,52.6556611],[-7.1808544,52.6552932],[-7.1805475,52.6543578],[-7.1799263,52.6538436],[-7.1788155,52.6534268],[-7.1789471,52.6531874],[-7.1793928,52.6528283],[-7.1792985,52.6526993],[-7.1791332,52.6526554],[-7.1790608,52.65253],[-7.1787198,52.6524862],[-7.1785027,52.6523169],[-7.17811,52.6524736],[-7.1773452,52.6521977],[-7.1768491,52.6521789],[-7.1767871,52.6520159],[-7.176003,52.6516912],[-7.1759108,52.651653],[-7.1754625,52.6516918],[-7.1748797,52.6515216],[-7.1743096,52.6513551],[-7.1739573,52.6511284],[-7.1731994,52.6510377],[-7.1727617,52.6508434],[-7.1728684,52.6497619],[-7.1722279,52.6490171],[-7.1716622,52.648078],[-7.1713206,52.6478513],[-7.1707761,52.6472296],[-7.170253,52.6466531],[-7.170189,52.6463746],[-7.1701356,52.6456881],[-7.1699968,52.645429],[-7.1696125,52.645144],[-7.1696125,52.6447942],[-7.1694951,52.6445092],[-7.1694311,52.6439328],[-7.1692282,52.6438291],[-7.1688653,52.6438291],[-7.1686411,52.643855],[-7.168449,52.6440558],[-7.1677231,52.644276],[-7.1658577,52.642746],[-7.1651745,52.6420312],[-7.1615276,52.6409897],[-7.1576505,52.6403169],[-7.1582275,52.6399205],[-7.15843,52.6393873],[-7.1581663,52.6383079],[-7.1586508,52.6383637],[-7.1587242,52.6381828],[-7.15849,52.637709],[-7.1586028,52.6362877],[-7.1590278,52.6363035],[-7.159609,52.6347506],[-7.1603636,52.6341103],[-7.1602593,52.6338758],[-7.1599097,52.6333546],[-7.1598484,52.6328223],[-7.1605476,52.6325803],[-7.1603575,52.6322937],[-7.1600324,52.6322118],[-7.1601673,52.6321262],[-7.1598791,52.6317465],[-7.1600263,52.6315827],[-7.1596583,52.6311583],[-7.1595295,52.6308903],[-7.1606458,52.6310094],[-7.1596705,52.630075],[-7.159646,52.6299261],[-7.15905,52.6293723],[-7.1589918,52.6293753],[-7.1587602,52.629387],[-7.1564182,52.6300465],[-7.1553156,52.6303909],[-7.1551734,52.6305429],[-7.154899,52.6306246],[-7.1534021,52.6309684],[-7.1513657,52.6312625],[-7.1502126,52.6314896],[-7.1469496,52.6319401],[-7.1458455,52.6320406],[-7.1443551,52.6322379],[-7.1440975,52.6329712],[-7.1437417,52.6337083],[-7.1436252,52.6341364],[-7.1430303,52.6350781],[-7.1424292,52.6358822],[-7.1418342,52.6368686],[-7.1413239,52.6379872],[-7.1410144,52.6379763],[-7.1403909,52.6380747],[-7.1399268,52.6381357],[-7.1395659,52.638281],[-7.1394299,52.6383419],[-7.1391656,52.6384441],[-7.1376001,52.6390492],[-7.1375387,52.640337],[-7.1373915,52.6409772],[-7.1373057,52.6419449],[-7.1371217,52.6422575],[-7.1367046,52.6432475],[-7.1361771,52.6448701],[-7.1360422,52.6454432],[-7.1355269,52.647036],[-7.1352939,52.6474751],[-7.135364,52.6478119],[-7.1344032,52.6479155],[-7.133293,52.6479026],[-7.1325458,52.647786],[-7.132375,52.6484466],[-7.1328223,52.6485633],[-7.1326945,52.6492994],[-7.1326091,52.649928],[-7.1328747,52.6502191],[-7.1336443,52.6507042],[-7.1338208,52.6508834],[-7.1338578,52.651109],[-7.1338341,52.6514083],[-7.1335419,52.6521842],[-7.1332837,52.6525863],[-7.1332635,52.6526219],[-7.1331936,52.6527448],[-7.1326098,52.6538866],[-7.1321401,52.6541715],[-7.1321828,52.6543917],[-7.1324177,52.6547025],[-7.1323365,52.6549096],[-7.1325514,52.6554366],[-7.1324766,52.6557255],[-7.1320862,52.6560019],[-7.1319629,52.6562637],[-7.1320283,52.6563997],[-7.1323323,52.6568783],[-7.132439,52.6573575],[-7.1320547,52.6575906],[-7.131948,52.657733],[-7.1316381,52.6577602],[-7.1304852,52.6581345],[-7.1298557,52.6588986],[-7.130667,52.6589115],[-7.1318306,52.6594943],[-7.1312327,52.6599605],[-7.1312221,52.6601223],[-7.130667,52.6602842],[-7.1299304,52.6607504],[-7.1298663,52.6609835],[-7.1294607,52.6612878],[-7.1294607,52.6616309],[-7.1285426,52.6620971],[-7.1287775,52.6624467],[-7.1280089,52.663133],[-7.128137,52.6635733],[-7.1287561,52.6638452],[-7.1291618,52.6640653],[-7.1293753,52.6644667],[-7.1296528,52.664907],[-7.1300169,52.6652754],[-7.1308057,52.6654379],[-7.1309817,52.6657125],[-7.1311371,52.6658648],[-7.1314249,52.6659817],[-7.131553,52.6662277],[-7.1317665,52.6665643],[-7.1318338,52.6666724],[-7.1319752,52.6667804],[-7.1322474,52.6668554],[-7.132834,52.6673542],[-7.1333311,52.6675711],[-7.1335316,52.6678477],[-7.1338432,52.6681179],[-7.1345542,52.6685846],[-7.1346915,52.6686748],[-7.1358657,52.6692445],[-7.1358444,52.6699565],[-7.1360152,52.6704097],[-7.1359938,52.6707981],[-7.1358761,52.6711653],[-7.1355424,52.6713453],[-7.1351627,52.6714599],[-7.1340127,52.6719481],[-7.1324064,52.6733148],[-7.1325114,52.6733205],[-7.1327855,52.6733354],[-7.1332897,52.6734949],[-7.1338048,52.673661],[-7.134035,52.6742525],[-7.1341994,52.674505],[-7.1340459,52.6746911],[-7.1338706,52.6755417],[-7.1337829,52.6759404],[-7.1325334,52.6770568],[-7.1322266,52.6771631],[-7.1320805,52.6775055],[-7.1320443,52.6776318],[-7.1321377,52.6780685],[-7.1322088,52.679189],[-7.1324331,52.6798197],[-7.1328872,52.6804329],[-7.1341074,52.6818352],[-7.1351293,52.6831425],[-7.1357654,52.6838816],[-7.1449791,52.6823913],[-7.1466492,52.6820538],[-7.1492362,52.6815377],[-7.1496291,52.6817362],[-7.1511027,52.6812995],[-7.151332,52.6810017],[-7.1519705,52.6807039],[-7.1531658,52.6802671],[-7.154623,52.6798105],[-7.1565681,52.6786131],[-7.1593004,52.6770688],[-7.1616389,52.675761],[-7.1616913,52.6757286],[-7.1624903,52.6752348],[-7.1628432,52.6750403],[-7.1637511,52.6745399],[-7.163885,52.6744844],[-7.1657159,52.6737258],[-7.1668129,52.6732195],[-7.1668877,52.6731908],[-7.1682865,52.6726536],[-7.1743292,52.6715887]]]}},{"type":"Feature","properties":{"@id":"relation/5353671","boundary":"civil_parish","logainm:ref":"1267","name":"Blackrath","name:en":"Blackrath","name:ga":"An Ráth Dhubh","wikidata":"Q60553591"},"geometry":{"type":"MultiPolygon","coordinates":[[[[-7.1993353,52.6346666],[-7.1986281,52.634029],[-7.1984203,52.6335623],[-7.1983892,52.6334924],[-7.1980232,52.6326707],[-7.197991,52.6325983],[-7.1980589,52.6321002],[-7.1978431,52.6313276],[-7.1977053,52.6309061],[-7.1975541,52.6304349],[-7.1972183,52.6294741],[-7.197092,52.6291458],[-7.1969131,52.628681],[-7.1969929,52.6279123],[-7.1967411,52.6267314],[-7.1967782,52.6259103],[-7.197151,52.6247548],[-7.1970632,52.6236113],[-7.1960443,52.622106],[-7.1956368,52.6222268],[-7.19515,52.622371],[-7.1948312,52.6224655],[-7.1881782,52.6251035],[-7.1851495,52.6258072],[-7.185015,52.6256778],[-7.1849678,52.6256189],[-7.1814423,52.6265625],[-7.1781722,52.6274391],[-7.1767496,52.6278182],[-7.1763289,52.6278919],[-7.174464,52.6283579],[-7.1738828,52.6286027],[-7.1724386,52.629045],[-7.1708122,52.629503],[-7.1699274,52.6282868],[-7.1692031,52.6276682],[-7.1683314,52.6267152],[-7.1671126,52.62706],[-7.1654212,52.6276129],[-7.1619992,52.628529],[-7.15905,52.6293723],[-7.159646,52.6299261],[-7.1596705,52.630075],[-7.1606458,52.6310094],[-7.1595295,52.6308903],[-7.1596583,52.6311583],[-7.1600263,52.6315827],[-7.1598791,52.6317465],[-7.1601673,52.6321262],[-7.1600324,52.6322118],[-7.1603575,52.6322937],[-7.1605476,52.6325803],[-7.1598484,52.6328223],[-7.1599097,52.6333546],[-7.1602593,52.6338758],[-7.1603636,52.6341103],[-7.159609,52.6347506],[-7.1590278,52.6363035],[-7.1586028,52.6362877],[-7.15849,52.637709],[-7.1587242,52.6381828],[-7.1586508,52.6383637],[-7.1581663,52.6383079],[-7.15843,52.6393873],[-7.1582275,52.6399205],[-7.1576505,52.6403169],[-7.1615276,52.6409897],[-7.1651745,52.6420312],[-7.1658577,52.642746],[-7.1677231,52.644276],[-7.168449,52.6440558],[-7.1686411,52.643855],[-7.1688653,52.6438291],[-7.1692282,52.6438291],[-7.1693231,52.6437258],[-7.1695374,52.643613],[-7.1696651,52.6434975],[-7.1696547,52.6433389],[-7.1699264,52.6432244],[-7.1700699,52.6431374],[-7.1704171,52.6430183],[-7.1708398,52.6427618],[-7.1709008,52.6426727],[-7.1710663,52.6425328],[-7.1713585,52.6423279],[-7.172026,52.6419521],[-7.1720787,52.6419027],[-7.1722589,52.6417404],[-7.1729534,52.6414289],[-7.1735572,52.6413373],[-7.1739648,52.6411541],[-7.1742343,52.6410769],[-7.1750744,52.6408885],[-7.1754263,52.6406686],[-7.1757161,52.6406732],[-7.1760633,52.6408426],[-7.1763124,52.6407923],[-7.1767136,52.640825],[-7.1768454,52.6406925],[-7.177188,52.6407242],[-7.1777994,52.6405911],[-7.1780685,52.6405393],[-7.1785246,52.6402507],[-7.1787279,52.6399769],[-7.1774582,52.6395705],[-7.1790785,52.6387326],[-7.1816982,52.6380669],[-7.1828443,52.6378781],[-7.1842361,52.6375304],[-7.1854804,52.6372124],[-7.1858243,52.637272],[-7.1867084,52.6370832],[-7.1882803,52.6368547],[-7.1902123,52.6365765],[-7.1913093,52.6363877],[-7.193749,52.6359902],[-7.1938145,52.635861],[-7.196205,52.6353145],[-7.1977441,52.6350065],[-7.1993353,52.6346666]]],[[[-7.1743292,52.6715887],[-7.1735697,52.6719929],[-7.1736281,52.6742657],[-7.1744939,52.6745382],[-7.1749323,52.6749369],[-7.1758091,52.675309],[-7.1749652,52.6766447],[-7.1756447,52.6766381],[-7.1762256,52.6762194],[-7.1768722,52.6759935],[-7.1771791,52.6761596],[-7.1773545,52.6765916],[-7.1776942,52.6767909],[-7.1782203,52.6769371],[-7.1800945,52.6776548],[-7.1813987,52.6783259],[-7.1816149,52.6786005],[-7.1819094,52.6784877],[-7.1824563,52.6785887],[-7.183007,52.6785927],[-7.1838349,52.6786742],[-7.1838624,52.6787602],[-7.1841836,52.6787124],[-7.184423,52.6786767],[-7.1849473,52.6788354],[-7.1857068,52.6789669],[-7.1886053,52.6796153],[-7.1901045,52.6780356],[-7.1907063,52.6776676],[-7.1912333,52.6772541],[-7.1908303,52.6765305],[-7.1907218,52.6754592],[-7.1901638,52.6725927],[-7.1899792,52.6701657],[-7.1902423,52.669418],[-7.190867,52.6668824],[-7.190988,52.6665063],[-7.19113,52.6660649],[-7.1912396,52.6647156],[-7.1911165,52.6644661],[-7.191807,52.6619336],[-7.1919495,52.6609963],[-7.1917632,52.6607437],[-7.1917553,52.6606451],[-7.1917433,52.660494],[-7.1918621,52.6604303],[-7.1919809,52.660289],[-7.1920997,52.659617],[-7.1922114,52.6589348],[-7.1922642,52.6584617],[-7.1923501,52.658054],[-7.1923571,52.6577852],[-7.1923989,52.6573732],[-7.1924983,52.6572298],[-7.1929163,52.6568802],[-7.1930514,52.6568596],[-7.1935239,52.6574243],[-7.1940804,52.6578644],[-7.1944183,52.6581305],[-7.1949635,52.6578784],[-7.1958782,52.657538],[-7.1970031,52.657175],[-7.1963919,52.6567173],[-7.1962118,52.6565824],[-7.1956073,52.6560182],[-7.1945912,52.6548614],[-7.1947308,52.654737],[-7.1960471,52.6535632],[-7.1965049,52.6530441],[-7.1961395,52.6527958],[-7.1960957,52.6526096],[-7.196388,52.6525653],[-7.1969991,52.6518758],[-7.1969371,52.6514808],[-7.1967564,52.6510522],[-7.1970343,52.6507572],[-7.1971538,52.6506046],[-7.1974742,52.6501953],[-7.197891,52.6500969],[-7.1980149,52.6500523],[-7.1985162,52.6498721],[-7.1993035,52.649549],[-7.1997898,52.64924],[-7.2002297,52.6489028],[-7.2009012,52.6485376],[-7.2016075,52.6482917],[-7.2018073,52.6480291],[-7.2019548,52.6478351],[-7.2021863,52.6475542],[-7.2026147,52.6474769],[-7.2031241,52.6474207],[-7.2036683,52.6472451],[-7.2042935,52.646936],[-7.2049302,52.6467253],[-7.2056133,52.6465497],[-7.2063775,52.6465848],[-7.2070605,52.646346],[-7.2072432,52.6462126],[-7.2073901,52.6460713],[-7.2075468,52.6459456],[-7.2076163,52.6456997],[-7.2076104,52.6455272],[-7.2076074,52.6454386],[-7.2076126,52.6453696],[-7.207268,52.6453097],[-7.2070256,52.6450698],[-7.206971,52.645028],[-7.2067776,52.6450522],[-7.2067613,52.6449411],[-7.2068621,52.6447867],[-7.2069893,52.6445347],[-7.2069339,52.6445023],[-7.2066582,52.6442781],[-7.2077486,52.6428891],[-7.2085702,52.6418951],[-7.208963,52.6417384],[-7.209273,52.6413088],[-7.2095882,52.6410203],[-7.2098466,52.6403994],[-7.2097743,52.6396406],[-7.2088493,52.639374],[-7.2089268,52.6391608],[-7.2085961,52.6391608],[-7.2085839,52.6391502],[-7.2085208,52.6390957],[-7.2084015,52.6389925],[-7.2074822,52.6390504],[-7.207375,52.6390811],[-7.2078524,52.6404058],[-7.2085467,52.6409069],[-7.2083892,52.64114],[-7.2082214,52.6410958],[-7.2077626,52.6410238],[-7.2075894,52.6412749],[-7.2060967,52.64091],[-7.2051704,52.6416696],[-7.2048562,52.6420066],[-7.2059377,52.642357],[-7.2038705,52.644348],[-7.2032996,52.6448978],[-7.2021505,52.6448343],[-7.2003299,52.6445206],[-7.1994942,52.6443511],[-7.1984303,52.6440791],[-7.1980953,52.64399],[-7.1961767,52.645257],[-7.195181,52.6459875],[-7.1943098,52.6467349],[-7.1927871,52.6482051],[-7.1922347,52.6487408],[-7.1915918,52.6493972],[-7.1904866,52.6507729],[-7.1901755,52.6511901],[-7.1898995,52.6514436],[-7.1898726,52.6514683],[-7.1890949,52.6521586],[-7.188701,52.6527843],[-7.1880523,52.6532675],[-7.1876131,52.6536237],[-7.1874433,52.6537923],[-7.1867781,52.6544531],[-7.1862177,52.6550584],[-7.1860413,52.6553072],[-7.1843104,52.6570009],[-7.1831706,52.6569411],[-7.1825349,52.6567017],[-7.181954,52.6573001],[-7.18172,52.6574215],[-7.181595,52.6576359],[-7.1815128,52.657715],[-7.181406,52.6578053],[-7.1813074,52.6581909],[-7.1803648,52.6594939],[-7.1800689,52.6599326],[-7.1797677,52.6601708],[-7.1792284,52.6604337],[-7.1790496,52.6605509],[-7.1789619,52.6606772],[-7.1778659,52.6613419],[-7.1773289,52.6614682],[-7.1768536,52.6614304],[-7.1766494,52.6614749],[-7.1764192,52.6615812],[-7.1752465,52.6625119],[-7.1749177,52.6626781],[-7.1745012,52.663735],[-7.1746656,52.6639809],[-7.1746547,52.6642202],[-7.1743368,52.6642468],[-7.1740738,52.6645924],[-7.1739971,52.6648783],[-7.1734637,52.6652625],[-7.1733679,52.665787],[-7.1733804,52.6659724],[-7.1734483,52.6661298],[-7.1737121,52.6662542],[-7.1741691,52.6668439],[-7.1742933,52.6670636],[-7.1746218,52.6678693],[-7.1751972,52.6692578],[-7.1753063,52.6693901],[-7.1753677,52.6694645],[-7.1747477,52.6712504],[-7.1743292,52.6715887]]]]}},{"type":"Feature","properties":{"@id":"relation/5353678","boundary":"civil_parish","logainm:ref":"1359","name":"St. Martin's","name:en":"St. Martin's","name:ga":"Teampall Mhártain","wikidata":"Q60556572"},"geometry":{"type":"Polygon","coordinates":[[[-7.1996707,52.6358995],[-7.1996678,52.6352362],[-7.1993353,52.6346666],[-7.1977441,52.6350065],[-7.196205,52.6353145],[-7.1938145,52.635861],[-7.193749,52.6359902],[-7.1913093,52.6363877],[-7.1902123,52.6365765],[-7.1882803,52.6368547],[-7.1867084,52.6370832],[-7.1858243,52.637272],[-7.1854804,52.6372124],[-7.1842361,52.6375304],[-7.1828443,52.6378781],[-7.1816982,52.6380669],[-7.1790785,52.6387326],[-7.1774582,52.6395705],[-7.1787279,52.6399769],[-7.1785246,52.6402507],[-7.1780685,52.6405393],[-7.1777994,52.6405911],[-7.177188,52.6407242],[-7.1768454,52.6406925],[-7.1767136,52.640825],[-7.1763124,52.6407923],[-7.1760633,52.6408426],[-7.1757161,52.6406732],[-7.1754263,52.6406686],[-7.1750744,52.6408885],[-7.1742343,52.6410769],[-7.1739648,52.6411541],[-7.1735572,52.6413373],[-7.1729534,52.6414289],[-7.1722589,52.6417404],[-7.1720787,52.6419027],[-7.172026,52.6419521],[-7.1713585,52.6423279],[-7.1710663,52.6425328],[-7.1709008,52.6426727],[-7.1708398,52.6427618],[-7.1704171,52.6430183],[-7.1700699,52.6431374],[-7.1699264,52.6432244],[-7.1696547,52.6433389],[-7.1696651,52.6434975],[-7.1695374,52.643613],[-7.1693231,52.6437258],[-7.1692282,52.6438291],[-7.1694311,52.6439328],[-7.1694951,52.6445092],[-7.1696125,52.6447942],[-7.1696125,52.645144],[-7.1699968,52.645429],[-7.1701356,52.6456881],[-7.170189,52.6463746],[-7.170253,52.6466531],[-7.1707761,52.6472296],[-7.1713206,52.6478513],[-7.1716622,52.648078],[-7.1722279,52.6490171],[-7.1728684,52.6497619],[-7.1727617,52.6508434],[-7.1731994,52.6510377],[-7.1739573,52.6511284],[-7.1743096,52.6513551],[-7.1748797,52.6515216],[-7.1754625,52.6516918],[-7.1759108,52.651653],[-7.176003,52.6516912],[-7.1767871,52.6520159],[-7.1768491,52.6521789],[-7.1773452,52.6521977],[-7.17811,52.6524736],[-7.1785027,52.6523169],[-7.1787198,52.6524862],[-7.1790608,52.65253],[-7.1791332,52.6526554],[-7.1792985,52.6526993],[-7.1793928,52.6528283],[-7.1789471,52.6531874],[-7.1788155,52.6534268],[-7.1799263,52.6538436],[-7.1805475,52.6543578],[-7.1808544,52.6552932],[-7.1817168,52.6556611],[-7.1822649,52.6559981],[-7.1823485,52.6561006],[-7.1825349,52.6567017],[-7.1831706,52.6569411],[-7.1843104,52.6570009],[-7.1860413,52.6553072],[-7.1862177,52.6550584],[-7.1867781,52.6544531],[-7.1874433,52.6537923],[-7.1876131,52.6536237],[-7.1880523,52.6532675],[-7.188701,52.6527843],[-7.1890949,52.6521586],[-7.1898726,52.6514683],[-7.1898995,52.6514436],[-7.1901755,52.6511901],[-7.1904866,52.6507729],[-7.1915918,52.6493972],[-7.1922347,52.6487408],[-7.1927871,52.6482051],[-7.1943098,52.6467349],[-7.195181,52.6459875],[-7.1961767,52.645257],[-7.1980953,52.64399],[-7.1984303,52.6440791],[-7.1994942,52.6443511],[-7.2003299,52.6445206],[-7.2021505,52.6448343],[-7.2032996,52.6448978],[-7.2038705,52.644348],[-7.2059377,52.642357],[-7.2048562,52.6420066],[-7.2051704,52.6416696],[-7.2060967,52.64091],[-7.2075894,52.6412749],[-7.2077626,52.6410238],[-7.2082214,52.6410958],[-7.2083892,52.64114],[-7.2085467,52.6409069],[-7.2078524,52.6404058],[-7.207375,52.6390811],[-7.2068317,52.6392366],[-7.2056175,52.6393508],[-7.2041192,52.6392843],[-7.2028176,52.6389766],[-7.2014583,52.6384527],[-7.2011619,52.6382948],[-7.200678,52.6380369],[-7.2002217,52.637382],[-7.199886,52.6368491],[-7.1996716,52.6361016],[-7.1996707,52.6358995]]]}},{"type":"Feature","properties":{"@id":"relation/5356436","boundary":"civil_parish","logainm:ref":"1358","name":"St John's","name:en":"St. John's","name:ga":"Paróiste Eoin"},"geometry":{"type":"Polygon","coordinates":[[[-7.2502659,52.6519549],[-7.2505852,52.6518425],[-7.2506179,52.6518305],[-7.2506671,52.6518123],[-7.2507487,52.6517778],[-7.2507825,52.6517635],[-7.25093,52.6517092],[-7.2511338,52.6516121],[-7.251196,52.6515667],[-7.2513812,52.651405],[-7.2514908,52.6512798],[-7.2515311,52.6512112],[-7.2515907,52.6510995],[-7.2516408,52.6509679],[-7.2516647,52.6509134],[-7.2514034,52.6507586],[-7.2498641,52.6501747],[-7.248939,52.6497093],[-7.2487665,52.6496257],[-7.2486124,52.6495509],[-7.2472477,52.648937],[-7.2466424,52.6486647],[-7.246632,52.6486602],[-7.2463916,52.6485592],[-7.2461484,52.6484569],[-7.2460796,52.6484279],[-7.2455158,52.6481907],[-7.245441,52.6481723],[-7.2453171,52.6481417],[-7.2451868,52.6481202],[-7.2449452,52.6481047],[-7.2447015,52.6481021],[-7.2444973,52.6481222],[-7.2444968,52.6480679],[-7.2444968,52.6480368],[-7.2444183,52.6480424],[-7.244357,52.6480467],[-7.2442707,52.6480914],[-7.2440755,52.6481181],[-7.2439791,52.6481313],[-7.2439578,52.6481313],[-7.2438894,52.6481313],[-7.2437146,52.6480976],[-7.2434321,52.6480053],[-7.2433012,52.647974],[-7.2430575,52.6479158],[-7.2428447,52.6478077],[-7.2427047,52.6477128],[-7.2426302,52.6476442],[-7.242561,52.6475804],[-7.2423465,52.6473167],[-7.2378785,52.6485145],[-7.2387802,52.649762],[-7.2374452,52.650015],[-7.2365875,52.6493818],[-7.236166,52.648591],[-7.2360298,52.648149],[-7.2357593,52.6472713],[-7.2355191,52.646393],[-7.235132,52.645907],[-7.2347532,52.6454313],[-7.2339064,52.6446135],[-7.2332844,52.6441787],[-7.2325771,52.6439738],[-7.2318074,52.6438931],[-7.2310497,52.643815],[-7.2307391,52.6438001],[-7.2289786,52.6437158],[-7.2281177,52.643801],[-7.2272871,52.6438832],[-7.2259169,52.6437636],[-7.2242957,52.6431201],[-7.2223379,52.6425092],[-7.221964,52.6423862],[-7.2212997,52.6421677],[-7.2189135,52.6417206],[-7.218002,52.6414637],[-7.2179028,52.6413923],[-7.2168926,52.6406655],[-7.2156795,52.6400358],[-7.2145241,52.6397831],[-7.2135337,52.6394966],[-7.2116154,52.6391428],[-7.2104967,52.6390103],[-7.2092981,52.638936],[-7.2084015,52.6389925],[-7.2085208,52.6390957],[-7.2085839,52.6391502],[-7.2085961,52.6391608],[-7.2089268,52.6391608],[-7.2088493,52.639374],[-7.2097743,52.6396406],[-7.2098466,52.6403994],[-7.2095882,52.6410203],[-7.209273,52.6413088],[-7.208963,52.6417384],[-7.2085702,52.6418951],[-7.2077486,52.6428891],[-7.2066582,52.6442781],[-7.2069339,52.6445023],[-7.2069893,52.6445347],[-7.2068621,52.6447867],[-7.2067613,52.6449411],[-7.2067776,52.6450522],[-7.206971,52.645028],[-7.2070256,52.6450698],[-7.207268,52.6453097],[-7.2076126,52.6453696],[-7.2076074,52.6454386],[-7.2076104,52.6455272],[-7.2076163,52.6456997],[-7.2075468,52.6459456],[-7.2073901,52.6460713],[-7.2072432,52.6462126],[-7.2070605,52.646346],[-7.2063775,52.6465848],[-7.2056133,52.6465497],[-7.2049302,52.6467253],[-7.2042935,52.646936],[-7.2036683,52.6472451],[-7.2031241,52.6474207],[-7.2026147,52.6474769],[-7.2021863,52.6475542],[-7.2019548,52.6478351],[-7.2018073,52.6480291],[-7.2016075,52.6482917],[-7.2009012,52.6485376],[-7.2002297,52.6489028],[-7.1997898,52.64924],[-7.1993035,52.649549],[-7.1985162,52.6498721],[-7.1980149,52.6500523],[-7.197891,52.6500969],[-7.1974742,52.6501953],[-7.1971538,52.6506046],[-7.1970343,52.6507572],[-7.1967564,52.6510522],[-7.1969371,52.6514808],[-7.1969991,52.6518758],[-7.196388,52.6525653],[-7.1960957,52.6526096],[-7.1961395,52.6527958],[-7.1965049,52.6530441],[-7.1960471,52.6535632],[-7.1947308,52.654737],[-7.1945912,52.6548614],[-7.1956073,52.6560182],[-7.1962118,52.6565824],[-7.1963919,52.6567173],[-7.1970031,52.657175],[-7.1958782,52.657538],[-7.1949635,52.6578784],[-7.1944183,52.6581305],[-7.1940804,52.6578644],[-7.1935239,52.6574243],[-7.1930514,52.6568596],[-7.1929163,52.6568802],[-7.1924983,52.6572298],[-7.1923989,52.6573732],[-7.1923571,52.6577852],[-7.1923501,52.658054],[-7.1922642,52.6584617],[-7.1922114,52.6589348],[-7.1920997,52.659617],[-7.1919809,52.660289],[-7.1918621,52.6604303],[-7.1917433,52.660494],[-7.1917553,52.6606451],[-7.1917632,52.6607437],[-7.1919495,52.6609963],[-7.191807,52.6619336],[-7.1911165,52.6644661],[-7.1912396,52.6647156],[-7.19113,52.6660649],[-7.190988,52.6665063],[-7.190867,52.6668824],[-7.1902423,52.669418],[-7.1899792,52.6701657],[-7.1901638,52.6725927],[-7.1907218,52.6754592],[-7.1908303,52.6765305],[-7.1912333,52.6772541],[-7.1907063,52.6776676],[-7.1901045,52.6780356],[-7.1886053,52.6796153],[-7.1902184,52.6799412],[-7.1903325,52.6799642],[-7.1919567,52.6803332],[-7.1935909,52.6805922],[-7.1943247,52.6807336],[-7.1945882,52.6807806],[-7.1950842,52.6808275],[-7.1952082,52.6809027],[-7.1962157,52.681147],[-7.1976914,52.6815162],[-7.1982198,52.6816271],[-7.1986032,52.6816693],[-7.1986491,52.6816744],[-7.2000906,52.681833],[-7.2004705,52.6820164],[-7.2005477,52.6820537],[-7.2014039,52.6819685],[-7.2029215,52.6818841],[-7.2036832,52.6818191],[-7.2040878,52.6817355],[-7.204221,52.681708],[-7.2044828,52.6816084],[-7.2047132,52.6814926],[-7.2054237,52.6812492],[-7.2059258,52.6810714],[-7.2064824,52.6808078],[-7.2067467,52.6806538],[-7.2068298,52.6805746],[-7.2069515,52.6805343],[-7.2071285,52.6804653],[-7.2072328,52.6803782],[-7.2074552,52.6801296],[-7.2076062,52.6798736],[-7.2077626,52.6796985],[-7.2109545,52.6799405],[-7.2112352,52.6800164],[-7.2119442,52.680721],[-7.2119724,52.6807491],[-7.2146551,52.6832249],[-7.2150606,52.6836634],[-7.2157073,52.6839225],[-7.2166703,52.6840381],[-7.2169644,52.6840734],[-7.2171339,52.6841131],[-7.2172149,52.6841412],[-7.217232,52.6842084],[-7.2171827,52.6843381],[-7.2170724,52.6845671],[-7.2169957,52.684829],[-7.2169006,52.6850926],[-7.2165743,52.6854038],[-7.2165923,52.6859785],[-7.2166637,52.6861722],[-7.2167911,52.6864367],[-7.2170176,52.6865637],[-7.2176634,52.6871366],[-7.2179229,52.6873327],[-7.2182047,52.6876401],[-7.218239,52.6876775],[-7.2186216,52.687772],[-7.2187201,52.687792],[-7.2189874,52.6878463],[-7.2191962,52.6879982],[-7.2199614,52.6881668],[-7.2202815,52.6882849],[-7.2205737,52.6882174],[-7.2211581,52.6883524],[-7.2219317,52.6883611],[-7.2224104,52.6883693],[-7.2223318,52.6884696],[-7.2223147,52.6884915],[-7.2227917,52.6885801],[-7.2227165,52.689938],[-7.2227455,52.6901009],[-7.2227721,52.69025],[-7.222633,52.6908657],[-7.2226469,52.691203],[-7.2226618,52.6913145],[-7.2228,52.69235],[-7.2223964,52.6927717],[-7.2221738,52.6934126],[-7.2221738,52.6939097],[-7.2221738,52.6939617],[-7.2221738,52.6940119],[-7.2221738,52.6940198],[-7.2215894,52.6952004],[-7.2217564,52.6964821],[-7.2223686,52.6981855],[-7.2227582,52.6985902],[-7.222842,52.6986549],[-7.2229152,52.6987114],[-7.2270512,52.7019067],[-7.2274947,52.7016673],[-7.2286163,52.7006895],[-7.2298954,52.7008564],[-7.2300922,52.7010472],[-7.2305904,52.7009696],[-7.2314066,52.7004364],[-7.2311745,52.7001886],[-7.2311124,52.6999944],[-7.2318829,52.6995089],[-7.2328667,52.6995447],[-7.233831,52.7000694],[-7.235169,52.7004033],[-7.2375894,52.7015122],[-7.2377075,52.701703],[-7.2386323,52.702025],[-7.2388881,52.7022277],[-7.2401672,52.7028477],[-7.2414266,52.7025139],[-7.2417414,52.7022635],[-7.243355,52.7031458],[-7.2436895,52.7035274],[-7.2446341,52.7039208],[-7.2458416,52.704255],[-7.2460078,52.7040626],[-7.2460777,52.7039816],[-7.2463663,52.7036745],[-7.246571,52.7034752],[-7.2467305,52.7033167],[-7.2468691,52.7031234],[-7.2470391,52.7027621],[-7.2471961,52.702396],[-7.247319,52.7020932],[-7.2474116,52.7018872],[-7.2475491,52.7015813],[-7.2476694,52.7013214],[-7.2476865,52.7011965],[-7.2477035,52.7010726],[-7.2477113,52.7007049],[-7.2477558,52.7002484],[-7.2477793,52.6999425],[-7.2478264,52.6997333],[-7.2479258,52.6994575],[-7.2480748,52.6991342],[-7.2482777,52.6987812],[-7.2482998,52.6987427],[-7.248325,52.6986838],[-7.2484306,52.6984368],[-7.2500697,52.6980894],[-7.2519338,52.6976944],[-7.252331,52.6975139],[-7.2527209,52.6973366],[-7.253016,52.6970981],[-7.2532915,52.6970146],[-7.2533102,52.6969699],[-7.2537244,52.6959771],[-7.253508,52.6952019],[-7.2565696,52.6947878],[-7.2596523,52.6923727],[-7.2603215,52.6920698],[-7.2616029,52.6916363],[-7.262497,52.6911305],[-7.2637784,52.6905254],[-7.2652387,52.6899113],[-7.2658049,52.6897126],[-7.2663562,52.6891165],[-7.2682592,52.6885287],[-7.2684172,52.688749],[-7.2681064,52.6895377],[-7.2679957,52.6900902],[-7.2682644,52.6905659],[-7.268512,52.6905691],[-7.2683803,52.6900774],[-7.2686385,52.6892823],[-7.2689914,52.6883786],[-7.2691284,52.6878197],[-7.2692706,52.6877016],[-7.2692016,52.686809],[-7.2692706,52.6867281],[-7.2693519,52.6866173],[-7.2695592,52.6863664],[-7.2699435,52.6861014],[-7.2694147,52.6856044],[-7.2688445,52.6846951],[-7.2681911,52.6840355],[-7.2681437,52.6836891],[-7.2682294,52.6834462],[-7.2692184,52.6822713],[-7.2700945,52.6808328],[-7.2701377,52.6801297],[-7.2698746,52.6795892],[-7.2692856,52.6786193],[-7.2688888,52.6782992],[-7.2683168,52.6780125],[-7.2679378,52.6778927],[-7.2672782,52.6776841],[-7.2670397,52.6776087],[-7.2658536,52.6769846],[-7.264937,52.6767774],[-7.2639734,52.6766225],[-7.2638269,52.6765989],[-7.2629109,52.676507],[-7.2621123,52.6762793],[-7.261272,52.6759654],[-7.2602295,52.6755434],[-7.2596967,52.6751923],[-7.2592254,52.6747921],[-7.2590829,52.674446],[-7.2590049,52.673918],[-7.2592185,52.673587],[-7.2597494,52.6733233],[-7.2600411,52.6732483],[-7.260425,52.6731496],[-7.2607309,52.6729395],[-7.2613225,52.6718454],[-7.2616334,52.6710297],[-7.2618513,52.6704579],[-7.261947,52.6698564],[-7.2616939,52.6692783],[-7.2615912,52.6688511],[-7.2614204,52.6685128],[-7.2609997,52.6682573],[-7.2594601,52.6677124],[-7.2583647,52.6672844],[-7.2576475,52.6669056],[-7.2565579,52.6662361],[-7.2555068,52.6655538],[-7.2550902,52.6651672],[-7.2547989,52.6645404],[-7.2547745,52.6642253],[-7.2547523,52.6639383],[-7.2545783,52.6634829],[-7.2546621,52.6627535],[-7.2549807,52.6619619],[-7.2550576,52.66138],[-7.2546237,52.659919],[-7.2543209,52.6590198],[-7.2543164,52.6590063],[-7.2542798,52.6588977],[-7.2539403,52.658296],[-7.2536349,52.6579753],[-7.2532371,52.6576019],[-7.2528393,52.6571973],[-7.2523949,52.6566902],[-7.2521165,52.6562475],[-7.2519141,52.6557141],[-7.2513816,52.6544822],[-7.2506685,52.6531594],[-7.2503641,52.6521105],[-7.2502655,52.6519561],[-7.2502659,52.6519549]],[[-7.2398729,52.6654536],[-7.239884,52.665433],[-7.2399166,52.6653724],[-7.2400718,52.6651234],[-7.2400773,52.6651146],[-7.2400986,52.6650769],[-7.2401716,52.664948],[-7.2402116,52.6648774],[-7.2402804,52.6647658],[-7.2403848,52.6645869],[-7.2406636,52.664094],[-7.2407968,52.66384],[-7.2408411,52.6637324],[-7.240881,52.6636355],[-7.2409593,52.6633225],[-7.2410694,52.6628351],[-7.2399705,52.6633025],[-7.2397804,52.6633668],[-7.2393906,52.6635749],[-7.2382699,52.6639827],[-7.2378757,52.6642048],[-7.2375263,52.664277],[-7.2371711,52.6643852],[-7.2365726,52.6646418],[-7.2344513,52.6655375],[-7.234563,52.6656589],[-7.234225,52.665843],[-7.2329776,52.6663856],[-7.2322579,52.6666986],[-7.2312012,52.6671656],[-7.2299816,52.6677859],[-7.2291663,52.6683619],[-7.2283714,52.6679281],[-7.2267579,52.667111],[-7.2267418,52.6670207],[-7.2265808,52.6668093],[-7.2262912,52.6666304],[-7.226098,52.6664514],[-7.2261243,52.6663388],[-7.2262772,52.6661738],[-7.226672,52.6659374],[-7.22679,52.6656967],[-7.2270636,52.6655926],[-7.227069,52.6655112],[-7.2269563,52.6653225],[-7.226495,52.6651046],[-7.2263984,52.6649516],[-7.226377,52.6647695],[-7.2264467,52.6646296],[-7.2264467,52.6644344],[-7.2263869,52.6643751],[-7.2263448,52.6643368],[-7.2258888,52.6636698],[-7.2263316,52.6635765],[-7.2279,52.6632505],[-7.2291849,52.6631235],[-7.2298924,52.6629724],[-7.2301243,52.6636032],[-7.2304773,52.663567],[-7.2306164,52.6635527],[-7.2310352,52.6635097],[-7.2310656,52.6635066],[-7.2304471,52.6624437],[-7.2316867,52.6621485],[-7.2316535,52.662055],[-7.2314025,52.6613822],[-7.2307929,52.6614366],[-7.2289158,52.6614245],[-7.2289918,52.661189],[-7.22924,52.6608492],[-7.229264,52.6605554],[-7.2291159,52.6603394],[-7.2289558,52.6600165],[-7.2289358,52.6599121],[-7.2298582,52.6596365],[-7.2301432,52.6595872],[-7.2308459,52.6594355],[-7.2310522,52.6593973],[-7.2313763,52.6593208],[-7.2318363,52.6592183],[-7.2324197,52.6590996],[-7.23259,52.65905],[-7.23535,52.6580055],[-7.2357922,52.6578699],[-7.2363465,52.6577281],[-7.2364256,52.6577224],[-7.2366411,52.6577009],[-7.236739,52.6576901],[-7.2374381,52.6582536],[-7.237068,52.6587685],[-7.2386466,52.6592373],[-7.240215,52.6598972],[-7.2409394,52.6596557],[-7.241955,52.6604677],[-7.2422277,52.6601103],[-7.2423246,52.659978],[-7.2423937,52.6598837],[-7.2431888,52.6598015],[-7.2442388,52.6597012],[-7.2451814,52.6594103],[-7.2468876,52.6592537],[-7.2483292,52.6591581],[-7.2489488,52.6596254],[-7.2491046,52.6595992],[-7.249163,52.6595815],[-7.2492003,52.6595702],[-7.2492596,52.6595522],[-7.2496946,52.6593848],[-7.2503821,52.6591201],[-7.2510517,52.6588556],[-7.25091,52.6585483],[-7.2497264,52.6573981],[-7.2510851,52.6575263],[-7.251213,52.6568461],[-7.2519396,52.6566619],[-7.2520733,52.6567842],[-7.2525208,52.657576],[-7.2530339,52.6582956],[-7.2532884,52.6585571],[-7.2536414,52.6590613],[-7.2537687,52.6592306],[-7.2539431,52.6597746],[-7.2541032,52.6604481],[-7.2542284,52.6610034],[-7.2542264,52.6614802],[-7.2542182,52.661754],[-7.2532606,52.6616102],[-7.2532254,52.6617661],[-7.2532106,52.6618318],[-7.2531669,52.6620249],[-7.2531156,52.6622518],[-7.2531014,52.6623129],[-7.2530779,52.6624579],[-7.2530783,52.6624883],[-7.2530785,52.6625037],[-7.2530797,52.6625889],[-7.2531093,52.6628118],[-7.2531216,52.6628679],[-7.2531297,52.6629051],[-7.2531478,52.6629877],[-7.2531554,52.6630223],[-7.2531707,52.6630893],[-7.2531938,52.6631899],[-7.2532897,52.6636093],[-7.2533136,52.6637299],[-7.2533728,52.6638457],[-7.2533932,52.6638902],[-7.2534682,52.6640535],[-7.2534994,52.6641215],[-7.253534,52.6642203],[-7.2535855,52.6643672],[-7.2535921,52.6643861],[-7.252852,52.6645454],[-7.2521718,52.6646609],[-7.2512195,52.6649876],[-7.250771,52.6650944],[-7.2493792,52.6653607],[-7.2479994,52.6656164],[-7.2471957,52.6659061],[-7.2458973,52.6662299],[-7.2454252,52.6657118],[-7.2449241,52.665605],[-7.2425792,52.6655713],[-7.2411246,52.6654604],[-7.2409426,52.6653425],[-7.2409353,52.6653441],[-7.2406726,52.6654031],[-7.2405175,52.6654379],[-7.2401599,52.6655182],[-7.2401095,52.6655268],[-7.2400332,52.6655399],[-7.2399867,52.6655479],[-7.2398596,52.66556],[-7.2398729,52.6654536]]]}},{"type":"Feature","properties":{"@id":"relation/5356487","boundary":"civil_parish","logainm:ref":"1362","name":"St Patrick's","name:en":"St. Patrick's","name:ga":"Paróiste Phádraig","wikidata":"Q60556627"},"geometry":{"type":"MultiPolygon","coordinates":[[[[-7.2476221,52.6417591],[-7.247672,52.6420391],[-7.2476617,52.6421152],[-7.2476526,52.642182],[-7.2476601,52.6423565],[-7.2476662,52.6424628],[-7.2476863,52.6425607],[-7.2476963,52.6426098],[-7.2477303,52.6427115],[-7.2477355,52.6427236],[-7.2477453,52.6427466],[-7.2477704,52.6428074],[-7.2477808,52.6428364],[-7.2481365,52.6428076],[-7.2500062,52.6419142],[-7.254221,52.6403602],[-7.2561258,52.6396225],[-7.2565255,52.6395411],[-7.2566849,52.639533],[-7.256906,52.639533],[-7.2569399,52.6391286],[-7.2569768,52.6386889],[-7.2570071,52.63848],[-7.2570954,52.6382746],[-7.2572861,52.6380037],[-7.2575492,52.6380284],[-7.2575508,52.6382677],[-7.2577226,52.6384469],[-7.2577657,52.638533],[-7.2581308,52.6387916],[-7.2594045,52.6397419],[-7.2596304,52.6398481],[-7.2598821,52.639934],[-7.2599494,52.639957],[-7.2602196,52.6401828],[-7.2604301,52.6404745],[-7.260496,52.6407305],[-7.2605004,52.6409986],[-7.2605174,52.6411731],[-7.2611738,52.6420019],[-7.2613115,52.6420468],[-7.2613883,52.6420782],[-7.2616073,52.6421228],[-7.2617605,52.6421641],[-7.2619563,52.6422881],[-7.2620924,52.6424344],[-7.2621662,52.6426032],[-7.2621832,52.6427942],[-7.2622655,52.6428993],[-7.2624499,52.6430198],[-7.2626287,52.6431317],[-7.26277,52.6432534],[-7.2630423,52.643488],[-7.2631536,52.6435994],[-7.2631962,52.6436855],[-7.2631806,52.6438052],[-7.2630584,52.6440086],[-7.2630521,52.6441502],[-7.2631696,52.6443621],[-7.2632996,52.6445997],[-7.2635158,52.6448354],[-7.2635032,52.6449723],[-7.2635534,52.6450474],[-7.2637037,52.6451291],[-7.2639246,52.6451795],[-7.2642613,52.6452574],[-7.2646639,52.645418],[-7.2651809,52.6456664],[-7.2654544,52.6457535],[-7.2655798,52.6458014],[-7.2658731,52.645916],[-7.2663681,52.6460414],[-7.2667534,52.6461536],[-7.2670087,52.6463246],[-7.2671778,52.6464852],[-7.2672609,52.6465489],[-7.2673893,52.6465793],[-7.2675287,52.6465651],[-7.2677856,52.6464966],[-7.2679516,52.6464852],[-7.2682163,52.6465546],[-7.268279,52.6465898],[-7.2682884,52.6466677],[-7.2682461,52.64691],[-7.2682617,52.6470317],[-7.2682605,52.6471135],[-7.2682163,52.6471701],[-7.2681071,52.6472507],[-7.2680932,52.6472889],[-7.2681072,52.647338],[-7.2682367,52.6474536],[-7.2685466,52.6479622],[-7.2684842,52.6481074],[-7.2685186,52.6482481],[-7.2687144,52.6485446],[-7.2688288,52.6486292],[-7.2689948,52.6486814],[-7.2691311,52.64888],[-7.2691326,52.6490663],[-7.2691655,52.6491471],[-7.2694287,52.6493561],[-7.2694475,52.6494321],[-7.2694161,52.6496422],[-7.2694569,52.64976],[-7.2696417,52.650009],[-7.2699064,52.6502893],[-7.2699236,52.6503758],[-7.2698516,52.6506447],[-7.2698578,52.6509421],[-7.2697983,52.6510476],[-7.2696291,52.6512804],[-7.2693644,52.6515721],[-7.2693409,52.6517127],[-7.2692673,52.6519598],[-7.2692702,52.6520359],[-7.2694523,52.6520451],[-7.2697788,52.652048],[-7.2699458,52.6520228],[-7.2700062,52.6520032],[-7.2700631,52.6519805],[-7.2711822,52.6523092],[-7.2718106,52.6525792],[-7.2714264,52.6527258],[-7.2712507,52.6532053],[-7.2711409,52.6536049],[-7.2710531,52.6539512],[-7.2713385,52.6543974],[-7.2713495,52.6545905],[-7.2714351,52.6547081],[-7.2716057,52.6547527],[-7.273888,52.6539239],[-7.2742451,52.654197],[-7.2769774,52.6565031],[-7.2778624,52.6560699],[-7.2787163,52.6552411],[-7.2803465,52.6545348],[-7.2805773,52.6543312],[-7.2807459,52.6543879],[-7.2809411,52.6543966],[-7.2814356,52.6548824],[-7.2818925,52.6551437],[-7.2820477,52.6551893],[-7.2820695,52.6551993],[-7.2824028,52.6553528],[-7.282539,52.655425],[-7.2826903,52.6554762],[-7.2831243,52.6556232],[-7.2829769,52.6559813],[-7.2829267,52.6562092],[-7.2832123,52.6561198],[-7.2839806,52.655744],[-7.284646,52.6560336],[-7.2860087,52.6564777],[-7.2861375,52.6565835],[-7.2863144,52.6568318],[-7.2863883,52.6569356],[-7.2874928,52.6571895],[-7.2884741,52.6574151],[-7.2890607,52.6577762],[-7.2899452,52.6583207],[-7.2910094,52.6587031],[-7.2919931,52.6589629],[-7.2921114,52.6589937],[-7.2922291,52.6590181],[-7.2923212,52.6590886],[-7.2930301,52.659253],[-7.2931611,52.6593555],[-7.2936351,52.6597263],[-7.2939578,52.6599788],[-7.2941664,52.6601852],[-7.2946714,52.6605948],[-7.2948702,52.660717],[-7.2953142,52.6609575],[-7.2966558,52.6610256],[-7.2974781,52.6611874],[-7.2976904,52.6612512],[-7.2978856,52.6613098],[-7.2985493,52.6613546],[-7.2995313,52.6610367],[-7.3002913,52.6607989],[-7.3006926,52.6606267],[-7.3010463,52.6605039],[-7.301679,52.6604072],[-7.3022556,52.6603478],[-7.3029765,52.6601124],[-7.3031821,52.6600567],[-7.3032756,52.6600918],[-7.3033022,52.6600418],[-7.3034704,52.6600067],[-7.3041397,52.6599123],[-7.304386,52.6598319],[-7.3044845,52.6597757],[-7.304509,52.6594205],[-7.3046905,52.6589612],[-7.3048473,52.6584982],[-7.3048888,52.6580617],[-7.3049057,52.6576214],[-7.3045869,52.6570025],[-7.3052352,52.656029],[-7.3055222,52.6552553],[-7.3060855,52.6538819],[-7.3062343,52.6524183],[-7.3074442,52.6512357],[-7.3079026,52.6508139],[-7.30844,52.6505267],[-7.308673,52.6499704],[-7.3102312,52.6492095],[-7.3115598,52.648713],[-7.312899,52.6477521],[-7.3131966,52.6476683],[-7.3127715,52.6464689],[-7.3137174,52.6462173],[-7.3139281,52.6459481],[-7.3139732,52.6457565],[-7.3138379,52.6455468],[-7.3140784,52.6455513],[-7.3140784,52.6454237],[-7.3141987,52.6452595],[-7.3142814,52.6448126],[-7.313967,52.6447698],[-7.3138919,52.6445873],[-7.3136965,52.6446603],[-7.3135912,52.6445509],[-7.3136814,52.6444597],[-7.3136363,52.6443229],[-7.3140121,52.644104],[-7.3140873,52.6437939],[-7.3139219,52.6433105],[-7.3142226,52.643046],[-7.3142526,52.6417052],[-7.3137265,52.6416505],[-7.3135612,52.6415502],[-7.3138768,52.6412036],[-7.3135762,52.6411853],[-7.313456,52.6410394],[-7.3135762,52.6405651],[-7.3134595,52.6402986],[-7.313712,52.6402399],[-7.3138773,52.6400575],[-7.3129303,52.6400575],[-7.3120485,52.6397793],[-7.3115024,52.6395102],[-7.3111566,52.639492],[-7.3103901,52.6391454],[-7.309894,52.638744],[-7.3093228,52.6389629],[-7.3091425,52.6389994],[-7.308917,52.6388717],[-7.308451,52.6389082],[-7.3081919,52.6388922],[-7.3077145,52.6388626],[-7.3075341,52.6386163],[-7.3071583,52.6385251],[-7.3069028,52.6380234],[-7.3064519,52.6378592],[-7.3063767,52.6376859],[-7.3061813,52.6375491],[-7.3058206,52.6373484],[-7.305535,52.637467],[-7.3054955,52.637455],[-7.3053847,52.6374214],[-7.3050048,52.6374829],[-7.30511,52.6369538],[-7.3062975,52.635996],[-7.3084018,52.6338066],[-7.3075901,52.6335329],[-7.3077174,52.6333955],[-7.308935,52.6328664],[-7.3092657,52.6328664],[-7.309431,52.6320545],[-7.3097166,52.631498],[-7.3109041,52.6314523],[-7.3114001,52.6315345],[-7.3121216,52.6312608],[-7.3129633,52.6312334],[-7.3138802,52.6312334],[-7.3148122,52.6313155],[-7.3151579,52.6313064],[-7.3153984,52.6310053],[-7.3147821,52.6303028],[-7.3139013,52.6303899],[-7.3136096,52.6302338],[-7.3133055,52.6301877],[-7.3125728,52.6300571],[-7.3122665,52.6297955],[-7.3121271,52.6296032],[-7.3113669,52.6296571],[-7.3112275,52.6294033],[-7.3114303,52.6290803],[-7.31114,52.6289307],[-7.3110527,52.6289539],[-7.3088075,52.6295494],[-7.3061593,52.6294956],[-7.3036252,52.6294879],[-7.3007996,52.6292341],[-7.2994946,52.6290187],[-7.2978924,52.6293565],[-7.2977669,52.6294827],[-7.2975955,52.6298212],[-7.2975161,52.6298847],[-7.2968953,52.6300862],[-7.2966318,52.6301585],[-7.2963016,52.6303918],[-7.2960904,52.6305057],[-7.2958631,52.6305671],[-7.2956519,52.6305747],[-7.2954245,52.6305331],[-7.2948814,52.6302637],[-7.2944212,52.6297719],[-7.2942714,52.6295868],[-7.294017,52.6295002],[-7.29301,52.6293491],[-7.2922196,52.6293622],[-7.2917865,52.62944],[-7.2915627,52.6294148],[-7.2913444,52.6294455],[-7.291117,52.6293776],[-7.2908734,52.6293535],[-7.2907651,52.6293217],[-7.2905359,52.6291716],[-7.2903537,52.6291464],[-7.2902039,52.6291147],[-7.2899783,52.6289898],[-7.2898412,52.6289438],[-7.2896679,52.6288584],[-7.2896009,52.6288286],[-7.2895633,52.6288069],[-7.2894496,52.6287521],[-7.2891536,52.6286776],[-7.2889353,52.6286689],[-7.2888126,52.6286404],[-7.2887314,52.6285659],[-7.2886321,52.6284717],[-7.2884354,52.6284093],[-7.288199,52.6284005],[-7.2879644,52.6284213],[-7.2878146,52.6284849],[-7.2876197,52.6285144],[-7.2873906,52.628509],[-7.2863204,52.6283282],[-7.2861237,52.6283381],[-7.2858928,52.6283939],[-7.2854597,52.6284312],[-7.2849778,52.6284158],[-7.2834836,52.6282461],[-7.2812532,52.6280829],[-7.2807966,52.6280533],[-7.2802913,52.6279339],[-7.2797265,52.6278879],[-7.279039,52.6279547],[-7.2787214,52.6280456],[-7.2785968,52.6281365],[-7.2785048,52.6282724],[-7.2783839,52.6283841],[-7.2775231,52.628762],[-7.2772398,52.6290128],[-7.2770449,52.6295287],[-7.2768747,52.6296465],[-7.2766221,52.6296636],[-7.2762623,52.6296279],[-7.2758539,52.6294405],[-7.2755757,52.6293584],[-7.2753231,52.6293816],[-7.2725873,52.6298154],[-7.2724367,52.6299037],[-7.2720896,52.6302894],[-7.2716558,52.6305062],[-7.2708264,52.6307479],[-7.2700225,52.6307928],[-7.2691845,52.630768],[-7.2690091,52.6307376],[-7.2688838,52.630633],[-7.2687804,52.630422],[-7.2686394,52.6303345],[-7.2683919,52.6303117],[-7.2682093,52.6302176],[-7.2682009,52.6301101],[-7.2680732,52.6300106],[-7.2682292,52.6298206],[-7.2684966,52.629523],[-7.2688289,52.6292844],[-7.2690275,52.6291368],[-7.2691531,52.6289499],[-7.2691572,52.6286277],[-7.2692909,52.6282267],[-7.269765,52.6274691],[-7.2698906,52.6271715],[-7.2698834,52.6268591],[-7.267826,52.6266573],[-7.2669435,52.6265147],[-7.2653503,52.626499],[-7.2626109,52.6262764],[-7.2624868,52.626328],[-7.2621759,52.6263297],[-7.2619668,52.6262654],[-7.2622115,52.6261463],[-7.2623496,52.6260488],[-7.2624147,52.625935],[-7.2624573,52.6258006],[-7.2625083,52.6254832],[-7.2626638,52.6248479],[-7.2626967,52.6246244],[-7.2627298,52.6241413],[-7.2627714,52.6236084],[-7.2628423,52.6230531],[-7.2629397,52.6224398],[-7.2594258,52.6223354],[-7.2585465,52.622364],[-7.2554459,52.6222791],[-7.2554835,52.6228957],[-7.2549381,52.6244885],[-7.2548393,52.6249595],[-7.2544694,52.6260429],[-7.2542108,52.6261385],[-7.2523139,52.6261269],[-7.2516911,52.6261196],[-7.2512339,52.6261267],[-7.250904,52.6261375],[-7.2507449,52.6261471],[-7.2471787,52.6260719],[-7.2454906,52.6259906],[-7.2452561,52.6259962],[-7.2447516,52.6271791],[-7.2446419,52.6282179],[-7.2443473,52.6280602],[-7.2413174,52.62809],[-7.2409494,52.628157],[-7.2399683,52.6279896],[-7.2398892,52.6279485],[-7.2396322,52.6278386],[-7.2392687,52.6277166],[-7.2390731,52.6276206],[-7.2375146,52.627189],[-7.2366559,52.6272486],[-7.2361652,52.6273379],[-7.2352697,52.6274198],[-7.2350857,52.6278293],[-7.2351102,52.6282463],[-7.2348526,52.6289686],[-7.2332716,52.6289878],[-7.2332228,52.6292468],[-7.233255,52.6295052],[-7.233181,52.629669],[-7.2327278,52.6296009],[-7.2322676,52.6296445],[-7.2314669,52.6294674],[-7.2305101,52.6294451],[-7.230277,52.6291845],[-7.2304603,52.6288023],[-7.2308289,52.6278125],[-7.2287645,52.6276414],[-7.2280796,52.6277005],[-7.2281969,52.6262898],[-7.2285274,52.6262963],[-7.2290764,52.6253838],[-7.2281329,52.6251444],[-7.2272961,52.6246461],[-7.2265019,52.624342],[-7.2252173,52.6240669],[-7.2251323,52.6253206],[-7.2237962,52.6255321],[-7.2224522,52.6256082],[-7.2221835,52.6249447],[-7.2215563,52.6243682],[-7.2210187,52.6237482],[-7.2205887,52.6236829],[-7.220069,52.6239548],[-7.2197644,52.6241398],[-7.2184922,52.6249012],[-7.2180442,52.6249556],[-7.2172378,52.6253145],[-7.2164315,52.6253254],[-7.2155714,52.6253363],[-7.2149263,52.6255321],[-7.2147471,52.625717],[-7.214335,52.6257496],[-7.2141319,52.6258606],[-7.2140081,52.6257575],[-7.213962,52.6257191],[-7.2135936,52.6258633],[-7.2129984,52.6267007],[-7.2113867,52.6273547],[-7.2105678,52.6274078],[-7.2103838,52.6276604],[-7.2097006,52.6277827],[-7.2085357,52.6282957],[-7.2082204,52.6283117],[-7.2077999,52.6286466],[-7.2064029,52.629141],[-7.2045898,52.6295158],[-7.203946,52.6297099],[-7.2033373,52.6298109],[-7.2026497,52.6298455],[-7.1977053,52.6309061],[-7.1978431,52.6313276],[-7.1980589,52.6321002],[-7.197991,52.6325983],[-7.1980232,52.6326707],[-7.1983892,52.6334924],[-7.1984203,52.6335623],[-7.1986281,52.634029],[-7.1993353,52.6346666],[-7.1996678,52.6352362],[-7.1996707,52.6358995],[-7.1996716,52.6361016],[-7.199886,52.6368491],[-7.2002217,52.637382],[-7.200678,52.6380369],[-7.2011619,52.6382948],[-7.2014583,52.6384527],[-7.2028176,52.6389766],[-7.2041192,52.6392843],[-7.2056175,52.6393508],[-7.2068317,52.6392366],[-7.207375,52.6390811],[-7.2074822,52.6390504],[-7.2084015,52.6389925],[-7.2092981,52.638936],[-7.2104967,52.6390103],[-7.2116154,52.6391428],[-7.2135337,52.6394966],[-7.2145241,52.6397831],[-7.2156795,52.6400358],[-7.2168926,52.6406655],[-7.2179028,52.6413923],[-7.218002,52.6414637],[-7.2189135,52.6417206],[-7.2212997,52.6421677],[-7.221964,52.6423862],[-7.2223379,52.6425092],[-7.2242957,52.6431201],[-7.2259169,52.6437636],[-7.2272871,52.6438832],[-7.2281177,52.643801],[-7.2289786,52.6437158],[-7.2307391,52.6438001],[-7.2310497,52.643815],[-7.2318074,52.6438931],[-7.2325771,52.6439738],[-7.2332844,52.6441787],[-7.2339064,52.6446135],[-7.2347532,52.6454313],[-7.235132,52.645907],[-7.2355191,52.646393],[-7.2357593,52.6472713],[-7.2360298,52.648149],[-7.236166,52.648591],[-7.2365875,52.6493818],[-7.2374452,52.650015],[-7.2387802,52.649762],[-7.2378785,52.6485145],[-7.2423465,52.6473167],[-7.2421289,52.6470276],[-7.2420469,52.6469295],[-7.2419899,52.6468613],[-7.2418191,52.646679],[-7.2416041,52.646494],[-7.2414757,52.6464022],[-7.2414313,52.6464409],[-7.2410573,52.6462243],[-7.2406689,52.6460032],[-7.2392847,52.6451923],[-7.2391345,52.6451075],[-7.2389544,52.6450057],[-7.2388738,52.6449583],[-7.2388296,52.6449322],[-7.2387794,52.6449027],[-7.2386363,52.6448184],[-7.2384955,52.6447355],[-7.2382593,52.6446108],[-7.238218,52.644589],[-7.2379605,52.6444531],[-7.2378209,52.6443794],[-7.2392254,52.642901],[-7.2396665,52.6422641],[-7.2398782,52.6422806],[-7.2399408,52.6421918],[-7.2394754,52.642106],[-7.2406233,52.63992],[-7.2406362,52.639927],[-7.2408391,52.6400374],[-7.2411445,52.6402036],[-7.241953,52.6404094],[-7.2436295,52.6407032],[-7.243902,52.6407509],[-7.2442772,52.6407185],[-7.245044,52.6407043],[-7.2457221,52.6408885],[-7.2467839,52.6413722],[-7.2476221,52.6417591]]],[[[-7.2522083,52.6472539],[-7.2521415,52.6471953],[-7.2520373,52.6471078],[-7.2516675,52.646797],[-7.2514762,52.6466501],[-7.2514002,52.6465918],[-7.2513433,52.6465482],[-7.2512315,52.6464915],[-7.2508708,52.6462814],[-7.2507841,52.646178],[-7.2506833,52.6460897],[-7.2505826,52.6460211],[-7.2505346,52.6459884],[-7.2503289,52.6458431],[-7.2502318,52.6457232],[-7.2502219,52.6457048],[-7.2501683,52.6456052],[-7.250153,52.6455818],[-7.2501005,52.6455015],[-7.2500441,52.6454151],[-7.2499563,52.6452808],[-7.2499466,52.6452645],[-7.2497619,52.6449542],[-7.2497253,52.6448859],[-7.2496919,52.6448232],[-7.2496182,52.6446851],[-7.2495371,52.6445717],[-7.2492957,52.644304],[-7.2491381,52.6441474],[-7.2489354,52.6439733],[-7.2486684,52.6437438],[-7.2485989,52.643684],[-7.2485823,52.6436698],[-7.2485677,52.6436566],[-7.2484879,52.6435841],[-7.248425,52.6435271],[-7.2482143,52.6433359],[-7.2481471,52.643275],[-7.2478802,52.6431],[-7.2476098,52.6433231],[-7.2474428,52.6434992],[-7.2474006,52.643544],[-7.247122,52.6438409],[-7.246845,52.6441576],[-7.2468184,52.644188],[-7.2467738,52.6442374],[-7.2467315,52.6442838],[-7.2466003,52.6444406],[-7.2465042,52.6445583],[-7.2462478,52.6448615],[-7.2457738,52.645376],[-7.2455508,52.6456659],[-7.2454202,52.6458657],[-7.2452791,52.6461101],[-7.2451021,52.646448],[-7.2448788,52.6469103],[-7.2447701,52.6471201],[-7.2446686,52.6473439],[-7.2446571,52.6473692],[-7.2446476,52.6473901],[-7.2445385,52.6476676],[-7.2445104,52.6477777],[-7.2444955,52.6479256],[-7.2444967,52.6480274],[-7.2444968,52.6480368],[-7.2444968,52.6480679],[-7.2444973,52.6481222],[-7.2447015,52.6481021],[-7.2449452,52.6481047],[-7.2451868,52.6481202],[-7.2453171,52.6481417],[-7.245441,52.6481723],[-7.2455158,52.6481907],[-7.2460796,52.6484279],[-7.2461484,52.6484569],[-7.2463916,52.6485592],[-7.246632,52.6486602],[-7.2466424,52.6486647],[-7.2472477,52.648937],[-7.2486124,52.6495509],[-7.2487665,52.6496257],[-7.248939,52.6497093],[-7.2498641,52.6501747],[-7.2514034,52.6507586],[-7.2516647,52.6509134],[-7.2517357,52.6507518],[-7.2517522,52.6507144],[-7.2517773,52.6506572],[-7.2518035,52.650563],[-7.2518064,52.6505438],[-7.2518148,52.650487],[-7.2518244,52.6503811],[-7.2518141,52.6503143],[-7.2517385,52.6500678],[-7.2517324,52.6500494],[-7.2531035,52.6495091],[-7.2535888,52.6492992],[-7.253482,52.6491984],[-7.2535203,52.6491767],[-7.2532912,52.6489921],[-7.2535723,52.6488648],[-7.2535524,52.6488082],[-7.2536163,52.6487835],[-7.2538424,52.648696],[-7.2539298,52.6486621],[-7.2539772,52.6486438],[-7.254018,52.648628],[-7.2540587,52.6486122],[-7.2540032,52.6485734],[-7.2538066,52.648436],[-7.2537139,52.6483712],[-7.253523,52.6482194],[-7.2534336,52.6481483],[-7.2531807,52.6479472],[-7.2531153,52.6478974],[-7.2527993,52.6476693],[-7.2526436,52.6475559],[-7.252485,52.64747],[-7.252434,52.6474377],[-7.2523624,52.6473809],[-7.2522083,52.6472539]]]]}},{"type":"Feature","properties":{"@id":"relation/5383062","boundary":"civil_parish","logainm:ref":"1368","name":"Treadingstown","name:en":"Treadingstown","name:ga":"Baile Thréidín","wikidata":"Q60557147"},"geometry":{"type":"Polygon","coordinates":[[[-7.1714262,52.5803374],[-7.1714192,52.5802939],[-7.1714156,52.5802718],[-7.1713782,52.5800408],[-7.1713568,52.5798614],[-7.1713434,52.5797492],[-7.1712624,52.5784553],[-7.1712017,52.5780281],[-7.1711681,52.5777917],[-7.1711499,52.5775685],[-7.1711482,52.5769452],[-7.1710704,52.5756813],[-7.1710307,52.5753535],[-7.1708184,52.5740778],[-7.1689846,52.5740318],[-7.1678069,52.5742017],[-7.1681161,52.5757092],[-7.1683811,52.5760402],[-7.1685872,52.5768275],[-7.166644,52.5769348],[-7.1663937,52.5769975],[-7.1684742,52.5803787],[-7.1693599,52.5824315],[-7.1690456,52.5827396],[-7.1695313,52.5830955],[-7.1694242,52.5832214],[-7.1695385,52.5834644],[-7.1700099,52.5841154],[-7.170417,52.5842022],[-7.1701385,52.5845103],[-7.1684528,52.5844018],[-7.1683671,52.5846622],[-7.1678671,52.5854346],[-7.1680385,52.5859467],[-7.1682669,52.5861938],[-7.1689067,52.5863483],[-7.1694115,52.5864967],[-7.1700755,52.5866919],[-7.1712381,52.587073],[-7.1719924,52.5872852],[-7.1726717,52.5874764],[-7.1734691,52.587856],[-7.1742151,52.5884487],[-7.1744446,52.588874],[-7.1746168,52.5894248],[-7.1747889,52.5895712],[-7.1747086,52.5904951],[-7.1747431,52.5907167],[-7.1735387,52.5907365],[-7.1733569,52.590742],[-7.1731114,52.5907503],[-7.172934,52.590789],[-7.1726976,52.5908304],[-7.1723976,52.590858],[-7.1720293,52.5908912],[-7.1713201,52.5910016],[-7.1707336,52.5910956],[-7.1703062,52.5911618],[-7.1699198,52.5912171],[-7.1697197,52.5912226],[-7.1691514,52.5912723],[-7.1687286,52.5912972],[-7.168374,52.5912972],[-7.1679259,52.5913389],[-7.1671225,52.5914435],[-7.1666864,52.5915272],[-7.1665027,52.5916527],[-7.1651255,52.5921058],[-7.1653321,52.5925311],[-7.1657682,52.593054],[-7.1661584,52.5938697],[-7.1663048,52.5944662],[-7.1658897,52.5945741],[-7.1655614,52.5947004],[-7.165249,52.5948666],[-7.1650106,52.5948654],[-7.1643788,52.5950594],[-7.163875,52.5952141],[-7.1636898,52.5952606],[-7.163991,52.5955006],[-7.1640175,52.5955218],[-7.1637875,52.5956442],[-7.1631058,52.5960193],[-7.1627455,52.5961459],[-7.1626742,52.596171],[-7.1622013,52.5962927],[-7.1617986,52.5963329],[-7.1608114,52.5963529],[-7.1602507,52.5964498],[-7.1596495,52.5966007],[-7.1593368,52.5966678],[-7.158266,52.5971353],[-7.1576847,52.597387],[-7.1572011,52.5975965],[-7.1569412,52.597709],[-7.1559045,52.5980778],[-7.1542236,52.5987252],[-7.148598,52.6005578],[-7.147869,52.6007246],[-7.1477348,52.6007707],[-7.1477235,52.6008287],[-7.147711,52.6010354],[-7.1477422,52.601208],[-7.147978,52.6016851],[-7.1484777,52.6023508],[-7.1487535,52.6027916],[-7.1491864,52.6036628],[-7.1501883,52.6034127],[-7.1508194,52.6032552],[-7.1509281,52.6032349],[-7.1509003,52.6031519],[-7.1522731,52.6027951],[-7.1534261,52.6024955],[-7.1537635,52.60251],[-7.1560534,52.6020175],[-7.157424,52.6016434],[-7.1584388,52.6014274],[-7.1602667,52.6006687],[-7.161455,52.60029],[-7.161902,52.6001475],[-7.1620225,52.6002781],[-7.1620658,52.6003639],[-7.1622069,52.6006434],[-7.1623511,52.600929],[-7.1625166,52.6013295],[-7.162535,52.6013739],[-7.1625869,52.6014611],[-7.1628002,52.6018188],[-7.162878,52.6019315],[-7.1630695,52.6020114],[-7.1632474,52.6020187],[-7.1648021,52.6016312],[-7.1658986,52.6013462],[-7.1663568,52.60126],[-7.1665387,52.601225],[-7.168754,52.6007984],[-7.169006,52.6007727],[-7.1692061,52.6023438],[-7.1690712,52.6028057],[-7.1692783,52.603467],[-7.1724954,52.6031057],[-7.1748945,52.6029731],[-7.174817,52.6028071],[-7.1747292,52.6025564],[-7.1746088,52.6020048],[-7.1744963,52.6014822],[-7.1742588,52.6003788],[-7.1742402,52.6001772],[-7.1743388,52.600014],[-7.1750207,52.5999074],[-7.1752783,52.5999247],[-7.1763088,52.5996913],[-7.1774905,52.5995521],[-7.1790864,52.599508],[-7.1801206,52.5995186],[-7.1815227,52.5995877],[-7.1817251,52.5999001],[-7.1822495,52.5991035],[-7.1826299,52.5985256],[-7.1828363,52.5982891],[-7.1833078,52.5977488],[-7.1843927,52.5971528],[-7.185015,52.5959561],[-7.1852832,52.5954773],[-7.1854343,52.5952075],[-7.1855006,52.5948342],[-7.1855367,52.5946307],[-7.1856421,52.5935692],[-7.185545,52.5923197],[-7.185517,52.5919596],[-7.1854002,52.5916943],[-7.1853637,52.5916115],[-7.1850559,52.5909126],[-7.184618,52.589737],[-7.1843525,52.5890241],[-7.1842678,52.5886272],[-7.1841722,52.5881797],[-7.1842295,52.5873452],[-7.1843794,52.5863637],[-7.1843468,52.5861086],[-7.1843187,52.5858896],[-7.1841999,52.5858552],[-7.1837695,52.5858622],[-7.1833449,52.5857332],[-7.1833162,52.5855903],[-7.1830465,52.5852591],[-7.1814684,52.5855624],[-7.1802462,52.5855868],[-7.1796666,52.5855136],[-7.1771324,52.5845647],[-7.1760847,52.5840289],[-7.1755962,52.5837331],[-7.1750133,52.5833866],[-7.174849,52.5831406],[-7.1743925,52.5829453],[-7.1740196,52.5827558],[-7.1732419,52.5823884],[-7.1726134,52.5818242],[-7.1719848,52.5811862],[-7.1719777,52.5809692],[-7.1716634,52.580379],[-7.1714262,52.5803374]]]}},{"type":"Feature","properties":{"@id":"relation/5383075","boundary":"civil_parish","logainm:ref":"1283","name":"Dunbell","name:en":"Dunbell","name:ga":"Dún Bile","wikidata":"Q60554143"},"geometry":{"type":"Polygon","coordinates":[[[-7.1959855,52.6218728],[-7.1958388,52.6212903],[-7.1953722,52.620708],[-7.1945437,52.619957],[-7.1937113,52.6188895],[-7.1930874,52.6183771],[-7.1917297,52.6175846],[-7.1906774,52.6164592],[-7.189001,52.6156285],[-7.188253,52.6148458],[-7.1874811,52.6142856],[-7.1863101,52.6135363],[-7.1858383,52.6134093],[-7.1857116,52.6134028],[-7.1854635,52.61339],[-7.1854072,52.613387],[-7.1852363,52.6133782],[-7.1847187,52.6131083],[-7.1840648,52.6123859],[-7.1838901,52.6117116],[-7.1832844,52.6112291],[-7.1823654,52.6104917],[-7.1814342,52.6097584],[-7.1808435,52.6091816],[-7.1808171,52.6082478],[-7.1809832,52.6075082],[-7.1810781,52.6067881],[-7.1807738,52.606011],[-7.1806986,52.6052902],[-7.1806986,52.604426],[-7.1806986,52.6032737],[-7.1807935,52.6022078],[-7.1808178,52.6021043],[-7.1809832,52.6014012],[-7.1812179,52.6006705],[-7.1817251,52.5999001],[-7.1815227,52.5995877],[-7.1801206,52.5995186],[-7.1790864,52.599508],[-7.1774905,52.5995521],[-7.1763088,52.5996913],[-7.1752783,52.5999247],[-7.1750207,52.5999074],[-7.1743388,52.600014],[-7.1742402,52.6001772],[-7.1742588,52.6003788],[-7.1744963,52.6014822],[-7.1746088,52.6020048],[-7.1747292,52.6025564],[-7.174817,52.6028071],[-7.1748945,52.6029731],[-7.1724954,52.6031057],[-7.1692783,52.603467],[-7.1685323,52.6035829],[-7.1663811,52.6040254],[-7.1644728,52.6043942],[-7.1628941,52.604626],[-7.161593,52.604921],[-7.1614188,52.6046668],[-7.161228,52.6044086],[-7.1586257,52.6049038],[-7.1572118,52.6052041],[-7.1567434,52.6053305],[-7.1542366,52.6058046],[-7.1532478,52.6058942],[-7.1524844,52.6060575],[-7.1516847,52.6060925],[-7.1517396,52.6066685],[-7.1505867,52.6068783],[-7.1497196,52.6071232],[-7.1487047,52.60716],[-7.1475944,52.6073813],[-7.1460331,52.6082662],[-7.1455473,52.6086033],[-7.1449488,52.6088878],[-7.1418695,52.6100413],[-7.1402301,52.6104838],[-7.1383131,52.6112528],[-7.1377753,52.611337],[-7.1376105,52.6112264],[-7.1372115,52.611237],[-7.1365089,52.6116004],[-7.1363614,52.6115003],[-7.1357282,52.6114634],[-7.1355634,52.611416],[-7.1345399,52.6114266],[-7.1339327,52.6115266],[-7.1318841,52.6122304],[-7.1315198,52.6114509],[-7.1318841,52.6112612],[-7.130288,52.6095441],[-7.1319535,52.6090279],[-7.1299709,52.6064896],[-7.128422,52.6068768],[-7.1277942,52.6070336],[-7.1273212,52.6071176],[-7.126781,52.6072015],[-7.1259666,52.6072916],[-7.1250132,52.6073971],[-7.1243503,52.6074975],[-7.1239239,52.6075245],[-7.1232243,52.6075027],[-7.1226588,52.6075288],[-7.1221715,52.6075877],[-7.121861,52.6076458],[-7.1218558,52.6076468],[-7.121085,52.6078695],[-7.1206234,52.6079687],[-7.1200897,52.6080922],[-7.1195548,52.6081864],[-7.1193301,52.6082308],[-7.1191065,52.6082468],[-7.1186498,52.6082569],[-7.1183053,52.6082646],[-7.1178443,52.608311],[-7.1175673,52.6083622],[-7.1174066,52.6083919],[-7.1163667,52.6087079],[-7.1160378,52.6087765],[-7.1155313,52.6088754],[-7.1151067,52.6089325],[-7.1148282,52.6089405],[-7.114421,52.6089198],[-7.1137804,52.6088382],[-7.1132829,52.608774],[-7.1132014,52.6087784],[-7.1129823,52.6087902],[-7.1127768,52.6088329],[-7.1126181,52.6088658],[-7.1122039,52.6089684],[-7.1119498,52.6090635],[-7.1129921,52.6114837],[-7.1140526,52.6138738],[-7.111977,52.6146312],[-7.1129345,52.6155913],[-7.1133803,52.6161165],[-7.1146611,52.616871],[-7.1124602,52.6186023],[-7.1160397,52.6198088],[-7.116789,52.6198331],[-7.1173378,52.6213436],[-7.1176467,52.6221156],[-7.116531,52.6256061],[-7.1164219,52.6265574],[-7.1182267,52.6271949],[-7.1193205,52.6271839],[-7.1201664,52.6271754],[-7.1223695,52.6270428],[-7.1222539,52.6268752],[-7.1223438,52.6249842],[-7.1224659,52.6248751],[-7.1223503,52.6245787],[-7.1218364,52.6237405],[-7.1215667,52.6226799],[-7.1215731,52.6223114],[-7.1217915,52.621052],[-7.1221768,52.6188664],[-7.1251161,52.618268],[-7.1271557,52.6189773],[-7.1278848,52.6200169],[-7.1307798,52.619287],[-7.134509,52.6221319],[-7.135564,52.622951],[-7.1385326,52.6219978],[-7.1389497,52.6220574],[-7.1396612,52.6219829],[-7.1401519,52.6220872],[-7.1422234,52.6221033],[-7.1424,52.6233831],[-7.1425454,52.6247758],[-7.1461642,52.6243588],[-7.1506662,52.6238599],[-7.1512643,52.6237429],[-7.1515704,52.6245686],[-7.1516632,52.6247615],[-7.1519682,52.6250232],[-7.1521112,52.6253918],[-7.1524396,52.6260088],[-7.1525473,52.6261707],[-7.1530862,52.627],[-7.153966,52.6285929],[-7.1541532,52.6289321],[-7.1548488,52.6298413],[-7.1550621,52.6302768],[-7.155217,52.6303743],[-7.1553156,52.6303909],[-7.1564182,52.6300465],[-7.1587602,52.629387],[-7.1589918,52.6293753],[-7.15905,52.6293723],[-7.1619992,52.628529],[-7.1654212,52.6276129],[-7.1671126,52.62706],[-7.1683314,52.6267152],[-7.1692031,52.6276682],[-7.1699274,52.6282868],[-7.1708122,52.629503],[-7.1724386,52.629045],[-7.1738828,52.6286027],[-7.174464,52.6283579],[-7.1763289,52.6278919],[-7.1767496,52.6278182],[-7.1781722,52.6274391],[-7.1814423,52.6265625],[-7.1849678,52.6256189],[-7.185015,52.6256778],[-7.1851495,52.6258072],[-7.1881782,52.6251035],[-7.1948312,52.6224655],[-7.19515,52.622371],[-7.1956368,52.6222268],[-7.1960443,52.622106],[-7.1959855,52.6218728]]]}},{"type":"Feature","properties":{"@id":"relation/5385520","boundary":"civil_parish","logainm:ref":"1340","name":"Outrath","name:en":"Outrath","name:ga":"Uachtar Rátha","wikidata":"Q60556258"},"geometry":{"type":"Polygon","coordinates":[[[-7.2423423,52.5992203],[-7.2313949,52.6004517],[-7.2302546,52.6005132],[-7.2292409,52.6007441],[-7.2270616,52.600975],[-7.2236152,52.6013752],[-7.2221454,52.6017445],[-7.2223481,52.6021293],[-7.2228296,52.6021139],[-7.2233871,52.6029296],[-7.2235898,52.6030835],[-7.2244514,52.6042378],[-7.2231084,52.6045918],[-7.2235898,52.605469],[-7.2241727,52.6062847],[-7.2245419,52.6064895],[-7.2242041,52.606778],[-7.2240703,52.6068812],[-7.2239337,52.6069537],[-7.223817,52.6069895],[-7.2230198,52.6071736],[-7.2229193,52.6071968],[-7.2223262,52.6073338],[-7.2218463,52.6074547],[-7.2216728,52.6074846],[-7.2214763,52.6075037],[-7.2212856,52.6074685],[-7.2209399,52.6073564],[-7.2207667,52.6072881],[-7.2206336,52.6072485],[-7.2204828,52.6072407],[-7.2182427,52.607305],[-7.2174075,52.6073926],[-7.2169897,52.6074737],[-7.216161,52.6079769],[-7.2153567,52.6088057],[-7.215284,52.6088774],[-7.2149625,52.6092405],[-7.21459,52.6095622],[-7.2145797,52.6095601],[-7.2142001,52.6095017],[-7.2137296,52.6094211],[-7.2136526,52.6094079],[-7.2131348,52.6093138],[-7.2128589,52.6092564],[-7.2123033,52.6091967],[-7.2119216,52.6091829],[-7.2113282,52.6091531],[-7.2108557,52.6091439],[-7.2103908,52.6091554],[-7.2100582,52.6091485],[-7.2098498,52.6091339],[-7.2097644,52.6094556],[-7.2096066,52.6102275],[-7.2095886,52.6104492],[-7.2094488,52.6111828],[-7.2094624,52.6113252],[-7.2094353,52.6116345],[-7.2094398,52.6118014],[-7.2090927,52.6118398],[-7.2088042,52.6118644],[-7.2086374,52.611889],[-7.2083895,52.6119383],[-7.2080965,52.6119629],[-7.2078621,52.6120122],[-7.2076097,52.6120697],[-7.2076728,52.6121901],[-7.2078215,52.6125158],[-7.2079072,52.612806],[-7.2080199,52.6130797],[-7.2081289,52.6135178],[-7.2083472,52.6137539],[-7.2084485,52.6140545],[-7.2083899,52.6144787],[-7.2091788,52.6145567],[-7.2102301,52.61467],[-7.2100829,52.6149493],[-7.2104393,52.6149902],[-7.2105026,52.615398],[-7.2109715,52.6155903],[-7.2116937,52.6156441],[-7.2118331,52.615798],[-7.2113769,52.615998],[-7.2122765,52.6165211],[-7.2120104,52.6167289],[-7.2127707,52.617552],[-7.2148106,52.6198136],[-7.2148867,52.620229],[-7.214912,52.6203444],[-7.2166417,52.6213718],[-7.216393,52.6214972],[-7.2163357,52.6215364],[-7.2163227,52.6215863],[-7.2163344,52.6216427],[-7.2163671,52.6216792],[-7.2165085,52.6218059],[-7.216952,52.6219289],[-7.2192073,52.6226981],[-7.2204997,52.6233904],[-7.2210066,52.6234058],[-7.2210187,52.6237482],[-7.2215563,52.6243682],[-7.2221835,52.6249447],[-7.2224522,52.6256082],[-7.2237962,52.6255321],[-7.2251323,52.6253206],[-7.2252173,52.6240669],[-7.2265019,52.624342],[-7.2272961,52.6246461],[-7.2281329,52.6251444],[-7.2290764,52.6253838],[-7.2285274,52.6262963],[-7.2281969,52.6262898],[-7.2280796,52.6277005],[-7.2287645,52.6276414],[-7.2308289,52.6278125],[-7.2304603,52.6288023],[-7.230277,52.6291845],[-7.2305101,52.6294451],[-7.2314669,52.6294674],[-7.2322676,52.6296445],[-7.2327278,52.6296009],[-7.233181,52.629669],[-7.233255,52.6295052],[-7.2332228,52.6292468],[-7.2332716,52.6289878],[-7.2348526,52.6289686],[-7.2351102,52.6282463],[-7.2350857,52.6278293],[-7.2352697,52.6274198],[-7.2361652,52.6273379],[-7.2366559,52.6272486],[-7.2375146,52.627189],[-7.2390731,52.6276206],[-7.2392687,52.6277166],[-7.2396322,52.6278386],[-7.2398892,52.6279485],[-7.2399683,52.6279896],[-7.2409494,52.628157],[-7.2413174,52.62809],[-7.2443473,52.6280602],[-7.2446419,52.6282179],[-7.2447516,52.6271791],[-7.2452561,52.6259962],[-7.2454906,52.6259906],[-7.2471787,52.6260719],[-7.2507449,52.6261471],[-7.250904,52.6261375],[-7.2512339,52.6261267],[-7.2516911,52.6261196],[-7.2523139,52.6261269],[-7.2542108,52.6261385],[-7.2544694,52.6260429],[-7.2548393,52.6249595],[-7.2549381,52.6244885],[-7.2554835,52.6228957],[-7.2554459,52.6222791],[-7.2545704,52.6211328],[-7.2542246,52.61974],[-7.2541666,52.6192076],[-7.2540625,52.6179963],[-7.2535247,52.6169852],[-7.2520501,52.6169536],[-7.2521021,52.6165639],[-7.2520674,52.6154158],[-7.2524838,52.6147943],[-7.2522409,52.6146047],[-7.2519633,52.6144572],[-7.2525241,52.6132537],[-7.2519542,52.6131557],[-7.2511721,52.6131615],[-7.2489745,52.6133261],[-7.2479043,52.6134797],[-7.2461211,52.6138681],[-7.2459945,52.6138957],[-7.2455778,52.6130349],[-7.2454287,52.6127085],[-7.2452525,52.6122898],[-7.2452436,52.6122634],[-7.2454106,52.6122128],[-7.2469518,52.6117573],[-7.2465844,52.6109575],[-7.2471836,52.6108377],[-7.2484831,52.6104036],[-7.2488839,52.6103154],[-7.2493749,52.610262],[-7.2507145,52.6101262],[-7.2517093,52.6100109],[-7.2538674,52.6098868],[-7.2562517,52.6098858],[-7.2565045,52.6098892],[-7.2565928,52.6098831],[-7.2579561,52.6097898],[-7.2589406,52.6097504],[-7.2598972,52.6096771],[-7.2601491,52.6096538],[-7.2612863,52.6096111],[-7.2638556,52.6094321],[-7.2646658,52.6093547],[-7.266081,52.6092274],[-7.2658071,52.6089207],[-7.265364,52.6084584],[-7.2651034,52.608156],[-7.2649675,52.6079982],[-7.2645834,52.6075178],[-7.2645692,52.6074985],[-7.2642871,52.6071146],[-7.2638033,52.606456],[-7.2634992,52.6060504],[-7.2633629,52.6058096],[-7.2629581,52.6048966],[-7.2629023,52.6046683],[-7.2628362,52.604346],[-7.2627722,52.6040675],[-7.262448,52.6032335],[-7.2622105,52.6027631],[-7.2620845,52.6025173],[-7.2619792,52.6022714],[-7.2617892,52.6015301],[-7.2616591,52.6011288],[-7.2614195,52.6006245],[-7.26131,52.6002771],[-7.2612687,52.6000513],[-7.2612734,52.5998428],[-7.2612967,52.599735],[-7.261412,52.5995286],[-7.261585,52.5993131],[-7.2616583,52.5992218],[-7.2618656,52.5989636],[-7.2619391,52.598872],[-7.262047,52.5986952],[-7.2621233,52.5985405],[-7.2621764,52.5983609],[-7.2621999,52.5981707],[-7.2622039,52.598002],[-7.2621764,52.59751],[-7.2621406,52.5973176],[-7.2620614,52.5970903],[-7.2599103,52.5972956],[-7.2588482,52.5972923],[-7.2574754,52.5974645],[-7.2548731,52.5977909],[-7.2548409,52.5979407],[-7.2522553,52.5982047],[-7.2521104,52.5982829],[-7.2513648,52.5983285],[-7.2494551,52.5985566],[-7.2480979,52.5986348],[-7.2469499,52.5988107],[-7.244906,52.5988661],[-7.2445413,52.5989443],[-7.2424759,52.5989704],[-7.2422828,52.5990062],[-7.2423423,52.5992203]]]}},{"type":"Feature","properties":{"@id":"relation/5385543","boundary":"civil_parish","logainm:ref":"1301","name":"Grangekilree","name:en":"Grangekilree","name:ga":"Gráinseach Chill Rí","wikidata":"Q60554412"},"geometry":{"type":"Polygon","coordinates":[[[-7.215284,52.6088774],[-7.2153567,52.6088057],[-7.216161,52.6079769],[-7.2169897,52.6074737],[-7.2174075,52.6073926],[-7.2182427,52.607305],[-7.2204828,52.6072407],[-7.2206336,52.6072485],[-7.2207667,52.6072881],[-7.2209399,52.6073564],[-7.2212856,52.6074685],[-7.2214763,52.6075037],[-7.2216728,52.6074846],[-7.2218463,52.6074547],[-7.2223262,52.6073338],[-7.2229193,52.6071968],[-7.2230198,52.6071736],[-7.223817,52.6069895],[-7.2239337,52.6069537],[-7.2240703,52.6068812],[-7.2242041,52.606778],[-7.2245419,52.6064895],[-7.2241727,52.6062847],[-7.2235898,52.605469],[-7.2231084,52.6045918],[-7.2244514,52.6042378],[-7.2235898,52.6030835],[-7.2233871,52.6029296],[-7.2228296,52.6021139],[-7.2223481,52.6021293],[-7.2221454,52.6017445],[-7.2216952,52.6009733],[-7.2216952,52.6004296],[-7.2205016,52.598659],[-7.2200195,52.5975297],[-7.219487,52.596629],[-7.2192299,52.5966848],[-7.2187204,52.5959318],[-7.2182292,52.5953686],[-7.2178389,52.595034],[-7.2172838,52.5941154],[-7.2171733,52.5939325],[-7.2167218,52.5932222],[-7.2163537,52.5931528],[-7.215842,52.5924056],[-7.2158649,52.5921825],[-7.2154059,52.59182],[-7.2147888,52.5910499],[-7.2145909,52.5907314],[-7.2144306,52.5906368],[-7.2140286,52.5905511],[-7.2132223,52.5894183],[-7.2099123,52.5903125],[-7.2085489,52.5907994],[-7.207176,52.5911057],[-7.2064521,52.5912773],[-7.2061109,52.5913925],[-7.2057766,52.5914068],[-7.205509,52.5915268],[-7.2053522,52.5916805],[-7.2042306,52.5920605],[-7.2012604,52.5928],[-7.200741,52.5929084],[-7.1997997,52.5936578],[-7.1990855,52.5940817],[-7.1989232,52.5937662],[-7.198696,52.593569],[-7.197641,52.5936578],[-7.1958232,52.5941113],[-7.195531,52.5942493],[-7.1951577,52.5942789],[-7.1946708,52.5945057],[-7.1912299,52.5955803],[-7.1908884,52.5957807],[-7.1899281,52.5961311],[-7.1898825,52.5961245],[-7.1898315,52.5956422],[-7.1897935,52.5951194],[-7.1885825,52.5952015],[-7.1855006,52.5948342],[-7.1854343,52.5952075],[-7.1852832,52.5954773],[-7.185015,52.5959561],[-7.1843927,52.5971528],[-7.1833078,52.5977488],[-7.1828363,52.5982891],[-7.1826299,52.5985256],[-7.1822495,52.5991035],[-7.1830364,52.5996331],[-7.1838875,52.5999705],[-7.1866382,52.6009053],[-7.1876392,52.6014094],[-7.1895454,52.6024883],[-7.1897474,52.6025929],[-7.1927538,52.6041495],[-7.1928024,52.604174],[-7.1929703,52.6042319],[-7.1935621,52.6045955],[-7.1943413,52.605161],[-7.194691,52.6052459],[-7.197128,52.6065354],[-7.1973341,52.6066932],[-7.1962915,52.6070492],[-7.1963295,52.6072877],[-7.1963457,52.6073898],[-7.1963465,52.6074804],[-7.1963476,52.6076019],[-7.1979795,52.6069263],[-7.1987143,52.6071648],[-7.1991071,52.607488],[-7.1995506,52.6076573],[-7.2005516,52.6076111],[-7.2014005,52.6076573],[-7.2017299,52.6078035],[-7.2018567,52.6088576],[-7.2017173,52.6091038],[-7.2018567,52.610081],[-7.20192,52.6103579],[-7.201882,52.6110658],[-7.201958,52.611412],[-7.2020527,52.6115186],[-7.2024269,52.6114451],[-7.2028729,52.6114979],[-7.2030997,52.6118215],[-7.203111,52.6121968],[-7.2034323,52.6124205],[-7.2036553,52.6124113],[-7.2039539,52.6123241],[-7.2042071,52.612214],[-7.2046002,52.612152],[-7.205375,52.612012],[-7.2060889,52.6145109],[-7.2063455,52.6151129],[-7.2057418,52.6155402],[-7.2059535,52.6156634],[-7.2061656,52.6158301],[-7.2063428,52.6159801],[-7.2065108,52.6160217],[-7.2066975,52.616035],[-7.2068377,52.6160024],[-7.2069675,52.6159722],[-7.2071677,52.6158995],[-7.2075195,52.6156769],[-7.2076007,52.6156255],[-7.2079626,52.61533],[-7.2082496,52.6151709],[-7.2085818,52.615112],[-7.2087257,52.6151718],[-7.2090607,52.6153073],[-7.2092474,52.6153899],[-7.2094718,52.615439],[-7.2095968,52.6154298],[-7.2097282,52.6153818],[-7.2099599,52.6151827],[-7.2100677,52.6149782],[-7.2100829,52.6149493],[-7.2102301,52.61467],[-7.2091788,52.6145567],[-7.2083899,52.6144787],[-7.2084485,52.6140545],[-7.2083472,52.6137539],[-7.2081289,52.6135178],[-7.2080199,52.6130797],[-7.2079072,52.612806],[-7.2078215,52.6125158],[-7.2076728,52.6121901],[-7.2076097,52.6120697],[-7.2078621,52.6120122],[-7.2080965,52.6119629],[-7.2083895,52.6119383],[-7.2086374,52.611889],[-7.2088042,52.6118644],[-7.2090927,52.6118398],[-7.2094398,52.6118014],[-7.2094353,52.6116345],[-7.2094624,52.6113252],[-7.2094488,52.6111828],[-7.2095886,52.6104492],[-7.2096066,52.6102275],[-7.2097644,52.6094556],[-7.2098498,52.6091339],[-7.2100582,52.6091485],[-7.2103908,52.6091554],[-7.2108557,52.6091439],[-7.2113282,52.6091531],[-7.2119216,52.6091829],[-7.2123033,52.6091967],[-7.2128589,52.6092564],[-7.2131348,52.6093138],[-7.2136526,52.6094079],[-7.2137296,52.6094211],[-7.2142001,52.6095017],[-7.2145797,52.6095601],[-7.21459,52.6095622],[-7.2149625,52.6092405],[-7.215284,52.6088774]]]}},{"type":"Feature","properties":{"@id":"relation/5385544","boundary":"civil_parish","logainm:ref":"1317","name":"Kilferagh","name:en":"Kilferagh","name:ga":"Cill Fíora","wikidata":"Q60554717"},"geometry":{"type":"Polygon","coordinates":[[[-7.2122765,52.6165211],[-7.2113769,52.615998],[-7.2118331,52.615798],[-7.2116937,52.6156441],[-7.2109715,52.6155903],[-7.2105026,52.615398],[-7.2104393,52.6149902],[-7.2100829,52.6149493],[-7.2100677,52.6149782],[-7.2099599,52.6151827],[-7.2097282,52.6153818],[-7.2095968,52.6154298],[-7.2094718,52.615439],[-7.2092474,52.6153899],[-7.2090607,52.6153073],[-7.2087257,52.6151718],[-7.2085818,52.615112],[-7.2082496,52.6151709],[-7.2079626,52.61533],[-7.2076007,52.6156255],[-7.2075195,52.6156769],[-7.2071677,52.6158995],[-7.2069675,52.6159722],[-7.2068377,52.6160024],[-7.2066975,52.616035],[-7.2065108,52.6160217],[-7.2063428,52.6159801],[-7.2061656,52.6158301],[-7.2059535,52.6156634],[-7.2057418,52.6155402],[-7.2063455,52.6151129],[-7.2060889,52.6145109],[-7.205375,52.612012],[-7.2046002,52.612152],[-7.2042071,52.612214],[-7.2039539,52.6123241],[-7.2036553,52.6124113],[-7.2034323,52.6124205],[-7.203111,52.6121968],[-7.2030997,52.6118215],[-7.2028729,52.6114979],[-7.2024269,52.6114451],[-7.2020527,52.6115186],[-7.201958,52.611412],[-7.201882,52.6110658],[-7.20192,52.6103579],[-7.2018567,52.610081],[-7.2017173,52.6091038],[-7.2018567,52.6088576],[-7.2017299,52.6078035],[-7.2014005,52.6076573],[-7.2005516,52.6076111],[-7.1995506,52.6076573],[-7.1991071,52.607488],[-7.1987143,52.6071648],[-7.1979795,52.6069263],[-7.1963476,52.6076019],[-7.1963465,52.6074804],[-7.1963457,52.6073898],[-7.1963295,52.6072877],[-7.1962915,52.6070492],[-7.1973341,52.6066932],[-7.197128,52.6065354],[-7.194691,52.6052459],[-7.1943413,52.605161],[-7.1935621,52.6045955],[-7.1929703,52.6042319],[-7.1928024,52.604174],[-7.1927538,52.6041495],[-7.1897474,52.6025929],[-7.1895454,52.6024883],[-7.1876392,52.6014094],[-7.1866382,52.6009053],[-7.1838875,52.5999705],[-7.1830364,52.5996331],[-7.1822495,52.5991035],[-7.1817251,52.5999001],[-7.1812179,52.6006705],[-7.1809832,52.6014012],[-7.1808178,52.6021043],[-7.1807935,52.6022078],[-7.1806986,52.6032737],[-7.1806986,52.604426],[-7.1806986,52.6052902],[-7.1807738,52.606011],[-7.1810781,52.6067881],[-7.1809832,52.6075082],[-7.1808171,52.6082478],[-7.1808435,52.6091816],[-7.1814342,52.6097584],[-7.1823654,52.6104917],[-7.1832844,52.6112291],[-7.1838901,52.6117116],[-7.1840648,52.6123859],[-7.1847187,52.6131083],[-7.1852363,52.6133782],[-7.1854072,52.613387],[-7.1854635,52.61339],[-7.1857116,52.6134028],[-7.1858383,52.6134093],[-7.1863101,52.6135363],[-7.1874811,52.6142856],[-7.188253,52.6148458],[-7.189001,52.6156285],[-7.1906774,52.6164592],[-7.1917297,52.6175846],[-7.1930874,52.6183771],[-7.1937113,52.6188895],[-7.1945437,52.619957],[-7.1953722,52.620708],[-7.1958388,52.6212903],[-7.1959855,52.6218728],[-7.1960443,52.622106],[-7.1970632,52.6236113],[-7.197151,52.6247548],[-7.1967782,52.6259103],[-7.1967411,52.6267314],[-7.1969929,52.6279123],[-7.1969131,52.628681],[-7.197092,52.6291458],[-7.1972183,52.6294741],[-7.1975541,52.6304349],[-7.1977053,52.6309061],[-7.2026497,52.6298455],[-7.2033373,52.6298109],[-7.203946,52.6297099],[-7.2045898,52.6295158],[-7.2064029,52.629141],[-7.2077999,52.6286466],[-7.2082204,52.6283117],[-7.2085357,52.6282957],[-7.2097006,52.6277827],[-7.2103838,52.6276604],[-7.2105678,52.6274078],[-7.2113867,52.6273547],[-7.2129984,52.6267007],[-7.2135936,52.6258633],[-7.213962,52.6257191],[-7.2140081,52.6257575],[-7.2141319,52.6258606],[-7.214335,52.6257496],[-7.2147471,52.625717],[-7.2149263,52.6255321],[-7.2155714,52.6253363],[-7.2164315,52.6253254],[-7.2172378,52.6253145],[-7.2180442,52.6249556],[-7.2184922,52.6249012],[-7.2197644,52.6241398],[-7.220069,52.6239548],[-7.2205887,52.6236829],[-7.2210187,52.6237482],[-7.2210066,52.6234058],[-7.2204997,52.6233904],[-7.2192073,52.6226981],[-7.216952,52.6219289],[-7.2165085,52.6218059],[-7.2163671,52.6216792],[-7.2163344,52.6216427],[-7.2163227,52.6215863],[-7.2163357,52.6215364],[-7.216393,52.6214972],[-7.2166417,52.6213718],[-7.214912,52.6203444],[-7.2148867,52.620229],[-7.2148106,52.6198136],[-7.2127707,52.617552],[-7.2120104,52.6167289],[-7.2122765,52.6165211]]]}},{"type":"Feature","properties":{"@id":"relation/5385557","boundary":"civil_parish","logainm:ref":"1280","name":"Danesfort","name:en":"Danesfort","name:ga":"Dún Feart"},"geometry":{"type":"Polygon","coordinates":[[[-7.2589114,52.583328],[-7.2589119,52.5830739],[-7.2588319,52.58257],[-7.2588028,52.5822253],[-7.2587955,52.5818496],[-7.2585773,52.5813943],[-7.25825,52.5807534],[-7.2579663,52.5799932],[-7.2578302,52.5797286],[-7.257727,52.579528],[-7.2576551,52.5793882],[-7.2575662,52.5792153],[-7.2573116,52.5784196],[-7.2570716,52.5774516],[-7.2568978,52.576963],[-7.2567834,52.5766412],[-7.2567223,52.5761194],[-7.2567857,52.5759953],[-7.2568952,52.5758843],[-7.2550241,52.5756683],[-7.2549044,52.5749698],[-7.2548957,52.573007],[-7.2548187,52.5725317],[-7.2547782,52.5718717],[-7.2548032,52.5714353],[-7.2536689,52.5715165],[-7.2530569,52.5715514],[-7.2519922,52.5716444],[-7.2515587,52.571625],[-7.2515715,52.5714816],[-7.2515205,52.5712453],[-7.2514057,52.570451],[-7.251291,52.5701953],[-7.2512782,52.5699628],[-7.2512081,52.5698194],[-7.2510934,52.5693118],[-7.2510105,52.5691026],[-7.2508676,52.5690133],[-7.2507874,52.5689631],[-7.2507045,52.5688198],[-7.2506599,52.5684516],[-7.2506854,52.5681455],[-7.2506025,52.5674209],[-7.2505579,52.5670683],[-7.2505834,52.5667389],[-7.2505525,52.5665207],[-7.2505324,52.5663786],[-7.2506103,52.5660019],[-7.2506134,52.565987],[-7.2499627,52.5659195],[-7.2497107,52.5659387],[-7.2494539,52.5659425],[-7.249228,52.5658821],[-7.2487842,52.5657609],[-7.2485977,52.565763],[-7.2477267,52.5660596],[-7.2475254,52.5660666],[-7.2473795,52.5660356],[-7.247211,52.5660321],[-7.2470777,52.5660294],[-7.246935,52.5660264],[-7.2462982,52.5659199],[-7.24543,52.5657747],[-7.2438478,52.5656315],[-7.2437498,52.5656226],[-7.243531,52.5656028],[-7.2423216,52.5656449],[-7.2419451,52.565658],[-7.2410033,52.5650282],[-7.240189,52.5642207],[-7.238332,52.5644117],[-7.2367606,52.5644378],[-7.2353321,52.5646028],[-7.2340464,52.5647156],[-7.2292895,52.5650369],[-7.2274753,52.5651238],[-7.2253182,52.5652019],[-7.2250611,52.5645246],[-7.2250611,52.5640731],[-7.2247754,52.5640557],[-7.2238897,52.5642988],[-7.2204327,52.5650977],[-7.2200041,52.5651324],[-7.2195042,52.564746],[-7.2193899,52.5641382],[-7.2186756,52.5642424],[-7.2183899,52.5634261],[-7.2188288,52.5633248],[-7.2195358,52.5628949],[-7.2220005,52.5624528],[-7.2219803,52.5617528],[-7.2218591,52.5612984],[-7.2217379,52.5606843],[-7.222748,52.5606843],[-7.2224247,52.5600089],[-7.2222833,52.5592474],[-7.2224652,52.5589281],[-7.2225258,52.5583263],[-7.2216369,52.5582403],[-7.2186873,52.5581912],[-7.2188894,52.5574297],[-7.219556,52.5574665],[-7.2196974,52.5566436],[-7.2180207,52.5565576],[-7.2180207,52.5557531],[-7.2172126,52.5553355],[-7.217455,52.5535544],[-7.2173944,52.552584],[-7.2175358,52.5515399],[-7.2170689,52.5514647],[-7.2169863,52.5515416],[-7.2167178,52.5516107],[-7.2163409,52.5516719],[-7.216229,52.5516964],[-7.2158489,52.5505265],[-7.2146974,52.5503545],[-7.2125156,52.5488067],[-7.2121471,52.5483831],[-7.2114114,52.5476447],[-7.2108281,52.5474813],[-7.2103874,52.5476703],[-7.2096432,52.5479896],[-7.2092927,52.5480273],[-7.2087446,52.5478911],[-7.2074196,52.5473812],[-7.2069012,52.5472502],[-7.2059628,52.5472214],[-7.204674,52.5475189],[-7.2042833,52.5476787],[-7.2040314,52.5479563],[-7.2031806,52.5482227],[-7.2011506,52.5484425],[-7.1993944,52.5484203],[-7.1983794,52.5483559],[-7.198007,52.5482027],[-7.1966049,52.5472946],[-7.1956034,52.5465167],[-7.195052,52.5460472],[-7.1948183,52.5459395],[-7.194515,52.5469284],[-7.1946751,52.5478814],[-7.1947088,52.5487267],[-7.1944857,52.5494392],[-7.1942784,52.5501013],[-7.193458,52.5517478],[-7.19265,52.5537068],[-7.192147,52.5544686],[-7.1916778,52.5548458],[-7.1908561,52.5554111],[-7.1904041,52.5558462],[-7.1899876,52.5565439],[-7.1895305,52.5572157],[-7.1894637,52.5574696],[-7.1893029,52.5580808],[-7.1890752,52.5597072],[-7.1887906,52.5609529],[-7.1885962,52.5616225],[-7.1877514,52.5631483],[-7.1875348,52.5643125],[-7.1872891,52.5648903],[-7.1874172,52.5653736],[-7.1874815,52.5667656],[-7.1874049,52.567458],[-7.1878411,52.5682761],[-7.1884949,52.5691674],[-7.1888658,52.5694342],[-7.1890925,52.5699369],[-7.1888706,52.5706288],[-7.1883659,52.5714195],[-7.1875475,52.5723337],[-7.1867738,52.5735575],[-7.1863431,52.5749298],[-7.1863106,52.5761038],[-7.1860016,52.5766939],[-7.1855805,52.5776831],[-7.1851826,52.5784408],[-7.1845422,52.5791051],[-7.1838612,52.5798968],[-7.1837429,52.5802235],[-7.1834946,52.5809097],[-7.1826039,52.5820193],[-7.182015,52.5829867],[-7.1820267,52.5833058],[-7.1822317,52.5836396],[-7.1824289,52.5841878],[-7.1830465,52.5852591],[-7.1833162,52.5855903],[-7.1833449,52.5857332],[-7.1837695,52.5858622],[-7.1841999,52.5858552],[-7.1843187,52.5858896],[-7.1843468,52.5861086],[-7.1843794,52.5863637],[-7.1842295,52.5873452],[-7.1841722,52.5881797],[-7.1842678,52.5886272],[-7.1843525,52.5890241],[-7.184618,52.589737],[-7.1850559,52.5909126],[-7.1853637,52.5916115],[-7.1854002,52.5916943],[-7.185517,52.5919596],[-7.185545,52.5923197],[-7.1856421,52.5935692],[-7.1855367,52.5946307],[-7.1855006,52.5948342],[-7.1885825,52.5952015],[-7.1897935,52.5951194],[-7.1898315,52.5956422],[-7.1898825,52.5961245],[-7.1899281,52.5961311],[-7.1908884,52.5957807],[-7.1912299,52.5955803],[-7.1946708,52.5945057],[-7.1951577,52.5942789],[-7.195531,52.5942493],[-7.1958232,52.5941113],[-7.197641,52.5936578],[-7.198696,52.593569],[-7.1989232,52.5937662],[-7.1990855,52.5940817],[-7.1997997,52.5936578],[-7.200741,52.5929084],[-7.2012604,52.5928],[-7.2042306,52.5920605],[-7.2053522,52.5916805],[-7.205509,52.5915268],[-7.2057766,52.5914068],[-7.2061109,52.5913925],[-7.2064521,52.5912773],[-7.207176,52.5911057],[-7.2085489,52.5907994],[-7.2099123,52.5903125],[-7.2132223,52.5894183],[-7.2140286,52.5905511],[-7.2144306,52.5906368],[-7.2145909,52.5907314],[-7.2147888,52.5910499],[-7.2154059,52.59182],[-7.2158649,52.5921825],[-7.215842,52.5924056],[-7.2163537,52.5931528],[-7.2167218,52.5932222],[-7.2171733,52.5939325],[-7.2172838,52.5941154],[-7.2178389,52.595034],[-7.2182292,52.5953686],[-7.2187204,52.5959318],[-7.2192299,52.5966848],[-7.219487,52.596629],[-7.2200195,52.5975297],[-7.2205016,52.598659],[-7.2216952,52.6004296],[-7.2216952,52.6009733],[-7.2221454,52.6017445],[-7.2236152,52.6013752],[-7.2270616,52.600975],[-7.2292409,52.6007441],[-7.2302546,52.6005132],[-7.2313949,52.6004517],[-7.2423423,52.5992203],[-7.2422828,52.5990062],[-7.2424759,52.5989704],[-7.2445413,52.5989443],[-7.244906,52.5988661],[-7.2469499,52.5988107],[-7.2480979,52.5986348],[-7.2494551,52.5985566],[-7.2513648,52.5983285],[-7.2521104,52.5982829],[-7.2522553,52.5982047],[-7.2548409,52.5979407],[-7.2548731,52.5977909],[-7.2574754,52.5974645],[-7.2588482,52.5972923],[-7.2599103,52.5972956],[-7.2620614,52.5970903],[-7.2619984,52.5968565],[-7.2619622,52.5966423],[-7.2619474,52.5964394],[-7.2619461,52.5962553],[-7.2619635,52.5960859],[-7.2620078,52.5959767],[-7.2621158,52.5958068],[-7.2620051,52.5957869],[-7.261922,52.5957445],[-7.2619005,52.5954187],[-7.2619354,52.5947621],[-7.2617932,52.5941201],[-7.2614928,52.5934097],[-7.2609751,52.592758],[-7.2607069,52.5920769],[-7.2606318,52.5913046],[-7.2600295,52.5896628],[-7.2597938,52.58902],[-7.2593793,52.5881467],[-7.2593276,52.5872611],[-7.2591278,52.5851729],[-7.2589114,52.583328]]]}},{"type":"Feature","properties":{"@id":"relation/5387626","boundary":"civil_parish","logainm:ref":"1372","name":"Tullaherin","name:en":"Tullaherin","name:ga":"An Tulaigh Thirim"},"geometry":{"type":"Polygon","coordinates":[[[-7.0999841,52.5849003],[-7.1002827,52.585516],[-7.1008672,52.5853955],[-7.1021825,52.5850088],[-7.1039506,52.5865856],[-7.1053581,52.5862648],[-7.105437,52.586655],[-7.1055664,52.5872642],[-7.1056222,52.5875232],[-7.105731,52.588077],[-7.1058339,52.5888487],[-7.1059215,52.5892507],[-7.1059127,52.5895865],[-7.105945,52.5897687],[-7.1059509,52.5898616],[-7.1062684,52.5899759],[-7.1066654,52.5900652],[-7.1068859,52.590151],[-7.107127,52.5902599],[-7.1073328,52.590326],[-7.1075122,52.590301],[-7.1077709,52.5902885],[-7.1080514,52.5903],[-7.1083965,52.590372],[-7.1093633,52.5906915],[-7.1095483,52.5907421],[-7.1097853,52.5908418],[-7.1100432,52.5909075],[-7.1102088,52.590948],[-7.1103587,52.5910391],[-7.1104528,52.5911088],[-7.1104817,52.5912539],[-7.1104964,52.5914629],[-7.1104752,52.5915922],[-7.1099786,52.592067],[-7.1096493,52.5923962],[-7.1094067,52.5926111],[-7.1092885,52.5926973],[-7.1089878,52.5928458],[-7.1091481,52.5929487],[-7.1093657,52.5930201],[-7.1099176,52.5932564],[-7.1111547,52.593624],[-7.1115685,52.5937245],[-7.1119919,52.5938084],[-7.1125152,52.5938781],[-7.1127714,52.593898],[-7.1126175,52.5943906],[-7.1125593,52.5946482],[-7.1125028,52.5947627],[-7.1124499,52.5949342],[-7.1123734,52.5952735],[-7.1123616,52.5954486],[-7.1122734,52.5956486],[-7.1122676,52.5959058],[-7.1122617,52.5961808],[-7.1121499,52.5963523],[-7.1121676,52.596513],[-7.1120617,52.5967131],[-7.1118971,52.596956],[-7.1117324,52.5971203],[-7.1116442,52.597256],[-7.1115972,52.5974525],[-7.1115148,52.5977168],[-7.1113502,52.5979847],[-7.111162,52.5982955],[-7.1110444,52.5986741],[-7.1109562,52.5989384],[-7.1107739,52.5993384],[-7.1106386,52.5996563],[-7.1105622,52.5998421],[-7.110521,52.6000742],[-7.1106621,52.6005028],[-7.1107797,52.6010529],[-7.1108444,52.6013743],[-7.1112032,52.6021137],[-7.111456,52.6026155],[-7.1114472,52.6026887],[-7.1112855,52.6028744],[-7.111159,52.6029798],[-7.1110414,52.6030226],[-7.1105328,52.6030869],[-7.1101084,52.6031827],[-7.1099379,52.6032471],[-7.109888,52.6034883],[-7.1098485,52.6042219],[-7.109836,52.6045174],[-7.1098693,52.6046677],[-7.1099545,52.60478],[-7.1100732,52.6049178],[-7.1102613,52.605075],[-7.1106393,52.6054733],[-7.1107128,52.6056179],[-7.1109098,52.6058768],[-7.1110862,52.6061286],[-7.1112564,52.6064466],[-7.1114019,52.6066524],[-7.1115454,52.6068481],[-7.1118531,52.6072054],[-7.1120361,52.6074087],[-7.1121275,52.6074844],[-7.1123001,52.607593],[-7.1125226,52.6079049],[-7.1126619,52.6080741],[-7.1129987,52.6084604],[-7.113138,52.6086422],[-7.1132014,52.6087784],[-7.1132829,52.608774],[-7.1137804,52.6088382],[-7.114421,52.6089198],[-7.1148282,52.6089405],[-7.1151067,52.6089325],[-7.1155313,52.6088754],[-7.1160378,52.6087765],[-7.1163667,52.6087079],[-7.1174066,52.6083919],[-7.1175673,52.6083622],[-7.1178443,52.608311],[-7.1183053,52.6082646],[-7.1186498,52.6082569],[-7.1191065,52.6082468],[-7.1193301,52.6082308],[-7.1195548,52.6081864],[-7.1200897,52.6080922],[-7.1206234,52.6079687],[-7.121085,52.6078695],[-7.1218558,52.6076468],[-7.121861,52.6076458],[-7.1221715,52.6075877],[-7.1226588,52.6075288],[-7.1232243,52.6075027],[-7.1239239,52.6075245],[-7.1243503,52.6074975],[-7.1250132,52.6073971],[-7.1259666,52.6072916],[-7.126781,52.6072015],[-7.1273212,52.6071176],[-7.1277942,52.6070336],[-7.128422,52.6068768],[-7.1299709,52.6064896],[-7.1319535,52.6090279],[-7.130288,52.6095441],[-7.1318841,52.6112612],[-7.1315198,52.6114509],[-7.1318841,52.6122304],[-7.1339327,52.6115266],[-7.1345399,52.6114266],[-7.1355634,52.611416],[-7.1357282,52.6114634],[-7.1363614,52.6115003],[-7.1365089,52.6116004],[-7.1372115,52.611237],[-7.1376105,52.6112264],[-7.1377753,52.611337],[-7.1383131,52.6112528],[-7.1402301,52.6104838],[-7.1418695,52.6100413],[-7.1449488,52.6088878],[-7.1455473,52.6086033],[-7.1460331,52.6082662],[-7.1475944,52.6073813],[-7.1487047,52.60716],[-7.1497196,52.6071232],[-7.1505867,52.6068783],[-7.1517396,52.6066685],[-7.1516847,52.6060925],[-7.1524844,52.6060575],[-7.1532478,52.6058942],[-7.1542366,52.6058046],[-7.1567434,52.6053305],[-7.1572118,52.6052041],[-7.1586257,52.6049038],[-7.161228,52.6044086],[-7.1614188,52.6046668],[-7.161593,52.604921],[-7.1628941,52.604626],[-7.1644728,52.6043942],[-7.1663811,52.6040254],[-7.1685323,52.6035829],[-7.1692783,52.603467],[-7.1690712,52.6028057],[-7.1692061,52.6023438],[-7.169006,52.6007727],[-7.168754,52.6007984],[-7.1665387,52.601225],[-7.1663568,52.60126],[-7.1658986,52.6013462],[-7.1648021,52.6016312],[-7.1632474,52.6020187],[-7.1630695,52.6020114],[-7.162878,52.6019315],[-7.1628002,52.6018188],[-7.1625869,52.6014611],[-7.162535,52.6013739],[-7.1625166,52.6013295],[-7.1623511,52.600929],[-7.1622069,52.6006434],[-7.1620658,52.6003639],[-7.1620225,52.6002781],[-7.161902,52.6001475],[-7.161455,52.60029],[-7.1602667,52.6006687],[-7.1584388,52.6014274],[-7.157424,52.6016434],[-7.1560534,52.6020175],[-7.1537635,52.60251],[-7.1534261,52.6024955],[-7.1522731,52.6027951],[-7.1509003,52.6031519],[-7.1509281,52.6032349],[-7.1508194,52.6032552],[-7.1501883,52.6034127],[-7.1491864,52.6036628],[-7.1487535,52.6027916],[-7.1484777,52.6023508],[-7.147978,52.6016851],[-7.1477422,52.601208],[-7.147711,52.6010354],[-7.1477235,52.6008287],[-7.1477348,52.6007707],[-7.147869,52.6007246],[-7.148598,52.6005578],[-7.1542236,52.5987252],[-7.1559045,52.5980778],[-7.1569412,52.597709],[-7.1572011,52.5975965],[-7.1576847,52.597387],[-7.158266,52.5971353],[-7.1593368,52.5966678],[-7.1596495,52.5966007],[-7.1602507,52.5964498],[-7.1608114,52.5963529],[-7.1617986,52.5963329],[-7.1622013,52.5962927],[-7.1626742,52.596171],[-7.1627455,52.5961459],[-7.1631058,52.5960193],[-7.1637875,52.5956442],[-7.1640175,52.5955218],[-7.163991,52.5955006],[-7.1636898,52.5952606],[-7.163875,52.5952141],[-7.1643788,52.5950594],[-7.1650106,52.5948654],[-7.165249,52.5948666],[-7.1655614,52.5947004],[-7.1658897,52.5945741],[-7.1663048,52.5944662],[-7.1661584,52.5938697],[-7.1657682,52.593054],[-7.1653321,52.5925311],[-7.1651255,52.5921058],[-7.1665027,52.5916527],[-7.1666864,52.5915272],[-7.1671225,52.5914435],[-7.1679259,52.5913389],[-7.168374,52.5912972],[-7.1687286,52.5912972],[-7.1691514,52.5912723],[-7.1697197,52.5912226],[-7.1699198,52.5912171],[-7.1703062,52.5911618],[-7.1707336,52.5910956],[-7.1713201,52.5910016],[-7.1720293,52.5908912],[-7.1723976,52.590858],[-7.1726976,52.5908304],[-7.172934,52.590789],[-7.1731114,52.5907503],[-7.1733569,52.590742],[-7.1735387,52.5907365],[-7.1747431,52.5907167],[-7.1747086,52.5904951],[-7.1747889,52.5895712],[-7.1746168,52.5894248],[-7.1744446,52.588874],[-7.1742151,52.5884487],[-7.1734691,52.587856],[-7.1726717,52.5874764],[-7.1719924,52.5872852],[-7.1712381,52.587073],[-7.1700755,52.5866919],[-7.1694115,52.5864967],[-7.1689067,52.5863483],[-7.1682669,52.5861938],[-7.1680385,52.5859467],[-7.1678671,52.5854346],[-7.1683671,52.5846622],[-7.1684528,52.5844018],[-7.1701385,52.5845103],[-7.170417,52.5842022],[-7.1700099,52.5841154],[-7.1695385,52.5834644],[-7.1694242,52.5832214],[-7.1695313,52.5830955],[-7.1690456,52.5827396],[-7.1693599,52.5824315],[-7.1684742,52.5803787],[-7.1663937,52.5769975],[-7.1658196,52.577494],[-7.1651718,52.5780218],[-7.1643366,52.5775491],[-7.1636477,52.5769964],[-7.1623298,52.5755026],[-7.1622558,52.5753047],[-7.1614266,52.5745938],[-7.1605233,52.5736984],[-7.1588323,52.5722189],[-7.1604048,52.5714755],[-7.1616042,52.5709086],[-7.1628691,52.5704626],[-7.1651237,52.5696678],[-7.1666536,52.5718175],[-7.1669349,52.5723215],[-7.1671866,52.5729334],[-7.1674828,52.5733474],[-7.167542,52.5737704],[-7.1678069,52.5742017],[-7.1689846,52.5740318],[-7.1708184,52.5740778],[-7.1707969,52.5739489],[-7.1707417,52.5736173],[-7.1707317,52.5735571],[-7.1706786,52.5732949],[-7.1705632,52.5727252],[-7.1705487,52.5726573],[-7.1704393,52.5721442],[-7.1704322,52.5721109],[-7.1703557,52.5718069],[-7.1702474,52.571425],[-7.1701047,52.5710842],[-7.1700462,52.5709443],[-7.1695237,52.5698893],[-7.1688599,52.5692076],[-7.1685341,52.5684876],[-7.1684314,52.5676834],[-7.1675244,52.5658518],[-7.1668899,52.5650326],[-7.1666153,52.5632029],[-7.1662872,52.5614521],[-7.1655929,52.5608537],[-7.1650992,52.5601818],[-7.1642763,52.5585521],[-7.1641431,52.5575585],[-7.16396,52.5572338],[-7.1641202,52.5568674],[-7.163477,52.5560391],[-7.162629,52.5549894],[-7.1625281,52.5545448],[-7.1623746,52.553978],[-7.1622682,52.55367],[-7.1621687,52.5535],[-7.1618891,52.553079],[-7.1617484,52.5529607],[-7.1617067,52.5529392],[-7.1613831,52.5527721],[-7.1612118,52.5526674],[-7.1610295,52.552527],[-7.1608322,52.5523143],[-7.1606611,52.5520991],[-7.1605674,52.5519341],[-7.1605178,52.5517872],[-7.1604483,52.551426],[-7.1603044,52.550929],[-7.1602514,52.5507882],[-7.1601687,52.5506665],[-7.1597193,52.5502484],[-7.1595537,52.5500832],[-7.1594705,52.5500005],[-7.1593282,52.549924],[-7.1591972,52.5498868],[-7.1590512,52.549863],[-7.158804,52.5498562],[-7.1585207,52.5498575],[-7.1580756,52.5498617],[-7.1578337,52.5498797],[-7.15773,52.5498722],[-7.1576634,52.5498557],[-7.1576187,52.5498357],[-7.1575555,52.5497828],[-7.1566192,52.549952],[-7.1561966,52.5502631],[-7.1560187,52.5511015],[-7.155674,52.5514125],[-7.1554183,52.5518182],[-7.154462,52.5521157],[-7.1537503,52.5521833],[-7.1529386,52.5514193],[-7.1522269,52.5511015],[-7.1515931,52.5506755],[-7.1512929,52.5503577],[-7.1510038,52.5501616],[-7.1504589,52.5495261],[-7.1499252,52.5490866],[-7.1485797,52.54981],[-7.1484352,52.5500061],[-7.1473566,52.5506958],[-7.1475901,52.550831],[-7.1477013,52.5510068],[-7.146378,52.5517675],[-7.1457664,52.5520717],[-7.1459332,52.5523692],[-7.1463669,52.5525382],[-7.1464225,52.5526802],[-7.1464781,52.5528222],[-7.146545,52.5529296],[-7.1466338,52.5530723],[-7.146534,52.5531784],[-7.1463558,52.5532346],[-7.1464225,52.5537214],[-7.1466115,52.5542792],[-7.1460556,52.5543603],[-7.1456997,52.5545293],[-7.144888,52.5548065],[-7.1450437,52.5551107],[-7.144977,52.5558071],[-7.1452105,52.5559423],[-7.1433424,52.5562601],[-7.1427308,52.5562939],[-7.1423861,52.5563547],[-7.1417078,52.5566454],[-7.1412408,52.556686],[-7.1400955,52.5569226],[-7.1383163,52.556544],[-7.1374601,52.5579637],[-7.136914,52.5593719],[-7.1366488,52.5602905],[-7.136638,52.5604261],[-7.136396,52.5610114],[-7.1362199,52.5614373],[-7.1361103,52.5617024],[-7.1362137,52.561881],[-7.1358375,52.5618225],[-7.1352618,52.5625156],[-7.135247,52.5631457],[-7.1350397,52.5632897],[-7.1350249,52.5634337],[-7.1352766,52.5635327],[-7.1353211,52.5638388],[-7.135558,52.5649369],[-7.135484,52.5653959],[-7.1352618,52.5655579],[-7.1350545,52.56653],[-7.134671,52.5665134],[-7.1336702,52.566243],[-7.1325582,52.5661214],[-7.1314463,52.5659051],[-7.1306234,52.567338],[-7.1302102,52.5672182],[-7.1298638,52.567498],[-7.1296452,52.5677159],[-7.129376,52.5681181],[-7.1291455,52.5684627],[-7.1282289,52.5683067],[-7.1279613,52.5683139],[-7.127658,52.5682813],[-7.1274173,52.568187],[-7.1272431,52.568149],[-7.1267234,52.5681083],[-7.1256587,52.5681179],[-7.1257736,52.5690974],[-7.1258381,52.569589],[-7.1258963,52.5703863],[-7.1259088,52.5706454],[-7.1259026,52.5709335],[-7.1259003,52.570955],[-7.125888,52.57107],[-7.125836,52.5713581],[-7.125757,52.5716917],[-7.1256646,52.5720696],[-7.1256614,52.5721946],[-7.1256739,52.5722439],[-7.1256842,52.5722919],[-7.1257196,52.5723652],[-7.1257653,52.5724309],[-7.1258069,52.5724764],[-7.1259337,52.5725636],[-7.1262433,52.5727717],[-7.1256635,52.5728163],[-7.1252809,52.5728214],[-7.1249773,52.5729174],[-7.1247071,52.5729806],[-7.1244576,52.5730033],[-7.1240584,52.5730614],[-7.1234804,52.573112],[-7.123077,52.5731196],[-7.1226446,52.5731272],[-7.1224533,52.5730994],[-7.1220582,52.5731272],[-7.1212848,52.5732106],[-7.1210686,52.573256],[-7.120923,52.5733116],[-7.1208399,52.5734051],[-7.1206735,52.5733571],[-7.1203035,52.5733293],[-7.1194219,52.5732004],[-7.1186859,52.5742593],[-7.1185487,52.5744893],[-7.1183823,52.5744463],[-7.1182077,52.5743579],[-7.1181121,52.5743023],[-7.1179125,52.5742088],[-7.1177129,52.5741936],[-7.1175798,52.5741608],[-7.11748,52.5741001],[-7.117401,52.5740243],[-7.1172513,52.5739965],[-7.1171307,52.5739535],[-7.1170351,52.5738777],[-7.1168771,52.5737514],[-7.1168188,52.5736755],[-7.1168105,52.5735745],[-7.1167856,52.5734986],[-7.1165735,52.5733773],[-7.1164113,52.5732687],[-7.1162699,52.5731676],[-7.116062,52.5730084],[-7.1158583,52.5728694],[-7.1156961,52.5728011],[-7.1156213,52.5727531],[-7.115484,52.5725737],[-7.11543,52.572508],[-7.1152345,52.5722907],[-7.1151056,52.5722199],[-7.1149559,52.5720253],[-7.1148561,52.5719672],[-7.1147647,52.5719444],[-7.1146316,52.571904],[-7.1144861,52.5718206],[-7.1143363,52.5717316],[-7.1141202,52.5718354],[-7.1137515,52.5720097],[-7.113592,52.5720956],[-7.1133924,52.572232],[-7.1130526,52.5724902],[-7.1126564,52.5728006],[-7.1124942,52.5729194],[-7.1121948,52.5730913],[-7.1119461,52.57324],[-7.1108821,52.5728159],[-7.1109984,52.5726157],[-7.1090007,52.5718972],[-7.1091878,52.5717062],[-7.1088885,52.5715516],[-7.1086491,52.5713925],[-7.1083423,52.5712151],[-7.1076839,52.5710787],[-7.107018,52.5709787],[-7.1062623,52.5709559],[-7.105559,52.5710514],[-7.1048108,52.5711787],[-7.1043254,52.5712781],[-7.1043446,52.5715231],[-7.1041917,52.5716732],[-7.1041682,52.5718305],[-7.1042153,52.5719949],[-7.1042094,52.5720807],[-7.1041329,52.5722058],[-7.1041153,52.5725632],[-7.1041595,52.5727493],[-7.1041917,52.5728848],[-7.1041094,52.5733459],[-7.1039448,52.573764],[-7.1037977,52.5739892],[-7.1034743,52.5743537],[-7.1031567,52.5746575],[-7.1028921,52.5748505],[-7.1026569,52.574972],[-7.1025216,52.575047],[-7.1024099,52.5751543],[-7.1023511,52.5752365],[-7.102357,52.5753294],[-7.1023335,52.5754009],[-7.1022688,52.5754545],[-7.1021864,52.5754973],[-7.1020688,52.5755295],[-7.10201,52.5755652],[-7.1019924,52.5756224],[-7.1020041,52.5757225],[-7.1020453,52.5758619],[-7.1020629,52.5759834],[-7.10201,52.576112],[-7.1019924,52.5762371],[-7.1020014,52.5763429],[-7.1019848,52.576449],[-7.1018725,52.5765299],[-7.101727,52.5766006],[-7.1015731,52.5766562],[-7.1012862,52.5767219],[-7.1009868,52.5767876],[-7.1007207,52.5768457],[-7.1005086,52.5769013],[-7.1003714,52.5769443],[-7.1002757,52.5769594],[-7.1001427,52.5769468],[-7.1000553,52.5769392],[-7.099914,52.5769569],[-7.0997019,52.5770049],[-7.0995272,52.5770631],[-7.099336,52.5771085],[-7.0991488,52.5771288],[-7.0990158,52.577154],[-7.0989243,52.5772071],[-7.0988037,52.5772728],[-7.0986997,52.5773233],[-7.0985459,52.5773562],[-7.0984128,52.5773941],[-7.0983255,52.5774295],[-7.0982839,52.5774926],[-7.0982964,52.5775583],[-7.098471,52.5778136],[-7.0985625,52.5779955],[-7.0986914,52.5782861],[-7.0987607,52.5784083],[-7.0988666,52.5791123],[-7.0989371,52.5796448],[-7.0990096,52.5806327],[-7.100684,52.5809096],[-7.1001899,52.5818275],[-7.0998651,52.5824307],[-7.1006484,52.5828294],[-7.101411,52.5832175],[-7.1017299,52.5831548],[-7.1022044,52.5842635],[-7.1019201,52.5843546],[-7.1013317,52.5845277],[-7.1007937,52.584674],[-7.0999841,52.5849003]],[[-7.157473,52.5727399],[-7.156629,52.5731629],[-7.1561403,52.5732079],[-7.1556813,52.5727849],[-7.1553555,52.572461],[-7.156629,52.572038],[-7.1568659,52.572038],[-7.1568214,52.572182],[-7.157473,52.5727399]]]}}]}
