{
 "type": "FeatureCollection",
 "copyright": "The data included in this document is from www.openstreetmap.org. The data is made available under ODbL.",
 "note": "Overpass export, tags reduced, geometry simplified (Douglas-Peucker, tolerance 0.0006 deg) and rounded to 5 decimals.",
 "features": [
  {
   "type": "Feature",
   "properties": {
    "@id": "relation/22793",
    "admin_level": "4",
    "boundary": "administrative",
    "name": "Alföld és Észak",
    "name:de": "Nördliche Große Tiefebene",
    "name:en": "Great Plain and North",
    "name:hu": "Alföld és Észak",
    "place": "region",
    "type": "boundary",
    "wikidata": "Q645860",
    "wikipedia": "hu:Alföld és Észak"
   },
   "geometry": {
    "type": "Polygon",
    "coordinates": [
     [
      [
       22.25275,
       48.37958
      ],
      [
       22.24906,
       48.38213
      ],
      [
       22.24136,
       48.38519
      ],
      [
       22.23993,
       48.38653
      ],
      [
       22.24015,
       48.38775
      ],
      [
       22.2432,
       48.38972
      ],
      [
       22.2528,
       48.39111
      ],
      [
       22.25576,
       48.39262
      ],
      [
       22.26207,
       48.40047
      ],
      [
       22.26537,
       48.40775
      ],
      [
       22.26533,
       48.4098
      ],
      [
       22.2595,
       48.41112
      ],
      [
       22.24104,
       48.40966
      ],
      [
       22.23441,
       48.41072
      ],
      [
       22.22689,
       48.4142
      ],
      [
       22.21536,
       48.42427
      ],
      [
       22.21303,
       48.42541
      ],
      [
       22.20739,
       48.42571
      ],
      [
       22.19993,
       48.4237
      ],
      [
       22.18868,
       48.41666
      ],
      [
       22.18294,
       48.4145
      ],
      [
       22.16825,
       48.4133
      ],
      [
       22.1572,
       48.4101
      ],
      [
       22.15528,
       48.40824
      ],
      [
       22.15513,
       48.39876
      ],
      [
       22.15277,
       48.39624
      ],
      [
       22.14651,
       48.39393
      ],
      [
       22.13535,
       48.39286
      ],
      [
       22.13106,
       48.39123
      ],
      [
       22.13082,
       48.3897
      ],
      [
       22.13638,
       48.38358
      ],
      [
       22.13591,
       48.38052
      ],
      [
       22.12615,
       48.38085
      ],
      [
       22.12108,
       48.37831
      ],
      [
       22.1163,
       48.38051
      ],
      [
       22.1103,
       48.38118
      ],
      [
       22.10133,
       48.37619
      ],
      [
       22.09474,
       48.37728
      ],
      [
       22.09324,
       48.37855
      ],
      [
       22.09032,
       48.37415
      ],
      [
       22.08674,
       48.37156
      ],
      [
       22.08594,
       48.37178
      ],
      [
       22.0845,
       48.37729
      ],
      [
       22.08262,
       48.37871
      ],
      [
       22.08443,
       48.38079
      ],
      [
       22.07649,
       48.38724
      ],
      [
       22.07217,
       48.38531
      ],
      [
       22.07281,
       48.38201
      ],
      [
       22.07186,
       48.38178
      ],
      [
       22.07152,
       48.38283
      ],
      [
       22.06671,
       48.38183
      ],
      [
       22.06156,
       48.38278
      ],
      [
       22.05761,
       48.38132
      ],
      [
       22.05824,
       48.37789
      ],
      [
       22.0546,
       48.37753
      ],
      [
       22.04508,
       48.38408
      ],
      [
       22.03613,
       48.38606
      ],
      [
       22.02831,
       48.39223
      ],
      [
       22.02133,
       48.39275
      ],
      [
       22.02117,
       48.3908
      ],
      [
       22.02387,
       48.39013
      ],
      [
       22.02387,
       48.3891
      ],
      [
       22.01962,
       48.38895
      ],
      [
       22.01784,
       48.38633
      ],
      [
       22.01006,
       48.38379
      ],
      [
       22.00822,
       48.38401
      ],
      [
       22.00696,
       48.38128
      ],
      [
       22.00035,
       48.38067
      ],
      [
       21.99446,
       48.37732
      ],
      [
       21.99168,
       48.37951
      ],
      [
       21.98909,
       48.37921
      ],
      [
       21.98701,
       48.37789
      ],
      [
       21.98592,
       48.37582
      ],
      [
       21.9834,
       48.37954
      ],
      [
       21.98341,
       48.37868
      ],
      [
       21.98191,
       48.37979
      ],
      [
       21.97537,
       48.37789
      ],
      [
       21.97243,
       48.37865
      ],
      [
       21.97139,
       48.38027
      ],
      [
       21.96851,
       48.37913
      ],
      [
       21.9678,
       48.38009
      ],
      [
       21.96116,
       48.37959
      ],
      [
       21.96104,
       48.37713
      ],
      [
       21.95924,
       48.37738
      ],
      [
       21.95689,
       48.37964
      ],
      [
       21.9492,
       48.37873
      ],
      [
       21.94629,
       48.37492
      ],
      [
       21.93924,
       48.37457
      ],
      [
       21.93875,
       48.37292
      ],
      [
       21.9339,
       48.36998
      ],
      [
       21.92681,
       48.3709
      ],
      [
       21.92643,
       48.36962
      ],
      [
       21.92736,
       48.36786
      ],
      [
       21.93231,
       48.36456
      ],
      [
       21.93038,
       48.36227
      ],
      [
       21.92819,
       48.3616
      ],
      [
       21.92134,
       48.36382
      ],
      [
       21.91754,
       48.3634
      ],
      [
       21.91574,
       48.36576
      ],
      [
       21.91178,
       48.36678
      ],
      [
       21.91263,
       48.36908
      ],
      [
       21.91206,
       48.36941
      ],
      [
       21.90154,
       48.36488
      ],
      [
       21.90051,
       48.36649
      ],
      [
       21.90089,
       48.36926
      ],
      [
       21.8998,
       48.37022
      ],
      [
       21.89739,
       48.36877
      ],
      [
       21.89995,
       48.36378
      ],
      [
       21.89788,
       48.36256
      ],
      [
       21.88753,
       48.36363
      ],
      [
       21.8876,
       48.36518
      ],
      [
       21.89143,
       48.36753
      ],
      [
       21.89142,
       48.36879
      ],
      [
       21.88755,
       48.36904
      ],
      [
       21.88484,
       48.36754
      ],
      [
       21.88345,
       48.36573
      ],
      [
       21.88311,
       48.36324
      ],
      [
       21.88749,
       48.36038
      ],
      [
       21.88825,
       48.35876
      ],
      [
       21.8843,
       48.35605
      ],
      [
       21.88178,
       48.35713
      ],
      [
       21.88269,
       48.36118
      ],
      [
       21.88142,
       48.36259
      ],
      [
       21.87453,
       48.36053
      ],
      [
       21.87405,
       48.35918
      ],
      [
       21.87585,
       48.35672
      ],
      [
       21.87535,
       48.35585
      ],
      [
       21.87226,
       48.3562
      ],
      [
       21.86778,
       48.35952
      ],
      [
       21.86511,
       48.3602
      ],
      [
       21.86362,
       48.35922
      ],
      [
       21.86552,
       48.35606
      ],
      [
       21.86297,
       48.35521
      ],
      [
       21.85998,
       48.35742
      ],
      [
       21.8585,
       48.36386
      ],
      [
       21.85509,
       48.36607
      ],
      [
       21.84564,
       48.36389
      ],
      [
       21.83721,
       48.36325
      ],
      [
       21.83511,
       48.36106
      ],
      [
       21.83766,
       48.34986
      ],
      [
       21.83505,
       48.34613
      ],
      [
       21.83744,
       48.34264
      ],
      [
       21.8333,
       48.33959
      ],
      [
       21.83322,
       48.33814
      ],
      [
       21.83531,
       48.3364
      ],
      [
       21.83533,
       48.33485
      ],
      [
       21.83404,
       48.33404
      ],
      [
       21.82534,
       48.33411
      ],
      [
       21.82233,
       48.33258
      ],
      [
       21.81982,
       48.33372
      ],
      [
       21.81724,
       48.33282
      ],
      [
       21.81849,
       48.33709
      ],
      [
       21.81361,
       48.33738
      ],
      [
       21.80923,
       48.33918
      ],
      [
       21.8058,
       48.33824
      ],
      [
       21.80339,
       48.33942
      ],
      [
       21.80307,
       48.34098
      ],
      [
       21.80029,
       48.34119
      ],
      [
       21.7984,
       48.34249
      ],
      [
       21.79418,
       48.34074
      ],
      [
       21.79011,
       48.3411
      ],
      [
       21.78302,
       48.33894
      ],
      [
       21.77723,
       48.3403
      ],
      [
       21.76422,
       48.33899
      ],
      [
       21.76138,
       48.34062
      ],
      [
       21.76023,
       48.34277
      ],
      [
       21.75471,
       48.34563
      ],
      [
       21.74898,
       48.34641
      ],
      [
       21.74501,
       48.34873
      ],
      [
       21.73577,
       48.34964
      ],
      [
       21.72865,
       48.349
      ],
      [
       21.72336,
       48.35012
      ],
      [
       21.7193,
       48.3547
      ],
      [
       21.71187,
       48.35762
      ],
      [
       21.71476,
       48.36395
      ],
      [
       21.71427,
       48.36631
      ],
      [
       21.71114,
       48.36731
      ],
      [
       21.70537,
       48.36605
      ],
      [
       21.70241,
       48.37115
      ],
      [
       21.70587,
       48.37592
      ],
      [
       21.70174,
       48.3807
      ],
      [
       21.69807,
       48.38311
      ],
      [
       21.69406,
       48.38386
      ],
      [
       21.6836,
       48.38843
      ],
      [
       21.6833,
       48.39081
      ],
      [
       21.66857,
       48.38922
      ],
      [
       21.66456,
       48.39216
      ],
      [
       21.6674,
       48.39867
      ],
      [
       21.66665,
       48.40079
      ],
      [
       21.66457,
       48.40216
      ],
      [
       21.66584,
       48.40677
      ],
      [
       21.66408,
       48.40867
      ],
      [
       21.66586,
       48.41146
      ],
      [
       21.66349,
       48.41794
      ],
      [
       21.66037,
       48.41692
      ],
      [
       21.65956,
       48.418
      ],
      [
       21.6526,
       48.43148
      ],
      [
       21.6528,
       48.43303
      ],
      [
       21.6504,
       48.43265
      ],
      [
       21.65005,
       48.43392
      ],
      [
       21.6525,
       48.43487
      ],
      [
       21.65208,
       48.43605
      ],
      [
       21.64867,
       48.43844
      ],
      [
       21.64714,
       48.43808
      ],
      [
       21.63962,
       48.44757
      ],
      [
       21.63692,
       48.44878
      ],
      [
       21.63278,
       48.44768
      ],
      [
       21.63382,
       48.44848
      ],
      [
       21.6313,
       48.44921
      ],
      [
       21.63247,
       48.45016
      ],
      [
       21.63044,
       48.45072
      ],
      [
       21.62976,
       48.4527
      ],
      [
       21.63057,
       48.45407
      ],
      [
       21.62835,
       48.45655
      ],
      [
       21.63057,
       48.45747
      ],
      [
       21.63149,
       48.4592
      ],
      [
       21.62604,
       48.46249
      ],
      [
       21.62222,
       48.46616
      ],
      [
       21.62019,
       48.46983
      ],
      [
       21.62057,
       48.47156
      ],
      [
       21.62443,
       48.47302
      ],
      [
       21.62299,
       48.47313
      ],
      [
       21.62369,
       48.47331
      ],
      [
       21.62122,
       48.49213
      ],
      [
       21.6198,
       48.49339
      ],
      [
       21.61832,
       48.49799
      ],
      [
       21.61461,
       48.4978
      ],
      [
       21.61393,
       48.50942
      ],
      [
       21.61172,
       48.50923
      ],
      [
       21.60961,
       48.51061
      ],
      [
       21.60705,
       48.50829
      ],
      [
       21.60448,
       48.5074
      ],
      [
       21.60143,
       48.50993
      ],
      [
       21.59461,
       48.51324
      ],
      [
       21.59111,
       48.51301
      ],
      [
       21.58599,
       48.51138
      ],
      [
       21.57972,
       48.50469
      ],
      [
       21.57803,
       48.50437
      ],
      [
       21.57734,
       48.5051
      ],
      [
       21.56564,
       48.50527
      ],
      [
       21.56305,
       48.50728
      ],
      [
       21.56297,
       48.50918
      ],
      [
       21.56117,
       48.51153
      ],
      [
       21.55344,
       48.50858
      ],
      [
       21.54973,
       48.50947
      ],
      [
       21.54202,
       48.5084
      ],
      [
       21.54086,
       48.51178
      ],
      [
       21.54123,
       48.51338
      ],
      [
       21.53192,
       48.51741
      ],
      [
       21.52888,
       48.52062
      ],
      [
       21.52523,
       48.52263
      ],
      [
       21.52579,
       48.52459
      ],
      [
       21.52119,
       48.53209
      ],
      [
       21.52143,
       48.53453
      ],
      [
       21.51546,
       48.53965
      ],
      [
       21.51837,
       48.54691
      ],
      [
       21.51409,
       48.55107
      ],
      [
       21.51184,
       48.55113
      ],
      [
       21.51059,
       48.55284
      ],
      [
       21.50854,
       48.55212
      ],
      [
       21.50649,
       48.55272
      ],
      [
       21.50871,
       48.55471
      ],
      [
       21.50795,
       48.55534
      ],
      [
       21.50062,
       48.55494
      ],
      [
       21.49924,
       48.56037
      ],
      [
       21.49723,
       48.56054
      ],
      [
       21.4971,
       48.55867
      ],
      [
       21.49059,
       48.55942
      ],
      [
       21.48841,
       48.55838
      ],
      [
       21.48569,
       48.55997
      ],
      [
       21.48471,
       48.56261
      ],
      [
       21.48234,
       48.56338
      ],
      [
       21.48146,
       48.5647
      ],
      [
       21.47912,
       48.56517
      ],
      [
       21.4777,
       48.56416
      ],
      [
       21.47568,
       48.56434
      ],
      [
       21.47117,
       48.56617
      ],
      [
       21.46899,
       48.56924
      ],
      [
       21.46531,
       48.57198
      ],
      [
       21.46078,
       48.57331
      ],
      [
       21.45818,
       48.57544
      ],
      [
       21.45812,
       48.57677
      ],
      [
       21.4545,
       48.57456
      ],
      [
       21.45074,
       48.57491
      ],
      [
       21.44808,
       48.57675
      ],
      [
       21.44794,
       48.57874
      ],
      [
       21.44628,
       48.5807
      ],
      [
       21.44398,
       48.58158
      ],
      [
       21.44061,
       48.5851
      ],
      [
       21.42886,
       48.58355
      ],
      [
       21.42727,
       48.58245
      ],
      [
       21.4265,
       48.57997
      ],
      [
       21.42266,
       48.57882
      ],
      [
       21.42124,
       48.57491
      ],
      [
       21.42176,
       48.56348
      ],
      [
       21.41545,
       48.55895
      ],
      [
       21.40736,
       48.55946
      ],
      [
       21.40428,
       48.56311
      ],
      [
       21.40019,
       48.56385
      ],
      [
       21.39504,
       48.56343
      ],
      [
       21.38206,
       48.56
      ],
      [
       21.37962,
       48.55819
      ],
      [
       21.37448,
       48.55969
      ],
      [
       21.37015,
       48.55915
      ],
      [
       21.36529,
       48.56043
      ],
      [
       21.34945,
       48.56057
      ],
      [
       21.34036,
       48.55988
      ],
      [
       21.33925,
       48.55899
      ],
      [
       21.32769,
       48.55951
      ],
      [
       21.32338,
       48.5577
      ],
      [
       21.32563,
       48.56205
      ],
      [
       21.32275,
       48.56234
      ],
      [
       21.31938,
       48.5612
      ],
      [
       21.31557,
       48.55717
      ],
      [
       21.31608,
       48.55529
      ],
      [
       21.32566,
       48.55618
      ],
      [
       21.32682,
       48.55559
      ],
      [
       21.32688,
       48.55413
      ],
      [
       21.32304,
       48.55162
      ],
      [
       21.31753,
       48.55312
      ],
      [
       21.31338,
       48.55084
      ],
      [
       21.31411,
       48.54914
      ],
      [
       21.31868,
       48.5497
      ],
      [
       21.32144,
       48.54767
      ],
      [
       21.32038,
       48.54522
      ],
      [
       21.31633,
       48.54371
      ],
      [
       21.31641,
       48.54218
      ],
      [
       21.31839,
       48.5399
      ],
      [
       21.31774,
       48.53926
      ],
      [
       21.30983,
       48.54018
      ],
      [
       21.30985,
       48.53746
      ],
      [
       21.31319,
       48.5367
      ],
      [
       21.31463,
       48.53486
      ],
      [
       21.31432,
       48.53379
      ],
      [
       21.31603,
       48.53316
      ],
      [
       21.31423,
       48.53101
      ],
      [
       21.3065,
       48.52945
      ],
      [
       21.30276,
       48.52689
      ],
      [
       21.30169,
       48.52534
      ],
      [
       21.30309,
       48.52473
      ],
      [
       21.30605,
       48.5253
      ],
      [
       21.30723,
       48.52651
      ],
      [
       21.30862,
       48.52625
      ],
      [
       21.30742,
       48.52364
      ],
      [
       21.30549,
       48.52225
      ],
      [
       21.29743,
       48.5231
      ],
      [
       21.29666,
       48.52166
      ],
      [
       21.27056,
       48.52742
      ],
      [
       21.26919,
       48.52533
      ],
      [
       21.25181,
       48.53201
      ],
      [
       21.23904,
       48.53972
      ],
      [
       21.23293,
       48.53906
      ],
      [
       21.23331,
       48.53416
      ],
      [
       21.22106,
       48.5375
      ],
      [
       21.21838,
       48.53522
      ],
      [
       21.21655,
       48.53153
      ],
      [
       21.20927,
       48.53351
      ],
      [
       21.20858,
       48.53125
      ],
      [
       21.20913,
       48.52737
      ],
      [
       21.20556,
       48.52729
      ],
      [
       21.19904,
       48.52446
      ],
      [
       21.19553,
       48.52465
      ],
      [
       21.19259,
       48.52658
      ],
      [
       21.19123,
       48.52265
      ],
      [
       21.18801,
       48.52483
      ],
      [
       21.18536,
       48.52054
      ],
      [
       21.18195,
       48.51993
      ],
      [
       21.17963,
       48.51823
      ],
      [
       21.17345,
       48.52194
      ],
      [
       21.16725,
       48.52103
      ],
      [
       21.16088,
       48.5215
      ],
      [
       21.15948,
       48.51795
      ],
      [
       21.15579,
       48.51649
      ],
      [
       21.15219,
       48.51662
      ],
      [
       21.14556,
       48.50976
      ],
      [
       21.14213,
       48.50804
      ],
      [
       21.13502,
       48.49901
      ],
      [
       21.13394,
       48.49542
      ],
      [
       21.12831,
       48.4924
      ],
      [
       21.11733,
       48.49109
      ],
      [
       21.10866,
       48.4923
      ],
      [
       21.10115,
       48.49457
      ],
      [
       21.09498,
       48.49971
      ],
      [
       21.09446,
       48.5014
      ],
      [
       21.09784,
       48.50416
      ],
      [
       21.09802,
       48.51047
      ],
      [
       21.09017,
       48.51748
      ],
      [
       21.0747,
       48.52061
      ],
      [
       21.06998,
       48.52336
      ],
      [
       21.06896,
       48.52272
      ],
      [
       21.06632,
       48.52589
      ],
      [
       21.05335,
       48.52214
      ],
      [
       21.05321,
       48.52616
      ],
      [
       21.04414,
       48.52566
      ],
      [
       21.03793,
       48.52749
      ],
      [
       21.03394,
       48.52709
      ],
      [
       21.03028,
       48.53078
      ],
      [
       21.02651,
       48.53146
      ],
      [
       21.02326,
       48.52946
      ],
      [
       21.01511,
       48.53231
      ],
      [
       21.00408,
       48.52735
      ],
      [
       20.99059,
       48.52638
      ],
      [
       20.98914,
       48.52515
      ],
      [
       20.99014,
       48.52338
      ],
      [
       20.98933,
       48.52174
      ],
      [
       20.98157,
       48.51771
      ],
      [
       20.97609,
       48.52444
      ],
      [
       20.96537,
       48.52037
      ],
      [
       20.95618,
       48.52161
      ],
      [
       20.95588,
       48.53396
      ],
      [
       20.94564,
       48.5364
      ],
      [
       20.94098,
       48.53453
      ],
      [
       20.94173,
       48.54289
      ],
      [
       20.93926,
       48.54214
      ],
      [
       20.93463,
       48.53836
      ],
      [
       20.93468,
       48.54119
      ],
      [
       20.93073,
       48.54657
      ],
      [
       20.92915,
       48.55353
      ],
      [
       20.9271,
       48.5557
      ],
      [
       20.92197,
       48.55846
      ],
      [
       20.92232,
       48.55945
      ],
      [
       20.91628,
       48.56017
      ],
      [
       20.87711,
       48.55078
      ],
      [
       20.8752,
       48.55368
      ],
      [
       20.87057,
       48.55319
      ],
      [
       20.86816,
       48.55182
      ],
      [
       20.86364,
       48.55518
      ],
      [
       20.86246,
       48.55755
      ],
      [
       20.86114,
       48.5573
      ],
      [
       20.85523,
       48.56555
      ],
      [
       20.85524,
       48.56681
      ],
      [
       20.84974,
       48.56697
      ],
      [
       20.84589,
       48.56572
      ],
      [
       20.84508,
       48.56652
      ],
      [
       20.84712,
       48.56815
      ],
      [
       20.85044,
       48.58163
      ],
      [
       20.8378,
       48.57421
      ],
      [
       20.83539,
       48.5765
      ],
      [
       20.83959,
       48.58024
      ],
      [
       20.83579,
       48.58279
      ],
      [
       20.81935,
       48.57886
      ],
      [
       20.81572,
       48.57889
      ],
      [
       20.81577,
       48.57773
      ],
      [
       20.79942,
       48.57458
      ],
      [
       20.7961,
       48.57523
      ],
      [
       20.7339,
       48.57008
      ],
      [
       20.73475,
       48.56669
      ],
      [
       20.72783,
       48.56633
      ],
      [
       20.72811,
       48.56448
      ],
      [
       20.72711,
       48.56441
      ],
      [
       20.72623,
       48.56961
      ],
      [
       20.72094,
       48.56929
      ],
      [
       20.71313,
       48.57039
      ],
      [
       20.70976,
       48.56827
      ],
      [
       20.70851,
       48.56945
      ],
      [
       20.70658,
       48.56913
      ],
      [
       20.68189,
       48.56138
      ],
      [
       20.6795,
       48.55952
      ],
      [
       20.67171,
       48.56253
      ],
      [
       20.6656,
       48.55994
      ],
      [
       20.65387,
       48.56141
      ],
      [
       20.64924,
       48.55763
      ],
      [
       20.64717,
       48.55394
      ],
      [
       20.64406,
       48.55198
      ],
      [
       20.64336,
       48.55199
      ],
      [
       20.64373,
       48.55404
      ],
      [
       20.64047,
       48.55544
      ],
      [
       20.63854,
       48.55331
      ],
      [
       20.63414,
       48.55096
      ],
      [
       20.62346,
       48.55076
      ],
      [
       20.61904,
       48.54751
      ],
      [
       20.61803,
       48.54485
      ],
      [
       20.61613,
       48.54358
      ],
      [
       20.61039,
       48.54348
      ],
      [
       20.60675,
       48.54213
      ],
      [
       20.60376,
       48.54295
      ],
      [
       20.59987,
       48.54255
      ],
      [
       20.59255,
       48.53933
      ],
      [
       20.58719,
       48.53885
      ],
      [
       20.58659,
       48.53576
      ],
      [
       20.55936,
       48.54281
      ],
      [
       20.55112,
       48.54235
      ],
      [
       20.54649,
       48.54429
      ],
      [
       20.54446,
       48.54083
      ],
      [
       20.5415,
       48.53866
      ],
      [
       20.53747,
       48.52788
      ],
      [
       20.53332,
       48.52846
      ],
      [
       20.52903,
       48.53052
      ],
      [
       20.52521,
       48.53039
      ],
      [
       20.5191,
       48.53752
      ],
      [
       20.51512,
       48.53584
      ],
      [
       20.50651,
       48.53442
      ],
      [
       20.50834,
       48.53235
      ],
      [
       20.50708,
       48.53167
      ],
      [
       20.50547,
       48.53309
      ],
      [
       20.50197,
       48.52726
      ],
      [
       20.50451,
       48.52586
      ],
      [
       20.50226,
       48.5233
      ],
      [
       20.50512,
       48.52227
      ],
      [
       20.50279,
       48.52119
      ],
      [
       20.50247,
       48.51983
      ],
      [
       20.50909,
       48.51555
      ],
      [
       20.50857,
       48.51448
      ],
      [
       20.51049,
       48.51233
      ],
      [
       20.50729,
       48.50952
      ],
      [
       20.50469,
       48.49013
      ],
      [
       20.50799,
       48.4894
      ],
      [
       20.49507,
       48.48767
      ],
      [
       20.49156,
       48.48404
      ],
      [
       20.48867,
       48.47586
      ],
      [
       20.47309,
       48.46615
      ],
      [
       20.46416,
       48.46418
      ],
      [
       20.46947,
       48.45985
      ],
      [
       20.46982,
       48.45255
      ],
      [
       20.46731,
       48.45292
      ],
      [
       20.46129,
       48.45
      ],
      [
       20.45176,
       48.44856
      ],
      [
       20.44991,
       48.44635
      ],
      [
       20.44554,
       48.44449
      ],
      [
       20.44307,
       48.4387
      ],
      [
       20.43574,
       48.43294
      ],
      [
       20.43452,
       48.43017
      ],
      [
       20.43201,
       48.42879
      ],
      [
       20.42931,
       48.42864
      ],
      [
       20.4271,
       48.42502
      ],
      [
       20.42029,
       48.42182
      ],
      [
       20.41672,
       48.41899
      ],
      [
       20.41664,
       48.41617
      ],
      [
       20.41431,
       48.41203
      ],
      [
       20.41461,
       48.41027
      ],
      [
       20.41767,
       48.40896
      ],
      [
       20.42058,
       48.40414
      ],
      [
       20.41669,
       48.40056
      ],
      [
       20.41668,
       48.39454
      ],
      [
       20.41427,
       48.39206
      ],
      [
       20.41265,
       48.38781
      ],
      [
       20.40831,
       48.38486
      ],
      [
       20.40253,
       48.38257
      ],
      [
       20.40685,
       48.37937
      ],
      [
       20.408,
       48.37552
      ],
      [
       20.41148,
       48.37109
      ],
      [
       20.41184,
       48.36977
      ],
      [
       20.40924,
       48.36824
      ],
      [
       20.40981,
       48.36587
      ],
      [
       20.4075,
       48.36464
      ],
      [
       20.40748,
       48.36282
      ],
      [
       20.39899,
       48.35894
      ],
      [
       20.40043,
       48.35828
      ],
      [
       20.39869,
       48.35725
      ],
      [
       20.39899,
       48.35649
      ],
      [
       20.3949,
       48.35623
      ],
      [
       20.38412,
       48.35116
      ],
      [
       20.38575,
       48.35034
      ],
      [
       20.38652,
       48.34775
      ],
      [
       20.37185,
       48.3337
      ],
      [
       20.36763,
       48.33219
      ],
      [
       20.36856,
       48.32981
      ],
      [
       20.37428,
       48.32699
      ],
      [
       20.36566,
       48.31661
      ],
      [
       20.3564,
       48.31279
      ],
      [
       20.35791,
       48.30977
      ],
      [
       20.34706,
       48.30593
      ],
      [
       20.33946,
       48.30145
      ],
      [
       20.33747,
       48.30167
      ],
      [
       20.33904,
       48.30122
      ],
      [
       20.33527,
       48.29902
      ],
      [
       20.33621,
       48.2964
      ],
      [
       20.33532,
       48.29584
      ],
      [
       20.33347,
       48.29657
      ],
      [
       20.33333,
       48.2935
      ],
      [
       20.33212,
       48.29304
      ],
      [
       20.33343,
       48.29244
      ],
      [
       20.33248,
       48.29177
      ],
      [
       20.33584,
       48.29054
      ],
      [
       20.33403,
       48.28933
      ],
      [
       20.33575,
       48.28767
      ],
      [
       20.3281,
       48.28845
      ],
      [
       20.32571,
       48.27279
      ],
      [
       20.30771,
       48.27307
      ],
      [
       20.30655,
       48.27251
      ],
      [
       20.30573,
       48.26986
      ],
      [
       20.30946,
       48.26851
      ],
      [
       20.31096,
       48.26559
      ],
      [
       20.30343,
       48.26471
      ],
      [
       20.29966,
       48.26317
      ],
      [
       20.2939,
       48.26306
      ],
      [
       20.29077,
       48.26159
      ],
      [
       20.28686,
       48.26164
      ],
      [
       20.28332,
       48.26272
      ],
      [
       20.28033,
       48.2664
      ],
      [
       20.26962,
       48.26801
      ],
      [
       20.26897,
       48.27033
      ],
      [
       20.26305,
       48.27175
      ],
      [
       20.26112,
       48.27473
      ],
      [
       20.25574,
       48.27496
      ],
      [
       20.24972,
       48.27911
      ],
      [
       20.24583,
       48.27792
      ],
      [
       20.24132,
       48.28049
      ],
      [
       20.23495,
       48.27993
      ],
      [
       20.23099,
       48.27728
      ],
      [
       20.22798,
       48.27723
      ],
      [
       20.22906,
       48.27505
      ],
      [
       20.23434,
       48.27272
      ],
      [
       20.23538,
       48.2713
      ],
      [
       20.22865,
       48.26584
      ],
      [
       20.22847,
       48.26278
      ],
      [
       20.22094,
       48.26289
      ],
      [
       20.2146,
       48.2589
      ],
      [
       20.20921,
       48.25963
      ],
      [
       20.20613,
       48.26211
      ],
      [
       20.20383,
       48.26191
      ],
      [
       20.20313,
       48.25908
      ],
      [
       20.20771,
       48.25293
      ],
      [
       20.20616,
       48.25098
      ],
      [
       20.19743,
       48.25004
      ],
      [
       20.19556,
       48.24848
      ],
      [
       20.18493,
       48.24798
      ],
      [
       20.18137,
       48.24939
      ],
      [
       20.17431,
       48.24914
      ],
      [
       20.17251,
       48.25078
      ],
      [
       20.16843,
       48.2516
      ],
      [
       20.15972,
       48.25057
      ],
      [
       20.15645,
       48.25123
      ],
      [
       20.15382,
       48.25026
      ],
      [
       20.14746,
       48.25465
      ],
      [
       20.14405,
       48.25538
      ],
      [
       20.14115,
       48.25429
      ],
      [
       20.1367,
       48.25515
      ],
      [
       20.13319,
       48.25398
      ],
      [
       20.13411,
       48.25173
      ],
      [
       20.13224,
       48.2497
      ],
      [
       20.13215,
       48.24734
      ],
      [
       20.13907,
       48.24396
      ],
      [
       20.13963,
       48.24287
      ],
      [
       20.13918,
       48.23999
      ],
      [
       20.13467,
       48.23593
      ],
      [
       20.13375,
       48.23358
      ],
      [
       20.13436,
       48.23076
      ],
      [
       20.13326,
       48.22787
      ],
      [
       20.13424,
       48.22692
      ],
      [
       20.13409,
       48.22518
      ],
      [
       20.13223,
       48.22501
      ],
      [
       20.1307,
       48.22276
      ],
      [
       20.12752,
       48.22068
      ],
      [
       20.1226,
       48.22071
      ],
      [
       20.12011,
       48.21724
      ],
      [
       20.11669,
       48.21601
      ],
      [
       20.11254,
       48.21607
      ],
      [
       20.11194,
       48.21423
      ],
      [
       20.10961,
       48.21237
      ],
      [
       20.10552,
       48.20997
      ],
      [
       20.102,
       48.20945
      ],
      [
       20.09954,
       48.20674
      ],
      [
       20.10078,
       48.20607
      ],
      [
       20.10036,
       48.20458
      ],
      [
       20.09828,
       48.20358
      ],
      [
       20.09547,
       48.204
      ],
      [
       20.09301,
       48.20088
      ],
      [
       20.09309,
       48.19893
      ],
      [
       20.09115,
       48.19817
      ],
      [
       20.09076,
       48.19701
      ],
      [
       20.08517,
       48.19548
      ],
      [
       20.08261,
       48.19667
      ],
      [
       20.07826,
       48.19643
      ],
      [
       20.07639,
       48.19556
      ],
      [
       20.07629,
       48.19427
      ],
      [
       20.07004,
       48.1917
      ],
      [
       20.06793,
       48.18959
      ],
      [
       20.06781,
       48.18805
      ],
      [
       20.06997,
       48.18662
      ],
      [
       20.07399,
       48.18718
      ],
      [
       20.07622,
       48.18462
      ],
      [
       20.07884,
       48.18374
      ],
      [
       20.0741,
       48.18144
      ],
      [
       20.07299,
       48.17961
      ],
      [
       20.06589,
       48.17805
      ],
      [
       20.06134,
       48.17836
      ],
      [
       20.05894,
       48.17515
      ],
      [
       20.05637,
       48.17463
      ],
      [
       20.05418,
       48.16971
      ],
      [
       20.05188,
       48.1677
      ],
      [
       20.04945,
       48.1672
      ],
      [
       20.04428,
       48.16728
      ],
      [
       20.04308,
       48.17086
      ],
      [
       20.04361,
       48.1721
      ],
      [
       20.04225,
       48.17362
      ],
      [
       20.03358,
       48.17508
      ],
      [
       20.02904,
       48.17768
      ],
      [
       20.01626,
       48.17593
      ],
      [
       20.01716,
       48.17509
      ],
      [
       20.01625,
       48.17385
      ],
      [
       20.01216,
       48.17228
      ],
      [
       20.00354,
       48.17228
      ],
      [
       19.99765,
       48.16847
      ],
      [
       19.99144,
       48.1684
      ],
      [
       19.98871,
       48.16217
      ],
      [
       19.98458,
       48.16278
      ],
      [
       19.9809,
       48.16558
      ],
      [
       19.97439,
       48.166
      ],
      [
       19.96356,
       48.15202
      ],
      [
       19.96061,
       48.15257
      ],
      [
       19.95613,
       48.15189
      ],
      [
       19.95631,
       48.15107
      ],
      [
       19.95156,
       48.15155
      ],
      [
       19.94977,
       48.14628
      ],
      [
       19.94638,
       48.14427
      ],
      [
       19.94669,
       48.14312
      ],
      [
       19.93711,
       48.13724
      ],
      [
       19.93884,
       48.13386
      ],
      [
       19.93738,
       48.13112
      ],
      [
       19.93371,
       48.13204
      ],
      [
       19.92937,
       48.13011
      ],
      [
       19.91696,
       48.12927
      ],
      [
       19.91576,
       48.12846
      ],
      [
       19.91086,
       48.12984
      ],
      [
       19.90831,
       48.12955
      ],
      [
       19.90686,
       48.12884
      ],
      [
       19.90641,
       48.1268
      ],
      [
       19.90043,
       48.12413
      ],
      [
       19.8983,
       48.1249
      ],
      [
       19.89796,
       48.12947
      ],
      [
       19.90159,
       48.13205
      ],
      [
       19.9021,
       48.13658
      ],
      [
       19.91027,
       48.13972
      ],
      [
       19.90963,
       48.14187
      ],
      [
       19.91042,
       48.14322
      ],
      [
       19.91454,
       48.14686
      ],
      [
       19.90591,
       48.1513
      ],
      [
       19.89994,
       48.1621
      ],
      [
       19.89875,
       48.16631
      ],
      [
       19.88907,
       48.16409
      ],
      [
       19.8824,
       48.16414
      ],
      [
       19.88006,
       48.17023
      ],
      [
       19.87916,
       48.17045
      ],
      [
       19.87535,
       48.1696
      ],
      [
       19.86809,
       48.17151
      ],
      [
       19.86013,
       48.16941
      ],
      [
       19.85611,
       48.17123
      ],
      [
       19.85843,
       48.17507
      ],
      [
       19.85522,
       48.17844
      ],
      [
       19.85201,
       48.1775
      ],
      [
       19.8504,
       48.17153
      ],
      [
       19.84394,
       48.16796
      ],
      [
       19.84528,
       48.16274
      ],
      [
       19.83859,
       48.16217
      ],
      [
       19.82736,
       48.16367
      ],
      [
       19.83075,
       48.16487
      ],
      [
       19.8299,
       48.16694
      ],
      [
       19.82133,
       48.16908
      ],
      [
       19.82027,
       48.16812
      ],
      [
       19.81385,
       48.16701
      ],
      [
       19.81216,
       48.16345
      ],
      [
       19.80658,
       48.16206
      ],
      [
       19.80826,
       48.15931
      ],
      [
       19.8065,
       48.15412
      ],
      [
       19.80291,
       48.15489
      ],
      [
       19.7948,
       48.15352
      ],
      [
       19.78242,
       48.16504
      ],
      [
       19.78959,
       48.16827
      ],
      [
       19.78871,
       48.17334
      ],
      [
       19.80528,
       48.18373
      ],
      [
       19.80543,
       48.18609
      ],
      [
       19.80194,
       48.18938
      ],
      [
       19.802,
       48.19239
      ],
      [
       19.79873,
       48.19482
      ],
      [
       19.78716,
       48.19253
      ],
      [
       19.78625,
       48.1937
      ],
      [
       19.78631,
       48.19665
      ],
      [
       19.78132,
       48.20101
      ],
      [
       19.77463,
       48.20318
      ],
      [
       19.7727,
       48.20536
      ],
      [
       19.76675,
       48.20569
      ],
      [
       19.76367,
       48.20801
      ],
      [
       19.76325,
       48.21116
      ],
      [
       19.76071,
       48.21379
      ],
      [
       19.75262,
       48.21427
      ],
      [
       19.74618,
       48.21651
      ],
      [
       19.73489,
       48.21517
      ],
      [
       19.73025,
       48.21076
      ],
      [
       19.72936,
       48.20824
      ],
      [
       19.72531,
       48.20403
      ],
      [
       19.72113,
       48.20147
      ],
      [
       19.71031,
       48.20248
      ],
      [
       19.70659,
       48.20101
      ],
      [
       19.70242,
       48.20247
      ],
      [
       19.70186,
       48.20379
      ],
      [
       19.69934,
       48.20347
      ],
      [
       19.6943,
       48.2048
      ],
      [
       19.69122,
       48.20389
      ],
      [
       19.6913,
       48.20705
      ],
      [
       19.68904,
       48.20754
      ],
      [
       19.68524,
       48.21056
      ],
      [
       19.67986,
       48.21303
      ],
      [
       19.67986,
       48.21673
      ],
      [
       19.67466,
       48.21974
      ],
      [
       19.67421,
       48.22191
      ],
      [
       19.67582,
       48.2244
      ],
      [
       19.67266,
       48.22882
      ],
      [
       19.67236,
       48.23017
      ],
      [
       19.67377,
       48.23222
      ],
      [
       19.67062,
       48.23438
      ],
      [
       19.67098,
       48.23793
      ],
      [
       19.66986,
       48.23921
      ],
      [
       19.66578,
       48.24138
      ],
      [
       19.66021,
       48.24152
      ],
      [
       19.65832,
       48.24119
      ],
      [
       19.65439,
       48.23814
      ],
      [
       19.65058,
       48.23775
      ],
      [
       19.64452,
       48.23917
      ],
      [
       19.6443,
       48.24164
      ],
      [
       19.63083,
       48.25007
      ],
      [
       19.628,
       48.24749
      ],
      [
       19.62453,
       48.24674
      ],
      [
       19.62313,
       48.24469
      ],
      [
       19.61943,
       48.24245
      ],
      [
       19.60822,
       48.23899
      ],
      [
       19.60233,
       48.23163
      ],
      [
       19.5926,
       48.22784
      ],
      [
       19.58606,
       48.22173
      ],
      [
       19.5775,
       48.21601
      ],
      [
       19.56709,
       48.21536
      ],
      [
       19.55847,
       48.21182
      ],
      [
       19.55515,
       48.20887
      ],
      [
       19.54702,
       48.20569
      ],
      [
       19.54482,
       48.20643
      ],
      [
       19.54356,
       48.20885
      ],
      [
       19.54131,
       48.20932
      ],
      [
       19.53613,
       48.20622
      ],
      [
       19.5291,
       48.20481
      ],
      [
       19.52604,
       48.20313
      ],
      [
       19.52502,
       48.20067
      ],
      [
       19.52849,
       48.19794
      ],
      [
       19.52945,
       48.19586
      ],
      [
       19.52897,
       48.19036
      ],
      [
       19.52362,
       48.18644
      ],
      [
       19.5237,
       48.1844
      ],
      [
       19.52288,
       48.1838
      ],
      [
       19.52088,
       48.18293
      ],
      [
       19.51663,
       48.18348
      ],
      [
       19.51671,
       48.1818
      ],
      [
       19.51465,
       48.18113
      ],
      [
       19.51307,
       48.18231
      ],
      [
       19.51041,
       48.1788
      ],
      [
       19.51178,
       48.17755
      ],
      [
       19.5074,
       48.17818
      ],
      [
       19.50801,
       48.17581
      ],
      [
       19.50964,
       48.17498
      ],
      [
       19.50452,
       48.17344
      ],
      [
       19.50866,
       48.17104
      ],
      [
       19.50977,
       48.16886
      ],
      [
       19.50952,
       48.16732
      ],
      [
       19.51088,
       48.16629
      ],
      [
       19.51216,
       48.16259
      ],
      [
       19.51069,
       48.15966
      ],
      [
       19.51285,
       48.1564
      ],
      [
       19.51282,
       48.15466
      ],
      [
       19.50946,
       48.15175
      ],
      [
       19.50815,
       48.14758
      ],
      [
       19.50089,
       48.14564
      ],
      [
       19.49984,
       48.14452
      ],
      [
       19.50009,
       48.1419
      ],
      [
       19.49887,
       48.14326
      ],
      [
       19.4974,
       48.14315
      ],
      [
       19.4956,
       48.14225
      ],
      [
       19.4972,
       48.14095
      ],
      [
       19.4949,
       48.14048
      ],
      [
       19.49437,
       48.14141
      ],
      [
       19.49238,
       48.13966
      ],
      [
       19.4947,
       48.13869
      ],
      [
       19.49386,
       48.13794
      ],
      [
       19.49594,
       48.13767
      ],
      [
       19.496,
       48.13629
      ],
      [
       19.4948,
       48.13609
      ],
      [
       19.49651,
       48.1352
      ],
      [
       19.49603,
       48.1308
      ],
      [
       19.49513,
       48.13115
      ],
      [
       19.4941,
       48.13014
      ],
      [
       19.4954,
       48.12845
      ],
      [
       19.49405,
       48.12712
      ],
      [
       19.49604,
       48.12567
      ],
      [
       19.49546,
       48.12476
      ],
      [
       19.49708,
       48.12477
      ],
      [
       19.49558,
       48.12286
      ],
      [
       19.49442,
       48.1235
      ],
      [
       19.49563,
       48.12077
      ],
      [
       19.49197,
       48.11792
      ],
      [
       19.49471,
       48.11471
      ],
      [
       19.49092,
       48.11242
      ],
      [
       19.49422,
       48.11172
      ],
      [
       19.49442,
       48.10991
      ],
      [
       19.49332,
       48.10869
      ],
      [
       19.48951,
       48.10786
      ],
      [
       19.48464,
       48.10519
      ],
      [
       19.48435,
       48.10365
      ],
      [
       19.48752,
       48.10085
      ],
      [
       19.48722,
       48.09954
      ],
      [
       19.48352,
       48.09846
      ],
      [
       19.47925,
       48.09495
      ],
      [
       19.47195,
       48.09463
      ],
      [
       19.46831,
       48.09204
      ],
      [
       19.46709,
       48.08842
      ],
      [
       19.46921,
       48.0853
      ],
      [
       19.46735,
       48.08393
      ],
      [
       19.4613,
       48.0832
      ],
      [
       19.46049,
       48.08485
      ],
      [
       19.46091,
       48.08669
      ],
      [
       19.45567,
       48.08782
      ],
      [
       19.45569,
       48.08915
      ],
      [
       19.45355,
       48.09146
      ],
      [
       19.4518,
       48.09173
      ],
      [
       19.45164,
       48.09667
      ],
      [
       19.45289,
       48.09728
      ],
      [
       19.4558,
       48.09658
      ],
      [
       19.45699,
       48.09782
      ],
      [
       19.45646,
       48.0988
      ],
      [
       19.45428,
       48.09865
      ],
      [
       19.45405,
       48.10144
      ],
      [
       19.44844,
       48.10019
      ],
      [
       19.44264,
       48.10127
      ],
      [
       19.43982,
       48.09964
      ],
      [
       19.43549,
       48.09967
      ],
      [
       19.43489,
       48.09892
      ],
      [
       19.4357,
       48.09715
      ],
      [
       19.43353,
       48.09675
      ],
      [
       19.43441,
       48.09576
      ],
      [
       19.42918,
       48.09311
      ],
      [
       19.42521,
       48.08878
      ],
      [
       19.42264,
       48.08969
      ],
      [
       19.42112,
       48.08843
      ],
      [
       19.41857,
       48.08868
      ],
      [
       19.41599,
       48.08722
      ],
      [
       19.41416,
       48.08898
      ],
      [
       19.41111,
       48.08833
      ],
      [
       19.40912,
       48.08895
      ],
      [
       19.40518,
       48.08521
      ],
      [
       19.40193,
       48.08553
      ],
      [
       19.40002,
       48.0823
      ],
      [
       19.39807,
       48.08245
      ],
      [
       19.39839,
       48.08364
      ],
      [
       19.3996,
       48.08396
      ],
      [
       19.3983,
       48.08471
      ],
      [
       19.39686,
       48.08489
      ],
      [
       19.39569,
       48.08368
      ],
      [
       19.39662,
       48.08571
      ],
      [
       19.39497,
       48.08663
      ],
      [
       19.38981,
       48.08633
      ],
      [
       19.38996,
       48.08738
      ],
      [
       19.39193,
       48.08782
      ],
      [
       19.38949,
       48.08825
      ],
      [
       19.38966,
       48.08969
      ],
      [
       19.38742,
       48.08943
      ],
      [
       19.38834,
       48.09104
      ],
      [
       19.38631,
       48.09045
      ],
      [
       19.38615,
       48.09121
      ],
      [
       19.38724,
       48.09154
      ],
      [
       19.3866,
       48.09191
      ],
      [
       19.38243,
       48.09068
      ],
      [
       19.38189,
       48.09187
      ],
      [
       19.37376,
       48.0895
      ],
      [
       19.37165,
       48.08968
      ],
      [
       19.37084,
       48.08893
      ],
      [
       19.37355,
       48.08726
      ],
      [
       19.36961,
       48.08591
      ],
      [
       19.36737,
       48.08648
      ],
      [
       19.36791,
       48.08781
      ],
      [
       19.36573,
       48.08804
      ],
      [
       19.36544,
       48.08888
      ],
      [
       19.36147,
       48.08812
      ],
      [
       19.36021,
       48.08873
      ],
      [
       19.36013,
       48.09019
      ],
      [
       19.35585,
       48.09076
      ],
      [
       19.35511,
       48.08964
      ],
      [
       19.35154,
       48.08867
      ],
      [
       19.34548,
       48.08982
      ],
      [
       19.33862,
       48.08869
      ],
      [
       19.32896,
       48.09045
      ],
      [
       19.31466,
       48.08726
      ],
      [
       19.30311,
       48.08871
      ],
      [
       19.28386,
       48.08208
      ],
      [
       19.28184,
       48.08021
      ],
      [
       19.27963,
       48.07568
      ],
      [
       19.27674,
       48.07395
      ],
      [
       19.26517,
       48.07419
      ],
      [
       19.25578,
       48.07156
      ],
      [
       19.249,
       48.06362
      ],
      [
       19.24827,
       48.05817
      ],
      [
       19.24376,
       48.05446
      ],
      [
       19.24137,
       48.05365
      ],
      [
       19.22844,
       48.05656
      ],
      [
       19.2229,
       48.06195
      ],
      [
       19.21282,
       48.06436
      ],
      [
       19.20104,
       48.06331
      ],
      [
       19.19027,
       48.06038
      ],
      [
       19.18117,
       48.06127
      ],
      [
       19.16622,
       48.06565
      ],
      [
       19.1582,
       48.06508
      ],
      [
       19.15023,
       48.06696
      ],
      [
       19.1447,
       48.0691
      ],
      [
       19.14257,
       48.07252
      ],
      [
       19.13529,
       48.07415
      ],
      [
       19.12745,
       48.07363
      ],
      [
       19.12199,
       48.07021
      ],
      [
       19.11896,
       48.06646
      ],
      [
       19.11197,
       48.06673
      ],
      [
       19.1074,
       48.0656
      ],
      [
       19.09866,
       48.06749
      ],
      [
       19.08978,
       48.07247
      ],
      [
       19.08436,
       48.07278
      ],
      [
       19.07938,
       48.06994
      ],
      [
       19.07847,
       48.06743
      ],
      [
       19.07077,
       48.06485
      ],
      [
       19.06547,
       48.06465
      ],
      [
       19.06039,
       48.05784
      ],
      [
       19.05852,
       48.05735
      ],
      [
       19.04624,
       48.06649
      ],
      [
       19.03898,
       48.06485
      ],
      [
       19.03558,
       48.06663
      ],
      [
       19.03547,
       48.0648
      ],
      [
       19.03331,
       48.06446
      ],
      [
       19.03248,
       48.06833
      ],
      [
       19.03148,
       48.06864
      ],
      [
       19.03122,
       48.0673
      ],
      [
       19.03018,
       48.06732
      ],
      [
       19.0293,
       48.06909
      ],
      [
       19.02381,
       48.07299
      ],
      [
       19.02051,
       48.07095
      ],
      [
       19.02097,
       48.07411
      ],
      [
       19.018,
       48.07441
      ],
      [
       19.0176,
       48.07593
      ],
      [
       19.01589,
       48.07561
      ],
      [
       19.01658,
       48.07642
      ],
      [
       19.01478,
       48.07569
      ],
      [
       19.0182,
       48.07786
      ],
      [
       19.01486,
       48.07818
      ],
      [
       19.01158,
       48.07496
      ],
      [
       19.00889,
       48.07619
      ],
      [
       19.00843,
       48.07469
      ],
      [
       19.01274,
       48.07335
      ],
      [
       19.00949,
       48.07275
      ],
      [
       19.00876,
       48.07389
      ],
      [
       19.00776,
       48.07369
      ],
      [
       19.00759,
       48.07248
      ],
      [
       19.00939,
       48.07075
      ],
      [
       19.0089,
       48.07004
      ],
      [
       18.99591,
       48.06802
      ],
      [
       18.99228,
       48.06529
      ],
      [
       18.99234,
       48.06278
      ],
      [
       18.99056,
       48.06191
      ],
      [
       18.99248,
       48.06109
      ],
      [
       18.98964,
       48.0588
      ],
      [
       18.9912,
       48.05871
      ],
      [
       18.99129,
       48.05782
      ],
      [
       18.98822,
       48.05741
      ],
      [
       18.98654,
       48.05538
      ],
      [
       18.98161,
       48.0536
      ],
      [
       18.97712,
       48.05524
      ],
      [
       18.97618,
       48.05642
      ],
      [
       18.97471,
       48.05497
      ],
      [
       18.97375,
       48.0563
      ],
      [
       18.97101,
       48.05612
      ],
      [
       18.96835,
       48.05838
      ],
      [
       18.96732,
       48.05713
      ],
      [
       18.96535,
       48.05711
      ],
      [
       18.96013,
       48.0586
      ],
      [
       18.95533,
       48.0579
      ],
      [
       18.9439,
       48.05886
      ],
      [
       18.92806,
       48.05712
      ],
      [
       18.94216,
       48.0425
      ],
      [
       18.94711,
       48.0404
      ],
      [
       18.95424,
       48.03003
      ],
      [
       18.95879,
       48.02684
      ],
      [
       18.96132,
       48.02724
      ],
      [
       18.96233,
       48.02874
      ],
      [
       18.96812,
       48.02843
      ],
      [
       18.97544,
       48.02444
      ],
      [
       18.98101,
       48.0281
      ],
      [
       18.99028,
       48.02932
      ],
      [
       18.99548,
       48.02738
      ],
      [
       19.00074,
       48.01865
      ],
      [
       19.0055,
       48.0171
      ],
      [
       19.00441,
       48.01677
      ],
      [
       19.00041,
       48.0099
      ],
      [
       19.00722,
       48.01028
      ],
      [
       19.00724,
       48.008
      ],
      [
       19.00213,
       48.00422
      ],
      [
       19.00208,
       48.00228
      ],
      [
       19.00438,
       48.00151
      ],
      [
       19.00497,
       47.99165
      ],
      [
       18.9891,
       47.9878
      ],
      [
       18.9925,
       47.98096
      ],
      [
       18.9942,
       47.97944
      ],
      [
       18.97446,
       47.96994
      ],
      [
       18.96421,
       47.96611
      ],
      [
       18.94095,
       47.95428
      ],
      [
       18.94097,
       47.95275
      ],
      [
       18.94891,
       47.94894
      ],
      [
       18.94324,
       47.944
      ],
      [
       18.94608,
       47.94058
      ],
      [
       18.95572,
       47.9364
      ],
      [
       18.95799,
       47.9345
      ],
      [
       18.958,
       47.93335
      ],
      [
       18.96026,
       47.93184
      ],
      [
       18.96026,
       47.92879
      ],
      [
       18.9614,
       47.9265
      ],
      [
       18.96764,
       47.92156
      ],
      [
       18.9733,
       47.9189
      ],
      [
       18.97388,
       47.91776
      ],
      [
       18.9869,
       47.9151
      ],
      [
       18.99484,
       47.90559
      ],
      [
       19.00334,
       47.89797
      ],
      [
       19.01353,
       47.89189
      ],
      [
       19.02372,
       47.88961
      ],
      [
       19.02825,
       47.88999
      ],
      [
       19.03221,
       47.8877
      ],
      [
       19.03221,
       47.88618
      ],
      [
       19.03561,
       47.88466
      ],
      [
       19.03561,
       47.88314
      ],
      [
       19.03787,
       47.88161
      ],
      [
       19.04296,
       47.88009
      ],
      [
       19.04579,
       47.87819
      ],
      [
       19.04636,
       47.87628
      ],
      [
       19.04353,
       47.874
      ],
      [
       19.04605,
       47.86985
      ],
      [
       19.04422,
       47.86687
      ],
      [
       19.04751,
       47.86157
      ],
      [
       19.05573,
       47.85831
      ],
      [
       19.05801,
       47.85861
      ],
      [
       19.05836,
       47.85982
      ],
      [
       19.06494,
       47.85881
      ],
      [
       19.06973,
       47.85499
      ],
      [
       19.07428,
       47.85312
      ],
      [
       19.07354,
       47.84589
      ],
      [
       19.08562,
       47.84055
      ],
      [
       19.08686,
       47.83934
      ],
      [
       19.08613,
       47.83817
      ],
      [
       19.08779,
       47.83825
      ],
      [
       19.09012,
       47.84027
      ],
      [
       19.08617,
       47.84264
      ],
      [
       19.09036,
       47.84051
      ],
      [
       19.0926,
       47.84143
      ],
      [
       19.09633,
       47.84105
      ],
      [
       19.09868,
       47.84191
      ],
      [
       19.09998,
       47.84502
      ],
      [
       19.09916,
       47.84519
      ],
      [
       19.10111,
       47.84736
      ],
      [
       19.10443,
       47.84968
      ],
      [
       19.10863,
       47.85069
      ],
      [
       19.1193,
       47.84965
      ],
      [
       19.12241,
       47.85072
      ],
      [
       19.13209,
       47.8505
      ],
      [
       19.14244,
       47.84943
      ],
      [
       19.14746,
       47.84821
      ],
      [
       19.15537,
       47.84787
      ],
      [
       19.16397,
       47.84449
      ],
      [
       19.16787,
       47.84591
      ],
      [
       19.16733,
       47.84778
      ],
      [
       19.16827,
       47.84858
      ],
      [
       19.17267,
       47.84778
      ],
      [
       19.17438,
       47.84838
      ],
      [
       19.17793,
       47.84694
      ],
      [
       19.17948,
       47.84747
      ],
      [
       19.18023,
       47.84904
      ],
      [
       19.19668,
       47.84417
      ],
      [
       19.20798,
       47.84189
      ],
      [
       19.20841,
       47.83877
      ],
      [
       19.22042,
       47.83518
      ],
      [
       19.22215,
       47.83137
      ],
      [
       19.23074,
       47.82519
      ],
      [
       19.23391,
       47.82663
      ],
      [
       19.23776,
       47.82556
      ],
      [
       19.25159,
       47.8253
      ],
      [
       19.26038,
       47.82754
      ],
      [
       19.2754,
       47.82476
      ],
      [
       19.30222,
       47.82994
      ],
      [
       19.32454,
       47.83257
      ],
      [
       19.33077,
       47.83135
      ],
      [
       19.34213,
       47.82401
      ],
      [
       19.3554,
       47.8186
      ],
      [
       19.37598,
       47.81866
      ],
      [
       19.37867,
       47.81897
      ],
      [
       19.38074,
       47.82133
      ],
      [
       19.39386,
       47.82204
      ],
      [
       19.39982,
       47.81891
      ],
      [
       19.40683,
       47.81857
      ],
      [
       19.41184,
       47.81598
      ],
      [
       19.42535,
       47.81658
      ],
      [
       19.43099,
       47.81129
      ],
      [
       19.436,
       47.80951
      ],
      [
       19.43967,
       47.80606
      ],
      [
       19.44618,
       47.80224
      ],
      [
       19.42714,
       47.79663
      ],
      [
       19.42104,
       47.78091
      ],
      [
       19.41615,
       47.77889
      ],
      [
       19.41524,
       47.77756
      ],
      [
       19.41587,
       47.77417
      ],
      [
       19.41497,
       47.77187
      ],
      [
       19.41773,
       47.7711
      ],
      [
       19.42412,
       47.77289
      ],
      [
       19.4333,
       47.7688
      ],
      [
       19.44467,
       47.76823
      ],
      [
       19.44682,
       47.76327
      ],
      [
       19.44657,
       47.76052
      ],
      [
       19.4441,
       47.75573
      ],
      [
       19.43463,
       47.74951
      ],
      [
       19.43276,
       47.74291
      ],
      [
       19.43389,
       47.7386
      ],
      [
       19.4371,
       47.73255
      ],
      [
       19.44385,
       47.72826
      ],
      [
       19.45243,
       47.71518
      ],
      [
       19.4615,
       47.71375
      ],
      [
       19.46561,
       47.71182
      ],
      [
       19.46533,
       47.70937
      ],
      [
       19.46785,
       47.70219
      ],
      [
       19.47725,
       47.6878
      ],
      [
       19.48555,
       47.68981
      ],
      [
       19.50101,
       47.69559
      ],
      [
       19.50895,
       47.69595
      ],
      [
       19.51123,
       47.69844
      ],
      [
       19.5088,
       47.70406
      ],
      [
       19.50412,
       47.70622
      ],
      [
       19.48956,
       47.7072
      ],
      [
       19.49102,
       47.71284
      ],
      [
       19.49368,
       47.71671
      ],
      [
       19.49613,
       47.71784
      ],
      [
       19.50641,
       47.72129
      ],
      [
       19.51841,
       47.72329
      ],
      [
       19.52011,
       47.72821
      ],
      [
       19.52211,
       47.72849
      ],
      [
       19.52485,
       47.73049
      ],
      [
       19.52686,
       47.73047
      ],
      [
       19.53296,
       47.73969
      ],
      [
       19.54114,
       47.7464
      ],
      [
       19.56705,
       47.73754
      ],
      [
       19.5808,
       47.7297
      ],
      [
       19.58764,
       47.72341
      ],
      [
       19.60673,
       47.71191
      ],
      [
       19.60421,
       47.70746
      ],
      [
       19.60504,
       47.70714
      ],
      [
       19.60367,
       47.70151
      ],
      [
       19.5993,
       47.70262
      ],
      [
       19.59489,
       47.69714
      ],
      [
       19.59539,
       47.69602
      ],
      [
       19.60123,
       47.69334
      ],
      [
       19.59144,
       47.68791
      ],
      [
       19.59511,
       47.68213
      ],
      [
       19.6038,
       47.67277
      ],
      [
       19.60717,
       47.66738
      ],
      [
       19.60791,
       47.66488
      ],
      [
       19.60736,
       47.6614
      ],
      [
       19.61431,
       47.65516
      ],
      [
       19.62414,
       47.65023
      ],
      [
       19.63351,
       47.64762
      ],
      [
       19.64108,
       47.64746
      ],
      [
       19.6444,
       47.64608
      ],
      [
       19.63694,
       47.63705
      ],
      [
       19.64278,
       47.63495
      ],
      [
       19.64332,
       47.63015
      ],
      [
       19.64714,
       47.62782
      ],
      [
       19.65652,
       47.6165
      ],
      [
       19.65735,
       47.61205
      ],
      [
       19.65365,
       47.59851
      ],
      [
       19.66633,
       47.58855
      ],
      [
       19.6642,
       47.58683
      ],
      [
       19.66305,
       47.58321
      ],
      [
       19.65768,
       47.57608
      ],
      [
       19.65562,
       47.56671
      ],
      [
       19.65104,
       47.56189
      ],
      [
       19.65857,
       47.55917
      ],
      [
       19.65267,
       47.54784
      ],
      [
       19.66054,
       47.54347
      ],
      [
       19.67143,
       47.53978
      ],
      [
       19.67638,
       47.53616
      ],
      [
       19.68233,
       47.53349
      ],
      [
       19.69723,
       47.52243
      ],
      [
       19.70271,
       47.51724
      ],
      [
       19.71075,
       47.5184
      ],
      [
       19.71784,
       47.52739
      ],
      [
       19.72896,
       47.53187
      ],
      [
       19.73367,
       47.53505
      ],
      [
       19.73625,
       47.53888
      ],
      [
       19.73953,
       47.53757
      ],
      [
       19.74024,
       47.53606
      ],
      [
       19.74609,
       47.53204
      ],
      [
       19.75216,
       47.53443
      ],
      [
       19.75479,
       47.53382
      ],
      [
       19.75716,
       47.5358
      ],
      [
       19.76786,
       47.53035
      ],
      [
       19.77725,
       47.53883
      ],
      [
       19.79108,
       47.53248
      ],
      [
       19.78661,
       47.52745
      ],
      [
       19.7842,
       47.52671
      ],
      [
       19.77558,
       47.51944
      ],
      [
       19.76993,
       47.51644
      ],
      [
       19.76905,
       47.51148
      ],
      [
       19.76383,
       47.50141
      ],
      [
       19.74696,
       47.48893
      ],
      [
       19.75876,
       47.48113
      ],
      [
       19.80377,
       47.45969
      ],
      [
       19.81419,
       47.45042
      ],
      [
       19.81915,
       47.44439
      ],
      [
       19.82656,
       47.43236
      ],
      [
       19.82461,
       47.42883
      ],
      [
       19.83795,
       47.42541
      ],
      [
       19.85451,
       47.41375
      ],
      [
       19.87765,
       47.40429
      ],
      [
       19.92215,
       47.38271
      ],
      [
       19.95021,
       47.37408
      ],
      [
       19.96101,
       47.36928
      ],
      [
       19.96875,
       47.36437
      ],
      [
       19.98146,
       47.3521
      ],
      [
       19.99047,
       47.34663
      ],
      [
       19.99229,
       47.34238
      ],
      [
       19.98924,
       47.33399
      ],
      [
       19.99203,
       47.32879
      ],
      [
       19.9999,
       47.32229
      ],
      [
       20.01217,
       47.30701
      ],
      [
       20.01759,
       47.30389
      ],
      [
       20.01657,
       47.29951
      ],
      [
       20.00343,
       47.28338
      ],
      [
       19.98827,
       47.25306
      ],
      [
       19.99751,
       47.25161
      ],
      [
       20.03376,
       47.24279
      ],
      [
       20.05053,
       47.23493
      ],
      [
       20.05442,
       47.2313
      ],
      [
       20.06576,
       47.22471
      ],
      [
       20.07956,
       47.2204
      ],
      [
       20.08017,
       47.21015
      ],
      [
       20.08496,
       47.20798
      ],
      [
       20.08957,
       47.19715
      ],
      [
       20.09555,
       47.18846
      ],
      [
       20.09895,
       47.18146
      ],
      [
       20.08465,
       47.16485
      ],
      [
       20.07103,
       47.1562
      ],
      [
       20.06357,
       47.14908
      ],
      [
       20.05583,
       47.14565
      ],
      [
       20.05543,
       47.14186
      ],
      [
       20.04771,
       47.12506
      ],
      [
       20.05595,
       47.1148
      ],
      [
       20.05861,
       47.10849
      ],
      [
       20.05327,
       47.10563
      ],
      [
       20.06616,
       47.09371
      ],
      [
       20.0648,
       47.08914
      ],
      [
       20.07532,
       47.08395
      ],
      [
       20.07966,
       47.07554
      ],
      [
       20.09187,
       47.04409
      ],
      [
       20.10274,
       47.04204
      ],
      [
       20.10801,
       47.03961
      ],
      [
       20.11265,
       47.03295
      ],
      [
       20.09451,
       47.00755
      ],
      [
       20.08842,
       47.00913
      ],
      [
       20.07136,
       47.01957
      ],
      [
       20.06969,
       47.01958
      ],
      [
       20.06066,
       47.01319
      ],
      [
       20.02659,
       47.00739
      ],
      [
       19.99972,
       46.99848
      ],
      [
       19.98786,
       46.98868
      ],
      [
       19.98275,
       46.98301
      ],
      [
       19.98351,
       46.96282
      ],
      [
       19.95363,
       46.9722
      ],
      [
       19.93417,
       46.97273
      ],
      [
       19.92698,
       46.97507
      ],
      [
       19.90817,
       46.98169
      ],
      [
       19.87671,
       46.99792
      ],
      [
       19.8744,
       46.9926
      ],
      [
       19.8613,
       46.97327
      ],
      [
       19.86126,
       46.97061
      ],
      [
       19.85789,
       46.96759
      ],
      [
       19.84424,
       46.94788
      ],
      [
       19.8403,
       46.94448
      ],
      [
       19.83306,
       46.94415
      ],
      [
       19.82807,
       46.94495
      ],
      [
       19.80209,
       46.9554
      ],
      [
       19.77975,
       46.94869
      ],
      [
       19.73558,
       46.97296
      ],
      [
       19.72563,
       46.97797
      ],
      [
       19.69905,
       46.98841
      ],
      [
       19.68967,
       46.99417
      ],
      [
       19.68249,
       46.99954
      ],
      [
       19.67424,
       47.00759
      ],
      [
       19.66374,
       47.0145
      ],
      [
       19.63673,
       47.03825
      ],
      [
       19.62919,
       47.06266
      ],
      [
       19.62049,
       47.08251
      ],
      [
       19.60399,
       47.10353
      ],
      [
       19.58717,
       47.12092
      ],
      [
       19.57794,
       47.11266
      ],
      [
       19.56974,
       47.10852
      ],
      [
       19.56141,
       47.10732
      ],
      [
       19.53275,
       47.11129
      ],
      [
       19.50603,
       47.11892
      ],
      [
       19.49311,
       47.09639
      ],
      [
       19.48591,
       47.07234
      ],
      [
       19.47445,
       47.05501
      ],
      [
       19.46164,
       47.0534
      ],
      [
       19.44003,
       47.05922
      ],
      [
       19.42923,
       47.06363
      ],
      [
       19.3861,
       47.03813
      ],
      [
       19.37437,
       47.03283
      ],
      [
       19.35822,
       47.03287
      ],
      [
       19.33313,
       47.02685
      ],
      [
       19.32531,
       47.02268
      ],
      [
       19.31913,
       47.01279
      ],
      [
       19.2953,
       47.03608
      ],
      [
       19.31439,
       47.06688
      ],
      [
       19.32894,
       47.07598
      ],
      [
       19.34779,
       47.09322
      ],
      [
       19.33806,
       47.0994
      ],
      [
       19.32341,
       47.11248
      ],
      [
       19.31195,
       47.12041
      ],
      [
       19.29824,
       47.12575
      ],
      [
       19.28188,
       47.12808
      ],
      [
       19.26898,
       47.13438
      ],
      [
       19.25112,
       47.13326
      ],
      [
       19.23717,
       47.13101
      ],
      [
       19.20914,
       47.08916
      ],
      [
       19.20248,
       47.09755
      ],
      [
       19.16401,
       47.09569
      ],
      [
       19.15898,
       47.09074
      ],
      [
       19.14336,
       47.08276
      ],
      [
       19.13944,
       47.07705
      ],
      [
       19.13219,
       47.07173
      ],
      [
       19.1065,
       47.06753
      ],
      [
       19.09818,
       47.06299
      ],
      [
       19.09873,
       47.05423
      ],
      [
       19.09538,
       47.04547
      ],
      [
       19.08759,
       47.04357
      ],
      [
       19.0731,
       47.03787
      ],
      [
       19.07143,
       47.03711
      ],
      [
       19.06976,
       47.03444
      ],
      [
       19.06419,
       47.03863
      ],
      [
       19.06029,
       47.03901
      ],
      [
       19.04636,
       47.0432
      ],
      [
       19.03912,
       47.04396
      ],
      [
       19.02409,
       47.04891
      ],
      [
       19.02241,
       47.05119
      ],
      [
       19.02074,
       47.05119
      ],
      [
       19.02129,
       47.05233
      ],
      [
       19.02018,
       47.05424
      ],
      [
       18.99343,
       47.05728
      ],
      [
       18.99065,
       47.05841
      ],
      [
       18.95665,
       47.06411
      ],
      [
       18.95778,
       47.05611
      ],
      [
       18.97332,
       47.04618
      ],
      [
       18.9773,
       47.04128
      ],
      [
       18.97563,
       47.03975
      ],
      [
       18.97452,
       47.03632
      ],
      [
       18.97063,
       47.03213
      ],
      [
       18.96552,
       47.03014
      ],
      [
       18.96749,
       47.02002
      ],
      [
       18.96474,
       47.01036
      ],
      [
       18.95354,
       47.00002
      ],
      [
       18.94867,
       46.9916
      ],
      [
       18.95136,
       46.96896
      ],
      [
       18.95945,
       46.95833
      ],
      [
       18.96278,
       46.9489
      ],
      [
       18.96573,
       46.93508
      ],
      [
       18.96244,
       46.92506
      ],
      [
       18.95828,
       46.90596
      ],
      [
       18.95195,
       46.89506
      ],
      [
       18.93172,
       46.87576
      ],
      [
       18.92623,
       46.86503
      ],
      [
       18.92426,
       46.85426
      ],
      [
       18.92542,
       46.83179
      ],
      [
       18.92433,
       46.82417
      ],
      [
       18.92656,
       46.81771
      ],
      [
       18.92879,
       46.81466
      ],
      [
       18.93545,
       46.80896
      ],
      [
       18.95377,
       46.80098
      ],
      [
       18.94989,
       46.79869
      ],
      [
       18.95378,
       46.79488
      ],
      [
       18.95657,
       46.78536
      ],
      [
       18.96156,
       46.78232
      ],
      [
       18.96711,
       46.77433
      ],
      [
       18.97101,
       46.76443
      ],
      [
       18.97821,
       46.7652
      ],
      [
       18.97711,
       46.75911
      ],
      [
       18.97989,
       46.75225
      ],
      [
       18.98267,
       46.74921
      ],
      [
       18.98379,
       46.74045
      ],
      [
       18.98656,
       46.73474
      ],
      [
       18.9982,
       46.72332
      ],
      [
       19.00208,
       46.71799
      ],
      [
       19.00596,
       46.70885
      ],
      [
       19.00653,
       46.69934
      ],
      [
       19.00376,
       46.69172
      ],
      [
       18.99326,
       46.68295
      ],
      [
       18.97834,
       46.66352
      ],
      [
       18.96785,
       46.65438
      ],
      [
       18.95625,
       46.64866
      ],
      [
       18.95568,
       46.65361
      ],
      [
       18.9496,
       46.65094
      ],
      [
       18.94242,
       46.64941
      ],
      [
       18.93303,
       46.64407
      ],
      [
       18.92419,
       46.64177
      ],
      [
       18.92309,
       46.63987
      ],
      [
       18.91701,
       46.6391
      ],
      [
       18.91757,
       46.63758
      ],
      [
       18.88882,
       46.6383
      ],
      [
       18.88274,
       46.63677
      ],
      [
       18.86898,
       46.62076
      ],
      [
       18.86236,
       46.61618
      ],
      [
       18.85908,
       46.60665
      ],
      [
       18.85965,
       46.60323
      ],
      [
       18.86409,
       46.59599
      ],
      [
       18.88458,
       46.57547
      ],
      [
       18.89345,
       46.56405
      ],
      [
       18.89567,
       46.55987
      ],
      [
       18.89736,
       46.55035
      ],
      [
       18.89573,
       46.53892
      ],
      [
       18.89685,
       46.53398
      ],
      [
       18.89575,
       46.53207
      ],
      [
       18.89522,
       46.52712
      ],
      [
       18.89634,
       46.51912
      ],
      [
       18.89911,
       46.51379
      ],
      [
       18.91184,
       46.49706
      ],
      [
       18.91037,
       46.49516
      ],
      [
       18.91736,
       46.49135
      ],
      [
       18.92236,
       46.47498
      ],
      [
       18.92405,
       46.46432
      ],
      [
       18.92022,
       46.44984
      ],
      [
       18.91363,
       46.43879
      ],
      [
       18.90266,
       46.42545
      ],
      [
       18.90047,
       46.42126
      ],
      [
       18.88894,
       46.41135
      ],
      [
       18.88566,
       46.40296
      ],
      [
       18.88512,
       46.39573
      ],
      [
       18.8929,
       46.37403
      ],
      [
       18.89402,
       46.36413
      ],
      [
       18.89348,
       46.36108
      ],
      [
       18.89571,
       46.35119
      ],
      [
       18.89572,
       46.34547
      ],
      [
       18.89738,
       46.34357
      ],
      [
       18.89795,
       46.33824
      ],
      [
       18.8996,
       46.33406
      ],
      [
       18.90787,
       46.32455
      ],
      [
       18.91944,
       46.31543
      ],
      [
       18.9222,
       46.30819
      ],
      [
       18.92166,
       46.30096
      ],
      [
       18.91894,
       46.29334
      ],
      [
       18.91784,
       46.29371
      ],
      [
       18.91784,
       46.29029
      ],
      [
       18.91293,
       46.27772
      ],
      [
       18.91077,
       46.26553
      ],
      [
       18.91133,
       46.26096
      ],
      [
       18.90529,
       46.25867
      ],
      [
       18.89212,
       46.25979
      ],
      [
       18.88607,
       46.26245
      ],
      [
       18.87617,
       46.27043
      ],
      [
       18.86738,
       46.27004
      ],
      [
       18.863,
       46.2666
      ],
      [
       18.86246,
       46.2647
      ],
      [
       18.86523,
       46.25785
      ],
      [
       18.86743,
       46.2548
      ],
      [
       18.87679,
       46.24568
      ],
      [
       18.8768,
       46.24111
      ],
      [
       18.87517,
       46.23806
      ],
      [
       18.86696,
       46.23196
      ],
      [
       18.86202,
       46.235
      ],
      [
       18.85378,
       46.23612
      ],
      [
       18.84995,
       46.23307
      ],
      [
       18.84231,
       46.22316
      ],
      [
       18.83244,
       46.21971
      ],
      [
       18.82971,
       46.2178
      ],
      [
       18.82261,
       46.20865
      ],
      [
       18.82208,
       46.2056
      ],
      [
       18.82758,
       46.20256
      ],
      [
       18.83306,
       46.20105
      ],
      [
       18.84948,
       46.20832
      ],
      [
       18.86261,
       46.21938
      ],
      [
       18.86754,
       46.22244
      ],
      [
       18.87192,
       46.22244
      ],
      [
       18.87141,
       46.21292
      ],
      [
       18.86704,
       46.21025
      ],
      [
       18.86595,
       46.20758
      ],
      [
       18.86651,
       46.20111
      ],
      [
       18.87092,
       46.19769
      ],
      [
       18.87093,
       46.19312
      ],
      [
       18.85448,
       46.19272
      ],
      [
       18.85284,
       46.19195
      ],
      [
       18.8512,
       46.18928
      ],
      [
       18.85177,
       46.18471
      ],
      [
       18.8441,
       46.18356
      ],
      [
       18.84302,
       46.17746
      ],
      [
       18.83922,
       46.16756
      ],
      [
       18.84142,
       46.16641
      ],
      [
       18.83925,
       46.16146
      ],
      [
       18.84092,
       46.15309
      ],
      [
       18.84094,
       46.14851
      ],
      [
       18.83986,
       46.14547
      ],
      [
       18.83822,
       46.14318
      ],
      [
       18.83588,
       46.14278
      ],
      [
       18.83219,
       46.14393
      ],
      [
       18.82676,
       46.13326
      ],
      [
       18.82512,
       46.13363
      ],
      [
       18.81096,
       46.11457
      ],
      [
       18.81645,
       46.11039
      ],
      [
       18.81974,
       46.10925
      ],
      [
       18.81537,
       46.10848
      ],
      [
       18.80277,
       46.10884
      ],
      [
       18.79787,
       46.10388
      ],
      [
       18.78038,
       46.09927
      ],
      [
       18.77,
       46.09467
      ],
      [
       18.76783,
       46.092
      ],
      [
       18.76621,
       46.08553
      ],
      [
       18.76241,
       46.0798
      ],
      [
       18.75646,
       46.0676
      ],
      [
       18.73852,
       46.04889
      ],
      [
       18.73307,
       46.04545
      ],
      [
       18.73968,
       46.03747
      ],
      [
       18.74244,
       46.03177
      ],
      [
       18.74191,
       46.02986
      ],
      [
       18.743,
       46.02873
      ],
      [
       18.74737,
       46.0295
      ],
      [
       18.7523,
       46.02875
      ],
      [
       18.7572,
       46.03105
      ],
      [
       18.76431,
       46.03145
      ],
      [
       18.77143,
       46.02728
      ],
      [
       18.77473,
       46.02386
      ],
      [
       18.78127,
       46.0273
      ],
      [
       18.78347,
       46.02616
      ],
      [
       18.78837,
       46.02846
      ],
      [
       18.7944,
       46.02543
      ],
      [
       18.79823,
       46.02582
      ],
      [
       18.8037,
       46.02392
      ],
      [
       18.80807,
       46.02432
      ],
      [
       18.83807,
       46.04189
      ],
      [
       18.84464,
       46.03848
      ],
      [
       18.84738,
       46.03505
      ],
      [
       18.84357,
       46.03009
      ],
      [
       18.86875,
       46.021
      ],
      [
       18.83557,
       45.97982
      ],
      [
       18.83721,
       45.9802
      ],
      [
       18.83941,
       45.97716
      ],
      [
       18.83941,
       45.97563
      ],
      [
       18.84051,
       45.97564
      ],
      [
       18.82746,
       45.95962
      ],
      [
       18.82527,
       45.96038
      ],
      [
       18.82529,
       45.95695
      ],
      [
       18.82802,
       45.95581
      ],
      [
       18.82966,
       45.95658
      ],
      [
       18.83676,
       45.95545
      ],
      [
       18.84113,
       45.95317
      ],
      [
       18.8406,
       45.95127
      ],
      [
       18.84223,
       45.95127
      ],
      [
       18.84387,
       45.94937
      ],
      [
       18.8466,
       45.94938
      ],
      [
       18.85645,
       45.9433
      ],
      [
       18.85482,
       45.9414
      ],
      [
       18.85209,
       45.94215
      ],
      [
       18.84609,
       45.941
      ],
      [
       18.84662,
       45.94519
      ],
      [
       18.84553,
       45.94709
      ],
      [
       18.84388,
       45.94785
      ],
      [
       18.84225,
       45.9467
      ],
      [
       18.83843,
       45.94707
      ],
      [
       18.83844,
       45.94365
      ],
      [
       18.83788,
       45.94556
      ],
      [
       18.83625,
       45.94593
      ],
      [
       18.83516,
       45.94517
      ],
      [
       18.83517,
       45.94098
      ],
      [
       18.83135,
       45.94135
      ],
      [
       18.82808,
       45.9402
      ],
      [
       18.82808,
       45.93906
      ],
      [
       18.82918,
       45.93868
      ],
      [
       18.82755,
       45.93792
      ],
      [
       18.82046,
       45.93676
      ],
      [
       18.81992,
       45.936
      ],
      [
       18.81391,
       45.93599
      ],
      [
       18.81064,
       45.93407
      ],
      [
       18.80737,
       45.93445
      ],
      [
       18.80302,
       45.93063
      ],
      [
       18.80467,
       45.92873
      ],
      [
       18.80359,
       45.92683
      ],
      [
       18.81453,
       45.92152
      ],
      [
       18.81344,
       45.92075
      ],
      [
       18.81781,
       45.9181
      ],
      [
       18.82413,
       45.9116
      ],
      [
       18.82756,
       45.90479
      ],
      [
       18.86822,
       45.91125
      ],
      [
       18.86516,
       45.91689
      ],
      [
       18.86463,
       45.92075
      ],
      [
       18.87122,
       45.9162
      ],
      [
       18.87915,
       45.91644
      ],
      [
       18.88732,
       45.92115
      ],
      [
       18.8865,
       45.9214
      ],
      [
       18.88992,
       45.92138
      ],
      [
       18.89076,
       45.92338
      ],
      [
       18.89736,
       45.92776
      ],
      [
       18.906,
       45.93527
      ],
      [
       18.935,
       45.93073
      ],
      [
       18.94488,
       45.92787
      ],
      [
       18.96202,
       45.92587
      ],
      [
       18.98797,
       45.9322
      ],
      [
       18.9947,
       45.92388
      ],
      [
       19.00885,
       45.9233
      ],
      [
       18.99788,
       45.94621
      ],
      [
       19.00581,
       45.95871
      ],
      [
       19.01878,
       45.96314
      ],
      [
       19.03269,
       45.96465
      ],
      [
       19.055,
       45.9655
      ],
      [
       19.06329,
       45.96377
      ],
      [
       19.07956,
       45.96353
      ],
      [
       19.06566,
       46.00004
      ],
      [
       19.0901,
       46.0238
      ],
      [
       19.10459,
       46.04
      ],
      [
       19.11364,
       46.03795
      ],
      [
       19.13379,
       46.03711
      ],
      [
       19.1391,
       46.02776
      ],
      [
       19.1445,
       46.01241
      ],
      [
       19.14721,
       46.00801
      ],
      [
       19.14569,
       46.0014
      ],
      [
       19.14774,
       45.99612
      ],
      [
       19.1656,
       45.99597
      ],
      [
       19.16562,
       45.99428
      ],
      [
       19.20492,
       45.99268
      ],
      [
       19.19959,
       45.99816
      ],
      [
       19.23271,
       45.99936
      ],
      [
       19.23666,
       45.99506
      ],
      [
       19.28535,
       45.99676
      ],
      [
       19.29654,
       45.9878
      ],
      [
       19.30271,
       45.99157
      ],
      [
       19.2816,
       46.01452
      ],
      [
       19.36416,
       46.05217
      ],
      [
       19.36938,
       46.04784
      ],
      [
       19.38018,
       46.03581
      ],
      [
       19.39507,
       46.04197
      ],
      [
       19.41544,
       46.04573
      ],
      [
       19.42301,
       46.05494
      ],
      [
       19.43825,
       46.06618
      ],
      [
       19.46653,
       46.08165
      ],
      [
       19.46693,
       46.08901
      ],
      [
       19.46442,
       46.09527
      ],
      [
       19.47078,
       46.09659
      ],
      [
       19.47133,
       46.09774
      ],
      [
       19.48035,
       46.10177
      ],
      [
       19.48184,
       46.1048
      ],
      [
       19.48501,
       46.10474
      ],
      [
       19.48577,
       46.10349
      ],
      [
       19.50897,
       46.11072
      ],
      [
       19.52707,
       46.12094
      ],
      [
       19.50808,
       46.1336
      ],
      [
       19.50747,
       46.13463
      ],
      [
       19.50944,
       46.13735
      ],
      [
       19.50245,
       46.14209
      ],
      [
       19.51676,
       46.15174
      ],
      [
       19.52656,
       46.14769
      ],
      [
       19.56044,
       46.1663
      ],
      [
       19.55863,
       46.16802
      ],
      [
       19.56317,
       46.16976
      ],
      [
       19.55983,
       46.17393
      ],
      [
       19.56426,
       46.17562
      ],
      [
       19.56315,
       46.17698
      ],
      [
       19.56763,
       46.17872
      ],
      [
       19.60551,
       46.17314
      ],
      [
       19.60637,
       46.17213
      ],
      [
       19.60798,
       46.17277
      ],
      [
       19.6316,
       46.16924
      ],
      [
       19.66154,
       46.19005
      ],
      [
       19.66958,
       46.18402
      ],
      [
       19.67028,
       46.18656
      ],
      [
       19.67656,
       46.18184
      ],
      [
       19.68254,
       46.17974
      ],
      [
       19.68652,
       46.18011
      ],
      [
       19.6863,
       46.1818
      ],
      [
       19.6981,
       46.18793
      ],
      [
       19.69983,
       46.18746
      ],
      [
       19.7033,
       46.18398
      ],
      [
       19.71767,
       46.17598
      ],
      [
       19.71794,
       46.17158
      ],
      [
       19.72706,
       46.1681
      ],
      [
       19.73271,
       46.17013
      ],
      [
       19.73403,
       46.16982
      ],
      [
       19.74104,
       46.16565
      ],
      [
       19.7484,
       46.15649
      ],
      [
       19.75849,
       46.14787
      ],
      [
       19.77178,
       46.14415
      ],
      [
       19.78069,
       46.14453
      ],
      [
       19.7915,
       46.1393
      ],
      [
       19.79356,
       46.14018
      ],
      [
       19.79731,
       46.13946
      ],
      [
       19.80173,
       46.13495
      ],
      [
       19.80829,
       46.13194
      ],
      [
       19.81257,
       46.13128
      ],
      [
       19.81783,
       46.12779
      ],
      [
       19.84424,
       46.1414
      ],
      [
       19.85319,
       46.14979
      ],
      [
       19.87337,
       46.15136
      ],
      [
       19.89782,
       46.15988
      ],
      [
       19.91488,
       46.16398
      ],
      [
       19.92184,
       46.16695
      ],
      [
       19.93514,
       46.17619
      ],
      [
       19.96534,
       46.17575
      ],
      [
       20.01579,
       46.17678
      ],
      [
       20.02298,
       46.1733
      ],
      [
       20.02997,
       46.15128
      ],
      [
       20.03178,
       46.14793
      ],
      [
       20.03444,
       46.14576
      ],
      [
       20.03724,
       46.14464
      ],
      [
       20.04325,
       46.14461
      ],
      [
       20.05502,
       46.14786
      ],
      [
       20.05808,
       46.14791
      ],
      [
       20.06168,
       46.14687
      ],
      [
       20.06374,
       46.14367
      ],
      [
       20.07451,
       46.15676
      ],
      [
       20.09581,
       46.17724
      ],
      [
       20.10125,
       46.17697
      ],
      [
       20.10601,
       46.17472
      ],
      [
       20.10649,
       46.17332
      ],
      [
       20.10378,
       46.17168
      ],
      [
       20.10469,
       46.16518
      ],
      [
       20.10686,
       46.16265
      ],
      [
       20.12631,
       46.15195
      ],
      [
       20.12678,
       46.15255
      ],
      [
       20.13236,
       46.15017
      ],
      [
       20.13487,
       46.14749
      ],
      [
       20.13703,
       46.14729
      ],
      [
       20.13656,
       46.14476
      ],
      [
       20.13729,
       46.14423
      ],
      [
       20.14669,
       46.14483
      ],
      [
       20.16922,
       46.15277
      ],
      [
       20.17951,
       46.15748
      ],
      [
       20.18182,
       46.16005
      ],
      [
       20.20804,
       46.14394
      ],
      [
       20.21033,
       46.13547
      ],
      [
       20.22982,
       46.12907
      ],
      [
       20.23318,
       46.12381
      ],
      [
       20.24821,
       46.12983
      ],
      [
       20.25156,
       46.12646
      ],
      [
       20.24958,
       46.1235
      ],
      [
       20.24955,
       46.11987
      ],
      [
       20.25492,
       46.1158
      ],
      [
       20.26281,
       46.12579
      ],
      [
       20.27022,
       46.12721
      ],
      [
       20.27171,
       46.13281
      ],
      [
       20.27291,
       46.13226
      ],
      [
       20.27387,
       46.1337
      ],
      [
       20.27548,
       46.13358
      ],
      [
       20.28313,
       46.14184
      ],
      [
       20.29684,
       46.15224
      ],
      [
       20.29913,
       46.15192
      ],
      [
       20.30919,
       46.15647
      ],
      [
       20.31263,
       46.15017
      ],
      [
       20.35561,
       46.16967
      ],
      [
       20.36845,
       46.15293
      ],
      [
       20.37757,
       46.15777
      ],
      [
       20.38114,
       46.15792
      ],
      [
       20.39429,
       46.15256
      ],
      [
       20.39746,
       46.15742
      ],
      [
       20.40266,
       46.15553
      ],
      [
       20.4042,
       46.15371
      ],
      [
       20.4099,
       46.15097
      ],
      [
       20.42631,
       46.14524
      ],
      [
       20.44543,
       46.14182
      ],
      [
       20.45911,
       46.14288
      ],
      [
       20.47288,
       46.15243
      ],
      [
       20.47677,
       46.15645
      ],
      [
       20.49517,
       46.17091
      ],
      [
       20.49319,
       46.17376
      ],
      [
       20.49631,
       46.17802
      ],
      [
       20.49185,
       46.1808
      ],
      [
       20.498,
       46.18434
      ],
      [
       20.49766,
       46.18543
      ],
      [
       20.49543,
       46.18592
      ],
      [
       20.49663,
       46.18872
      ],
      [
       20.50008,
       46.18836
      ],
      [
       20.5015,
       46.18993
      ],
      [
       20.52353,
       46.18136
      ],
      [
       20.53583,
       46.18063
      ],
      [
       20.54947,
       46.17719
      ],
      [
       20.55391,
       46.17202
      ],
      [
       20.5621,
       46.16968
      ],
      [
       20.56535,
       46.16633
      ],
      [
       20.5693,
       46.16526
      ],
      [
       20.57862,
       46.15857
      ],
      [
       20.58602,
       46.15573
      ],
      [
       20.59066,
       46.1528
      ],
      [
       20.59371,
       46.15236
      ],
      [
       20.59727,
       46.14923
      ],
      [
       20.60097,
       46.14902
      ],
      [
       20.60972,
       46.14613
      ],
      [
       20.62698,
       46.13143
      ],
      [
       20.63604,
       46.12646
      ],
      [
       20.64056,
       46.12721
      ],
      [
       20.64922,
       46.13467
      ],
      [
       20.64944,
       46.14414
      ],
      [
       20.65376,
       46.14877
      ],
      [
       20.66366,
       46.15099
      ],
      [
       20.67148,
       46.14979
      ],
      [
       20.67384,
       46.1472
      ],
      [
       20.67782,
       46.14561
      ],
      [
       20.6838,
       46.14467
      ],
      [
       20.68704,
       46.14557
      ],
      [
       20.69273,
       46.15159
      ],
      [
       20.69361,
       46.157
      ],
      [
       20.6949,
       46.15865
      ],
      [
       20.70531,
       46.16136
      ],
      [
       20.70892,
       46.16482
      ],
      [
       20.715,
       46.16685
      ],
      [
       20.72239,
       46.18746
      ],
      [
       20.72487,
       46.18722
      ],
      [
       20.72613,
       46.18868
      ],
      [
       20.73134,
       46.19052
      ],
      [
       20.73409,
       46.1938
      ],
      [
       20.72573,
       46.19643
      ],
      [
       20.72858,
       46.205
      ],
      [
       20.72737,
       46.20738
      ],
      [
       20.76184,
       46.20447
      ],
      [
       20.74905,
       46.25085
      ],
      [
       20.77565,
       46.27596
      ],
      [
       20.7833,
       46.27364
      ],
      [
       20.78915,
       46.27312
      ],
      [
       20.87327,
       46.28776
      ],
      [
       20.89054,
       46.27139
      ],
      [
       20.92216,
       46.26184
      ],
      [
       20.92507,
       46.27662
      ],
      [
       20.94658,
       46.2793
      ],
      [
       20.95059,
       46.26819
      ],
      [
       20.95268,
       46.26511
      ],
      [
       20.96082,
       46.2623
      ],
      [
       20.99035,
       46.25954
      ],
      [
       21.01577,
       46.26326
      ],
      [
       21.02467,
       46.26653
      ],
      [
       21.03662,
       46.24804
      ],
      [
       21.06012,
       46.24496
      ],
      [
       21.06608,
       46.24294
      ],
      [
       21.07088,
       46.2539
      ],
      [
       21.0796,
       46.25223
      ],
      [
       21.08252,
       46.25674
      ],
      [
       21.08464,
       46.2548
      ],
      [
       21.08631,
       46.25515
      ],
      [
       21.08748,
       46.25703
      ],
      [
       21.08701,
       46.25933
      ],
      [
       21.09082,
       46.2585
      ],
      [
       21.09425,
       46.26228
      ],
      [
       21.10037,
       46.26404
      ],
      [
       21.10196,
       46.26248
      ],
      [
       21.10316,
       46.26259
      ],
      [
       21.10913,
       46.27797
      ],
      [
       21.1155,
       46.30166
      ],
      [
       21.12257,
       46.30093
      ],
      [
       21.14534,
       46.30463
      ],
      [
       21.14752,
       46.29913
      ],
      [
       21.15154,
       46.29756
      ],
      [
       21.15449,
       46.29848
      ],
      [
       21.16766,
       46.29782
      ],
      [
       21.17009,
       46.29799
      ],
      [
       21.1744,
       46.30025
      ],
      [
       21.17567,
       46.30281
      ],
      [
       21.18059,
       46.30412
      ],
      [
       21.17312,
       46.31844
      ],
      [
       21.1762,
       46.32091
      ],
      [
       21.17744,
       46.32344
      ],
      [
       21.17589,
       46.32962
      ],
      [
       21.17891,
       46.33042
      ],
      [
       21.17623,
       46.33577
      ],
      [
       21.19003,
       46.33931
      ],
      [
       21.19947,
       46.34791
      ],
      [
       21.19751,
       46.36955
      ],
      [
       21.19654,
       46.37081
      ],
      [
       21.20632,
       46.40323
      ],
      [
       21.21632,
       46.40183
      ],
      [
       21.21912,
       46.4111
      ],
      [
       21.22536,
       46.41353
      ],
      [
       21.23963,
       46.41034
      ],
      [
       21.24776,
       46.4105
      ],
      [
       21.2754,
       46.40669
      ],
      [
       21.2832,
       46.40322
      ],
      [
       21.29628,
       46.4067
      ],
      [
       21.28944,
       46.41358
      ],
      [
       21.28952,
       46.41548
      ],
      [
       21.29346,
       46.41769
      ],
      [
       21.29591,
       46.42335
      ],
      [
       21.30344,
       46.43235
      ],
      [
       21.31152,
       46.43984
      ],
      [
       21.31316,
       46.44954
      ],
      [
       21.31777,
       46.45069
      ],
      [
       21.29632,
       46.47615
      ],
      [
       21.28417,
       46.47724
      ],
      [
       21.27431,
       46.47646
      ],
      [
       21.2728,
       46.48341
      ],
      [
       21.26266,
       46.49738
      ],
      [
       21.26041,
       46.50196
      ],
      [
       21.27621,
       46.53502
      ],
      [
       21.27422,
       46.54071
      ],
      [
       21.28033,
       46.54496
      ],
      [
       21.28965,
       46.54431
      ],
      [
       21.29364,
       46.55222
      ],
      [
       21.2975,
       46.55343
      ],
      [
       21.30496,
       46.56063
      ],
      [
       21.30343,
       46.56433
      ],
      [
       21.31444,
       46.57509
      ],
      [
       21.32078,
       46.58281
      ],
      [
       21.31609,
       46.58558
      ],
      [
       21.31404,
       46.58413
      ],
      [
       21.30846,
       46.5875
      ],
      [
       21.30705,
       46.58638
      ],
      [
       21.30112,
       46.59082
      ],
      [
       21.30324,
       46.59496
      ],
      [
       21.30684,
       46.59892
      ],
      [
       21.30688,
       46.60179
      ],
      [
       21.31409,
       46.61759
      ],
      [
       21.32476,
       46.62809
      ],
      [
       21.32996,
       46.63157
      ],
      [
       21.33484,
       46.62901
      ],
      [
       21.34781,
       46.63135
      ],
      [
       21.3532,
       46.63021
      ],
      [
       21.36561,
       46.63783
      ],
      [
       21.37864,
       46.63301
      ],
      [
       21.38157,
       46.62828
      ],
      [
       21.40999,
       46.62184
      ],
      [
       21.4118,
       46.62557
      ],
      [
       21.41642,
       46.64252
      ],
      [
       21.42173,
       46.6465
      ],
      [
       21.43248,
       46.64813
      ],
      [
       21.44146,
       46.65146
      ],
      [
       21.44924,
       46.65803
      ],
      [
       21.45489,
       46.66116
      ],
      [
       21.45571,
       46.6671
      ],
      [
       21.44699,
       46.66595
      ],
      [
       21.44239,
       46.66658
      ],
      [
       21.44074,
       46.66905
      ],
      [
       21.43784,
       46.67045
      ],
      [
       21.43435,
       46.67576
      ],
      [
       21.43096,
       46.67814
      ],
      [
       21.43026,
       46.68049
      ],
      [
       21.43158,
       46.68219
      ],
      [
       21.42858,
       46.68581
      ],
      [
       21.42762,
       46.68935
      ],
      [
       21.43012,
       46.69268
      ],
      [
       21.43005,
       46.69387
      ],
      [
       21.4344,
       46.69561
      ],
      [
       21.45116,
       46.68853
      ],
      [
       21.46967,
       46.69544
      ],
      [
       21.47013,
       46.69461
      ],
      [
       21.473,
       46.69564
      ],
      [
       21.47441,
       46.69424
      ],
      [
       21.4775,
       46.69419
      ],
      [
       21.47938,
       46.69214
      ],
      [
       21.4837,
       46.69171
      ],
      [
       21.48933,
       46.68612
      ],
      [
       21.49222,
       46.68598
      ],
      [
       21.49546,
       46.68773
      ],
      [
       21.4985,
       46.6941
      ],
      [
       21.50017,
       46.69549
      ],
      [
       21.50247,
       46.69707
      ],
      [
       21.50756,
       46.69806
      ],
      [
       21.50727,
       46.70025
      ],
      [
       21.50931,
       46.70126
      ],
      [
       21.50746,
       46.70486
      ],
      [
       21.51235,
       46.70782
      ],
      [
       21.5111,
       46.71172
      ],
      [
       21.51587,
       46.71216
      ],
      [
       21.51953,
       46.71378
      ],
      [
       21.52934,
       46.72081
      ],
      [
       21.53045,
       46.72406
      ],
      [
       21.53032,
       46.72732
      ],
      [
       21.52795,
       46.7373
      ],
      [
       21.52666,
       46.73919
      ],
      [
       21.51165,
       46.74536
      ],
      [
       21.49317,
       46.75749
      ],
      [
       21.48477,
       46.75847
      ],
      [
       21.48521,
       46.75999
      ],
      [
       21.48322,
       46.76472
      ],
      [
       21.48407,
       46.76489
      ],
      [
       21.4902,
       46.77582
      ],
      [
       21.49346,
       46.77497
      ],
      [
       21.50923,
       46.78336
      ],
      [
       21.51171,
       46.79003
      ],
      [
       21.51523,
       46.79385
      ],
      [
       21.51384,
       46.79556
      ],
      [
       21.51868,
       46.79986
      ],
      [
       21.5194,
       46.80539
      ],
      [
       21.5222,
       46.8085
      ],
      [
       21.52102,
       46.81186
      ],
      [
       21.52256,
       46.81391
      ],
      [
       21.52105,
       46.81696
      ],
      [
       21.52124,
       46.81992
      ],
      [
       21.51905,
       46.82093
      ],
      [
       21.51886,
       46.82365
      ],
      [
       21.5205,
       46.82739
      ],
      [
       21.51918,
       46.8298
      ],
      [
       21.52028,
       46.83326
      ],
      [
       21.51921,
       46.83591
      ],
      [
       21.52022,
       46.83728
      ],
      [
       21.52541,
       46.83945
      ],
      [
       21.53446,
       46.83949
      ],
      [
       21.53781,
       46.84407
      ],
      [
       21.53792,
       46.84741
      ],
      [
       21.54808,
       46.84881
      ],
      [
       21.55701,
       46.8537
      ],
      [
       21.56905,
       46.85393
      ],
      [
       21.56997,
       46.8555
      ],
      [
       21.58088,
       46.8575
      ],
      [
       21.58115,
       46.85842
      ],
      [
       21.58442,
       46.85986
      ],
      [
       21.59524,
       46.86051
      ],
      [
       21.59773,
       46.86267
      ],
      [
       21.59773,
       46.86466
      ],
      [
       21.60187,
       46.86639
      ],
      [
       21.60331,
       46.86874
      ],
      [
       21.60108,
       46.87892
      ],
      [
       21.60351,
       46.885
      ],
      [
       21.6142,
       46.88653
      ],
      [
       21.61196,
       46.89283
      ],
      [
       21.61041,
       46.89421
      ],
      [
       21.60711,
       46.90433
      ],
      [
       21.60272,
       46.90398
      ],
      [
       21.60015,
       46.9066
      ],
      [
       21.60023,
       46.9092
      ],
      [
       21.59904,
       46.9092
      ],
      [
       21.59943,
       46.91607
      ],
      [
       21.59737,
       46.91805
      ],
      [
       21.59868,
       46.92747
      ],
      [
       21.60404,
       46.93219
      ],
      [
       21.6062,
       46.93252
      ],
      [
       21.63833,
       46.933
      ],
      [
       21.64072,
       46.9389
      ],
      [
       21.64988,
       46.9436
      ],
      [
       21.65124,
       46.94768
      ],
      [
       21.65589,
       46.94994
      ],
      [
       21.65554,
       46.95208
      ],
      [
       21.65828,
       46.95504
      ],
      [
       21.65802,
       46.95602
      ],
      [
       21.67315,
       46.95371
      ],
      [
       21.67572,
       46.95907
      ],
      [
       21.67883,
       46.96041
      ],
      [
       21.68032,
       46.96286
      ],
      [
       21.68184,
       46.96693
      ],
      [
       21.67641,
       46.96924
      ],
      [
       21.66793,
       46.97019
      ],
      [
       21.67055,
       46.97677
      ],
      [
       21.67037,
       46.98015
      ],
      [
       21.67282,
       46.98167
      ],
      [
       21.67301,
       46.98328
      ],
      [
       21.67622,
       46.98612
      ],
      [
       21.67763,
       46.98912
      ],
      [
       21.67603,
       46.99256
      ],
      [
       21.67933,
       46.99796
      ],
      [
       21.68746,
       46.99936
      ],
      [
       21.68895,
       47.00182
      ],
      [
       21.68802,
       47.00306
      ],
      [
       21.68267,
       47.00401
      ],
      [
       21.68109,
       47.00624
      ],
      [
       21.67837,
       47.01218
      ],
      [
       21.67788,
       47.01839
      ],
      [
       21.66083,
       47.02063
      ],
      [
       21.65007,
       47.0338
      ],
      [
       21.64874,
       47.04044
      ],
      [
       21.6576,
       47.04083
      ],
      [
       21.6624,
       47.04166
      ],
      [
       21.66439,
       47.04326
      ],
      [
       21.66786,
       47.0442
      ],
      [
       21.67655,
       47.04467
      ],
      [
       21.67766,
       47.04543
      ],
      [
       21.68042,
       47.04473
      ],
      [
       21.68262,
       47.04571
      ],
      [
       21.6835,
       47.05118
      ],
      [
       21.68966,
       47.05355
      ],
      [
       21.68857,
       47.05555
      ],
      [
       21.69744,
       47.05798
      ],
      [
       21.69566,
       47.06042
      ],
      [
       21.70475,
       47.0634
      ],
      [
       21.70129,
       47.06835
      ],
      [
       21.70629,
       47.07
      ],
      [
       21.70524,
       47.07153
      ],
      [
       21.70829,
       47.07143
      ],
      [
       21.71637,
       47.07488
      ],
      [
       21.71394,
       47.0795
      ],
      [
       21.7126,
       47.0804
      ],
      [
       21.71282,
       47.08263
      ],
      [
       21.72111,
       47.0929
      ],
      [
       21.72376,
       47.09391
      ],
      [
       21.7261,
       47.09853
      ],
      [
       21.75168,
       47.10564
      ],
      [
       21.77084,
       47.10889
      ],
      [
       21.79081,
       47.10595
      ],
      [
       21.79258,
       47.10659
      ],
      [
       21.79274,
       47.1079
      ],
      [
       21.79123,
       47.10939
      ],
      [
       21.79277,
       47.11134
      ],
      [
       21.78919,
       47.11293
      ],
      [
       21.79205,
       47.11561
      ],
      [
       21.78916,
       47.11658
      ],
      [
       21.79217,
       47.1198
      ],
      [
       21.79142,
       47.124
      ],
      [
       21.79565,
       47.12762
      ],
      [
       21.79854,
       47.12786
      ],
      [
       21.80035,
       47.13066
      ],
      [
       21.80279,
       47.13639
      ],
      [
       21.80043,
       47.13716
      ],
      [
       21.80388,
       47.14633
      ],
      [
       21.812,
       47.16591
      ],
      [
       21.81272,
       47.1656
      ],
      [
       21.81752,
       47.1728
      ],
      [
       21.81976,
       47.1724
      ],
      [
       21.82229,
       47.1737
      ],
      [
       21.82495,
       47.1733
      ],
      [
       21.82924,
       47.17479
      ],
      [
       21.83101,
       47.17886
      ],
      [
       21.83867,
       47.17718
      ],
      [
       21.84754,
       47.18445
      ],
      [
       21.85802,
       47.18701
      ],
      [
       21.85988,
       47.20345
      ],
      [
       21.85813,
       47.22018
      ],
      [
       21.84852,
       47.22198
      ],
      [
       21.84685,
       47.22382
      ],
      [
       21.85183,
       47.23924
      ],
      [
       21.85781,
       47.24376
      ],
      [
       21.85793,
       47.24636
      ],
      [
       21.8643,
       47.25283
      ],
      [
       21.86526,
       47.25682
      ],
      [
       21.87014,
       47.26184
      ],
      [
       21.8765,
       47.26493
      ],
      [
       21.87999,
       47.26484
      ],
      [
       21.88786,
       47.27212
      ],
      [
       21.88633,
       47.27527
      ],
      [
       21.88817,
       47.27789
      ],
      [
       21.87926,
       47.28342
      ],
      [
       21.8781,
       47.28529
      ],
      [
       21.87873,
       47.28741
      ],
      [
       21.88617,
       47.28973
      ],
      [
       21.88481,
       47.29118
      ],
      [
       21.88581,
       47.29346
      ],
      [
       21.88877,
       47.29592
      ],
      [
       21.89315,
       47.30611
      ],
      [
       21.89618,
       47.31631
      ],
      [
       21.90452,
       47.32223
      ],
      [
       21.90738,
       47.32625
      ],
      [
       21.90803,
       47.32883
      ],
      [
       21.91353,
       47.33246
      ],
      [
       21.92158,
       47.34146
      ],
      [
       21.92325,
       47.34413
      ],
      [
       21.92366,
       47.34996
      ],
      [
       21.92527,
       47.35358
      ],
      [
       21.93466,
       47.36032
      ],
      [
       21.93769,
       47.36621
      ],
      [
       21.93971,
       47.36764
      ],
      [
       21.93852,
       47.373
      ],
      [
       21.94529,
       47.37519
      ],
      [
       21.95304,
       47.37469
      ],
      [
       21.96072,
       47.37932
      ],
      [
       21.96153,
       47.3812
      ],
      [
       21.9751,
       47.38015
      ],
      [
       21.97534,
       47.37825
      ],
      [
       21.97855,
       47.37826
      ],
      [
       21.98333,
       47.37948
      ],
      [
       21.98664,
       47.38147
      ],
      [
       21.99038,
       47.38148
      ],
      [
       21.99501,
       47.38095
      ],
      [
       21.99733,
       47.37764
      ],
      [
       22.00847,
       47.37703
      ],
      [
       22.01193,
       47.37575
      ],
      [
       22.01885,
       47.38701
      ],
      [
       22.02312,
       47.39084
      ],
      [
       22.03553,
       47.41319
      ],
      [
       22.03505,
       47.41618
      ],
      [
       22.0297,
       47.42275
      ],
      [
       22.03385,
       47.42416
      ],
      [
       22.03192,
       47.42629
      ],
      [
       22.03526,
       47.42743
      ],
      [
       22.02595,
       47.44238
      ],
      [
       22.02866,
       47.44434
      ],
      [
       22.03283,
       47.451
      ],
      [
       22.02089,
       47.45453
      ],
      [
       22.01391,
       47.46549
      ],
      [
       22.01278,
       47.47069
      ],
      [
       22.00743,
       47.47585
      ],
      [
       22.00708,
       47.48331
      ],
      [
       22.01086,
       47.49077
      ],
      [
       22.01269,
       47.50142
      ],
      [
       22.01631,
       47.50506
      ],
      [
       22.01878,
       47.51168
      ],
      [
       22.02417,
       47.51998
      ],
      [
       22.03583,
       47.52916
      ],
      [
       22.04549,
       47.5398
      ],
      [
       22.06153,
       47.52901
      ],
      [
       22.07136,
       47.53798
      ],
      [
       22.05459,
       47.54693
      ],
      [
       22.05525,
       47.54852
      ],
      [
       22.06321,
       47.55394
      ],
      [
       22.07208,
       47.55743
      ],
      [
       22.07431,
       47.56082
      ],
      [
       22.07921,
       47.56228
      ],
      [
       22.08679,
       47.56107
      ],
      [
       22.09065,
       47.55744
      ],
      [
       22.0937,
       47.55814
      ],
      [
       22.10035,
       47.56404
      ],
      [
       22.10489,
       47.57266
      ],
      [
       22.1102,
       47.57482
      ],
      [
       22.11439,
       47.57523
      ],
      [
       22.11556,
       47.57722
      ],
      [
       22.11897,
       47.579
      ],
      [
       22.12491,
       47.58735
      ],
      [
       22.12884,
       47.5888
      ],
      [
       22.12853,
       47.59205
      ],
      [
       22.12979,
       47.59482
      ],
      [
       22.12816,
       47.59802
      ],
      [
       22.13945,
       47.59805
      ],
      [
       22.14603,
       47.59462
      ],
      [
       22.16096,
       47.59228
      ],
      [
       22.171,
       47.5917
      ],
      [
       22.17664,
       47.59438
      ],
      [
       22.17847,
       47.59929
      ],
      [
       22.18055,
       47.59924
      ],
      [
       22.18294,
       47.60633
      ],
      [
       22.18818,
       47.60922
      ],
      [
       22.18982,
       47.61163
      ],
      [
       22.19002,
       47.61487
      ],
      [
       22.19497,
       47.63128
      ],
      [
       22.19698,
       47.63486
      ],
      [
       22.19917,
       47.63628
      ],
      [
       22.20336,
       47.65485
      ],
      [
       22.21181,
       47.65408
      ],
      [
       22.21639,
       47.65854
      ],
      [
       22.22039,
       47.66033
      ],
      [
       22.22185,
       47.66209
      ],
      [
       22.22022,
       47.66389
      ],
      [
       22.22315,
       47.66873
      ],
      [
       22.22245,
       47.6732
      ],
      [
       22.22515,
       47.68082
      ],
      [
       22.22286,
       47.68274
      ],
      [
       22.22619,
       47.68799
      ],
      [
       22.23068,
       47.6932
      ],
      [
       22.24099,
       47.69531
      ],
      [
       22.25422,
       47.69497
      ],
      [
       22.25641,
       47.69793
      ],
      [
       22.25889,
       47.69808
      ],
      [
       22.26218,
       47.71702
      ],
      [
       22.25914,
       47.71718
      ],
      [
       22.26454,
       47.73116
      ],
      [
       22.28514,
       47.72928
      ],
      [
       22.29887,
       47.73716
      ],
      [
       22.30325,
       47.73712
      ],
      [
       22.30608,
       47.74136
      ],
      [
       22.31762,
       47.74337
      ],
      [
       22.32103,
       47.75412
      ],
      [
       22.31777,
       47.76609
      ],
      [
       22.32468,
       47.76668
      ],
      [
       22.33167,
       47.76441
      ],
      [
       22.33929,
       47.75926
      ],
      [
       22.34085,
       47.75712
      ],
      [
       22.34538,
       47.75499
      ],
      [
       22.34665,
       47.75275
      ],
      [
       22.35672,
       47.74906
      ],
      [
       22.37429,
       47.74674
      ],
      [
       22.37893,
       47.74704
      ],
      [
       22.38661,
       47.74527
      ],
      [
       22.39635,
       47.74773
      ],
      [
       22.41033,
       47.74664
      ],
      [
       22.41142,
       47.74239
      ],
      [
       22.43022,
       47.74095
      ],
      [
       22.42986,
       47.74524
      ],
      [
       22.42712,
       47.74695
      ],
      [
       22.428,
       47.74959
      ],
      [
       22.42576,
       47.75011
      ],
      [
       22.42731,
       47.75469
      ],
      [
       22.43255,
       47.76206
      ],
      [
       22.43529,
       47.76969
      ],
      [
       22.44077,
       47.79193
      ],
      [
       22.44794,
       47.80312
      ],
      [
       22.46692,
       47.80499
      ],
      [
       22.48121,
       47.81089
      ],
      [
       22.48794,
       47.80602
      ],
      [
       22.53983,
       47.78187
      ],
      [
       22.54953,
       47.77266
      ],
      [
       22.61155,
       47.77199
      ],
      [
       22.61551,
       47.77728
      ],
      [
       22.627,
       47.77609
      ],
      [
       22.62817,
       47.7764
      ],
      [
       22.62813,
       47.7774
      ],
      [
       22.62973,
       47.7775
      ],
      [
       22.6297,
       47.77844
      ],
      [
       22.63682,
       47.78073
      ],
      [
       22.64667,
       47.77905
      ],
      [
       22.66008,
       47.78188
      ],
      [
       22.6637,
       47.78353
      ],
      [
       22.66615,
       47.78692
      ],
      [
       22.66925,
       47.78697
      ],
      [
       22.6707,
       47.78821
      ],
      [
       22.68019,
       47.78775
      ],
      [
       22.68168,
       47.79006
      ],
      [
       22.68499,
       47.7916
      ],
      [
       22.69518,
       47.80835
      ],
      [
       22.70142,
       47.815
      ],
      [
       22.69969,
       47.81837
      ],
      [
       22.70145,
       47.82001
      ],
      [
       22.70384,
       47.82042
      ],
      [
       22.70568,
       47.82354
      ],
      [
       22.70937,
       47.8239
      ],
      [
       22.71086,
       47.83389
      ],
      [
       22.71363,
       47.83609
      ],
      [
       22.71877,
       47.8379
      ],
      [
       22.72416,
       47.83827
      ],
      [
       22.72829,
       47.83705
      ],
      [
       22.7299,
       47.83549
      ],
      [
       22.73855,
       47.83645
      ],
      [
       22.74208,
       47.83464
      ],
      [
       22.75551,
       47.83419
      ],
      [
       22.76644,
       47.84189
      ],
      [
       22.77775,
       47.84225
      ],
      [
       22.77822,
       47.84996
      ],
      [
       22.77564,
       47.85468
      ],
      [
       22.77554,
       47.85863
      ],
      [
       22.77252,
       47.85926
      ],
      [
       22.7735,
       47.86371
      ],
      [
       22.76557,
       47.86407
      ],
      [
       22.76279,
       47.86511
      ],
      [
       22.7623,
       47.86714
      ],
      [
       22.76867,
       47.87793
      ],
      [
       22.75875,
       47.88568
      ],
      [
       22.75926,
       47.88799
      ],
      [
       22.75638,
       47.89023
      ],
      [
       22.75805,
       47.89341
      ],
      [
       22.76036,
       47.89486
      ],
      [
       22.76414,
       47.89297
      ],
      [
       22.76662,
       47.89459
      ],
      [
       22.76823,
       47.89299
      ],
      [
       22.77012,
       47.89274
      ],
      [
       22.78314,
       47.89358
      ],
      [
       22.79281,
       47.89086
      ],
      [
       22.79531,
       47.89307
      ],
      [
       22.80486,
       47.89674
      ],
      [
       22.80618,
       47.89821
      ],
      [
       22.81462,
       47.9004
      ],
      [
       22.81821,
       47.90374
      ],
      [
       22.82143,
       47.90421
      ],
      [
       22.82591,
       47.90753
      ],
      [
       22.83218,
       47.90872
      ],
      [
       22.83942,
       47.90739
      ],
      [
       22.84733,
       47.90776
      ],
      [
       22.85265,
       47.91352
      ],
      [
       22.85696,
       47.91665
      ],
      [
       22.85792,
       47.92025
      ],
      [
       22.86318,
       47.92222
      ],
      [
       22.86632,
       47.92495
      ],
      [
       22.86649,
       47.929
      ],
      [
       22.87253,
       47.93236
      ],
      [
       22.87271,
       47.93636
      ],
      [
       22.88026,
       47.94386
      ],
      [
       22.88503,
       47.9447
      ],
      [
       22.88587,
       47.947
      ],
      [
       22.88547,
       47.9489
      ],
      [
       22.88704,
       47.95165
      ],
      [
       22.89076,
       47.95329
      ],
      [
       22.89445,
       47.95188
      ],
      [
       22.89644,
       47.95281
      ],
      [
       22.89626,
       47.95413
      ],
      [
       22.89474,
       47.95474
      ],
      [
       22.8965,
       47.95671
      ],
      [
       22.89115,
       47.95668
      ],
      [
       22.89088,
       47.95821
      ],
      [
       22.89268,
       47.96127
      ],
      [
       22.88964,
       47.96155
      ],
      [
       22.89304,
       47.963
      ],
      [
       22.89239,
       47.96524
      ],
      [
       22.893,
       47.96679
      ],
      [
       22.89061,
       47.96697
      ],
      [
       22.88694,
       47.96539
      ],
      [
       22.88543,
       47.96669
      ],
      [
       22.88385,
       47.96515
      ],
      [
       22.8795,
       47.9635
      ],
      [
       22.87883,
       47.96567
      ],
      [
       22.88025,
       47.96662
      ],
      [
       22.87755,
       47.96686
      ],
      [
       22.8781,
       47.96812
      ],
      [
       22.87636,
       47.96824
      ],
      [
       22.87409,
       47.966
      ],
      [
       22.87333,
       47.96658
      ],
      [
       22.87379,
       47.9685
      ],
      [
       22.87133,
       47.9686
      ],
      [
       22.87284,
       47.97024
      ],
      [
       22.8713,
       47.97211
      ],
      [
       22.87352,
       47.97356
      ],
      [
       22.87282,
       47.97491
      ],
      [
       22.87039,
       47.97518
      ],
      [
       22.86953,
       47.97665
      ],
      [
       22.86735,
       47.97718
      ],
      [
       22.8664,
       47.97635
      ],
      [
       22.8677,
       47.97433
      ],
      [
       22.86344,
       47.97517
      ],
      [
       22.86181,
       47.97375
      ],
      [
       22.86329,
       47.97781
      ],
      [
       22.8618,
       47.97815
      ],
      [
       22.86028,
       47.97662
      ],
      [
       22.85878,
       47.97649
      ],
      [
       22.86022,
       47.97946
      ],
      [
       22.85593,
       47.97891
      ],
      [
       22.85527,
       47.98068
      ],
      [
       22.853,
       47.98016
      ],
      [
       22.85182,
       47.98201
      ],
      [
       22.84985,
       47.98157
      ],
      [
       22.84686,
       47.9825
      ],
      [
       22.84055,
       47.98106
      ],
      [
       22.84078,
       47.98312
      ],
      [
       22.84407,
       47.98472
      ],
      [
       22.8419,
       47.98619
      ],
      [
       22.84249,
       47.98802
      ],
      [
       22.83957,
       47.9884
      ],
      [
       22.83855,
       47.9898
      ],
      [
       22.8363,
       47.99031
      ],
      [
       22.84445,
       47.99793
      ],
      [
       22.84753,
       48.00252
      ],
      [
       22.85086,
       48.00278
      ],
      [
       22.85806,
       48.00921
      ],
      [
       22.86557,
       48.01203
      ],
      [
       22.86546,
       48.0219
      ],
      [
       22.87283,
       48.0248
      ],
      [
       22.87289,
       48.02646
      ],
      [
       22.88064,
       48.0363
      ],
      [
       22.88199,
       48.05328
      ],
      [
       22.88141,
       48.05486
      ],
      [
       22.87716,
       48.0543
      ],
      [
       22.87494,
       48.05477
      ],
      [
       22.87374,
       48.05611
      ],
      [
       22.87231,
       48.05508
      ],
      [
       22.87298,
       48.05403
      ],
      [
       22.87193,
       48.05288
      ],
      [
       22.87351,
       48.05175
      ],
      [
       22.86963,
       48.05138
      ],
      [
       22.86108,
       48.05755
      ],
      [
       22.86139,
       48.05835
      ],
      [
       22.86497,
       48.05923
      ],
      [
       22.86135,
       48.05978
      ],
      [
       22.86325,
       48.06061
      ],
      [
       22.86346,
       48.06194
      ],
      [
       22.86233,
       48.0627
      ],
      [
       22.86249,
       48.06437
      ],
      [
       22.85974,
       48.06553
      ],
      [
       22.86163,
       48.06791
      ],
      [
       22.85866,
       48.06864
      ],
      [
       22.86169,
       48.07061
      ],
      [
       22.85959,
       48.07228
      ],
      [
       22.86119,
       48.07429
      ],
      [
       22.85816,
       48.07515
      ],
      [
       22.85676,
       48.07745
      ],
      [
       22.85782,
       48.07716
      ],
      [
       22.85665,
       48.07812
      ],
      [
       22.85073,
       48.08015
      ],
      [
       22.8484,
       48.08322
      ],
      [
       22.8443,
       48.08317
      ],
      [
       22.84189,
       48.08009
      ],
      [
       22.84004,
       48.07935
      ],
      [
       22.83645,
       48.08038
      ],
      [
       22.8363,
       48.08335
      ],
      [
       22.83875,
       48.08414
      ],
      [
       22.83927,
       48.08522
      ],
      [
       22.83667,
       48.08554
      ],
      [
       22.83456,
       48.08725
      ],
      [
       22.83353,
       48.08924
      ],
      [
       22.83437,
       48.09347
      ],
      [
       22.83044,
       48.09368
      ],
      [
       22.82792,
       48.09639
      ],
      [
       22.82876,
       48.09729
      ],
      [
       22.82785,
       48.10105
      ],
      [
       22.83163,
       48.10614
      ],
      [
       22.83151,
       48.10945
      ],
      [
       22.82789,
       48.11478
      ],
      [
       22.82417,
       48.11754
      ],
      [
       22.81954,
       48.11873
      ],
      [
       22.81506,
       48.11798
      ],
      [
       22.81082,
       48.11241
      ],
      [
       22.80989,
       48.10755
      ],
      [
       22.80508,
       48.10617
      ],
      [
       22.80194,
       48.10739
      ],
      [
       22.80149,
       48.11044
      ],
      [
       22.80321,
       48.11383
      ],
      [
       22.80629,
       48.11672
      ],
      [
       22.80678,
       48.11876
      ],
      [
       22.806,
       48.12068
      ],
      [
       22.80279,
       48.12193
      ],
      [
       22.79792,
       48.12197
      ],
      [
       22.79396,
       48.11777
      ],
      [
       22.79023,
       48.11663
      ],
      [
       22.77818,
       48.12139
      ],
      [
       22.77163,
       48.12169
      ],
      [
       22.7698,
       48.11959
      ],
      [
       22.77037,
       48.11732
      ],
      [
       22.77574,
       48.11437
      ],
      [
       22.77781,
       48.11203
      ],
      [
       22.77659,
       48.11072
      ],
      [
       22.77037,
       48.10891
      ],
      [
       22.76346,
       48.11048
      ],
      [
       22.76014,
       48.11373
      ],
      [
       22.75856,
       48.11883
      ],
      [
       22.75649,
       48.12032
      ],
      [
       22.75221,
       48.12041
      ],
      [
       22.7443,
       48.11756
      ],
      [
       22.73472,
       48.11958
      ],
      [
       22.7326,
       48.11841
      ],
      [
       22.73003,
       48.11497
      ],
      [
       22.72076,
       48.11526
      ],
      [
       22.71472,
       48.11119
      ],
      [
       22.70504,
       48.10981
      ],
      [
       22.69963,
       48.10483
      ],
      [
       22.68577,
       48.0986
      ],
      [
       22.67772,
       48.09273
      ],
      [
       22.67295,
       48.0918
      ],
      [
       22.66503,
       48.09241
      ],
      [
       22.65615,
       48.09567
      ],
      [
       22.65088,
       48.09495
      ],
      [
       22.63434,
       48.09607
      ],
      [
       22.62329,
       48.10404
      ],
      [
       22.61965,
       48.10389
      ],
      [
       22.61971,
       48.10562
      ],
      [
       22.61357,
       48.10361
      ],
      [
       22.60948,
       48.10335
      ],
      [
       22.60297,
       48.10382
      ],
      [
       22.59509,
       48.10765
      ],
      [
       22.59028,
       48.10734
      ],
      [
       22.5926,
       48.11312
      ],
      [
       22.60011,
       48.11679
      ],
      [
       22.59262,
       48.12316
      ],
      [
       22.59282,
       48.13218
      ],
      [
       22.59498,
       48.13313
      ],
      [
       22.59552,
       48.13502
      ],
      [
       22.58814,
       48.13958
      ],
      [
       22.58917,
       48.14188
      ],
      [
       22.59192,
       48.14325
      ],
      [
       22.59672,
       48.14348
      ],
      [
       22.59824,
       48.14476
      ],
      [
       22.59221,
       48.15185
      ],
      [
       22.58942,
       48.15101
      ],
      [
       22.58621,
       48.15402
      ],
      [
       22.5829,
       48.15955
      ],
      [
       22.57781,
       48.15811
      ],
      [
       22.57502,
       48.15926
      ],
      [
       22.57247,
       48.16658
      ],
      [
       22.56933,
       48.17144
      ],
      [
       22.56707,
       48.17303
      ],
      [
       22.56636,
       48.1762
      ],
      [
       22.56454,
       48.17701
      ],
      [
       22.56568,
       48.17891
      ],
      [
       22.56139,
       48.18152
      ],
      [
       22.56207,
       48.18463
      ],
      [
       22.56825,
       48.18436
      ],
      [
       22.57184,
       48.19046
      ],
      [
       22.57114,
       48.19614
      ],
      [
       22.55758,
       48.19832
      ],
      [
       22.54389,
       48.20841
      ],
      [
       22.53664,
       48.21056
      ],
      [
       22.53111,
       48.20943
      ],
      [
       22.52985,
       48.21245
      ],
      [
       22.52397,
       48.21651
      ],
      [
       22.52379,
       48.21838
      ],
      [
       22.51361,
       48.22586
      ],
      [
       22.513,
       48.22969
      ],
      [
       22.51629,
       48.23351
      ],
      [
       22.51615,
       48.23797
      ],
      [
       22.49722,
       48.23955
      ],
      [
       22.50349,
       48.24523
      ],
      [
       22.49887,
       48.24669
      ],
      [
       22.50145,
       48.24921
      ],
      [
       22.48997,
       48.25276
      ],
      [
       22.48987,
       48.25344
      ],
      [
       22.48798,
       48.25346
      ],
      [
       22.48056,
       48.24969
      ],
      [
       22.4712,
       48.24786
      ],
      [
       22.46998,
       48.24992
      ],
      [
       22.46972,
       48.24734
      ],
      [
       22.46609,
       48.24451
      ],
      [
       22.46203,
       48.24465
      ],
      [
       22.45639,
       48.24231
      ],
      [
       22.45544,
       48.24382
      ],
      [
       22.4473,
       48.24362
      ],
      [
       22.44589,
       48.24581
      ],
      [
       22.4404,
       48.25021
      ],
      [
       22.4363,
       48.25033
      ],
      [
       22.43284,
       48.25252
      ],
      [
       22.42992,
       48.25099
      ],
      [
       22.43295,
       48.24662
      ],
      [
       22.41984,
       48.24879
      ],
      [
       22.41965,
       48.25058
      ],
      [
       22.40064,
       48.2492
      ],
      [
       22.39632,
       48.24556
      ],
      [
       22.39464,
       48.24119
      ],
      [
       22.38628,
       48.23796
      ],
      [
       22.38475,
       48.23396
      ],
      [
       22.36911,
       48.2451
      ],
      [
       22.37088,
       48.24648
      ],
      [
       22.36697,
       48.25158
      ],
      [
       22.36589,
       48.25616
      ],
      [
       22.36031,
       48.2654
      ],
      [
       22.35108,
       48.27214
      ],
      [
       22.34946,
       48.27132
      ],
      [
       22.33868,
       48.27903
      ],
      [
       22.34069,
       48.283
      ],
      [
       22.33716,
       48.29024
      ],
      [
       22.33737,
       48.29241
      ],
      [
       22.34026,
       48.29588
      ],
      [
       22.33766,
       48.30128
      ],
      [
       22.33816,
       48.3031
      ],
      [
       22.33671,
       48.30536
      ],
      [
       22.33703,
       48.30751
      ],
      [
       22.32846,
       48.31027
      ],
      [
       22.32848,
       48.31193
      ],
      [
       22.32546,
       48.31193
      ],
      [
       22.32281,
       48.31423
      ],
      [
       22.32086,
       48.31455
      ],
      [
       22.32068,
       48.31578
      ],
      [
       22.31829,
       48.31765
      ],
      [
       22.31955,
       48.31859
      ],
      [
       22.31852,
       48.31966
      ],
      [
       22.31932,
       48.32221
      ],
      [
       22.31454,
       48.32379
      ],
      [
       22.31266,
       48.32641
      ],
      [
       22.313,
       48.32769
      ],
      [
       22.31651,
       48.33025
      ],
      [
       22.32022,
       48.33876
      ],
      [
       22.31726,
       48.34482
      ],
      [
       22.31997,
       48.34991
      ],
      [
       22.31782,
       48.35248
      ],
      [
       22.31782,
       48.35454
      ],
      [
       22.29793,
       48.35477
      ],
      [
       22.29437,
       48.35673
      ],
      [
       22.26728,
       48.36122
      ],
      [
       22.25878,
       48.36992
      ],
      [
       22.25275,
       48.37958
      ]
     ]
    ]
   }
  },
  {
   "type": "Feature",
   "properties": {
    "@id": "relation/1273070",
    "admin_level": "8",
    "boundary": "administrative",
    "name": "Rákóczifalva",
    "type": "boundary",
    "wikidata": "Q945191",
    "wikipedia": "hu:Rákóczifalva"
   },
   "geometry": {
    "type": "Polygon",
    "coordinates": [
     [
      [
       20.28033,
       47.099
      ],
      [
       20.27367,
       47.10021
      ],
      [
       20.2564,
       47.10116
      ],
      [
       20.25308,
       47.10234
      ],
      [
       20.23915,
       47.10287
      ],
      [
       20.22852,
       47.10145
      ],
      [
       20.22794,
       47.10032
      ],
      [
       20.21734,
       47.10043
      ],
      [
       20.21726,
       47.09662
      ],
      [
       20.19497,
       47.09685
      ],
      [
       20.19319,
       47.09229
      ],
      [
       20.18053,
       47.07338
      ],
      [
       20.17988,
       47.06958
      ],
      [
       20.18764,
       47.0676
      ],
      [
       20.19259,
       47.0645
      ],
      [
       20.19527,
       47.05914
      ],
      [
       20.19576,
       47.05608
      ],
      [
       20.19569,
       47.05304
      ],
      [
       20.19271,
       47.04393
      ],
      [
       20.19866,
       47.0355
      ],
      [
       20.20362,
       47.03316
      ],
      [
       20.21142,
       47.03308
      ],
      [
       20.22266,
       47.03829
      ],
      [
       20.22919,
       47.05613
      ],
      [
       20.24203,
       47.05714
      ],
      [
       20.23767,
       47.06137
      ],
      [
       20.24873,
       47.06281
      ],
      [
       20.24814,
       47.064
      ],
      [
       20.25662,
       47.06617
      ],
      [
       20.25835,
       47.0642
      ],
      [
       20.26501,
       47.06666
      ],
      [
       20.28221,
       47.06936
      ],
      [
       20.28296,
       47.06851
      ],
      [
       20.28273,
       47.07165
      ],
      [
       20.27984,
       47.07768
      ],
      [
       20.27844,
       47.08989
      ],
      [
       20.2797,
       47.09597
      ],
      [
       20.28198,
       47.09822
      ],
      [
       20.28033,
       47.099
      ]
     ]
    ]
   }
  },
  {
   "type": "Feature",
   "properties": {
    "@id": "relation/2376095",
    "admin_level": "7",
    "boundary": "administrative",
    "name": "Szolnoki járás",
    "name:de": "Kreis Szolnok",
    "type": "boundary",
    "wikidata": "Q831079",
    "wikipedia": "hu:Szolnoki járás"
   },
   "geometry": {
    "type": "Polygon",
    "coordinates": [
     [
      [
       20.07103,
       47.1562
      ],
      [
       20.06357,
       47.14908
      ],
      [
       20.05583,
       47.14565
      ],
      [
       20.05543,
       47.14186
      ],
      [
       20.04771,
       47.12506
      ],
      [
       20.05595,
       47.1148
      ],
      [
       20.05861,
       47.10849
      ],
      [
       20.05327,
       47.10563
      ],
      [
       20.06616,
       47.09371
      ],
      [
       20.0648,
       47.08914
      ],
      [
       20.07532,
       47.08395
      ],
      [
       20.07966,
       47.07554
      ],
      [
       20.09187,
       47.04409
      ],
      [
       20.10274,
       47.04204
      ],
      [
       20.10801,
       47.03961
      ],
      [
       20.11265,
       47.03295
      ],
      [
       20.09451,
       47.00755
      ],
      [
       20.11605,
       46.99897
      ],
      [
       20.12928,
       46.99238
      ],
      [
       20.13914,
       46.98386
      ],
      [
       20.14976,
       46.98685
      ],
      [
       20.16946,
       46.99808
      ],
      [
       20.17283,
       46.99919
      ],
      [
       20.20575,
       47.00305
      ],
      [
       20.21471,
       47.00525
      ],
      [
       20.22261,
       47.01012
      ],
      [
       20.23399,
       47.02104
      ],
      [
       20.23784,
       47.0191
      ],
      [
       20.24159,
       47.01259
      ],
      [
       20.24929,
       47.00832
      ],
      [
       20.25099,
       47.00982
      ],
      [
       20.26092,
       47.0059
      ],
      [
       20.26487,
       47.00815
      ],
      [
       20.26706,
       47.0066
      ],
      [
       20.27155,
       47.00808
      ],
      [
       20.27372,
       47.00577
      ],
      [
       20.28033,
       47.00227
      ],
      [
       20.28302,
       46.99843
      ],
      [
       20.28413,
       46.99842
      ],
      [
       20.28647,
       47.00334
      ],
      [
       20.30482,
       47.00239
      ],
      [
       20.30419,
       46.99934
      ],
      [
       20.33867,
       46.99782
      ],
      [
       20.34411,
       47.01565
      ],
      [
       20.348,
       47.01561
      ],
      [
       20.35867,
       47.01199
      ],
      [
       20.35962,
       47.01243
      ],
      [
       20.36022,
       47.01471
      ],
      [
       20.35172,
       47.03119
      ],
      [
       20.33959,
       47.03589
      ],
      [
       20.33749,
       47.04162
      ],
      [
       20.33367,
       47.04472
      ],
      [
       20.32868,
       47.04554
      ],
      [
       20.31874,
       47.04945
      ],
      [
       20.3073,
       47.06025
      ],
      [
       20.30227,
       47.05992
      ],
      [
       20.29952,
       47.06109
      ],
      [
       20.29503,
       47.06
      ],
      [
       20.28895,
       47.06235
      ],
      [
       20.28296,
       47.06851
      ],
      [
       20.28273,
       47.07165
      ],
      [
       20.27984,
       47.07768
      ],
      [
       20.27848,
       47.0914
      ],
      [
       20.2797,
       47.09597
      ],
      [
       20.28198,
       47.09822
      ],
      [
       20.28033,
       47.099
      ],
      [
       20.28521,
       47.11054
      ],
      [
       20.29338,
       47.10935
      ],
      [
       20.29513,
       47.11163
      ],
      [
       20.2959,
       47.12092
      ],
      [
       20.29702,
       47.12091
      ],
      [
       20.34124,
       47.15012
      ],
      [
       20.33961,
       47.15243
      ],
      [
       20.33792,
       47.15169
      ],
      [
       20.33463,
       47.15363
      ],
      [
       20.34033,
       47.15889
      ],
      [
       20.33537,
       47.16123
      ],
      [
       20.33875,
       47.16272
      ],
      [
       20.33883,
       47.16576
      ],
      [
       20.3271,
       47.1659
      ],
      [
       20.32666,
       47.17085
      ],
      [
       20.33172,
       47.17194
      ],
      [
       20.33023,
       47.17957
      ],
      [
       20.32476,
       47.18459
      ],
      [
       20.32708,
       47.18799
      ],
      [
       20.32771,
       47.19141
      ],
      [
       20.32287,
       47.19907
      ],
      [
       20.31629,
       47.20448
      ],
      [
       20.31351,
       47.20489
      ],
      [
       20.30167,
       47.19962
      ],
      [
       20.29214,
       47.19903
      ],
      [
       20.29165,
       47.2017
      ],
      [
       20.29403,
       47.20777
      ],
      [
       20.29371,
       47.21844
      ],
      [
       20.29438,
       47.223
      ],
      [
       20.29551,
       47.22375
      ],
      [
       20.29263,
       47.24359
      ],
      [
       20.2927,
       47.24663
      ],
      [
       20.29387,
       47.2489
      ],
      [
       20.29672,
       47.25115
      ],
      [
       20.30066,
       47.25226
      ],
      [
       20.30794,
       47.25256
      ],
      [
       20.30886,
       47.24417
      ],
      [
       20.31156,
       47.24033
      ],
      [
       20.31434,
       47.23954
      ],
      [
       20.31826,
       47.23988
      ],
      [
       20.34141,
       47.24914
      ],
      [
       20.34828,
       47.25592
      ],
      [
       20.35127,
       47.26349
      ],
      [
       20.35413,
       47.26613
      ],
      [
       20.35637,
       47.26649
      ],
      [
       20.36249,
       47.26489
      ],
      [
       20.37201,
       47.26517
      ],
      [
       20.37813,
       47.26395
      ],
      [
       20.38642,
       47.26005
      ],
      [
       20.39186,
       47.25389
      ],
      [
       20.39462,
       47.25233
      ],
      [
       20.39856,
       47.25343
      ],
      [
       20.40089,
       47.25683
      ],
      [
       20.40656,
       47.26019
      ],
      [
       20.41104,
       47.26052
      ],
      [
       20.41492,
       47.25895
      ],
      [
       20.41876,
       47.25585
      ],
      [
       20.42084,
       47.25012
      ],
      [
       20.42304,
       47.24857
      ],
      [
       20.42416,
       47.24855
      ],
      [
       20.42879,
       47.25459
      ],
      [
       20.43951,
       47.25827
      ],
      [
       20.44228,
       47.25709
      ],
      [
       20.44335,
       47.25518
      ],
      [
       20.44033,
       47.24683
      ],
      [
       20.44136,
       47.24339
      ],
      [
       20.44901,
       47.23645
      ],
      [
       20.45343,
       47.23487
      ],
      [
       20.45903,
       47.2348
      ],
      [
       20.46131,
       47.23668
      ],
      [
       20.45979,
       47.24279
      ],
      [
       20.46329,
       47.24808
      ],
      [
       20.47581,
       47.2563
      ],
      [
       20.48032,
       47.25739
      ],
      [
       20.48534,
       47.25695
      ],
      [
       20.49032,
       47.25498
      ],
      [
       20.49581,
       47.2511
      ],
      [
       20.50639,
       47.24944
      ],
      [
       20.51714,
       47.25388
      ],
      [
       20.51886,
       47.25538
      ],
      [
       20.52069,
       47.26069
      ],
      [
       20.51638,
       47.26684
      ],
      [
       20.51304,
       47.26764
      ],
      [
       20.50838,
       47.26085
      ],
      [
       20.50216,
       47.25825
      ],
      [
       20.49712,
       47.25832
      ],
      [
       20.48711,
       47.26035
      ],
      [
       20.48049,
       47.26386
      ],
      [
       20.4766,
       47.26467
      ],
      [
       20.46597,
       47.26442
      ],
      [
       20.45988,
       47.26678
      ],
      [
       20.45935,
       47.26831
      ],
      [
       20.4639,
       47.27092
      ],
      [
       20.46687,
       47.27736
      ],
      [
       20.46965,
       47.27695
      ],
      [
       20.47906,
       47.27264
      ],
      [
       20.48574,
       47.27179
      ],
      [
       20.49695,
       47.27241
      ],
      [
       20.50034,
       47.2739
      ],
      [
       20.50209,
       47.27616
      ],
      [
       20.50105,
       47.27922
      ],
      [
       20.49718,
       47.28079
      ],
      [
       20.47935,
       47.28368
      ],
      [
       20.46713,
       47.28726
      ],
      [
       20.46837,
       47.29143
      ],
      [
       20.47123,
       47.29406
      ],
      [
       20.47593,
       47.302
      ],
      [
       20.47786,
       47.3115
      ],
      [
       20.47739,
       47.31493
      ],
      [
       20.47576,
       47.31686
      ],
      [
       20.46855,
       47.31961
      ],
      [
       20.45242,
       47.32324
      ],
      [
       20.44965,
       47.3248
      ],
      [
       20.4475,
       47.32787
      ],
      [
       20.44612,
       47.33969
      ],
      [
       20.44783,
       47.34043
      ],
      [
       20.45785,
       47.33802
      ],
      [
       20.46177,
       47.33797
      ],
      [
       20.46966,
       47.33978
      ],
      [
       20.47592,
       47.34351
      ],
      [
       20.47541,
       47.34542
      ],
      [
       20.46502,
       47.35469
      ],
      [
       20.4651,
       47.35774
      ],
      [
       20.46747,
       47.36266
      ],
      [
       20.46753,
       47.36494
      ],
      [
       20.46588,
       47.36611
      ],
      [
       20.46141,
       47.36654
      ],
      [
       20.45182,
       47.36438
      ],
      [
       20.4467,
       47.36139
      ],
      [
       20.44219,
       47.3603
      ],
      [
       20.43419,
       47.35431
      ],
      [
       20.42911,
       47.35284
      ],
      [
       20.41904,
       47.35373
      ],
      [
       20.41126,
       47.3561
      ],
      [
       20.40741,
       47.35881
      ],
      [
       20.40416,
       47.36342
      ],
      [
       20.40537,
       47.36684
      ],
      [
       20.40871,
       47.36604
      ],
      [
       20.41643,
       47.36099
      ],
      [
       20.42645,
       47.35821
      ],
      [
       20.43151,
       47.35891
      ],
      [
       20.43605,
       47.36152
      ],
      [
       20.4395,
       47.36453
      ],
      [
       20.43894,
       47.36491
      ],
      [
       20.44007,
       47.3649
      ],
      [
       20.43686,
       47.37103
      ],
      [
       20.43819,
       47.37901
      ],
      [
       20.44107,
       47.38164
      ],
      [
       20.44226,
       47.38467
      ],
      [
       20.44178,
       47.38735
      ],
      [
       20.4396,
       47.39004
      ],
      [
       20.42353,
       47.39709
      ],
      [
       20.41961,
       47.39751
      ],
      [
       20.40557,
       47.39692
      ],
      [
       20.38587,
       47.39372
      ],
      [
       20.3825,
       47.39376
      ],
      [
       20.37863,
       47.39571
      ],
      [
       20.37541,
       47.40146
      ],
      [
       20.37438,
       47.40528
      ],
      [
       20.37461,
       47.41441
      ],
      [
       20.37712,
       47.42467
      ],
      [
       20.38151,
       47.42429
      ],
      [
       20.3806,
       47.42633
      ],
      [
       20.38115,
       47.43306
      ],
      [
       20.37679,
       47.43604
      ],
      [
       20.38137,
       47.43703
      ],
      [
       20.38208,
       47.44014
      ],
      [
       20.38017,
       47.44167
      ],
      [
       20.38201,
       47.44411
      ],
      [
       20.38037,
       47.44618
      ],
      [
       20.36337,
       47.44076
      ],
      [
       20.35203,
       47.44038
      ],
      [
       20.33685,
       47.44258
      ],
      [
       20.32844,
       47.43055
      ],
      [
       20.31318,
       47.42577
      ],
      [
       20.30404,
       47.41902
      ],
      [
       20.29726,
       47.41719
      ],
      [
       20.28705,
       47.41235
      ],
      [
       20.27971,
       47.41014
      ],
      [
       20.27778,
       47.3995
      ],
      [
       20.27855,
       47.39498
      ],
      [
       20.27144,
       47.39195
      ],
      [
       20.26229,
       47.38443
      ],
      [
       20.26732,
       47.384
      ],
      [
       20.27117,
       47.38014
      ],
      [
       20.27383,
       47.37402
      ],
      [
       20.27769,
       47.36947
      ],
      [
       20.27724,
       47.36567
      ],
      [
       20.28277,
       47.35392
      ],
      [
       20.27941,
       47.34883
      ],
      [
       20.27288,
       47.33291
      ],
      [
       20.2602,
       47.31743
      ],
      [
       20.24151,
       47.30772
      ],
      [
       20.23149,
       47.31049
      ],
      [
       20.22255,
       47.31097
      ],
      [
       20.21467,
       47.30952
      ],
      [
       20.20295,
       47.31117
      ],
      [
       20.19398,
       47.31049
      ],
      [
       20.18407,
       47.31859
      ],
      [
       20.13502,
       47.32897
      ],
      [
       20.12505,
       47.33477
      ],
      [
       20.11616,
       47.33828
      ],
      [
       20.10613,
       47.34066
      ],
      [
       20.10439,
       47.33801
      ],
      [
       20.09228,
       47.33079
      ],
      [
       20.09283,
       47.32919
      ],
      [
       20.09061,
       47.32734
      ],
      [
       20.08313,
       47.32651
      ],
      [
       20.08006,
       47.32155
      ],
      [
       20.06154,
       47.32316
      ],
      [
       20.05199,
       47.32134
      ],
      [
       20.04022,
       47.32145
      ],
      [
       20.03236,
       47.32037
      ],
      [
       20.02843,
       47.31964
      ],
      [
       20.02727,
       47.31737
      ],
      [
       20.01989,
       47.31134
      ],
      [
       20.01817,
       47.30945
      ],
      [
       20.01657,
       47.29951
      ],
      [
       20.00343,
       47.28338
      ],
      [
       19.98827,
       47.25306
      ],
      [
       19.99751,
       47.25161
      ],
      [
       20.03376,
       47.24279
      ],
      [
       20.05053,
       47.23493
      ],
      [
       20.05442,
       47.2313
      ],
      [
       20.06576,
       47.22471
      ],
      [
       20.07956,
       47.2204
      ],
      [
       20.08017,
       47.21015
      ],
      [
       20.08496,
       47.20798
      ],
      [
       20.08957,
       47.19715
      ],
      [
       20.09555,
       47.18846
      ],
      [
       20.09895,
       47.18146
      ],
      [
       20.08465,
       47.16485
      ],
      [
       20.07103,
       47.1562
      ]
     ]
    ]
   }
  }
 ]
}
